path	label	comment	place
nav1.nmv	Disc 1 navigation images	Still views and short transitions from CD 1.	
nav2.nmv	Disc 2 navigation images	Still views and short transitions from CD 2.	
nav3.nmv	Disc 3 navigation images	Still views and short transitions from CD 3.	
nav4.nmv	Disc 4 navigation images	Still views and short transitions from CD 4.	
nav5.nmv	Disc 5 navigation images	Still views and short transitions from CD 5.	
nav6.nmv	Disc 6 navigation images	Still views and short transitions from CD 6.	
nav7.nmv	Disc 7 navigation images	Still views and short transitions from CD 7.	
navm.nmv	Navigation image archive M - office views and objects	A collection of still navigation views and short transitions.	
xg/01556.xmv	Search dialog	An on-screen search dialog.	
xg/01557.xmv	Send dialog	An on-screen send dialog.	
xg/24465.xmv	Action choice - Bullet tray	An illustrated action choice.	
xg/24467.xmv	Action choice - Climb the railroad pole	An illustrated action choice.	
xg/24469.xmv	Action choice - Collect blood evidence	An illustrated action choice.	
xg/24471.xmv	Action choice - Collect bullet evidence	An illustrated action choice.	
xg/24473.xmv	Action choice - Collect cigarette evidence	An illustrated action choice.	
xg/24475.xmv	Action choice - Collect powder evidence	An illustrated action choice.	
xg/24477.xmv	Action choice - Get the blast door key	An illustrated action choice.	
xg/24479.xmv	Action choice - Go to sleep	An illustrated action choice.	
xg/24481.xmv	Action choice - Insert the videotape	An illustrated action choice.	
xg/24483.xmv	Action choice - Show Mendoza the badge	An illustrated action choice.	
xg/24485.xmv	Action choice - Lure Mulder	An illustrated action choice.	
xg/24487.xmv	Action choice - Climb over the rail into the woods	An illustrated action choice.	
xg/24489.xmv	Action choice - Revive Mark Cook	An illustrated action choice.	
xg/24491.xmv	Action choice - Search the field office	An illustrated action choice.	
xg/24493.xmv	Action choice - Search the Tarakan cabin	An illustrated action choice.	
xg/24495.xmv	Action choice - Talk to Amis	An illustrated action choice.	
xg/24497.xmv	Action choice - Talk to Asta	An illustrated action choice.	
xg/24505.xmv	Action choice - Get into the NSA car	An illustrated action choice.	
xg/24509.xmv	Action choice - Willmore gets the log	An illustrated action choice.	
xg/24511.xmv	Action choice - Willmore hands over a file	An illustrated action choice.	
xg/24513.xmv	Action choice - Willmore in the NSA gunfight	An illustrated action choice.	
xg/24515.xmv	Action choice - Hide in the drainage pipe	An illustrated action choice.	
xg/24517.xmv	Action choice - Willmore opens the attic	An illustrated action choice.	
xg/24521.xmv	Action choice - Search the hold	An illustrated action choice.	
xg/24523.xmv	Action choice - Search the truck	An illustrated action choice.	
xg/24525.xmv	Action choice - Willmore fires at the secret base	An illustrated action choice.	
xg/24529.xmv	Action choice - Sneak into the warehouse	An illustrated action choice.	
xg/24531.xmv	Action choice - Willmore stabs Mulder	An illustrated action choice.	
xg/24533.xmv	Action choice - Talk to the medical examiner	An illustrated action choice.	
xg/24535.xmv	Action choice - Willmore tries a kiss	An illustrated action choice.	
xg/27684.xmv	Emotion - Anger	An emotion or response choice shown during conversation.	
xg/27686.xmv	Emotion - Angry	An emotion or response choice shown during conversation.	
xg/27690.xmv	Emotion - Casual	An emotion or response choice shown during conversation.	
xg/27692.xmv	Emotion - Contrite	An emotion or response choice shown during conversation.	
xg/27694.xmv	Emotion - Curious	An emotion or response choice shown during conversation.	
xg/27696.xmv	Emotion - Distrustful	An emotion or response choice shown during conversation.	
xg/27698.xmv	Emotion - Humorous	An emotion or response choice shown during conversation.	
xg/27700.xmv	Emotion - Indignant	An emotion or response choice shown during conversation.	
xg/27702.xmv	Emotion - Mean	An emotion or response choice shown during conversation.	
xg/27704.xmv	Emotion - Peaceful	An emotion or response choice shown during conversation.	
xg/27706.xmv	Emotion - Serious	An emotion or response choice shown during conversation.	
xg/28647.xmv	Emotion - Indifferent	An emotion or response choice shown during conversation.	
xg/28649.xmv	Emotion - Paranoid	An emotion or response choice shown during conversation.	
xg/49071.xmv	Game visual - fingerprint image	An abstract transition or interface effect.	
xg/49583.xmv	Game visual - white transition	An abstract transition or interface effect.	
xg/49585.xmv	Game visual - blue-black title effect	An abstract transition or interface effect.	
xg/49587.xmv	Game visual - black transition	An abstract transition or interface effect.	
xg/49589.xmv	Game visual - x-files title graphic	A short visual used in the game interface.	
xg/52655.xmv	Game visual - green text display	A short visual used in the game interface.	
xg/54200.xmv	Game visual - blue waveform display	A short visual used in the game interface.	
xg/55395.xmv	Game visual - dark transition	A short visual used in the game interface.	
xg/61046.xmv	Action choice - File an all-points bulletin	An illustrated action choice.	
xg/63457.xmv	Action choice - Willmore's key	An illustrated action choice.	
xg/73725.xmv	Action choice - Willmore answers the phone	An illustrated action choice.	
xg/73726.xmv	Action choice - Gun in the barrel	An illustrated action choice.	
xg/73727.xmv	Action choice - Open the chamber	An illustrated action choice.	
xg/73728.xmv	Action choice - Cover me	An illustrated action choice.	
xg/74096.xmv	Action choice - Asta in the wheelhouse	An illustrated action choice.	
xg/87598.xmv	Action choice - Show Scully the stiletto	An illustrated action choice.	
xg/93779.xmv	Action choice - Shadow	An illustrated action choice.	
xg/94122.xmv	Action choice - Life support	An illustrated action choice.	
xg/94215.xmv	Action choice - Switch on the button	An illustrated action choice.	
xn/02522.xmv	Warehouse - navigation view SC37-39	A navigable viewpoint at Warehouse.	
xn/02532.xmv	Warehouse - night view	A nighttime navigation view at Warehouse.	
xn/04237.xmv	Apartment - navigation view willmirror	A navigable viewpoint in the apartment.	
xn/04793.xmv	Wong dock - dock without boat	A waterfront navigation view at Wong dock.	
xn/04832.xmv	Wong dock - navigation view 020 - WONGNAV2Nnowong	A navigable viewpoint at Wong dock.	
xn/06328.xmv	Comity Inn - navigation view 058-COMNAV1SE	A navigable viewpoint at Comity Inn.	
xn/07170.xmv	Warehouse - dock without boat	A waterfront navigation view at Warehouse.	
xn/07364.xmv	Wong dock - water view	Water and shoreline at the dock.	
xn/09620.xmv	Coroner's office - navigation view 044-COR_1W_TK1	A navigable viewpoint at the coroner's office.	
xn/09628.xmv	Coroner's office - navigation view 044-COR_2W_TK2	A navigable viewpoint at the coroner's office.	
xn/09651.xmv	Coroner's office - navigation view 047-COR_5E_TK1	A navigable viewpoint at the coroner's office.	
xn/25653.xmv	Apartment - Mary Astadourian in view	A navigation view showing Mary Astadourian in the apartment.	
xn/25655.xmv	Apartment - Mary Astadourian in view	A navigation view showing Mary Astadourian in the apartment.	
xn/25659.xmv	Apartment - navigation view 063 - 70gnav4se	A navigable viewpoint in the apartment.	
xn/25683.xmv	FBI field office - Mark Cook at the desk	A navigation view showing Mark Cook at the fbi field office.	
xn/25709.xmv	Comity Inn - navigation view 068 - COMNAV3Ntk1-4_2	A navigable viewpoint at Comity Inn.	
xn/25713.xmv	Comity Inn - navigation view 058-ext_4e	A navigable viewpoint at Comity Inn.	
xn/25715.xmv	FBI field office - entrance view	View through the field-office entrance.	
xn/25745.xmv	FBI field office - navigation view 034 - sc6nav2w	A navigable viewpoint at the fbi field office.	
xn/25755.xmv	Warehouse - navigation view 019 - sc17h-WHNAV2aNE	A navigable viewpoint at Warehouse.	
xn/25763.xmv	Warehouse - exterior with a man	A man stands outside a warehouse.	
xn/25787.xmv	Warehouse - navigation view 026 - WHNAV_18SE	A navigable viewpoint at Warehouse.	
xn/25793.xmv	Coroner's office - navigation view 047 - cor_2n_sc73a_tk2	A navigable viewpoint at the coroner's office.	
xn/25795.xmv	Coroner's office - Mary Astadourian in view	A navigation view showing Mary Astadourian at the coroner's office.	
xn/25797.xmv	Coroner's office - navigation view 047 - cor_5n_sc60e_tk2	A navigable viewpoint at the coroner's office.	
xn/25807.xmv	FBI field office - Mark Cook at the desk	A navigation view showing Mark Cook at the fbi field office.	
xn/25809.xmv	FBI field office - Mark Cook at the desk	A navigation view showing Mark Cook at the fbi field office.	
xn/25841.xmv	Tarakan - navigation view 053 - sc55nav39nTk1	A navigable viewpoint at Tarakan.	
xn/25843.xmv	Tarakan - navigation view 054 - sc55nav41se	A navigable viewpoint at Tarakan.	
xn/25853.xmv	Tarakan - exterior yard	An exterior view of the Tarakan facility.	
xn/25867.xmv	Tarakan - woman by the water	A woman stands beside the dock.	
xn/25909.xmv	Wong dock - looping view 016 - sc52-loop	A looping navigation view at Wong dock.	
xn/25911.xmv	Apartment - navigation view 066 - sc65hnav1ne_1	A navigable viewpoint in the apartment.	
xn/25917.xmv	Apartment - navigation view 066 - sc65jnav2n	A navigable viewpoint in the apartment.	
xn/25923.xmv	Apartment - navigation view 066 - 65fnav4e_1	A navigable viewpoint in the apartment.	
xn/25927.xmv	Apartment - navigation view 066 - sc65gnav10ne	A navigable viewpoint in the apartment.	
xn/25929.xmv	Apartment - navigation view 062 - sc70bnav10seTk3	A navigable viewpoint in the apartment.	
xn/25931.xmv	Coroner's office - navigation view 047 - cor_2n_sc60d_tk1	A navigable viewpoint at the coroner's office.	
xn/25933.xmv	Coroner's office - Mary Astadourian in view	A navigation view showing Mary Astadourian at the coroner's office.	
xn/25935.xmv	Coroner's office - navigation view 047 - cor_5n_sc73b_tk1	A navigable viewpoint at the coroner's office.	
xn/25947.xmv	Smolnikoff site - navigation view 055-sc83nav4wTk2	A navigable viewpoint at Smolnikoff site.	
xn/25949.xmv	Smolnikoff site - navigation view 055-sc86nav21w	A navigable viewpoint at Smolnikoff site.	
xn/25951.xmv	Smolnikoff site - navigation view 056-sc86fnav22neTk2	A navigable viewpoint at Smolnikoff site.	
xn/25961.xmv	Hospital - clinician in room	A clinician stands in a hospital room.	
xn/25963.xmv	Hospital - Dana Scully at a bedside	A navigation view showing Dana Scully at Hospital.	
xn/25965.xmv	Hospital - Dana Scully at bedside	Dana Scully stands beside a hospital bed.	
xn/25967.xmv	Rail Yard - navigation view 060 - sc103bnav1s	A navigable viewpoint at Rail Yard.	
xn/25969.xmv	Rail Yard - navigation view 060 - sc103nav1sTk2	A navigable viewpoint at Rail Yard.	
xn/25975.xmv	Rail Yard - navigation view 060 - sc101nav4s	A navigable viewpoint at Rail Yard.	
xn/25979.xmv	Rail Yard - Mary Astadourian in view	A navigation view showing Mary Astadourian at Rail Yard.	
xn/25983.xmv	Rauch site - Fox Mulder in view	A navigation view showing Fox Mulder at Rauch site.	
xn/25985.xmv	Rauch site - NSA agents	A navigation view with NSA agents at Rauch site.	
xn/25989.xmv	Rauch site - NSA agents	A navigation view with NSA agents at Rauch site.	
xn/25991.xmv	Rauch site - porch	A house porch seen from outside.	
xn/25997.xmv	Rauch site - NSA agents	A navigation view with NSA agents at Rauch site.	
xn/26001.xmv	Rauch site - NSA agents	A navigation view with NSA agents at Rauch site.	
xn/26240.xmv	Hauling Yard - navigation view	A navigable viewpoint at the Hauling Yard.	Hauling Yard
xn/26246.xmv	Hauling yard - Mary Astadourian in view	A navigation view showing Mary Astadourian at Hauling yard.	
xn/26252.xmv	Hauling Yard - navigation view	A navigable viewpoint at the Hauling Yard.	Hauling Yard
xn/26256.xmv	Secret base - interior room	A dim room at the secret base.	
xn/26260.xmv	Hauling Yard - navigation view	A navigable viewpoint at the Hauling Yard.	Hauling Yard
xn/26262.xmv	Hauling yard - navigation view 069 sc80nav1nwTk2	A navigable viewpoint at Hauling yard.	
xn/27271.xmv	Hangar - navigation view 4e X	A navigable viewpoint at Hangar.	
xn/28751.xmv	Secret Base - navigation view 005 - 8s	A navigable viewpoint at Secret Base.	
xn/28757.xmv	Secret Base - navigation view 007 - 9s	A navigable viewpoint at Secret Base.	
xn/28765.xmv	Secret Base - navigation view 005 - 10s	A navigable viewpoint at Secret Base.	
xn/28767.xmv	Secret Base - navigation view 005 - 10w	A navigable viewpoint at Secret Base.	
xn/28771.xmv	Secret Base - navigation view 005 - 11e	A navigable viewpoint at Secret Base.	
xn/28777.xmv	Secret Base - navigation view 005 - 11s	A navigable viewpoint at Secret Base.	
xn/28795.xmv	Secret Base - navigation view 006-14e	A navigable viewpoint at Secret Base.	
xn/28799.xmv	Secret Base - navigation view 005 - 15e	A navigable viewpoint at Secret Base.	
xn/28801.xmv	Secret Base - navigation view 005 - 15n	A navigable viewpoint at Secret Base.	
xn/28809.xmv	Secret Base - navigation view 005 - 16n	A navigable viewpoint at Secret Base.	
xn/28815.xmv	Secret Base - navigation view 005 - 17e	A navigable viewpoint at Secret Base.	
xn/28817.xmv	Secret Base - navigation view 005 - 17s	A navigable viewpoint at Secret Base.	
xn/28823.xmv	Secret Base - navigation view 004 - 18w_ar2ent_tk1	A navigable viewpoint at Secret Base.	
xn/28827.xmv	Secret Base - navigation view 005 -18nw	A navigable viewpoint at Secret Base.	
xn/28833.xmv	Secret Base - navigation view 005 - 19s	A navigable viewpoint at Secret Base.	
xn/28835.xmv	Secret Base - navigation view 005 - 19w	A navigable viewpoint at Secret Base.	
xn/28843.xmv	Secret Base - navigation view 005 - 21e	A navigable viewpoint at Secret Base.	
xn/28845.xmv	Secret Base - navigation view 005 - 21s	A navigable viewpoint at Secret Base.	
xn/28847.xmv	Secret Base - navigation view 005 - 21w	A navigable viewpoint at Secret Base.	
xn/28849.xmv	Secret Base - navigation view 006 - 21n	A navigable viewpoint at Secret Base.	
xn/28851.xmv	Secret Base - control console	A navigation view of a control console at Secret Base.	
xn/28853.xmv	Secret Base - navigation view 005 - 23n	A navigable viewpoint at Secret Base.	
xn/28875.xmv	Secret Base - navigation view 005 - 28n	A navigable viewpoint at Secret Base.	
xn/28885.xmv	Secret Base - navigation view 004 - 29w_iso_tk1	A navigable viewpoint at Secret Base.	
xn/28921.xmv	Secret Base - navigation view 005 - 32w	A navigable viewpoint at Secret Base.	
xn/28983.xmv	Secret Base - navigation view 007 - 42w_iso_lightsOff	A navigable viewpoint at Secret Base.	
xn/28991.xmv	Secret Base - navigation view 003 - 42w_iso_tk1	A navigable viewpoint at Secret Base.	
xn/29010.xmv	Secret Base - navigation view 007 - 43w_iso_lightsOff	A navigable viewpoint at Secret Base.	
xn/29018.xmv	Secret Base - navigation view 003 - 43w_iso_tk1	A navigable viewpoint at Secret Base.	
xn/29026.xmv	Secret Base - navigation view 007- a44w_tk1	A navigable viewpoint at Secret Base.	
xn/29036.xmv	Secret Base - navigation view 003 - 44w_iso_light_on	A navigable viewpoint at Secret Base.	
xn/29044.xmv	Secret Base - navigation view 007 - 44wa_iso_lightsOff	A navigable viewpoint at Secret Base.	
xn/29052.xmv	Secret Base - navigation view 003 - 44wa_iso_tk1	A navigable viewpoint at Secret Base.	
xn/29060.xmv	Secret Base - navigation view 003 - 45w_iso_tk1	A navigable viewpoint at Secret Base.	
xn/29066.xmv	Secret Base - navigation view 007 - a45w_tk2	A navigable viewpoint at Secret Base.	
xn/29076.xmv	Secret Base - navigation view 007 - 46w_iso_lightsOff	A navigable viewpoint at Secret Base.	
xn/29090.xmv	Secret Base - navigation view 003 - 46w_iso_tk1	A navigable viewpoint at Secret Base.	
xn/29096.xmv	Secret Base - navigation view 007 - 47w_iso_lightsOff	A navigable viewpoint at Secret Base.	
xn/29108.xmv	Secret Base - navigation view 003 - 47w_iso_tk2	A navigable viewpoint at Secret Base.	
xn/29194.xmv	Secret Base - navigation view 004 - 53e_grdst_tk1	A navigable viewpoint at Secret Base.	
xn/29198.xmv	Secret Base - navigation view 005 - 53s	A navigable viewpoint at Secret Base.	
xn/29200.xmv	Secret Base - navigation view 005 - 53w	A navigable viewpoint at Secret Base.	
xn/29252.xmv	Secret Base - navigation view 007 - 58n_iso_lightsOff	A navigable viewpoint at Secret Base.	
xn/29260.xmv	Secret Base - navigation view 003 - 58n_iso_light_on	A navigable viewpoint at Secret Base.	
xn/29739.xmv	Secret base - corridor entrance	An entrance and corridor inside the base.	
xn/32168.xmv	Rail yard - Mary Astadourian in view	A navigation view showing Mary Astadourian at Rail yard.	
xn/32365.xmv	Wong dock - dock without boat	A waterfront navigation view at Wong dock.	
xn/32373.xmv	Wong dock - dock without boat	A waterfront navigation view at Wong dock.	
xn/32375.xmv	Wong dock - dock without boat	A waterfront navigation view at Wong dock.	
xn/32377.xmv	Warehouse - dock without boat	A waterfront navigation view at Warehouse.	
xn/32381.xmv	Wong dock - daytime view	A daytime navigation view at Wong dock.	
xn/32385.xmv	Wong dock - daytime view	A daytime navigation view at Wong dock.	
xn/32387.xmv	Wong dock - daytime view	A daytime navigation view at Wong dock.	
xn/32389.xmv	Wong dock - dock without boat	A waterfront navigation view at Wong dock.	
xn/32391.xmv	Wong dock - boat view	A waterfront navigation view at Wong dock.	
xn/32399.xmv	Wong dock - dock without boat	A waterfront navigation view at Wong dock.	
xn/32411.xmv	Wong dock - boat view	A waterfront navigation view at Wong dock.	
xn/32417.xmv	Wong dock - boat view	A waterfront navigation view at Wong dock.	
xn/32419.xmv	Wong dock - boat view	A waterfront navigation view at Wong dock.	
xn/32423.xmv	Wong dock - waterfront	Waterfront view beside the dock.	
xn/32425.xmv	Wong dock - boat view	A waterfront navigation view at Wong dock.	
xn/32427.xmv	Wong dock - boat view	A waterfront navigation view at Wong dock.	
xn/32429.xmv	Wong dock - dock without boat	A waterfront navigation view at Wong dock.	
xn/32431.xmv	Wong dock - dock without boat	A waterfront navigation view at Wong dock.	
xn/32433.xmv	Wong dock - boat view	A waterfront navigation view at Wong dock.	
xn/32435.xmv	Wong dock - dock without boat	A waterfront navigation view at Wong dock.	
xn/32437.xmv	Wong dock - boat view	A waterfront navigation view at Wong dock.	
xn/32441.xmv	Warehouse - dock without boat	A waterfront navigation view at Warehouse.	
xn/32443.xmv	Wong dock - dock without boat	A waterfront navigation view at Wong dock.	
xn/32445.xmv	Wong dock - boat view	A waterfront navigation view at Wong dock.	
xn/32447.xmv	Wong dock - dock without boat	A waterfront navigation view at Wong dock.	
xn/32451.xmv	Wong dock - boat view	A waterfront navigation view at Wong dock.	
xn/32455.xmv	Wong dock - navigation view 017 - WONGNAV5N	A navigable viewpoint at Wong dock.	
xn/32457.xmv	Wong dock - navigation view 017 - WONGNAV6W	A navigable viewpoint at Wong dock.	
xn/32459.xmv	Wong dock - navigation view 017 - WONGNAV7N	A navigable viewpoint at Wong dock.	
xn/32461.xmv	Wong dock - navigation view 018 - WONGNAV8E	A navigable viewpoint at Wong dock.	
xn/32463.xmv	Wong dock - navigation view 018 - WONGNAV8N	A navigable viewpoint at Wong dock.	
xn/32465.xmv	Wong dock - navigation view 018 - WONGNAV8S	A navigable viewpoint at Wong dock.	
xn/32467.xmv	Wong dock - navigation view 018 - WONGNAV8W	A navigable viewpoint at Wong dock.	
xn/32469.xmv	Wong dock - navigation view 020 - sc24WONGNAV1NW1	A navigable viewpoint at Wong dock.	
xn/32471.xmv	Wong dock - navigation view 020 - sc24WONGNAV1NW2	A navigable viewpoint at Wong dock.	
xn/32473.xmv	Wong dock - navigation view 020 - WONGNAV2N	A navigable viewpoint at Wong dock.	
xn/32477.xmv	Wong dock - navigation view 020 - WONGNAV4E	A navigable viewpoint at Wong dock.	
xn/32479.xmv	Wong dock - navigation view 020 - WONGNAV4E_2	A navigable viewpoint at Wong dock.	
xn/32483.xmv	Wong dock - navigation view 020 - WONNAV3NE	A navigable viewpoint at Wong dock.	
xn/32485.xmv	Wong dock - navigation view 021 - sc48e-WONGNAV9W	A navigable viewpoint at Wong dock.	
xn/32487.xmv	Wong dock - navigation view 021 - sc48g-WONGNAV3NW_1	A navigable viewpoint at Wong dock.	
xn/32489.xmv	Wong dock - navigation view 021 - sc48gWONGNAV3NW2	A navigable viewpoint at Wong dock.	
xn/32491.xmv	Wong dock - navigation view 021 - sc48gWONGNAV3NW3	A navigable viewpoint at Wong dock.	
xn/32493.xmv	Wong dock - navigation view 021 - WONGNAV11s (DOWN)	A navigable viewpoint at Wong dock.	
xn/32495.xmv	Wong dock - navigation view 021 - WONGNAV11S (UP)	A navigable viewpoint at Wong dock.	
xn/32499.xmv	Wong dock - navigation view 021 - WONGNAV1S	A navigable viewpoint at Wong dock.	
xn/32501.xmv	Wong dock - navigation view 021 - WONGNAV7s(down)	A navigable viewpoint at Wong dock.	
xn/32503.xmv	Wong dock - navigation view 021 - WONGNAV7S(UP)	A navigable viewpoint at Wong dock.	
xn/32505.xmv	Wong dock - navigation view 021 - WONGNAV8candy	A navigable viewpoint at Wong dock.	
xn/32507.xmv	Wong dock - window view	A navigation view toward a window at Wong dock.	
xn/32509.xmv	Wong dock - navigation view 021-wongnav4s(up)	A navigable viewpoint at Wong dock.	
xn/32511.xmv	Wong dock - navigation view 021-WONGNAV5S(up)	A navigable viewpoint at Wong dock.	
xn/32515.xmv	Wong dock - navigation view 021-wongNavexp2_binoc	A navigable viewpoint at Wong dock.	
xn/32517.xmv	Wong dock - navigation view 022 - WONGNAV12N(down)	A navigable viewpoint at Wong dock.	
xn/32519.xmv	Wong dock - navigation view 022 - WONGNAV12N	A navigable viewpoint at Wong dock.	
xn/32521.xmv	Wong dock - navigation view 022 - WONGNAV3NE	A navigable viewpoint at Wong dock.	
xn/32523.xmv	Wong dock - navigation view 023 - sWONGNAV7E	A navigable viewpoint at Wong dock.	
xn/32525.xmv	Wong dock - navigation view 023 - WONGNAV12E_1	A navigable viewpoint at Wong dock.	
xn/32529.xmv	Wong dock - navigation view 023 - WONGNAV3E	A navigable viewpoint at Wong dock.	
xn/33426.xmv	Warehouse - daytime view	A daytime navigation view at Warehouse.	
xn/33432.xmv	Warehouse - night view	A nighttime navigation view at Warehouse.	
xn/33436.xmv	Warehouse - night view	A nighttime navigation view at Warehouse.	
xn/33438.xmv	Warehouse - night view	A nighttime navigation view at Warehouse.	
xn/33440.xmv	Warehouse - night view	A nighttime navigation view at Warehouse.	
xn/33442.xmv	Warehouse - night view	A nighttime navigation view at Warehouse.	
xn/33444.xmv	Warehouse - night view	A nighttime navigation view at Warehouse.	
xn/33450.xmv	Warehouse - night view	A nighttime navigation view at Warehouse.	
xn/33452.xmv	Warehouse - night view	A nighttime navigation view at Warehouse.	
xn/33454.xmv	Warehouse - night view	A nighttime navigation view at Warehouse.	
xn/33456.xmv	Warehouse - night view	A nighttime navigation view at Warehouse.	
xn/33458.xmv	Warehouse - night view	A nighttime navigation view at Warehouse.	
xn/33460.xmv	Warehouse - night view	A nighttime navigation view at Warehouse.	
xn/33464.xmv	Warehouse - night view	A nighttime navigation view at Warehouse.	
xn/33466.xmv	Warehouse - night view	A nighttime navigation view at Warehouse.	
xn/33468.xmv	Warehouse - night view	A nighttime navigation view at Warehouse.	
xn/33470.xmv	Warehouse - night view	A nighttime navigation view at Warehouse.	
xn/33472.xmv	Warehouse - night view	A nighttime navigation view at Warehouse.	
xn/33476.xmv	Warehouse - daytime view	A daytime navigation view at Warehouse.	
xn/33478.xmv	Warehouse - daytime view	A daytime navigation view at Warehouse.	
xn/33480.xmv	Warehouse - daytime view	A daytime navigation view at Warehouse.	
xn/33490.xmv	Warehouse - daytime view	A daytime navigation view at Warehouse.	
xn/33492.xmv	Warehouse - daytime view	A daytime navigation view at Warehouse.	
xn/33500.xmv	Warehouse - daytime view	A daytime navigation view at Warehouse.	
xn/33502.xmv	Warehouse - daytime view	A daytime navigation view at Warehouse.	
xn/33504.xmv	Warehouse - daytime view	A daytime navigation view at Warehouse.	
xn/33506.xmv	Warehouse - daytime view	A daytime navigation view at Warehouse.	
xn/33512.xmv	Warehouse - navigation view 019 - WHNAV1W	A navigable viewpoint at Warehouse.	
xn/33514.xmv	Warehouse - navigation view 019 - WHNAV2aSWsc17aTk1_1	A navigable viewpoint at Warehouse.	
xn/33520.xmv	Warehouse - navigation view 019 - WHNAV2SW	A navigable viewpoint at Warehouse.	
xn/33522.xmv	Warehouse - daytime view	A daytime navigation view at Warehouse.	
xn/33968.xmv	Crime lab - navigation view 1n amis arms crossed	A navigable viewpoint at the crime lab.	
xn/33970.xmv	Crime lab - navigation view 1n amis asleep	A navigable viewpoint at the crime lab.	
xn/33972.xmv	Crime lab - navigation view 1n amis leaning	A navigable viewpoint at the crime lab.	
xn/33974.xmv	Crime lab - navigation view 1n amis licorice	A navigable viewpoint at the crime lab.	
xn/33978.xmv	Crime lab - navigation view 1n amis reads	A navigable viewpoint at the crime lab.	
xn/38796.xmv	FBI field office - navigation view 028 - FONAV13SE	A navigable viewpoint at the fbi field office.	
xn/38798.xmv	FBI field office - navigation view 028 - FONAV16E	A navigable viewpoint at the fbi field office.	
xn/38800.xmv	FBI field office - navigation view 028 - FONAV16NE	A navigable viewpoint at the fbi field office.	
xn/38802.xmv	FBI field office - navigation view 028 - FONAV17E	A navigable viewpoint at the fbi field office.	
xn/38804.xmv	FBI field office - navigation view 028 - FONAV1E	A navigable viewpoint at the fbi field office.	
xn/38806.xmv	FBI field office - navigation view 030 - FONAV18NE-tk2	A navigable viewpoint at the fbi field office.	
xn/38808.xmv	FBI field office - navigation view 030 - FONAV18NE-tk1sc4a	A navigable viewpoint at the fbi field office.	
xn/38810.xmv	FBI field office - navigation view 030 - FONAV18NE-tk1sc004	A navigable viewpoint at the fbi field office.	
xn/38812.xmv	FBI field office - navigation view 030 - nav19esc4d	A navigable viewpoint at the fbi field office.	
xn/38814.xmv	FBI field office - navigation view 030 - nav19esc4htk1	A navigable viewpoint at the fbi field office.	
xn/38816.xmv	FBI field office - navigation view 030 - nav19esc4e	A navigable viewpoint at the fbi field office.	
xn/38818.xmv	FBI field office - navigation view 033 - sc81cnav17neTk1-3	A navigable viewpoint at the fbi field office.	
xn/38820.xmv	FBI field office - navigation view 033 - sc81dnav15n	A navigable viewpoint at the fbi field office.	
xn/38824.xmv	FBI field office - looping view 033 - sc81nav16neTk2-loop	A looping navigation view at the fbi field office.	
xn/38826.xmv	FBI field office - navigation view 034 - 43bnav2n_2	A navigable viewpoint at the fbi field office.	
xn/38830.xmv	FBI field office - navigation view 034 - 43cnav2n	A navigable viewpoint at the fbi field office.	
xn/38836.xmv	FBI field office - navigation view 035 - sc43jnav11wtk2	A navigable viewpoint at the fbi field office.	
xn/38838.xmv	FBI field office - looping view 042 - FONAV3W_loops1	A looping navigation view at the fbi field office.	
xn/38840.xmv	FBI field office - looping view 042 - FONAV3W_loops2	A looping navigation view at the fbi field office.	
xn/38842.xmv	FBI field office - navigation view 042 - FONAV5Wtk4_2	A navigable viewpoint at the fbi field office.	
xn/38844.xmv	FBI field office - Mark Cook at desk	Mark Cook sits behind the field-office desk.	
xn/39044.xmv	FBI field office - looping view Desk_Loop_Files	A looping navigation view at the fbi field office.	
xn/41323.xmv	FBI field office - woman in room	A woman stands inside the field office.	
xn/41325.xmv	Apartment - navigation view 062 - sc70b_nav10seTk2pu2B	A navigable viewpoint in the apartment.	
xn/41331.xmv	FBI field office - navigation view 042 - FO_NAV3W	A navigable viewpoint at the fbi field office.	
xn/41354.xmv	FBI field office - Mark Cook at the desk	A navigation view showing Mark Cook at the fbi field office.	
xn/41620.xmv	FBI field office - Mark Cook at the desk	A navigation view showing Mark Cook at the fbi field office.	
xn/42378.xmv	Rauch site - NSA agents	A navigation view with NSA agents at Rauch site.	
xn/43855.xmv	Secret Base - navigation view 067 - scSB2nav100e	A navigable viewpoint at Secret Base.	
xn/44874.xmv	FBI field office - navigation view 040 - sc104mNAV2wTk2	A navigable viewpoint at the fbi field office.	
xn/44878.xmv	FBI field office - navigation view 040 - sc104mNAV2wTk4	A navigable viewpoint at the fbi field office.	
xn/44954.xmv	Comity Inn - navigation view 058 - COMNAV5SWtk2_2	A navigable viewpoint at Comity Inn.	
xn/44962.xmv	Comity Inn - looping view 058-COMNAV3E-loop	A looping navigation view at Comity Inn.	
xn/44964.xmv	Comity Inn - Walter Skinner in view	A navigation view showing Walter Skinner at Comity Inn.	
xn/44968.xmv	Comity Inn - navigation view 068 - COMNAV3W	A navigable viewpoint at Comity Inn.	
xn/45072.xmv	FBI field office - looping view Lone_Gunmen_loop_lbx	A looping navigation view at the fbi field office.	
xn/47251.xmv	Secret base - figure on floor	A figure lies on the floor of a dark room.	
xn/47255.xmv	Secret Base - Dana Scully in view	A navigation view showing Dana Scully at Secret Base.	
xn/49069.xmv	Wong dock - boat view	A waterfront navigation view at Wong dock.	
xn/49630.xmv	Tarakan - daytime view	A daytime navigation view at Tarakan.	
xn/49632.xmv	Tarakan - daytime view	A daytime navigation view at Tarakan.	
xn/49634.xmv	Tarakan - daytime view	A daytime navigation view at Tarakan.	
xn/49640.xmv	Tarakan - daytime view	A daytime navigation view at Tarakan.	
xn/49642.xmv	Tarakan - daytime view	A daytime navigation view at Tarakan.	
xn/49644.xmv	Tarakan - daytime view	A daytime navigation view at Tarakan.	
xn/49646.xmv	Tarakan - daytime view	A daytime navigation view at Tarakan.	
xn/49648.xmv	Tarakan - daytime view	A daytime navigation view at Tarakan.	
xn/49650.xmv	Tarakan - daytime view	A daytime navigation view at Tarakan.	
xn/49652.xmv	Tarakan - daytime view	A daytime navigation view at Tarakan.	
xn/49654.xmv	Tarakan - daytime view	A daytime navigation view at Tarakan.	
xn/49656.xmv	Tarakan - daytime view	A daytime navigation view at Tarakan.	
xn/49660.xmv	Tarakan - daytime view	A daytime navigation view at Tarakan.	
xn/49662.xmv	Tarakan - daytime view	A daytime navigation view at Tarakan.	
xn/49664.xmv	Tarakan - daytime view	A daytime navigation view at Tarakan.	
xn/49666.xmv	Tarakan - boat deck	View from the boat across the harbor.	
xn/49668.xmv	Tarakan - daytime view	A daytime navigation view at Tarakan.	
xn/49670.xmv	Tarakan - daytime view	A daytime navigation view at Tarakan.	
xn/49672.xmv	Tarakan - daytime view	A daytime navigation view at Tarakan.	
xn/49674.xmv	Tarakan - daytime view	A daytime navigation view at Tarakan.	
xn/49676.xmv	Tarakan - daytime view	A daytime navigation view at Tarakan.	
xn/49678.xmv	Tarakan - daytime view	A daytime navigation view at Tarakan.	
xn/49680.xmv	Tarakan - daytime view	A daytime navigation view at Tarakan.	
xn/49688.xmv	Tarakan - daytime view	A daytime navigation view at Tarakan.	
xn/49692.xmv	Tarakan - daytime view	A daytime navigation view at Tarakan.	
xn/49694.xmv	Tarakan - daytime view	A daytime navigation view at Tarakan.	
xn/49698.xmv	Tarakan - daytime view	A daytime navigation view at Tarakan.	
xn/49700.xmv	Tarakan - daytime view	A daytime navigation view at Tarakan.	
xn/49702.xmv	Tarakan - daytime view	A daytime navigation view at Tarakan.	
xn/49704.xmv	Tarakan - daytime view	A daytime navigation view at Tarakan.	
xn/49706.xmv	Tarakan - daytime view	A daytime navigation view at Tarakan.	
xn/49708.xmv	Tarakan - navigation view TAR_09w	A navigable viewpoint at Tarakan.	
xn/49710.xmv	Tarakan - daytime view	A daytime navigation view at Tarakan.	
xn/49712.xmv	Tarakan - daytime view	A daytime navigation view at Tarakan.	
xn/49714.xmv	Tarakan - daytime view	A daytime navigation view at Tarakan.	
xn/49716.xmv	Tarakan - navigation view 052-sc53dnav2w	A navigable viewpoint at Tarakan.	
xn/49718.xmv	Tarakan - navigation view 052-sc53gnav2s	A navigable viewpoint at Tarakan.	
xn/49728.xmv	Tarakan - navigation view TAR_09s-2	A navigable viewpoint at Tarakan.	
xn/49734.xmv	Tarakan - daytime view	A daytime navigation view at Tarakan.	
xn/56053.xmv	Secret Base - Dana Scully in view	A navigation view showing Dana Scully at Secret Base.	
xn/56182.xmv	FBI field office - looping view Desk_Loop_Empty	A looping navigation view at the fbi field office.	
xn/56742.xmv	Hangar - Mary Astadourian in view	A navigation view showing Mary Astadourian at Hangar.	
xn/58239.xmv	Tarakan - daytime view	A daytime navigation view at Tarakan.	
xn/62750.xmv	Wong dock - navigation view 022 - WONG_NAV12N_no_Asta	A navigable viewpoint at Wong dock.	
xn/64958.xmv	FBI field office - navigation view 042-FONAV5W_phone	A navigable viewpoint at the fbi field office.	
xn/70513.xmv	Secret Base - navigation view sc118_incomp	A navigable viewpoint at Secret Base.	
xn/71100.xmv	FBI field office - Mark Cook at the desk	A navigation view showing Mark Cook at the fbi field office.	
xn/71225.xmv	Warehouse - navigation view 019 - WHNAV2aSW_no_car	A navigable viewpoint at Warehouse.	
xn/71853.xmv	Warehouse - vehicle at night	A vehicle approaches a warehouse at night.	
xn/72288.xmv	FBI field office - wall clock	A clock and notice board inside the field office.	
xn/77806.xmv	Smolnikoff site - navigation view 055-sc86nav21w_alt	A navigable viewpoint at Smolnikoff site.	
xn/78779.xmv	Secret Base - navigation view 004 - 53e_grdst_iso_off	A navigable viewpoint at Secret Base.	
xn/78894.xmv	Apartment - Mary Astadourian in view	A navigation view showing Mary Astadourian in the apartment.	
xn/80614.xmv	Rauch site - dim room	A dim interior with furniture and equipment.	
xn/81332.xmv	Hauling yard - looping view sc77C_loop	A looping navigation view at Hauling yard.	
xn/81336.xmv	Hauling yard - looping view sc77D_loop	A looping navigation view at Hauling yard.	
xn/81339.xmv	Hauling yard - looping view sc77E_loop	A looping navigation view at Hauling yard.	
xn/81343.xmv	Hauling yard - looping view sc77G_loop	A looping navigation view at Hauling yard.	
xn/81348.xmv	Hauling yard - looping view sc77I_loop	A looping navigation view at Hauling yard.	
xn/83438.xmv	Warehouse - navigation view 019 - WHNAV2NE_3	A navigable viewpoint at Warehouse.	
xn/87415.xmv	Wong dock - Mary Astadourian in view	A navigation view showing Mary Astadourian at Wong dock.	
xn/87416.xmv	Wong dock - Mary Astadourian in view	A navigation view showing Mary Astadourian at Wong dock.	
xn/87419.xmv	Warehouse - navigation view 009 - 3w_ext_car_skin_nofol	A navigable viewpoint at Warehouse.	
xn/88831.xmv	Rail Yard - Mary Astadourian in view	A navigation view showing Mary Astadourian at Rail Yard.	
xn/90533.xmv	Hauling yard - Mary Astadourian in view	A navigation view showing Mary Astadourian at Hauling yard.	
xn/91831.xmv	Warehouse - daytime view	A daytime navigation view at Warehouse.	
xs/20962.dmv	Willmore's apartment - Amis answering-machine cue	An in-game sound or voice cue.	
xs/26274.amv	Crime Lab - fax machine	Background sound for this location.	
xs/26282.amv	Hauling yard - yard ambience	Background sound for this location.	
xs/26284.amv	Hauling yard - yard ambience	Background sound for this location.	
xs/26292.amv	Hospital - hospital paging	Background sound for this location.	
xs/26296.amv	Rail yard - rail-yard ambience	Background sound for this location.	
xs/28464.amv	Secret Base: Blast Door - ambient machinery	Background sound for this location.	
xs/28468.amv	Secret Base: Common Areas - electrical sizzle	Background sound for this location.	
xs/28470.amv	Secret Base: Control Room - short ambient loop	Background sound for this location.	
xs/28472.amv	Secret Base: Entrance - machinery hum	Background sound for this location.	
xs/28476.amv	Secret Base: Isolation Chamber - ambient machinery	Background sound for this location.	
xs/28480.amv	Smolnikoff site - interior ambience	Background sound for this location.	
xs/28506.amv	Tarakan - boat horn	Background sound for this location.	
xs/28508.amv	Tarakan - foghorn	Background sound for this location.	
xs/28510.amv	Warehouse dock - dock ambience	Background sound for this location.	
xs/28512.amv	Warehouse dock - boat passing	Background sound for this location.	
xs/28514.amv	Warehouse dock - city bell	Background sound for this location.	
xs/28516.amv	Warehouse dock - police call	Background sound for this location.	
xs/28518.amv	Warehouse dock - police radio	Background sound for this location.	
xs/28520.amv	Warehouse dock - dispatcher radio	Background sound for this location.	
xs/28522.amv	Warehouse dock - goose call	Background sound for this location.	
xs/28524.amv	Warehouse dock - gulls calling	Background sound for this location.	
xs/28526.amv	Warehouse dock - single gull call	Background sound for this location.	
xs/28528.amv	Warehouse - warehouse ambience	Background sound for this location.	
xs/28530.amv	Warehouse - train passing	Background sound for this location.	
xs/28532.amv	Warehouse - train passing	Background sound for this location.	
xs/30399.amv	FBI field office - office ambience	Background sound for this location.	
xs/34747.amv	Inventory - camera cue	An audio cue paired with an inventory or menu action.	
xs/52289.amv	FBI field office - telephone ringing	Background sound for this location.	
xs/57104.amv	Inventory - camera shutter	An audio cue paired with an inventory or menu action.	
xs/58625.amv	Game - cellphone call ending	An in-game sound or voice cue.	
xs/58626.amv	Game - cellphone ringing	An in-game sound or voice cue.	
xs/58627.amv	Game - cellphone tone	An in-game sound or voice cue.	
xs/58629.amv	Game - phone key 0	An in-game sound or voice cue.	
xs/58630.amv	Game - phone key 1	An in-game sound or voice cue.	
xs/58631.amv	Game - phone key 2	An in-game sound or voice cue.	
xs/58632.amv	Game - phone key 3	An in-game sound or voice cue.	
xs/58633.amv	Game - phone key 4	An in-game sound or voice cue.	
xs/58634.amv	Game - phone key 5	An in-game sound or voice cue.	
xs/58635.amv	Game - phone key 6	An in-game sound or voice cue.	
xs/58636.amv	Game - phone key 7	An in-game sound or voice cue.	
xs/58637.amv	Game - phone key 8	An in-game sound or voice cue.	
xs/58638.amv	Game - phone key 9	An in-game sound or voice cue.	
xs/58639.amv	Game - phone star key	An in-game sound or voice cue.	
xs/58641.amv	Game - phone pound key	An in-game sound or voice cue.	
xs/59824.amv	Game - blast	An in-game sound or voice cue.	
xs/62422.amv	Game - navigation beep	An in-game sound or voice cue.	
xs/67038.amv	Game - page turning	An in-game sound or voice cue.	
xs/67043.amv	Telephone - telephone ringing	Telephone interface or recorded-message audio.	
xs/67044.amv	Telephone - busy signal	Telephone interface or recorded-message audio.	
xs/67045.amv	Telephone - city phone message - amis	Telephone interface or recorded-message audio.	
xs/67046.amv	Telephone - city phone message - arly	Telephone interface or recorded-message audio.	
xs/67047.amv	Telephone - city phone message - asta	Telephone interface or recorded-message audio.	
xs/67048.amv	Telephone - city phone message - trut	Telephone interface or recorded-message audio.	
xs/67049.amv	Telephone - diner phone message	Telephone interface or recorded-message audio.	
xs/67050.amv	Telephone - FBI phone message - cook	Telephone interface or recorded-message audio.	
xs/67051.amv	Telephone - FBI phone message - dc	Telephone interface or recorded-message audio.	
xs/67052.amv	Telephone - FBI phone message - shnks	Telephone interface or recorded-message audio.	
xs/67053.amv	Telephone - FBI phone message - will	Telephone interface or recorded-message audio.	
xs/67054.amv	Telephone - crime-lab phone message	Telephone interface or recorded-message audio.	
xs/67055.amv	Telephone - number unavailable message	Telephone interface or recorded-message audio.	
xs/67056.amv	Telephone - telephone message	Telephone interface or recorded-message audio.	
xs/67057.amv	Telephone - barbara	Telephone interface or recorded-message audio.	
xs/67518.amv	Game - menu click	An in-game sound or voice cue.	
xs/69313.amv	Warehouse dock - truck starting	An in-game sound or voice cue.	
xs/74632.amv	Tarakan - facility ambience	Background sound for this location.	
xs/75407.dmv	Willmore's apartment - knocking at door	An in-game sound or voice cue.	
xs/75683.amv	Game - PDA sending	An in-game sound or voice cue.	
xs/75684.amv	Game - PDA display tone	An in-game sound or voice cue.	
xs/75685.amv	Game - PDA error tone	An in-game sound or voice cue.	
xs/75686.amv	Game - PDA mail alert	An in-game sound or voice cue.	
xs/75687.amv	Game - PDA power-on	An in-game sound or voice cue.	
xs/75688.amv	Game - PDA alert	An in-game sound or voice cue.	
xs/77753.amv	Secret Base: Blast Door - alarm loop	Background sound for this location.	
xs/78281.amv	Comity Inn - service bell	An in-game sound or voice cue.	
xs/80310.dmv	Willmore's apartment - telephone cue	An in-game sound or voice cue.	
xs/80373.amv	Game - interface click	An in-game sound or voice cue.	
xs/82291.amv	Hangar - hangar ambience	Background sound for this location.	
xs/82298.dmv	Rail yard - Astadourian voice cue	An in-game sound or voice cue.	
xs/82299.dmv	Rail yard - Astadourian voice cue	An in-game sound or voice cue.	
xs/83299.amv	Telephone - dial tone	Telephone interface or recorded-message audio.	
xs/83861.amv	Telephone - CCD phone message	Telephone interface or recorded-message audio.	
xs/83871.amv	Game - scream	An in-game sound or voice cue.	
xs/83873.amv	Game - scream	An in-game sound or voice cue.	
xs/86303.dmv	Game - mail alert A	An in-game sound or voice cue.	
xs/86304.dmv	Game - mail alert B	An in-game sound or voice cue.	
xs/87413.amv	Game - alarm	An in-game sound or voice cue.	
xs/88900.dmv	FBI field office - knocking at door	Background sound for this location.	
xs/88943.amv	Telephone - telephone ringing	Telephone interface or recorded-message audio.	
xs/88945.amv	Telephone - telephone ringing	Telephone interface or recorded-message audio.	
xs/88947.amv	Telephone - telephone ringing	Telephone interface or recorded-message audio.	
xs/89487.amv	Game - save-game cue	An in-game sound or voice cue.	
xs/89660.amv	Game - computer beep	An in-game sound or voice cue.	
xs/89819.amv	Comity Inn: Exterior - inn exterior ambience	Background sound for this location.	
xs/90691.amv	Game - computer beep	An in-game sound or voice cue.	
xs/91270.amv	Game - computer beep	An in-game sound or voice cue.	
xs/91328.amv	Hauling yard - exterior ambience	Background sound for this location.	
xs/91606.amv	Willmore's apartment - rewinding	An in-game sound or voice cue.	
xs/91988.amv	Comity Inn: Exterior - inn night ambience	Background sound for this location.	
xs/92148.amv	Inventory - gun cue	An audio cue paired with an inventory or menu action.	
xs/92289.dmv	Willmore's apartment - watch cue	An in-game sound or voice cue.	
xs/92450.amv	Game - page turning	An in-game sound or voice cue.	
xs/92452.amv	Game - page turning	An in-game sound or voice cue.	
xs/92456.amv	Game - page turning	An in-game sound or voice cue.	
xs/92460.amv	Game - page turning	An in-game sound or voice cue.	
xs/93608.amv	Game - interior ambience	An in-game sound or voice cue.	
xs/93610.amv	Comity Inn: Interior - inn interior ambience	Background sound for this location.	
xs/94320.amv	Main menu - main menu loop	An audio cue paired with an inventory or menu action.	
xv/17923.xmv	Comity - Sc010 establish fA	A filmed sequence at Comity.	
xv/19650.xmv	Game over - death or failure	A death or failure scene.	-
xv/19652.xmv	Game over - death or failure	A death or failure scene.	-
xv/19654.xmv	Game over - death or failure	A death or failure scene.	-
xv/19656.xmv	Game over - death or failure	A death or failure scene.	-
xv/19666.xmv	End credits	End credits from the game's movie assets.	
xv/19668.xmv	Opening teaser	Opening teaser from the game's movie assets.	
xv/19672.xmv	Apartment - view outside	A view outside, thought to be from the apartment.	Apartment
xv/19674.xmv	Apartment - view outside	A view outside, thought to be from the apartment.	Apartment
xv/19676.xmv	Warehouse - dark interior	A shadowed figure moves through the room.	
xv/19678.xmv	Warehouse - dark interior	A shadowed figure moves through the room.	
xv/19680.xmv	Warehouse - dark interior	A shadowed figure moves through the room.	
xv/19682.xmv	Warehouse - shadowed figure	A figure moves through the warehouse.	Warehouse
xv/19684.xmv	Warehouse - shadowed figure	A figure moves through the warehouse.	Warehouse
xv/19688.xmv	Warehouse - vehicle at night	A vehicle pulls away on a wet road.	
xv/19698.xmv	Apartment - conversation	A man and woman speak inside an apartment.	Apartment
xv/19702.xmv	Warehouse - nearby shack	A scene near the warehouse, thought to be in the shack across from it.	Warehouse
xv/19706.xmv	Warehouse - nearby shack	A scene near the warehouse, thought to be in the shack across from it.	Warehouse
xv/19708.xmv	Warehouse - nearby shack	A scene near the warehouse, thought to be in the shack across from it.	Warehouse
xv/19710.xmv	Apartment - room view	An interior view of the apartment.	
xv/19712.xmv	Apartment - conversation	A man and woman speak inside an apartment.	Apartment
xv/19714.xmv	Apartment - conversation	A man and woman speak inside an apartment.	Apartment
xv/19716.xmv	Apartment - conversation	A man and woman speak inside an apartment.	Apartment
xv/19718.xmv	Apartment - conversation	A man and woman speak inside an apartment.	Apartment
xv/19720.xmv	Apartment - conversation	A man and woman speak inside an apartment.	Apartment
xv/19722.xmv	Apartment - conversation	A man and woman speak inside an apartment.	Apartment
xv/19724.xmv	Apartment - conversation	A man and woman speak inside an apartment.	Apartment
xv/19726.xmv	Apartment - conversation	A man and woman speak inside an apartment.	Apartment
xv/19728.xmv	Apartment - conversation	A man and woman speak inside an apartment.	Apartment
xv/19730.xmv	Apartment - conversation	A man and woman speak inside an apartment.	Apartment
xv/19732.xmv	Apartment - conversation	A man and woman speak inside an apartment.	Apartment
xv/19734.xmv	Hangar - meeting with X	A scene at the hangar where Craig meets X.	Hangar
xv/19736.xmv	FBI field office - desk conversation (SC005-007fA)	Two men speak across an office desk.	
xv/19738.xmv	FBI field office - desk conversation (SC005-007fAA)	Two men speak across an office desk.	
xv/19740.xmv	FBI field office - desk conversation (SC005-007fAB)	Two men speak across an office desk.	
xv/19744.xmv	FBI field office - desk conversation (SC005-007fAC)	Two men speak across an office desk.	
xv/19746.xmv	FBI field office - desk conversation (SC005-007fB)	Two men speak across an office desk.	
xv/19748.xmv	FBI field office - desk conversation (SC005-007fC)	Two men speak across an office desk.	
xv/19750.xmv	FBI field office - desk conversation (SC005-007fD)	Two men speak across an office desk.	
xv/19752.xmv	FBI field office - desk conversation (SC005-007fE)	Two men speak across an office desk.	
xv/19754.xmv	FBI field office - desk conversation (SC005-007fF)	Two men speak across an office desk.	
xv/19756.xmv	FBI field office - desk conversation (SC005-007fG)	Two men speak across an office desk.	
xv/19758.xmv	FBI field office - desk conversation (SC005-007fH)	Two men speak across an office desk.	
xv/19760.xmv	FBI field office - desk conversation (SC005-007fI)	Two men speak across an office desk.	
xv/19762.xmv	FBI field office - desk conversation (SC005-007fJ)	Two men speak across an office desk.	
xv/19764.xmv	FBI field office - desk conversation (SC005-007fK)	Two men speak across an office desk.	
xv/19766.xmv	FBI field office - desk conversation (SC005-007fL)	Two men speak across an office desk.	
xv/19768.xmv	FBI field office - desk conversation (SC005-007fM)	Two men speak across an office desk.	
xv/19770.xmv	FBI field office - desk conversation (SC005-007fN)	Two men speak across an office desk.	
xv/19772.xmv	FBI field office - desk conversation (SC005-007fO)	Two men speak across an office desk.	
xv/19774.xmv	FBI field office - desk conversation (SC005-007fP)	Two men speak across an office desk.	
xv/19778.xmv	FBI field office - desk conversation (SC005-007fS)	Two men speak across an office desk.	
xv/19780.xmv	FBI field office - desk conversation (SC005-007fT)	Two men speak across an office desk.	
xv/19782.xmv	FBI field office - desk conversation (SC005-007fU)	Two men speak across an office desk.	
xv/19784.xmv	FBI field office - desk conversation (SC005-007fV)	Two men speak across an office desk.	
xv/19786.xmv	FBI field office - desk conversation (SC005-007fW)	Two men speak across an office desk.	
xv/19790.xmv	FBI field office - desk conversation (SC005-007fX)	Two men speak across an office desk.	
xv/19792.xmv	FBI field office - desk conversation (SC005-007fY)	Two men speak across an office desk.	
xv/19794.xmv	FBI field office - desk conversation (SC005-007fZ)	Two men speak across an office desk.	
xv/19796.xmv	FBI field office - office arrival (SC06A)	An agent enters and speaks with office staff.	
xv/19798.xmv	FBI field office - office arrival (SC06B)	An agent enters and speaks with office staff.	
xv/19800.xmv	FBI field office - office arrival (SC06C)	An agent enters and speaks with office staff.	
xv/19802.xmv	FBI field office - office arrival (SC06D)	An agent enters and speaks with office staff.	
xv/19804.xmv	FBI field office - office arrival (SC06E)	An agent enters and speaks with office staff.	
xv/19806.xmv	FBI field office - office arrival (SC06F)	An agent enters and speaks with office staff.	
xv/19808.xmv	FBI field office - office arrival (SC03A)	An agent enters and speaks with office staff.	
xv/19812.xmv	FBI field office - office arrival (SC03C)	An agent enters and speaks with office staff.	
xv/19814.xmv	FBI field office - office arrival (SC03D)	An agent enters and speaks with office staff.	
xv/19816.xmv	FBI field office - office arrival (SC03E)	An agent enters and speaks with office staff.	
xv/19818.xmv	FBI field office - office arrival (SC03F)	An agent enters and speaks with office staff.	
xv/19820.xmv	FBI field office - office arrival (SC03G)	An agent enters and speaks with office staff.	
xv/19838.xmv	FBI field office - office briefing (Sc4A)	Agents and an older official speak inside the field office.	
xv/19840.xmv	FBI field office - office briefing (Sc4AA)	Agents and an older official speak inside the field office.	
xv/19842.xmv	FBI field office - office briefing (Sc4AB)	Agents and an older official speak inside the field office.	
xv/19844.xmv	FBI field office - office briefing (Sc4AC)	Agents and an older official speak inside the field office.	
xv/19846.xmv	FBI field office - office briefing (Sc4AD)	Agents and an older official speak inside the field office.	
xv/19848.xmv	FBI field office - office briefing (Sc4AE)	Agents and an older official speak inside the field office.	
xv/19850.xmv	FBI field office - office briefing (Sc4AF)	Agents and an older official speak inside the field office.	
xv/19852.xmv	FBI field office - office briefing (Sc4AG)	Agents and an older official speak inside the field office.	
xv/19854.xmv	FBI field office - office briefing (Sc4AH)	Agents and an older official speak inside the field office.	
xv/19856.xmv	FBI field office - office briefing (Sc4AI)	Agents and an older official speak inside the field office.	
xv/19858.xmv	FBI field office - office briefing (Sc4AJ)	Agents and an older official speak inside the field office.	
xv/19860.xmv	FBI field office - office briefing (Sc4AK)	Agents and an older official speak inside the field office.	
xv/19862.xmv	FBI field office - office briefing (Sc4AL)	Agents and an older official speak inside the field office.	
xv/19864.xmv	FBI field office - office briefing (Sc4AM)	Agents and an older official speak inside the field office.	
xv/19868.xmv	FBI field office - office briefing (Sc4AO)	Agents and an older official speak inside the field office.	
xv/19870.xmv	FBI field office - office briefing (Sc4AP)	Agents and an older official speak inside the field office.	
xv/19872.xmv	FBI field office - office briefing (Sc4AQ)	Agents and an older official speak inside the field office.	
xv/19874.xmv	FBI field office - office briefing (Sc4AR)	Agents and an older official speak inside the field office.	
xv/19878.xmv	FBI field office - office briefing (Sc4AT)	Agents and an older official speak inside the field office.	
xv/19884.xmv	FBI field office - office briefing (Sc4B)	Agents and an older official speak inside the field office.	
xv/19886.xmv	FBI field office - office briefing (Sc4C)	Agents and an older official speak inside the field office.	
xv/19888.xmv	FBI field office - office briefing (Sc4D)	Agents and an older official speak inside the field office.	
xv/19890.xmv	FBI field office - office briefing (Sc4E)	Agents and an older official speak inside the field office.	
xv/19892.xmv	FBI field office - office briefing (Sc4F)	Agents and an older official speak inside the field office.	
xv/19894.xmv	FBI field office - office briefing (Sc4G)	Agents and an older official speak inside the field office.	
xv/19896.xmv	FBI field office - office briefing (Sc4H)	Agents and an older official speak inside the field office.	
xv/19898.xmv	FBI field office - office briefing (Sc4I)	Agents and an older official speak inside the field office.	
xv/19902.xmv	FBI field office - office briefing (Sc4K)	Agents and an older official speak inside the field office.	
xv/19904.xmv	FBI field office - office briefing (Sc4L)	Agents and an older official speak inside the field office.	
xv/19908.xmv	FBI field office - office briefing (Sc4N)	Agents and an older official speak inside the field office.	
xv/19912.xmv	FBI field office - office briefing (Sc4P)	Agents and an older official speak inside the field office.	
xv/19914.xmv	FBI field office - office briefing (Sc4Q)	Agents and an older official speak inside the field office.	
xv/19916.xmv	FBI field office - office briefing (Sc4R)	Agents and an older official speak inside the field office.	
xv/19918.xmv	FBI field office - office briefing (Sc4S)	Agents and an older official speak inside the field office.	
xv/19920.xmv	FBI field office - office briefing (Sc4T)	Agents and an older official speak inside the field office.	
xv/19922.xmv	FBI field office - office briefing (Sc4U)	Agents and an older official speak inside the field office.	
xv/19924.xmv	FBI field office - office briefing (Sc4V)	Agents and an older official speak inside the field office.	
xv/19926.xmv	FBI field office - office briefing (Sc4W)	Agents and an older official speak inside the field office.	
xv/19928.xmv	FBI field office - office briefing (Sc4X)	Agents and an older official speak inside the field office.	
xv/19930.xmv	FBI field office - office briefing (Sc4Y)	Agents and an older official speak inside the field office.	
xv/19937.xmv	Comity - Comity conversation (sc012A)	A sequence of conversations in and around Comity.	
xv/19941.xmv	Comity - Comity conversation (sc014A)	A sequence of conversations in and around Comity.	
xv/19943.xmv	Comity - Comity conversation (sc014B)	A sequence of conversations in and around Comity.	
xv/19945.xmv	Comity - Comity conversation (sc014C)	A sequence of conversations in and around Comity.	
xv/19947.xmv	Comity - Comity conversation (sc014D)	A sequence of conversations in and around Comity.	
xv/19949.xmv	Comity - Comity conversation (sc014E)	A sequence of conversations in and around Comity.	
xv/19951.xmv	Comity - Comity conversation (sc014F)	A sequence of conversations in and around Comity.	
xv/19953.xmv	Comity - Comity conversation (sc014G)	A sequence of conversations in and around Comity.	
xv/19955.xmv	Comity - Comity conversation (sc014H)	A sequence of conversations in and around Comity.	
xv/19957.xmv	Comity - Comity conversation (sc014I)	A sequence of conversations in and around Comity.	
xv/19959.xmv	Comity - Comity conversation (sc014J)	A sequence of conversations in and around Comity.	
xv/19961.xmv	Comity - Comity conversation (sc014K)	A sequence of conversations in and around Comity.	
xv/19963.xmv	Comity - Comity conversation (sc014L)	A sequence of conversations in and around Comity.	
xv/19967.xmv	Comity - Comity conversation (sc014N)	A sequence of conversations in and around Comity.	
xv/19969.xmv	Comity - Comity conversation (sc014P)	A sequence of conversations in and around Comity.	
xv/19971.xmv	Comity - Comity conversation (sc014Q)	A sequence of conversations in and around Comity.	
xv/19973.xmv	Comity - Comity conversation (sc014R)	A sequence of conversations in and around Comity.	
xv/19975.xmv	Comity - Comity conversation (sc014S)	A sequence of conversations in and around Comity.	
xv/19977.xmv	Comity - Comity conversation (sc014T)	A sequence of conversations in and around Comity.	
xv/19979.xmv	Comity - Comity conversation (sc014U)	A sequence of conversations in and around Comity.	
xv/19981.xmv	Comity - Comity conversation (SC16A)	A sequence of conversations in and around Comity.	
xv/19983.xmv	Comity - Comity conversation (Sc010 establish fB)	A sequence of conversations in and around Comity.	
xv/19985.xmv	Comity - Comity conversation (Sc010 establish fAJ)	A sequence of conversations in and around Comity.	
xv/19987.xmv	Comity - Comity conversation (Sc010 establish fAK)	A sequence of conversations in and around Comity.	
xv/19989.xmv	Comity - Comity conversation (Sc010 establish fAL)	A sequence of conversations in and around Comity.	
xv/19991.xmv	Comity - Comity conversation (Sc010 establish fAM)	A sequence of conversations in and around Comity.	
xv/19993.xmv	Comity - Comity conversation (Sc010 establish fAN)	A sequence of conversations in and around Comity.	
xv/19995.xmv	Comity - Comity conversation (Sc010 establish fAO)	A sequence of conversations in and around Comity.	
xv/19997.xmv	Comity - Comity conversation (Sc010 establish fAP)	A sequence of conversations in and around Comity.	
xv/19999.xmv	Comity - Comity conversation (Sc010 establish fAQ)	A sequence of conversations in and around Comity.	
xv/20001.xmv	Comity - Comity conversation (Sc010 establish fAR)	A sequence of conversations in and around Comity.	
xv/20003.xmv	Comity - Comity conversation (Sc010 establish fAS)	A sequence of conversations in and around Comity.	
xv/20005.xmv	Comity - Comity conversation (Sc010 establish fAT)	A sequence of conversations in and around Comity.	
xv/20007.xmv	Comity - Comity conversation (Sc010 establish fAU)	A sequence of conversations in and around Comity.	
xv/20009.xmv	Comity - Comity conversation (Sc010 establish fAV)	A sequence of conversations in and around Comity.	
xv/20011.xmv	Comity - Comity conversation (Sc010 establish fAW)	A sequence of conversations in and around Comity.	
xv/20013.xmv	Older official outdoors - 20013	An older man in glasses speaks outside.	
xv/20015.xmv	Older official outdoors - 20015	An older man in glasses speaks outside.	
xv/20017.xmv	Older official outdoors - 20017	An older man in glasses speaks outside.	
xv/20019.xmv	Older official outdoors - 20019	An older man in glasses speaks outside.	
xv/20023.xmv	Comity - Comity conversation (Sc010 establish fBC)	A sequence of conversations in and around Comity.	
xv/20025.xmv	Comity - Comity conversation (Sc010 establish fBD)	A sequence of conversations in and around Comity.	
xv/20027.xmv	Comity - Comity conversation (Sc010 establish fBE)	A sequence of conversations in and around Comity.	
xv/20031.xmv	Comity - Comity conversation (Sc010 establish fC)	A sequence of conversations in and around Comity.	
xv/20033.xmv	Comity - Comity conversation (Sc010 establish fD)	A sequence of conversations in and around Comity.	
xv/20035.xmv	Comity - Comity conversation (Sc010 establish fE)	A sequence of conversations in and around Comity.	
xv/20037.xmv	Comity - Comity conversation (Sc010 establish fI)	A sequence of conversations in and around Comity.	
xv/20039.xmv	Comity - Comity conversation (Sc010 establish fG)	A sequence of conversations in and around Comity.	
xv/20041.xmv	Comity - Comity conversation (Sc010 establish fH)	A sequence of conversations in and around Comity.	
xv/20043.xmv	Comity - Comity conversation (Sc010 establish fJ)	A sequence of conversations in and around Comity.	
xv/20045.xmv	Comity - Comity conversation (Sc010 establish fK)	A sequence of conversations in and around Comity.	
xv/20047.xmv	Comity - Comity conversation (Sc010 establish fL)	A sequence of conversations in and around Comity.	
xv/20049.xmv	Comity - Comity conversation (Sc010 establish fN)	A sequence of conversations in and around Comity.	
xv/20053.xmv	Comity - Comity conversation (Sc010 establish fQ)	A sequence of conversations in and around Comity.	
xv/20055.xmv	Comity - Comity conversation (Sc010 establish fS)	A sequence of conversations in and around Comity.	
xv/20057.xmv	Comity - Comity conversation (Sc010 establish fU)	A sequence of conversations in and around Comity.	
xv/20059.xmv	Comity - Comity conversation (Sc010 establish fV)	A sequence of conversations in and around Comity.	
xv/20061.xmv	Comity - Comity conversation (Sc010 establish fX)	A sequence of conversations in and around Comity.	
xv/20063.xmv	Comity - Comity conversation (Sc010 establish fY)	A sequence of conversations in and around Comity.	
xv/20065.xmv	Comity - Comity conversation (Sc010 establish fZ)	A sequence of conversations in and around Comity.	
xv/20067.xmv	Comity - Comity conversation (Sc010 establish fAA)	A sequence of conversations in and around Comity.	
xv/20069.xmv	Comity - Comity conversation (Sc010 establish fAB)	A sequence of conversations in and around Comity.	
xv/20071.xmv	Comity - Comity conversation (Sc010 establish fAD)	A sequence of conversations in and around Comity.	
xv/20075.xmv	Comity - Comity conversation (Sc010 establish fAG)	A sequence of conversations in and around Comity.	
xv/20077.xmv	Comity - Comity conversation (Sc010 establish fAH)	A sequence of conversations in and around Comity.	
xv/20083.xmv	Crime lab - lab conversation (sc036B)	A technician and agent speak in the crime lab.	
xv/20085.xmv	Crime lab - lab conversation (sc036C)	A technician and agent speak in the crime lab.	
xv/20087.xmv	Crime lab - lab conversation (sc036D)	A technician and agent speak in the crime lab.	
xv/20089.xmv	Crime lab - lab conversation (sc036E)	A technician and agent speak in the crime lab.	
xv/20091.xmv	Crime lab - lab conversation (sc036F)	A technician and agent speak in the crime lab.	
xv/20093.xmv	Crime lab - lab conversation (sc036G)	A technician and agent speak in the crime lab.	
xv/20095.xmv	Crime lab - lab conversation (sc036H)	A technician and agent speak in the crime lab.	
xv/20097.xmv	Crime lab - lab conversation (sc036I)	A technician and agent speak in the crime lab.	
xv/20099.xmv	Crime lab - lab conversation (sc036J)	A technician and agent speak in the crime lab.	
xv/20101.xmv	Crime lab - lab conversation (sc036K)	A technician and agent speak in the crime lab.	
xv/20105.xmv	FBI field office - office investigation (Sc31A)	Agents confer in several rooms of the field office.	
xv/20107.xmv	FBI field office - office investigation (Sc31B)	Agents confer in several rooms of the field office.	
xv/20109.xmv	FBI field office - office investigation (Sc31C)	Agents confer in several rooms of the field office.	
xv/20111.xmv	FBI field office - office investigation (Sc31E)	Agents confer in several rooms of the field office.	
xv/20113.xmv	FBI field office - office investigation (Sc31G)	Agents confer in several rooms of the field office.	
xv/20125.xmv	FBI field office - office investigation (Sc31N)	Agents confer in several rooms of the field office.	
xv/20127.xmv	FBI field office - office investigation (Sc31O)	Agents confer in several rooms of the field office.	
xv/20129.xmv	FBI field office - office investigation (Sc31P)	Agents confer in several rooms of the field office.	
xv/20131.xmv	FBI field office - office investigation (sc025A)	Agents confer in several rooms of the field office.	
xv/20133.xmv	FBI field office - office investigation (sc025AA)	Agents confer in several rooms of the field office.	
xv/20135.xmv	FBI field office - office investigation (sc025AB)	Agents confer in several rooms of the field office.	
xv/20137.xmv	FBI field office - office investigation (sc025B)	Agents confer in several rooms of the field office.	
xv/20139.xmv	FBI field office - office investigation (sc025C)	Agents confer in several rooms of the field office.	
xv/20141.xmv	FBI field office - office investigation (sc025D)	Agents confer in several rooms of the field office.	
xv/20143.xmv	FBI field office - office investigation (sc025E)	Agents confer in several rooms of the field office.	
xv/20145.xmv	FBI field office - office investigation (sc025F)	Agents confer in several rooms of the field office.	
xv/20147.xmv	FBI field office - office investigation (sc025G)	Agents confer in several rooms of the field office.	
xv/20149.xmv	FBI field office - office investigation (sc025H)	Agents confer in several rooms of the field office.	
xv/20153.xmv	FBI field office - office investigation (sc025J)	Agents confer in several rooms of the field office.	
xv/20155.xmv	FBI field office - office investigation (sc025K)	Agents confer in several rooms of the field office.	
xv/20157.xmv	FBI field office - office investigation (sc025L)	Agents confer in several rooms of the field office.	
xv/20159.xmv	FBI field office - office investigation (sc025M)	Agents confer in several rooms of the field office.	
xv/20161.xmv	FBI field office - office investigation (sc025N)	Agents confer in several rooms of the field office.	
xv/20163.xmv	FBI field office - office investigation (sc025O)	Agents confer in several rooms of the field office.	
xv/20165.xmv	FBI field office - office investigation (sc025P)	Agents confer in several rooms of the field office.	
xv/20167.xmv	FBI field office - office investigation (sc025Q)	Agents confer in several rooms of the field office.	
xv/20169.xmv	FBI field office - office investigation (sc025R)	Agents confer in several rooms of the field office.	
xv/20171.xmv	FBI field office - office investigation (sc025S)	Agents confer in several rooms of the field office.	
xv/20173.xmv	FBI field office - office investigation (sc025T)	Agents confer in several rooms of the field office.	
xv/20175.xmv	FBI field office - office investigation (sc025U)	Agents confer in several rooms of the field office.	
xv/20177.xmv	FBI field office - office investigation (sc025V)	Agents confer in several rooms of the field office.	
xv/20179.xmv	FBI field office - office investigation (sc025W)	Agents confer in several rooms of the field office.	
xv/20181.xmv	FBI field office - office investigation (sc025X)	Agents confer in several rooms of the field office.	
xv/20183.xmv	FBI field office - office investigation (sc025Y)	Agents confer in several rooms of the field office.	
xv/20185.xmv	FBI field office - office investigation (sc025Z)	Agents confer in several rooms of the field office.	
xv/20187.xmv	FBI field office - office investigation (SC27&28FA)	Agents confer in several rooms of the field office.	
xv/20189.xmv	FBI field office - office investigation (SC27&28FAA)	Agents confer in several rooms of the field office.	
xv/20191.xmv	FBI field office - office investigation (SC27&28FAB)	Agents confer in several rooms of the field office.	
xv/20193.xmv	FBI field office - office investigation (SC27&28FAC)	Agents confer in several rooms of the field office.	
xv/20195.xmv	FBI field office - office investigation (SC27&28FAD)	Agents confer in several rooms of the field office.	
xv/20197.xmv	FBI field office - office investigation (SC27&28FAE)	Agents confer in several rooms of the field office.	
xv/20199.xmv	FBI field office - office investigation (SC27&28FAF)	Agents confer in several rooms of the field office.	
xv/20201.xmv	FBI field office - office investigation (SC27&28FAG)	Agents confer in several rooms of the field office.	
xv/20205.xmv	FBI field office - office investigation (SC27&28FAI)	Agents confer in several rooms of the field office.	
xv/20207.xmv	Handheld device close-up - 20207	A hand operates a small electronic device.	
xv/20211.xmv	FBI field office - office investigation (SC27&28FC)	Agents confer in several rooms of the field office.	
xv/20215.xmv	FBI field office - office investigation (SC27&28FE)	Agents confer in several rooms of the field office.	
xv/20217.xmv	FBI field office - office investigation (SC27&28FF)	Agents confer in several rooms of the field office.	
xv/20221.xmv	FBI field office - office investigation (SC27&28FH)	Agents confer in several rooms of the field office.	
xv/20225.xmv	FBI field office - office investigation (SC27&28FJ)	Agents confer in several rooms of the field office.	
xv/20227.xmv	FBI field office - office investigation (SC27&28FK)	Agents confer in several rooms of the field office.	
xv/20229.xmv	FBI field office - office investigation (SC27&28FL)	Agents confer in several rooms of the field office.	
xv/20231.xmv	FBI field office - office investigation (SC27&28FM)	Agents confer in several rooms of the field office.	
xv/20233.xmv	FBI field office - office investigation (SC27&28FN)	Agents confer in several rooms of the field office.	
xv/20237.xmv	FBI field office - office investigation (SC27&28FP)	Agents confer in several rooms of the field office.	
xv/20241.xmv	FBI field office - office investigation (SC27&28FR)	Agents confer in several rooms of the field office.	
xv/20243.xmv	FBI field office - office investigation (SC27&28FS)	Agents confer in several rooms of the field office.	
xv/20245.xmv	FBI field office - office investigation (SC27&28FT)	Agents confer in several rooms of the field office.	
xv/20247.xmv	FBI field office - office investigation (SC27&28FU)	Agents confer in several rooms of the field office.	
xv/20253.xmv	FBI field office - office investigation (SC27&28FX)	Agents confer in several rooms of the field office.	
xv/20255.xmv	FBI field office - office investigation (SC27&28FY)	Agents confer in several rooms of the field office.	
xv/20257.xmv	FBI field office - office investigation (SC27&28FZ)	Agents confer in several rooms of the field office.	
xv/20259.xmv	FBI field office - office investigation (sc33_8_miscA)	Agents confer in several rooms of the field office.	
xv/20263.xmv	FBI field office - office investigation (sc33_8_miscC)	Agents confer in several rooms of the field office.	
xv/20265.xmv	FBI field office - office investigation (sc33_8_miscD)	Agents confer in several rooms of the field office.	
xv/20269.xmv	FBI field office - office investigation (sc33_8_miscF)	Agents confer in several rooms of the field office.	
xv/20271.xmv	FBI field office - office investigation (sc33_8_miscG)	Agents confer in several rooms of the field office.	
xv/20273.xmv	FBI field office - office investigation (sc026&035A)	Agents confer in several rooms of the field office.	
xv/20277.xmv	FBI field office - office investigation (sc032fAB)	Agents confer in several rooms of the field office.	
xv/20279.xmv	FBI field office - office investigation (sc032fAD)	Agents confer in several rooms of the field office.	
xv/20281.xmv	FBI field office - office investigation (sc032fAE)	Agents confer in several rooms of the field office.	
xv/20283.xmv	FBI field office - office investigation (sc032fAF)	Agents confer in several rooms of the field office.	
xv/20287.xmv	FBI field office - office investigation (sc032fAH)	Agents confer in several rooms of the field office.	
xv/20289.xmv	FBI field office - office investigation (sc032fAI)	Agents confer in several rooms of the field office.	
xv/20293.xmv	FBI field office - office investigation (sc032fAK)	Agents confer in several rooms of the field office.	
xv/20297.xmv	FBI field office - office investigation (sc032fAM)	Agents confer in several rooms of the field office.	
xv/20299.xmv	FBI field office - office investigation (sc032fAN)	Agents confer in several rooms of the field office.	
xv/20301.xmv	FBI field office - office investigation (sc032fB)	Agents confer in several rooms of the field office.	
xv/20303.xmv	FBI field office - office investigation (sc032fC)	Agents confer in several rooms of the field office.	
xv/20305.xmv	FBI field office - office investigation (sc032fD)	Agents confer in several rooms of the field office.	
xv/20307.xmv	FBI field office - office investigation (sc032fE)	Agents confer in several rooms of the field office.	
xv/20309.xmv	FBI field office - office investigation (sc032fF)	Agents confer in several rooms of the field office.	
xv/20311.xmv	FBI field office - office investigation (sc032fG)	Agents confer in several rooms of the field office.	
xv/20313.xmv	FBI field office - office investigation (sc032fH)	Agents confer in several rooms of the field office.	
xv/20315.xmv	FBI field office - office investigation (sc032fI)	Agents confer in several rooms of the field office.	
xv/20317.xmv	FBI field office - office investigation (sc032fJ)	Agents confer in several rooms of the field office.	
xv/20319.xmv	FBI field office - office investigation (sc032fK)	Agents confer in several rooms of the field office.	
xv/20321.xmv	FBI field office - office investigation (sc032fM)	Agents confer in several rooms of the field office.	
xv/20323.xmv	FBI field office - office investigation (sc032fN)	Agents confer in several rooms of the field office.	
xv/20325.xmv	FBI field office - office investigation (sc032fO)	Agents confer in several rooms of the field office.	
xv/20327.xmv	FBI field office - office investigation (sc032fP)	Agents confer in several rooms of the field office.	
xv/20329.xmv	FBI field office - office investigation (sc032fQ)	Agents confer in several rooms of the field office.	
xv/20331.xmv	FBI field office - office investigation (sc032fR)	Agents confer in several rooms of the field office.	
xv/20333.xmv	FBI field office - office investigation (sc032fS)	Agents confer in several rooms of the field office.	
xv/20335.xmv	FBI field office - office investigation (sc032fT)	Agents confer in several rooms of the field office.	
xv/20337.xmv	FBI field office - office investigation (sc032fU)	Agents confer in several rooms of the field office.	
xv/20339.xmv	FBI field office - office investigation (sc032fV)	Agents confer in several rooms of the field office.	
xv/20341.xmv	FBI field office - office investigation (sc032fW)	Agents confer in several rooms of the field office.	
xv/20343.xmv	FBI field office - office investigation (sc032fX)	Agents confer in several rooms of the field office.	
xv/20345.xmv	FBI field office - office investigation (sc032fY)	Agents confer in several rooms of the field office.	
xv/20347.xmv	FBI field office - office investigation (sc032fZ)	Agents confer in several rooms of the field office.	
xv/20349.xmv	FBI field office - office investigation (sc032fAA)	Agents confer in several rooms of the field office.	
xv/20351.xmv	Warehouse - warehouse inquiry (sc017_18G)	Agents investigate and speak around the warehouse.	
xv/20353.xmv	Warehouse - warehouse inquiry (sc017_18H)	Agents investigate and speak around the warehouse.	
xv/20355.xmv	Warehouse - warehouse inquiry (sc017_18J)	Agents investigate and speak around the warehouse.	
xv/20357.xmv	Warehouse - warehouse inquiry (sc017_18K)	Agents investigate and speak around the warehouse.	
xv/20359.xmv	Warehouse - warehouse inquiry (sc017_18L)	Agents investigate and speak around the warehouse.	
xv/20361.xmv	Warehouse - warehouse inquiry (sc017_18N)	Agents investigate and speak around the warehouse.	
xv/20365.xmv	Warehouse - warehouse inquiry (Sc20fA)	Agents investigate and speak around the warehouse.	
xv/20367.xmv	Warehouse - warehouse inquiry (Sc20fB)	Agents investigate and speak around the warehouse.	
xv/20369.xmv	Warehouse - warehouse inquiry (Sc20fC)	Agents investigate and speak around the warehouse.	
xv/20371.xmv	Warehouse - warehouse inquiry (Sc20fD)	Agents investigate and speak around the warehouse.	
xv/20373.xmv	Warehouse - warehouse inquiry (Sc20fE)	Agents investigate and speak around the warehouse.	
xv/20375.xmv	Warehouse - warehouse inquiry (Sc20fF)	Agents investigate and speak around the warehouse.	
xv/20377.xmv	Warehouse - warehouse inquiry (Sc20fG)	Agents investigate and speak around the warehouse.	
xv/20379.xmv	Warehouse - warehouse inquiry (Sc20fH)	Agents investigate and speak around the warehouse.	
xv/20383.xmv	Warehouse - warehouse inquiry (Sc20fb2A)	Agents investigate and speak around the warehouse.	
xv/20385.xmv	Warehouse - warehouse inquiry (Sc20fb1A)	Agents investigate and speak around the warehouse.	
xv/20387.xmv	Warehouse - warehouse inquiry (sc017_18A)	Agents investigate and speak around the warehouse.	
xv/20389.xmv	Warehouse - warehouse inquiry (sc017_18B)	Agents investigate and speak around the warehouse.	
xv/20391.xmv	Warehouse - warehouse inquiry (sc017_18C)	Agents investigate and speak around the warehouse.	
xv/20393.xmv	Warehouse - warehouse inquiry (sc017_18E)	Agents investigate and speak around the warehouse.	
xv/20395.xmv	Warehouse - warehouse inquiry (Sc22A)	Agents investigate and speak around the warehouse.	
xv/20397.xmv	Warehouse - warehouse inquiry (Sc21fA)	Agents investigate and speak around the warehouse.	
xv/20399.xmv	Warehouse - warehouse inquiry (Sc21fC)	Agents investigate and speak around the warehouse.	
xv/20401.xmv	Warehouse - warehouse inquiry (Sc21fE)	Agents investigate and speak around the warehouse.	
xv/20403.xmv	Warehouse - warehouse inquiry (Sc21fG)	Agents investigate and speak around the warehouse.	
xv/20405.xmv	Warehouse - warehouse inquiry (Sc21fI)	Agents investigate and speak around the warehouse.	
xv/20407.xmv	Warehouse - warehouse inquiry (Sc21fK)	Agents investigate and speak around the warehouse.	
xv/20409.xmv	Man in dark room - 20409	A man with glasses speaks in a dim interior.	
xv/20411.xmv	Man in dark room - 20411	A man with glasses speaks in a dim interior.	
xv/20415.xmv	Warehouse - warehouse inquiry (Sc21fP)	Agents investigate and speak around the warehouse.	
xv/20417.xmv	Warehouse - warehouse inquiry (Sc21fQ)	Agents investigate and speak around the warehouse.	
xv/20419.xmv	Warehouse - warehouse inquiry (Sc21fR)	Agents investigate and speak around the warehouse.	
xv/20421.xmv	Warehouse - warehouse inquiry (Sc21fS)	Agents investigate and speak around the warehouse.	
xv/20423.xmv	Warehouse - warehouse inquiry (Sc21fT)	Agents investigate and speak around the warehouse.	
xv/20425.xmv	Warehouse - warehouse inquiry (Sc21fU)	Agents investigate and speak around the warehouse.	
xv/20427.xmv	Warehouse - warehouse inquiry (Sc21fV)	Agents investigate and speak around the warehouse.	
xv/20429.xmv	Warehouse - warehouse inquiry (Sc21fW)	Agents investigate and speak around the warehouse.	
xv/20431.xmv	Warehouse - warehouse inquiry (Sc21fY)	Agents investigate and speak around the warehouse.	
xv/20433.xmv	Warehouse - warehouse inquiry (Sc21fZ)	Agents investigate and speak around the warehouse.	
xv/20435.xmv	Warehouse - warehouse inquiry (Sc21fAA)	Agents investigate and speak around the warehouse.	
xv/20437.xmv	Warehouse - warehouse inquiry (sc017_18Z)	Agents investigate and speak around the warehouse.	
xv/20439.xmv	Warehouse - warehouse inquiry (sc017_18AA)	Agents investigate and speak around the warehouse.	
xv/20441.xmv	Warehouse - warehouse inquiry (sc017_18AB)	Agents investigate and speak around the warehouse.	
xv/20443.xmv	Warehouse - warehouse inquiry (sc017_18P)	Agents investigate and speak around the warehouse.	
xv/20445.xmv	Warehouse - warehouse inquiry (sc017_18Q)	Agents investigate and speak around the warehouse.	
xv/20447.xmv	Warehouse - warehouse inquiry (sc017_18R)	Agents investigate and speak around the warehouse.	
xv/20449.xmv	Warehouse - warehouse inquiry (sc017_18S)	Agents investigate and speak around the warehouse.	
xv/20451.xmv	Warehouse - warehouse inquiry (sc017_18T)	Agents investigate and speak around the warehouse.	
xv/20453.xmv	Warehouse - warehouse inquiry (sc017_18U)	Agents investigate and speak around the warehouse.	
xv/20455.xmv	Warehouse - warehouse inquiry (sc017_18V)	Agents investigate and speak around the warehouse.	
xv/20459.xmv	Warehouse - warehouse inquiry (sc017_18X)	Agents investigate and speak around the warehouse.	
xv/20461.xmv	Warehouse - Sc21fbA	A filmed sequence at Warehouse.	
xv/20463.xmv	Wong dock - dockside conversation (Sc24fA)	People speak beside the waterfront warehouse.	
xv/20465.xmv	Wong dock - dockside conversation (Sc24fB)	People speak beside the waterfront warehouse.	
xv/20467.xmv	Wong dock - dockside conversation (Sc24fC)	People speak beside the waterfront warehouse.	
xv/20471.xmv	Dockside conversation - 20471	Two men speak by the waterfront warehouse.	
xv/20473.xmv	Dockside conversation - 20473	Two men speak by the waterfront warehouse.	
xv/20475.xmv	Dockside conversation - 20475	Two men speak by the waterfront warehouse.	
xv/20477.xmv	Wong dock - dockside conversation (Sc24fH)	People speak beside the waterfront warehouse.	
xv/20481.xmv	Dockside conversation - 20481	Two men speak by the waterfront warehouse.	
xv/20483.xmv	Dockside conversation - 20483	Two men speak by the waterfront warehouse.	
xv/20485.xmv	Dockside conversation - 20485	Two men speak by the waterfront warehouse.	
xv/20487.xmv	Dockside conversation - 20487	Two men speak by the waterfront warehouse.	
xv/20489.xmv	Dockside conversation - 20489	Two men speak by the waterfront warehouse.	
xv/20491.xmv	Wong dock - dockside conversation (Sc24fO)	People speak beside the waterfront warehouse.	
xv/20493.xmv	Wong dock - dockside conversation (Sc24fP)	People speak beside the waterfront warehouse.	
xv/20495.xmv	Wong dock - dockside conversation (Sc24fQ)	People speak beside the waterfront warehouse.	
xv/20497.xmv	Wong dock - dockside conversation (Sc24fR)	People speak beside the waterfront warehouse.	
xv/20499.xmv	Wong dock - dockside conversation (Sc24fS)	People speak beside the waterfront warehouse.	
xv/20501.xmv	Wong dock - dockside conversation (Sc24fT)	People speak beside the waterfront warehouse.	
xv/20503.xmv	Wong dock - dockside conversation (Sc24fU)	People speak beside the waterfront warehouse.	
xv/20505.xmv	Wong dock - dockside conversation (Sc24fV)	People speak beside the waterfront warehouse.	
xv/20507.xmv	Wong dock - dockside conversation (Sc24fW)	People speak beside the waterfront warehouse.	
xv/20509.xmv	Wong dock - dockside conversation (Sc24fX)	People speak beside the waterfront warehouse.	
xv/20513.xmv	Coroner's office - examination-room conversation (sc062part1A)	An agent speaks with the coroner in an examination room.	
xv/20517.xmv	Coroner's office - examination-room conversation (sc062part1C)	An agent speaks with the coroner in an examination room.	
xv/20525.xmv	Coroner's office - examination-room conversation (sc062part1D)	An agent speaks with the coroner in an examination room.	
xv/20527.xmv	Coroner's office - examination-room conversation (sc062part1E)	An agent speaks with the coroner in an examination room.	
xv/20529.xmv	Coroner's office - examination-room conversation (sc062part1F)	An agent speaks with the coroner in an examination room.	
xv/20531.xmv	Coroner's office - examination-room conversation (sc062part1G)	An agent speaks with the coroner in an examination room.	
xv/20533.xmv	Coroner's office - examination-room conversation (sc062part1H)	An agent speaks with the coroner in an examination room.	
xv/20535.xmv	Coroner's office - examination-room conversation (sc062part1I)	An agent speaks with the coroner in an examination room.	
xv/20537.xmv	Coroner's office - examination-room conversation (sc062part1J)	An agent speaks with the coroner in an examination room.	
xv/20547.xmv	Coroner's office - examination-room conversation (sc061A)	An agent speaks with the coroner in an examination room.	
xv/20549.xmv	Crime lab - lab conversation (Sc063A)	An agent speaks with a technician in the lab.	
xv/20551.xmv	Crime lab - lab conversation (Sc063B)	An agent speaks with a technician in the lab.	
xv/20553.xmv	Crime lab - lab conversation (Sc063C)	An agent speaks with a technician in the lab.	
xv/20555.xmv	Crime lab - lab conversation (Sc063D)	An agent speaks with a technician in the lab.	
xv/20557.xmv	Crime lab - lab conversation (Sc063E)	An agent speaks with a technician in the lab.	
xv/20559.xmv	Crime lab - lab conversation (Sc063F)	An agent speaks with a technician in the lab.	
xv/20561.xmv	Crime lab - lab conversation (Sc063G)	An agent speaks with a technician in the lab.	
xv/20563.xmv	Crime lab - lab conversation (Sc063H)	An agent speaks with a technician in the lab.	
xv/20565.xmv	Crime lab - lab conversation (Sc063I)	An agent speaks with a technician in the lab.	
xv/20567.xmv	Crime lab - lab conversation (Sc063J)	An agent speaks with a technician in the lab.	
xv/20569.xmv	Crime lab - lab conversation (Sc063K)	An agent speaks with a technician in the lab.	
xv/20571.xmv	Crime lab - lab conversation (Sc063L)	An agent speaks with a technician in the lab.	
xv/20573.xmv	Crime lab - lab conversation (Sc063M)	An agent speaks with a technician in the lab.	
xv/20575.xmv	Crime lab - lab conversation (Sc063N)	An agent speaks with a technician in the lab.	
xv/20577.xmv	FBI field office - office conversation (Sc42part1A)	Agents discuss the case inside the field office.	
xv/20581.xmv	Tarakan - sc057A	A filmed sequence at Tarakan.	
xv/20585.xmv	FBI field office - office conversation (sc043B)	Agents discuss the case inside the field office.	
xv/20587.xmv	FBI field office - office conversation (sc043C)	Agents discuss the case inside the field office.	
xv/20589.xmv	FBI field office - office conversation (sc043D)	Agents discuss the case inside the field office.	
xv/20591.xmv	FBI field office - office conversation (Sc044A)	Agents discuss the case inside the field office.	
xv/20593.xmv	FBI field office - office conversation (Sc044B)	Agents discuss the case inside the field office.	
xv/20595.xmv	FBI field office - office conversation (Sc044C)	Agents discuss the case inside the field office.	
xv/20599.xmv	FBI field office - office conversation (Sc044E)	Agents discuss the case inside the field office.	
xv/20607.xmv	FBI field office - office conversation (sc047D)	Agents discuss the case inside the field office.	
xv/20609.xmv	FBI field office - office conversation (sc047E)	Agents discuss the case inside the field office.	
xv/20611.xmv	FBI field office - office conversation (sc047F)	Agents discuss the case inside the field office.	
xv/20613.xmv	FBI field office - office conversation (sc047G)	Agents discuss the case inside the field office.	
xv/20615.xmv	FBI field office - office conversation (sc047H)	Agents discuss the case inside the field office.	
xv/20617.xmv	FBI field office - office conversation (sc047I)	Agents discuss the case inside the field office.	
xv/20619.xmv	FBI field office - office conversation (Sc42part2A)	Agents discuss the case inside the field office.	
xv/20621.xmv	FBI field office - office conversation (Sc42part2B)	Agents discuss the case inside the field office.	
xv/20623.xmv	FBI field office - office conversation (Sc42part2C)	Agents discuss the case inside the field office.	
xv/20625.xmv	FBI field office - office conversation (Sc42part2D)	Agents discuss the case inside the field office.	
xv/20627.xmv	FBI field office - office conversation (Sc42part2E)	Agents discuss the case inside the field office.	
xv/20629.xmv	FBI field office - office conversation (Sc42part2F)	Agents discuss the case inside the field office.	
xv/20631.xmv	FBI field office - office conversation (Sc42part2G)	Agents discuss the case inside the field office.	
xv/20633.xmv	FBI field office - office conversation (Sc42part2H)	Agents discuss the case inside the field office.	
xv/20635.xmv	FBI field office - office conversation (Sc42part2I)	Agents discuss the case inside the field office.	
xv/20637.xmv	FBI field office - office conversation (Sc42part2J)	Agents discuss the case inside the field office.	
xv/20639.xmv	FBI field office - office conversation (Sc42part2K)	Agents discuss the case inside the field office.	
xv/20641.xmv	FBI field office - office conversation (Sc42part2L)	Agents discuss the case inside the field office.	
xv/20643.xmv	FBI field office - office conversation (Sc42part2M)	Agents discuss the case inside the field office.	
xv/20645.xmv	FBI field office - office conversation (Sc42part2N)	Agents discuss the case inside the field office.	
xv/20647.xmv	FBI field office - office conversation (Sc42part2O)	Agents discuss the case inside the field office.	
xv/20649.xmv	FBI field office - office conversation (Sc42part2P)	Agents discuss the case inside the field office.	
xv/20651.xmv	FBI field office - office conversation (Sc42part2Q)	Agents discuss the case inside the field office.	
xv/20653.xmv	FBI field office - office conversation (Sc42part2R)	Agents discuss the case inside the field office.	
xv/20655.xmv	FBI field office - office conversation (Sc42part2S)	Agents discuss the case inside the field office.	
xv/20657.xmv	FBI field office - office conversation (Sc42part2T)	Agents discuss the case inside the field office.	
xv/20659.xmv	FBI field office - office conversation (Sc42part2U)	Agents discuss the case inside the field office.	
xv/20663.xmv	Tarakan - boat conversation (TarakanInt2A)	People speak aboard the Tarakan vessel.	
xv/20665.xmv	Tarakan - boat conversation (TarakanInt2B)	People speak aboard the Tarakan vessel.	
xv/20667.xmv	Tarakan - boat conversation (TarakanInt2C)	People speak aboard the Tarakan vessel.	
xv/20669.xmv	Tarakan - boat conversation (TarakanInt2D)	People speak aboard the Tarakan vessel.	
xv/20673.xmv	Tarakan - boat conversation (TarakanInt2F)	People speak aboard the Tarakan vessel.	
xv/20675.xmv	Tarakan - boat conversation (TarakanInt2G)	People speak aboard the Tarakan vessel.	
xv/20677.xmv	Tarakan - boat conversation (TarakanInt2H)	People speak aboard the Tarakan vessel.	
xv/20679.xmv	Tarakan - boat conversation (TarakanInt2I)	People speak aboard the Tarakan vessel.	
xv/20681.xmv	Tarakan - boat conversation (TarakanInt2L)	People speak aboard the Tarakan vessel.	
xv/20683.xmv	Tarakan - boat conversation (TarakanInt2M)	People speak aboard the Tarakan vessel.	
xv/20685.xmv	Tarakan - boat conversation (TarakanInt2N)	People speak aboard the Tarakan vessel.	
xv/20687.xmv	Tarakan - boat conversation (TarakanInt2O)	People speak aboard the Tarakan vessel.	
xv/20689.xmv	Tarakan - boat conversation (TarakanInt2P)	People speak aboard the Tarakan vessel.	
xv/20691.xmv	Tarakan - boat conversation (TarakanInt2Q)	People speak aboard the Tarakan vessel.	
xv/20693.xmv	Tarakan - boat conversation (TarakanInt2T)	People speak aboard the Tarakan vessel.	
xv/20695.xmv	Tarakan - boat conversation (taraExt1A)	People speak aboard the Tarakan vessel.	
xv/20697.xmv	Tarakan - boat conversation (TarakanInt1A)	People speak aboard the Tarakan vessel.	
xv/20699.xmv	Tarakan - boat conversation (TarakanInt1B)	People speak aboard the Tarakan vessel.	
xv/20701.xmv	Tarakan - boat conversation (TarakanInt1C)	People speak aboard the Tarakan vessel.	
xv/20703.xmv	Tarakan - boat conversation (TarakanInt1F)	People speak aboard the Tarakan vessel.	
xv/20705.xmv	Tarakan - boat conversation (TarakanInt1H)	People speak aboard the Tarakan vessel.	
xv/20707.xmv	Tarakan - boat conversation (TarakanInt1I)	People speak aboard the Tarakan vessel.	
xv/20709.xmv	Tarakan - boat conversation (TarakanInt1J)	People speak aboard the Tarakan vessel.	
xv/20714.xmv	Wong dock - waterfront inquiry (Sc51A)	Agents question people and inspect the waterfront.	
xv/20722.xmv	Wong dock - waterfront inquiry (Sc48 ArleyAtomsA)	Agents question people and inspect the waterfront.	
xv/20724.xmv	Wong dock - waterfront inquiry (Sc48 ArleyAtomsB)	Agents question people and inspect the waterfront.	
xv/20726.xmv	Wong dock - waterfront inquiry (Sc48 ArleyAtomsC)	Agents question people and inspect the waterfront.	
xv/20728.xmv	Wong dock - waterfront inquiry (Sc48 ArleyAtomsD)	Agents question people and inspect the waterfront.	
xv/20730.xmv	Wong dock - waterfront inquiry (Sc48 ArleyAtomsE)	Agents question people and inspect the waterfront.	
xv/20732.xmv	Wong dock - waterfront inquiry (Sc48 ArleyAtomsF)	Agents question people and inspect the waterfront.	
xv/20734.xmv	Wong dock - waterfront inquiry (Sc48 ArleyAtomsG)	Agents question people and inspect the waterfront.	
xv/20738.xmv	Wong dock - waterfront inquiry (Sc48 ArleyAtomsI)	Agents question people and inspect the waterfront.	
xv/20744.xmv	Wong dock - waterfront inquiry (sc48 ASTA1B)	Agents question people and inspect the waterfront.	
xv/20750.xmv	Wong dock - waterfront inquiry (Sc48 AstaAtomsB)	Agents question people and inspect the waterfront.	
xv/20752.xmv	Wong dock - waterfront inquiry (Sc48 AstaAtomsC)	Agents question people and inspect the waterfront.	
xv/20754.xmv	Wong dock - waterfront inquiry (Sc48 AstaAtomsD)	Agents question people and inspect the waterfront.	
xv/20756.xmv	Wong dock - waterfront inquiry (Sc48 AstaAtomsE)	Agents question people and inspect the waterfront.	
xv/20758.xmv	Wong dock - waterfront inquiry (Sc48 AstaAtomsF)	Agents question people and inspect the waterfront.	
xv/20760.xmv	Wong dock - waterfront inquiry (Sc48 AstaAtomsG)	Agents question people and inspect the waterfront.	
xv/20762.xmv	Wong dock - waterfront inquiry (Sc48 AstaAtomsH)	Agents question people and inspect the waterfront.	
xv/20764.xmv	Wong dock - waterfront inquiry (Sc48 AstaAtomsI)	Agents question people and inspect the waterfront.	
xv/20766.xmv	Wong dock - waterfront inquiry (Sc48 AstaAtomsJ)	Agents question people and inspect the waterfront.	
xv/20768.xmv	Wong dock - waterfront inquiry (sc51_master returnedA)	Agents question people and inspect the waterfront.	
xv/20772.xmv	Wong dock - waterfront inquiry (sc48 A&W part 1B)	Agents question people and inspect the waterfront.	
xv/20774.xmv	Wong dock - waterfront inquiry (sc48 A&W part 1D)	Agents question people and inspect the waterfront.	
xv/20776.xmv	Wong dock - waterfront inquiry (sc48 A&W part 1E)	Agents question people and inspect the waterfront.	
xv/20778.xmv	Wong dock - waterfront inquiry (sc48 A&W part 1F)	Agents question people and inspect the waterfront.	
xv/20780.xmv	Wong dock - waterfront inquiry (sc48 A&W part 1G)	Agents question people and inspect the waterfront.	
xv/20782.xmv	Wong dock - waterfront inquiry (Sc48 A&W part 2A)	Agents question people and inspect the waterfront.	
xv/20784.xmv	Wong dock - waterfront inquiry (Sc48 A&W part 2B)	Agents question people and inspect the waterfront.	
xv/20786.xmv	Wong dock - waterfront inquiry (Sc48 A&W part 2C)	Agents question people and inspect the waterfront.	
xv/20788.xmv	Wong dock - waterfront inquiry (Sc48 A&W part 2D)	Agents question people and inspect the waterfront.	
xv/20790.xmv	Wong dock - waterfront inquiry (Sc48 A&W part 2E)	Agents question people and inspect the waterfront.	
xv/20792.xmv	Wong dock - waterfront inquiry (Sc48 A&W part 2F)	Agents question people and inspect the waterfront.	
xv/20794.xmv	Wong dock - waterfront inquiry (Sc48 A&W part 2G)	Agents question people and inspect the waterfront.	
xv/20796.xmv	Wong dock - waterfront inquiry (Sc48 A&W part 2H)	Agents question people and inspect the waterfront.	
xv/20798.xmv	Wong dock - waterfront inquiry (Sc48 A&W part 2I)	Agents question people and inspect the waterfront.	
xv/20800.xmv	Wong dock - waterfront inquiry (Sc48 A&W part 2J)	Agents question people and inspect the waterfront.	
xv/20802.xmv	Wong dock - waterfront inquiry (Sc48 A&W part 2K)	Agents question people and inspect the waterfront.	
xv/20804.xmv	Wong dock - waterfront inquiry (Sc48 A&W part 2L)	Agents question people and inspect the waterfront.	
xv/20806.xmv	Wong dock - waterfront inquiry (Sc48 A&W part 2M)	Agents question people and inspect the waterfront.	
xv/20808.xmv	Wong dock - waterfront inquiry (Sc48 A&W part 2N)	Agents question people and inspect the waterfront.	
xv/20810.xmv	Wong dock - waterfront inquiry (Sc48 A&W part 2O)	Agents question people and inspect the waterfront.	
xv/20812.xmv	Wong dock - waterfront inquiry (Sc48 A&W part 2P)	Agents question people and inspect the waterfront.	
xv/20816.xmv	Wong dock - waterfront inquiry (Sc48 A&W part 2R)	Agents question people and inspect the waterfront.	
xv/20820.xmv	Wong dock - waterfront inquiry (Sc48 ArleyA)	Agents question people and inspect the waterfront.	
xv/20822.xmv	Wong dock - waterfront inquiry (Sc48 ArleyB)	Agents question people and inspect the waterfront.	
xv/20824.xmv	Wong dock - waterfront inquiry (Sc48 ArleyD)	Agents question people and inspect the waterfront.	
xv/20826.xmv	Wong dock - waterfront inquiry (Sc48 ArleyF)	Agents question people and inspect the waterfront.	
xv/20828.xmv	Wong dock - waterfront inquiry (Sc48 ArleyH)	Agents question people and inspect the waterfront.	
xv/20832.xmv	Wong dock - waterfront inquiry (Sc48 ArleyJ)	Agents question people and inspect the waterfront.	
xv/20834.xmv	Wong dock - waterfront inquiry (Sc48 ArleyL)	Agents question people and inspect the waterfront.	
xv/20836.xmv	Wong dock - waterfront inquiry (Sc48 A&W part 4A)	Agents question people and inspect the waterfront.	
xv/20838.xmv	Wong dock - waterfront inquiry (Sc48 A&W part 4B)	Agents question people and inspect the waterfront.	
xv/20840.xmv	Wong dock - waterfront inquiry (Sc48 A&W part 4C)	Agents question people and inspect the waterfront.	
xv/20842.xmv	Wong dock - waterfront inquiry (Sc48 A&W part 4D)	Agents question people and inspect the waterfront.	
xv/20844.xmv	Wong dock - waterfront inquiry (Sc48 A&W part 4E)	Agents question people and inspect the waterfront.	
xv/20846.xmv	Wong dock - waterfront inquiry (Sc48 A&W part 4F)	Agents question people and inspect the waterfront.	
xv/20850.xmv	Wong dock - waterfront inquiry (sc52B)	Agents question people and inspect the waterfront.	
xv/20852.xmv	Wong dock - waterfront inquiry (sc52C)	Agents question people and inspect the waterfront.	
xv/20854.xmv	Wong dock - waterfront inquiry (sc52D)	Agents question people and inspect the waterfront.	
xv/20856.xmv	Wong dock - waterfront inquiry (sc52E)	Agents question people and inspect the waterfront.	
xv/20858.xmv	Wong dock - waterfront inquiry (sc52F)	Agents question people and inspect the waterfront.	
xv/20860.xmv	Wong dock - waterfront inquiry (sc52G)	Agents question people and inspect the waterfront.	
xv/20862.xmv	Wong dock - waterfront inquiry (sc52H)	Agents question people and inspect the waterfront.	
xv/20864.xmv	Wong dock - waterfront inquiry (sc52I)	Agents question people and inspect the waterfront.	
xv/20866.xmv	Wong dock - waterfront inquiry (sc52J)	Agents question people and inspect the waterfront.	
xv/20868.xmv	Wong dock - waterfront inquiry (sc52K)	Agents question people and inspect the waterfront.	
xv/20870.xmv	Wong dock - waterfront inquiry (sc52L)	Agents question people and inspect the waterfront.	
xv/20872.xmv	Wong dock - waterfront inquiry (sc52M)	Agents question people and inspect the waterfront.	
xv/20874.xmv	Wong dock - waterfront inquiry (sc52N)	Agents question people and inspect the waterfront.	
xv/20876.xmv	Wong dock - waterfront inquiry (sc52O)	Agents question people and inspect the waterfront.	
xv/20878.xmv	Wong dock - waterfront inquiry (sc52P)	Agents question people and inspect the waterfront.	
xv/20880.xmv	Wong dock - waterfront inquiry (sc52Q)	Agents question people and inspect the waterfront.	
xv/20882.xmv	Wong dock - waterfront inquiry (sc52R)	Agents question people and inspect the waterfront.	
xv/20884.xmv	Wong dock - waterfront inquiry (sc52X)	Agents question people and inspect the waterfront.	
xv/20886.xmv	Wong dock - waterfront inquiry (sc52S)	Agents question people and inspect the waterfront.	
xv/20888.xmv	Wong dock - waterfront inquiry (sc52U)	Agents question people and inspect the waterfront.	
xv/20890.xmv	Wong dock - waterfront inquiry (SC48 MendozaA)	Agents question people and inspect the waterfront.	
xv/20892.xmv	Wong dock - waterfront inquiry (SC48 MendozaB)	Agents question people and inspect the waterfront.	
xv/20894.xmv	Uniformed officer outdoors - 20894	A uniformed officer speaks outside.	
xv/20896.xmv	Wong dock - waterfront inquiry (SC48 MendozaD)	Agents question people and inspect the waterfront.	
xv/20898.xmv	Wong dock - waterfront inquiry (SC48 MendozaE)	Agents question people and inspect the waterfront.	
xv/20900.xmv	Wong dock - waterfront inquiry (sc48 StearnsA)	Agents question people and inspect the waterfront.	
xv/20902.xmv	Wong dock - waterfront inquiry (sc48 StearnsC)	Agents question people and inspect the waterfront.	
xv/20904.xmv	Wong dock - waterfront inquiry (sc48 StearnsE)	Agents question people and inspect the waterfront.	
xv/20906.xmv	Wong dock - waterfront inquiry (sc48 A&W part 3A)	Agents question people and inspect the waterfront.	
xv/20908.xmv	Wong dock - waterfront inquiry (sc48 A&W part 3C)	Agents question people and inspect the waterfront.	
xv/20910.xmv	Wong dock - waterfront inquiry (sc48 A&W part 3F)	Agents question people and inspect the waterfront.	
xv/20912.xmv	Wong dock - waterfront inquiry (sc48 A&W part 3I)	Agents question people and inspect the waterfront.	
xv/20914.xmv	Wong dock - waterfront inquiry (SC049A)	Agents question people and inspect the waterfront.	
xv/20916.xmv	Wong dock - waterfront inquiry (SC049B)	Agents question people and inspect the waterfront.	
xv/20918.xmv	Wong dock - waterfront inquiry (SC049C)	Agents question people and inspect the waterfront.	
xv/20920.xmv	Wong dock - waterfront inquiry (SC049D)	Agents question people and inspect the waterfront.	
xv/20922.xmv	Wong dock - waterfront inquiry (SC049E)	Agents question people and inspect the waterfront.	
xv/20924.xmv	Wong dock - waterfront inquiry (SC049F)	Agents question people and inspect the waterfront.	
xv/20926.xmv	Wong dock - waterfront inquiry (SC049G)	Agents question people and inspect the waterfront.	
xv/20928.xmv	Wong dock - waterfront inquiry (SC049H)	Agents question people and inspect the waterfront.	
xv/20930.xmv	Wong dock - waterfront inquiry (SC049I)	Agents question people and inspect the waterfront.	
xv/20932.xmv	Wong dock - waterfront inquiry (SC049J)	Agents question people and inspect the waterfront.	
xv/20934.xmv	Wong dock - waterfront inquiry (SC049K)	Agents question people and inspect the waterfront.	
xv/20936.xmv	Wong dock - waterfront inquiry (SC049L)	Agents question people and inspect the waterfront.	
xv/20938.xmv	Wong dock - waterfront inquiry (SC049M)	Agents question people and inspect the waterfront.	
xv/20942.xmv	Wong dock - waterfront inquiry (SC049O)	Agents question people and inspect the waterfront.	
xv/20944.xmv	Wong dock - waterfront inquiry (SC049P)	Agents question people and inspect the waterfront.	
xv/20946.xmv	Wong dock - waterfront inquiry (SC049Q)	Agents question people and inspect the waterfront.	
xv/20948.xmv	Wong dock - waterfront inquiry (SC049R)	Agents question people and inspect the waterfront.	
xv/20950.xmv	Wong dock - waterfront inquiry (SC049S)	Agents question people and inspect the waterfront.	
xv/20952.xmv	Wong dock - waterfront inquiry (SC049T)	Agents question people and inspect the waterfront.	
xv/20954.xmv	Wong dock - waterfront inquiry (SC049U)	Agents question people and inspect the waterfront.	
xv/20956.xmv	Wong dock - waterfront inquiry (sc050A)	Agents question people and inspect the waterfront.	
xv/20958.xmv	Wong dock - waterfront inquiry (sc050B)	Agents question people and inspect the waterfront.	
xv/20964.xmv	Apartment - apartment visit (Sc45A)	People enter and look around an apartment.	
xv/20966.xmv	Apartment - apartment visit (Sc45B)	People enter and look around an apartment.	
xv/20968.xmv	Apartment - apartment visit (Sc45C)	People enter and look around an apartment.	
xv/20970.xmv	Apartment - apartment visit (Sc45D)	People enter and look around an apartment.	
xv/20972.xmv	Apartment - apartment visit (sc070aA)	People enter and look around an apartment.	
xv/20976.xmv	Apartment - apartment visit (sc070aB)	People enter and look around an apartment.	
xv/20978.xmv	Apartment - apartment visit (sc070aC)	People enter and look around an apartment.	
xv/20980.xmv	Apartment - apartment visit (sc070aD)	People enter and look around an apartment.	
xv/20982.xmv	Apartment - apartment visit (sc070aE)	People enter and look around an apartment.	
xv/20984.xmv	Apartment - apartment visit (sc070aF)	People enter and look around an apartment.	
xv/20986.xmv	Apartment - apartment visit (sc070aG)	People enter and look around an apartment.	
xv/20988.xmv	Apartment - apartment visit (sc070aH)	People enter and look around an apartment.	
xv/20990.xmv	Apartment - apartment visit (sc070aI)	People enter and look around an apartment.	
xv/20994.xmv	Shadowed conversation - 20994	A man speaks from a dark room.	
xv/20996.xmv	Coroner's office - examination-room conversation (Sc073part2B)	An agent speaks with the coroner and other staff.	
xv/20998.xmv	Shadowed conversation - 20998	A man speaks from a dark room.	
xv/21002.xmv	Coroner's office - examination-room conversation (Sc073part2E)	An agent speaks with the coroner and other staff.	
xv/21004.xmv	Coroner's office - examination-room conversation (Sc073part2F)	An agent speaks with the coroner and other staff.	
xv/21006.xmv	Coroner's office - examination-room conversation (Sc073part2G)	An agent speaks with the coroner and other staff.	
xv/21008.xmv	Coroner's office - examination-room conversation (Sc073part2H)	An agent speaks with the coroner and other staff.	
xv/21010.xmv	Coroner's office - examination-room conversation (Sc073part2I)	An agent speaks with the coroner and other staff.	
xv/21012.xmv	Coroner's office - examination-room conversation (Sc073part2J)	An agent speaks with the coroner and other staff.	
xv/21014.xmv	Coroner's office - examination-room conversation (Sc073part2K)	An agent speaks with the coroner and other staff.	
xv/21016.xmv	Coroner's office - examination-room conversation (Sc073part2L)	An agent speaks with the coroner and other staff.	
xv/21018.xmv	Coroner's office - examination-room conversation (Sc073part2M)	An agent speaks with the coroner and other staff.	
xv/21026.xmv	Coroner's office - examination-room conversation (Sc073 part1D)	An agent speaks with the coroner and other staff.	
xv/21028.xmv	Coroner's office - examination-room conversation (Sc073 part1E)	An agent speaks with the coroner and other staff.	
xv/21030.xmv	Coroner's office - examination-room conversation (Sc073 part1F)	An agent speaks with the coroner and other staff.	
xv/21032.xmv	Coroner's office - examination-room conversation (Sc073 part1G)	An agent speaks with the coroner and other staff.	
xv/21034.xmv	Coroner's office - examination-room conversation (Sc073 part1H)	An agent speaks with the coroner and other staff.	
xv/21036.xmv	Coroner's office - examination-room conversation (Sc073 part1I)	An agent speaks with the coroner and other staff.	
xv/21040.xmv	Coroner's office - examination-room conversation (Sc073 part1K)	An agent speaks with the coroner and other staff.	
xv/21042.xmv	Coroner's office - examination-room conversation (Sc073 part1L)	An agent speaks with the coroner and other staff.	
xv/21044.xmv	Coroner's office - examination-room conversation (Sc073 part1M)	An agent speaks with the coroner and other staff.	
xv/21046.xmv	Coroner's office - examination-room conversation (Sc073 part1N)	An agent speaks with the coroner and other staff.	
xv/21048.xmv	Man in examination room - 21048	A suited man speaks in an examination room.	
xv/21050.xmv	Man in examination room - 21050	A suited man speaks in an examination room.	
xv/21054.xmv	Hauling yard - yard conversation (SC80B)	Two people speak around the hauling yard.	
xv/21056.xmv	Hauling yard - yard conversation (SC80C)	Two people speak around the hauling yard.	
xv/21058.xmv	Hauling yard - yard conversation (SC80D)	Two people speak around the hauling yard.	
xv/21060.xmv	Hauling yard - yard conversation (SC80E)	Two people speak around the hauling yard.	
xv/21062.xmv	Hauling yard - yard conversation (SC80F)	Two people speak around the hauling yard.	
xv/21064.xmv	Hauling yard - yard conversation (SC80G)	Two people speak around the hauling yard.	
xv/21066.xmv	Hauling yard - yard conversation (SC80H)	Two people speak around the hauling yard.	
xv/21068.xmv	Hauling yard - yard conversation (SC80I)	Two people speak around the hauling yard.	
xv/21070.xmv	Hauling yard - yard conversation (SC80J)	Two people speak around the hauling yard.	
xv/21072.xmv	Hauling yard - yard conversation (SC80K)	Two people speak around the hauling yard.	
xv/21074.xmv	Hauling yard - yard conversation (SC80L)	Two people speak around the hauling yard.	
xv/21076.xmv	Hauling yard - yard conversation (SC80M)	Two people speak around the hauling yard.	
xv/21078.xmv	Hauling yard - yard conversation (SC80N)	Two people speak around the hauling yard.	
xv/21080.xmv	Hauling yard - yard conversation (SC80O)	Two people speak around the hauling yard.	
xv/21082.xmv	Hauling yard - yard conversation (SC80P)	Two people speak around the hauling yard.	
xv/21084.xmv	Hauling yard - yard conversation (SC80Q)	Two people speak around the hauling yard.	
xv/21086.xmv	Hauling yard - yard conversation (SC80R)	Two people speak around the hauling yard.	
xv/21088.xmv	Hauling yard - yard conversation (Sc74&75A)	Two people speak around the hauling yard.	
xv/21094.xmv	Hauling yard - yard conversation (Sc77B)	Two people speak around the hauling yard.	
xv/21096.xmv	Hauling yard - yard conversation (Sc77C)	Two people speak around the hauling yard.	
xv/21098.xmv	Figure in a dim room - 21098	A person stands near a window in low light.	
xv/21100.xmv	Rauch site - figure in room	A figure moves inside a dim room.	
xv/21104.xmv	Hauling yard - yard conversation (Sc77G)	Two people speak around the hauling yard.	
xv/21106.xmv	Hauling yard - yard conversation (sc77I)	Two people speak around the hauling yard.	
xv/21110.xmv	Hauling yard - yard conversation (Sc77J)	Two people speak around the hauling yard.	
xv/21112.xmv	Hauling yard - yard conversation (Sc77K)	Two people speak around the hauling yard.	
xv/21116.xmv	Hauling yard - yard conversation (transition_77_80A)	Two people speak around the hauling yard.	
xv/21118.xmv	Hauling yard - yard conversation (Sc76A)	Two people speak around the hauling yard.	
xv/21120.xmv	Crime lab - lab conversation (Sc88&89A)	An agent speaks with a technician in the lab.	
xv/21124.xmv	Crime lab - lab conversation (Sc88&89C)	An agent speaks with a technician in the lab.	
xv/21128.xmv	Crime lab - lab conversation (Sc88&89E)	An agent speaks with a technician in the lab.	
xv/21130.xmv	Crime lab - lab conversation (Sc88&89F)	An agent speaks with a technician in the lab.	
xv/21132.xmv	Crime lab - lab conversation (Sc88&89G)	An agent speaks with a technician in the lab.	
xv/21134.xmv	Crime lab - lab conversation (Sc88&89H)	An agent speaks with a technician in the lab.	
xv/21136.xmv	Crime lab - lab conversation (Sc88&89I)	An agent speaks with a technician in the lab.	
xv/21138.xmv	Crime lab - lab conversation (Sc88&89J)	An agent speaks with a technician in the lab.	
xv/21140.xmv	Crime lab - lab conversation (Sc88&89K)	An agent speaks with a technician in the lab.	
xv/21142.xmv	Crime lab - lab conversation (Sc88&89L)	An agent speaks with a technician in the lab.	
xv/21146.xmv	Crime lab - lab conversation (Sc88&89N)	An agent speaks with a technician in the lab.	
xv/21148.xmv	Crime lab - lab conversation (Sc88&89O)	An agent speaks with a technician in the lab.	
xv/21150.xmv	FBI field office - Sc082A	A filmed sequence at the fbi field office.	
xv/21152.xmv	FBI field office - Sc082B	A filmed sequence at the fbi field office.	
xv/21154.xmv	FBI field office - Sc082C	A filmed sequence at the fbi field office.	
xv/21156.xmv	FBI field office - Sc082D	A filmed sequence at the fbi field office.	
xv/21158.xmv	Smolnikoff site - armed confrontation (SC83A)	An armed encounter unfolds near the Smolnikoff site.	
xv/21160.xmv	Smolnikoff site - armed confrontation (SC83B)	An armed encounter unfolds near the Smolnikoff site.	
xv/21166.xmv	Smolnikoff site - armed confrontation (SC83E)	An armed encounter unfolds near the Smolnikoff site.	
xv/21168.xmv	Smolnikoff site - armed confrontation (SC83F)	An armed encounter unfolds near the Smolnikoff site.	
xv/21170.xmv	Smolnikoff site - armed confrontation (Sc86fA)	An armed encounter unfolds near the Smolnikoff site.	
xv/21172.xmv	Smolnikoff site - armed confrontation (Sc86fAB)	An armed encounter unfolds near the Smolnikoff site.	
xv/21178.xmv	Smolnikoff site - armed confrontation (Sc86fB)	An armed encounter unfolds near the Smolnikoff site.	
xv/21180.xmv	Smolnikoff site - armed confrontation (Sc86fC)	An armed encounter unfolds near the Smolnikoff site.	
xv/21182.xmv	Armed man in dark room - 21182	A man raises a handgun in a dim interior.	
xv/21184.xmv	Smolnikoff site - armed confrontation (Sc86fE)	An armed encounter unfolds near the Smolnikoff site.	
xv/21186.xmv	Smolnikoff site - armed confrontation (Sc86fG)	An armed encounter unfolds near the Smolnikoff site.	
xv/21188.xmv	Armed man in dark room - 21188	A man raises a handgun in a dim interior.	
xv/21190.xmv	Smolnikoff site - armed confrontation (Sc86fI)	An armed encounter unfolds near the Smolnikoff site.	
xv/21192.xmv	Smolnikoff site - armed confrontation (Sc86fJ)	An armed encounter unfolds near the Smolnikoff site.	
xv/21194.xmv	Armed man in dark room - 21194	A man raises a handgun in a dim interior.	
xv/21200.xmv	Smolnikoff site - armed confrontation (Sc86fN)	An armed encounter unfolds near the Smolnikoff site.	
xv/21202.xmv	Smolnikoff site - armed confrontation (Sc86fO)	An armed encounter unfolds near the Smolnikoff site.	
xv/21204.xmv	Smolnikoff site - armed confrontation (Sc86fP)	An armed encounter unfolds near the Smolnikoff site.	
xv/21206.xmv	Smolnikoff site - armed confrontation (Sc86fQ)	An armed encounter unfolds near the Smolnikoff site.	
xv/21208.xmv	Smolnikoff site - armed confrontation (Sc86fR)	An armed encounter unfolds near the Smolnikoff site.	
xv/21210.xmv	Smolnikoff site - armed confrontation (Sc86fS)	An armed encounter unfolds near the Smolnikoff site.	
xv/21216.xmv	Smolnikoff site - armed confrontation (Sc86fV)	An armed encounter unfolds near the Smolnikoff site.	
xv/21218.xmv	Smolnikoff site - armed confrontation (Sc86fW)	An armed encounter unfolds near the Smolnikoff site.	
xv/21222.xmv	Smolnikoff site - armed confrontation (Sc86fY)	An armed encounter unfolds near the Smolnikoff site.	
xv/21224.xmv	Smolnikoff site - armed confrontation (Sc86fZ)	An armed encounter unfolds near the Smolnikoff site.	
xv/21226.xmv	Smolnikoff site - armed confrontation (Sc86fAA)	An armed encounter unfolds near the Smolnikoff site.	
xv/21230.xmv	Smolnikoff - gun battle (sc084O)	A short action sequence during an armed encounter.	Smolnikoff
xv/21232.xmv	Smolnikoff - gun battle (sc084P)	A short action sequence during an armed encounter.	Smolnikoff
xv/21234.xmv	Smolnikoff - gun battle (sc084Q)	A short action sequence during an armed encounter.	Smolnikoff
xv/21236.xmv	Smolnikoff - gun battle (sc084R)	A short action sequence during an armed encounter.	Smolnikoff
xv/21238.xmv	Smolnikoff site - armed confrontation (SC85A)	An armed encounter unfolds near the Smolnikoff site.	
xv/21242.xmv	Smolnikoff site - armed confrontation (SC85C)	An armed encounter unfolds near the Smolnikoff site.	
xv/21244.xmv	Smolnikoff site - armed confrontation (SC85D)	An armed encounter unfolds near the Smolnikoff site.	
xv/21246.xmv	Smolnikoff site - armed confrontation (SC85E)	An armed encounter unfolds near the Smolnikoff site.	
xv/21248.xmv	Smolnikoff site - armed confrontation (SC85F)	An armed encounter unfolds near the Smolnikoff site.	
xv/21250.xmv	Smolnikoff site - armed confrontation (SC85G)	An armed encounter unfolds near the Smolnikoff site.	
xv/21252.xmv	Smolnikoff site - armed confrontation (SC85H)	An armed encounter unfolds near the Smolnikoff site.	
xv/21268.xmv	Smolnikoff site - SC85P	A filmed sequence at Smolnikoff site.	
xv/21298.xmv	FBI field office - office meeting (sc104_105_2C)	Several agents gather for a case discussion.	
xv/21300.xmv	FBI field office - office meeting (sc104_105_2D)	Several agents gather for a case discussion.	
xv/21302.xmv	FBI field office - office meeting (sc104_105_2E)	Several agents gather for a case discussion.	
xv/21304.xmv	FBI field office - office meeting (sc104_105_2F)	Several agents gather for a case discussion.	
xv/21306.xmv	FBI field office - office meeting (sc104_105_2G)	Several agents gather for a case discussion.	
xv/21308.xmv	FBI field office - office meeting (sc104_105_2H)	Several agents gather for a case discussion.	
xv/21310.xmv	FBI field office - office meeting (sc104_105_2I)	Several agents gather for a case discussion.	
xv/21312.xmv	FBI field office - office meeting (sc104_105_2K)	Several agents gather for a case discussion.	
xv/21314.xmv	FBI field office - office meeting (sc104_105_2L)	Several agents gather for a case discussion.	
xv/21316.xmv	FBI field office - office meeting (sc104_105_1A)	Several agents gather for a case discussion.	
xv/21318.xmv	FBI field office - office meeting (sc104_105_1B)	Several agents gather for a case discussion.	
xv/21324.xmv	FBI field office - office meeting (sc104_105_1E)	Several agents gather for a case discussion.	
xv/21330.xmv	FBI field office - office meeting (sc104_105_2B)	Several agents gather for a case discussion.	
xv/21332.xmv	Hospital - hospital visit (Sc098A)	Visitors and staff talk around a hospital bed.	
xv/21334.xmv	Hospital - hospital visit (Sc098B)	Visitors and staff talk around a hospital bed.	
xv/21336.xmv	Hospital - hospital visit (Sc098C)	Visitors and staff talk around a hospital bed.	
xv/21338.xmv	Hospital - hospital visit (Sc098D)	Visitors and staff talk around a hospital bed.	
xv/21340.xmv	Hospital - hospital visit (Sc098E)	Visitors and staff talk around a hospital bed.	
xv/21342.xmv	Hospital - hospital visit (Sc098F)	Visitors and staff talk around a hospital bed.	
xv/21344.xmv	Hospital - hospital visit (Sc098G)	Visitors and staff talk around a hospital bed.	
xv/21346.xmv	Hospital - hospital visit (Sc098H)	Visitors and staff talk around a hospital bed.	
xv/21348.xmv	Hospital - hospital visit (Sc098I)	Visitors and staff talk around a hospital bed.	
xv/21352.xmv	Hospital - hospital visit (Sc098K)	Visitors and staff talk around a hospital bed.	
xv/21354.xmv	Hospital - hospital visit (Sc098L)	Visitors and staff talk around a hospital bed.	
xv/21356.xmv	Hospital - hospital visit (Sc098M)	Visitors and staff talk around a hospital bed.	
xv/21358.xmv	Hospital - hospital visit (Sc098N)	Visitors and staff talk around a hospital bed.	
xv/21360.xmv	Hospital - hospital visit (Sc098O)	Visitors and staff talk around a hospital bed.	
xv/21362.xmv	Hospital - hospital visit (Sc098P)	Visitors and staff talk around a hospital bed.	
xv/21364.xmv	Hospital - hospital visit (Sc098Q)	Visitors and staff talk around a hospital bed.	
xv/21366.xmv	Hospital - hospital visit (Sc098R)	Visitors and staff talk around a hospital bed.	
xv/21368.xmv	Hospital - hospital visit (Sc098S)	Visitors and staff talk around a hospital bed.	
xv/21370.xmv	Hospital - hospital visit (Sc098T)	Visitors and staff talk around a hospital bed.	
xv/21372.xmv	Hospital - hospital visit (Sc098U)	Visitors and staff talk around a hospital bed.	
xv/21374.xmv	Hospital - hospital visit (Sc098V)	Visitors and staff talk around a hospital bed.	
xv/21376.xmv	Hospital - hospital visit (Sc098W)	Visitors and staff talk around a hospital bed.	
xv/21378.xmv	Hospital - hospital visit (Sc098X)	Visitors and staff talk around a hospital bed.	
xv/21380.xmv	Hospital - hospital visit (Sc098Y)	Visitors and staff talk around a hospital bed.	
xv/21382.xmv	Hospital - hospital visit (Sc95fA)	Visitors and staff talk around a hospital bed.	
xv/21384.xmv	Hospital - hospital visit (Sc95fB)	Visitors and staff talk around a hospital bed.	
xv/21388.xmv	Hospital - hospital visit (Sc95fD)	Visitors and staff talk around a hospital bed.	
xv/21390.xmv	Hospital - hospital visit (Sc95fE)	Visitors and staff talk around a hospital bed.	
xv/21392.xmv	Hospital - hospital visit (Sc95fF)	Visitors and staff talk around a hospital bed.	
xv/21396.xmv	Hospital - hospital visit (Sc95fH)	Visitors and staff talk around a hospital bed.	
xv/21398.xmv	Hospital - hospital visit (Sc95fI)	Visitors and staff talk around a hospital bed.	
xv/21400.xmv	Hospital - hospital visit (Sc95fK)	Visitors and staff talk around a hospital bed.	
xv/21402.xmv	Hospital - hospital visit (Sc95fL)	Visitors and staff talk around a hospital bed.	
xv/21404.xmv	Hospital - hospital visit (Sc95fM)	Visitors and staff talk around a hospital bed.	
xv/21406.xmv	Hospital - hospital visit (Sc95fN)	Visitors and staff talk around a hospital bed.	
xv/21408.xmv	Hospital - hospital visit (Sc95fO)	Visitors and staff talk around a hospital bed.	
xv/21410.xmv	Hospital - hospital visit (Sc95fP)	Visitors and staff talk around a hospital bed.	
xv/21412.xmv	Hospital - hospital visit (Sc95fQ)	Visitors and staff talk around a hospital bed.	
xv/21414.xmv	Hospital - hospital visit (Sc95fR)	Visitors and staff talk around a hospital bed.	
xv/21416.xmv	Hospital - hospital visit (Sc95fS)	Visitors and staff talk around a hospital bed.	
xv/21418.xmv	Hospital - hospital visit (Sc95fT)	Visitors and staff talk around a hospital bed.	
xv/21420.xmv	Hospital - hospital visit (Sc95fV)	Visitors and staff talk around a hospital bed.	
xv/21422.xmv	Hospital - hospital visit (Sc95fX)	Visitors and staff talk around a hospital bed.	
xv/21424.xmv	Hospital - hospital visit (Sc95fZ)	Visitors and staff talk around a hospital bed.	
xv/21426.xmv	Hospital - hospital visit (Sc95fAB)	Visitors and staff talk around a hospital bed.	
xv/21440.xmv	Hospital - hospital visit (sc96F)	Visitors and staff talk around a hospital bed.	
xv/21442.xmv	Hospital - hospital visit (sc96G)	Visitors and staff talk around a hospital bed.	
xv/21444.xmv	Hospital - hospital visit (sc96H)	Visitors and staff talk around a hospital bed.	
xv/21446.xmv	Hospital - hospital visit (sc96I)	Visitors and staff talk around a hospital bed.	
xv/21450.xmv	Hospital - hospital visit (sc96K)	Visitors and staff talk around a hospital bed.	
xv/21452.xmv	Hospital - hospital visit (sc96L)	Visitors and staff talk around a hospital bed.	
xv/21454.xmv	Hospital - hospital visit (sc96M)	Visitors and staff talk around a hospital bed.	
xv/21456.xmv	Hospital - hospital visit (sc96N)	Visitors and staff talk around a hospital bed.	
xv/21458.xmv	Hospital - hospital visit (sc96O)	Visitors and staff talk around a hospital bed.	
xv/21460.xmv	Hospital - hospital visit (sc96P)	Visitors and staff talk around a hospital bed.	
xv/21462.xmv	Hospital - hospital visit (sc96Q)	Visitors and staff talk around a hospital bed.	
xv/21464.xmv	Hospital - hospital visit (sc96R)	Visitors and staff talk around a hospital bed.	
xv/21466.xmv	Hospital - hospital visit (sc96S)	Visitors and staff talk around a hospital bed.	
xv/21468.xmv	Hospital - hospital visit (sc96T)	Visitors and staff talk around a hospital bed.	
xv/21470.xmv	Hospital - hospital visit (sc96U)	Visitors and staff talk around a hospital bed.	
xv/21472.xmv	Hospital - hospital visit (sc96V)	Visitors and staff talk around a hospital bed.	
xv/21474.xmv	Hospital - hospital visit (sc96W)	Visitors and staff talk around a hospital bed.	
xv/21476.xmv	Hospital - hospital visit (sc96X)	Visitors and staff talk around a hospital bed.	
xv/21480.xmv	Rail Yard - rail-yard inquiry (Sc099A)	Agents question people around the freight cars.	
xv/21482.xmv	Rail Yard - rail-yard inquiry (Bum2A)	Agents question people around the freight cars.	
xv/21484.xmv	Rail Yard - rail-yard inquiry (Bum2C)	Agents question people around the freight cars.	
xv/21486.xmv	Rail Yard - rail-yard inquiry (Bum2D)	Agents question people around the freight cars.	
xv/21488.xmv	Rail Yard - rail-yard inquiry (Bum2E)	Agents question people around the freight cars.	
xv/21490.xmv	Rail yard - Willmore and Mary Astadourian question a man	Willmore holds up a card beside a freight car while Astadourian and a man watch.	
xv/21492.xmv	Rail Yard - rail-yard inquiry (Bum2G)	Agents question people around the freight cars.	
xv/21494.xmv	Rail Yard - rail-yard inquiry (Bum2H)	Agents question people around the freight cars.	
xv/21496.xmv	Rail Yard - rail-yard inquiry (Bum2I)	Agents question people around the freight cars.	
xv/21498.xmv	Rail Yard - rail-yard inquiry (Bum2J)	Agents question people around the freight cars.	
xv/21500.xmv	Rail Yard - rail-yard inquiry (Bum2K)	Agents question people around the freight cars.	
xv/21502.xmv	Rail Yard - rail-yard inquiry (Bum2L)	Agents question people around the freight cars.	
xv/21504.xmv	Rail Yard - rail-yard inquiry (Bum2M)	Agents question people around the freight cars.	
xv/21506.xmv	Rail yard - Mary Astadourian responds	A close view of Astadourian speaking beside a freight car.	
xv/21508.xmv	Rail yard - Mary Astadourian smiles	A close view of Astadourian smiling during the conversation.	
xv/21510.xmv	Rail Yard - rail-yard inquiry (Bum2P)	Agents question people around the freight cars.	
xv/21512.xmv	Rail Yard - rail-yard inquiry (Bum2Q)	Agents question people around the freight cars.	
xv/21514.xmv	Man beside rail cars - 21514	A suited man speaks in a rail yard.	
xv/21516.xmv	Rail Yard - rail-yard inquiry (Bum2S)	Agents question people around the freight cars.	
xv/21518.xmv	Rail Yard - rail-yard inquiry (Bum2T)	Agents question people around the freight cars.	
xv/21520.xmv	Rail Yard - rail-yard inquiry (Bum3A)	Agents question people around the freight cars.	
xv/21522.xmv	Rail Yard - rail-yard inquiry (Bum3AA)	Agents question people around the freight cars.	
xv/21524.xmv	Rail Yard - rail-yard inquiry (Bum3AB)	Agents question people around the freight cars.	
xv/21526.xmv	Rail Yard - rail-yard inquiry (Bum3AC)	Agents question people around the freight cars.	
xv/21528.xmv	Rail Yard - rail-yard inquiry (Bum3AD)	Agents question people around the freight cars.	
xv/21530.xmv	Rail Yard - rail-yard inquiry (Bum3B)	Agents question people around the freight cars.	
xv/21532.xmv	Rail Yard - rail-yard inquiry (Bum3C)	Agents question people around the freight cars.	
xv/21534.xmv	Rail Yard - rail-yard inquiry (Bum3D)	Agents question people around the freight cars.	
xv/21536.xmv	Rail Yard - rail-yard inquiry (Bum3E)	Agents question people around the freight cars.	
xv/21538.xmv	Rail Yard - rail-yard inquiry (Bum3F)	Agents question people around the freight cars.	
xv/21540.xmv	Rail Yard - rail-yard inquiry (Bum3G)	Agents question people around the freight cars.	
xv/21542.xmv	Rail Yard - rail-yard inquiry (Bum3H)	Agents question people around the freight cars.	
xv/21544.xmv	Rail Yard - rail-yard inquiry (Bum3I)	Agents question people around the freight cars.	
xv/21546.xmv	Rail Yard - rail-yard inquiry (Bum3J)	Agents question people around the freight cars.	
xv/21548.xmv	Rail Yard - rail-yard inquiry (Bum3K)	Agents question people around the freight cars.	
xv/21550.xmv	Rail Yard - rail-yard inquiry (Bum3L)	Agents question people around the freight cars.	
xv/21552.xmv	Rail Yard - rail-yard inquiry (Bum3M)	Agents question people around the freight cars.	
xv/21554.xmv	Rail Yard - rail-yard inquiry (Bum3N)	Agents question people around the freight cars.	
xv/21556.xmv	Rail Yard - rail-yard inquiry (Bum3O)	Agents question people around the freight cars.	
xv/21558.xmv	Rail Yard - rail-yard inquiry (Bum3P)	Agents question people around the freight cars.	
xv/21560.xmv	Rail Yard - rail-yard inquiry (Bum3Q)	Agents question people around the freight cars.	
xv/21562.xmv	Rail Yard - rail-yard inquiry (Bum3R)	Agents question people around the freight cars.	
xv/21564.xmv	Rail Yard - rail-yard inquiry (Bum3S)	Agents question people around the freight cars.	
xv/21566.xmv	Rail Yard - rail-yard inquiry (Bum3T)	Agents question people around the freight cars.	
xv/21568.xmv	Rail Yard - rail-yard inquiry (Bum3U)	Agents question people around the freight cars.	
xv/21570.xmv	Rail Yard - rail-yard inquiry (Bum3V)	Agents question people around the freight cars.	
xv/21578.xmv	Rail Yard - rail-yard inquiry (Bum3Z)	Agents question people around the freight cars.	
xv/21580.xmv	Rail Yard - rail-yard inquiry (Sc100&101A)	Agents question people around the freight cars.	
xv/21582.xmv	Rail Yard - rail-yard inquiry (Sc100&101B)	Agents question people around the freight cars.	
xv/21584.xmv	Rail Yard - rail-yard inquiry (Sc100&101C)	Agents question people around the freight cars.	
xv/21586.xmv	Rail Yard - rail-yard inquiry (Sc100&101D)	Agents question people around the freight cars.	
xv/21588.xmv	Rail Yard - rail-yard inquiry (Sc100&101E)	Agents question people around the freight cars.	
xv/21590.xmv	Rail Yard - rail-yard inquiry (Sc100&101F)	Agents question people around the freight cars.	
xv/21592.xmv	Rail Yard - rail-yard inquiry (Sc100&101G)	Agents question people around the freight cars.	
xv/21594.xmv	Rail Yard - rail-yard inquiry (Sc100&101H)	Agents question people around the freight cars.	
xv/21596.xmv	Rail Yard - rail-yard inquiry (Sc100&101I)	Agents question people around the freight cars.	
xv/21598.xmv	Rail Yard - rail-yard inquiry (Sc100&101J)	Agents question people around the freight cars.	
xv/21600.xmv	Rail Yard - rail-yard inquiry (Sc100&101K)	Agents question people around the freight cars.	
xv/21602.xmv	Rail Yard - rail-yard inquiry (Sc100&101L)	Agents question people around the freight cars.	
xv/21604.xmv	Rail Yard - rail-yard inquiry (Sc100&101M)	Agents question people around the freight cars.	
xv/21606.xmv	Hauling yard - rail equipment	Rail equipment and machinery in the yard.	
xv/21608.xmv	Rail Yard - rail-yard inquiry (Sc100&101O)	Agents question people around the freight cars.	
xv/21610.xmv	Rail Yard - rail-yard inquiry (Sc100&101P)	Agents question people around the freight cars.	
xv/21612.xmv	Rail Yard - rail-yard inquiry (Sc100&101Q)	Agents question people around the freight cars.	
xv/21614.xmv	Rail Yard - rail-yard inquiry (Sc100&101R)	Agents question people around the freight cars.	
xv/21616.xmv	Woman beside freight car - 21616	A woman stands beside a rail car.	
xv/21618.xmv	Rail Yard - rail-yard inquiry (Sc100&101T)	Agents question people around the freight cars.	
xv/21626.xmv	Rauch site - Rauch-site confrontation (Sc108part1A)	People confront one another around a dim house and yard.	
xv/21628.xmv	Rauch site - Rauch-site confrontation (Sc108part1B)	People confront one another around a dim house and yard.	
xv/21630.xmv	Rauch site - Rauch-site confrontation (Sc108part1D)	People confront one another around a dim house and yard.	
xv/21632.xmv	Rauch site - Rauch-site confrontation (Sc108part1F)	People confront one another around a dim house and yard.	
xv/21634.xmv	Rauch site - Rauch-site confrontation (Sc108part1H)	People confront one another around a dim house and yard.	
xv/21636.xmv	Rauch site - Rauch-site confrontation (Sc108part1I)	People confront one another around a dim house and yard.	
xv/21638.xmv	Rauch site - Rauch-site confrontation (Sc108part1J)	People confront one another around a dim house and yard.	
xv/21640.xmv	Rauch site - Rauch-site confrontation (Sc108part1K)	People confront one another around a dim house and yard.	
xv/21644.xmv	Rauch site - Rauch-site confrontation (Sc108part1M)	People confront one another around a dim house and yard.	
xv/21646.xmv	Rauch site - Rauch-site confrontation (Sc108part1N)	People confront one another around a dim house and yard.	
xv/21652.xmv	Rauch site - Rauch-site confrontation (Sc108part1Q)	People confront one another around a dim house and yard.	
xv/21656.xmv	Rauch site - Rauch-site confrontation (Sc109part1A)	People confront one another around a dim house and yard.	
xv/21658.xmv	Rauch site - Rauch-site confrontation (Sc109part1B)	People confront one another around a dim house and yard.	
xv/21662.xmv	Rauch site - Rauch-site confrontation (Sc109part1D)	People confront one another around a dim house and yard.	
xv/21664.xmv	Rauch site - Rauch-site confrontation (Sc109part1E)	People confront one another around a dim house and yard.	
xv/21666.xmv	Rauch site - Rauch-site confrontation (Sc109part1F)	People confront one another around a dim house and yard.	
xv/21668.xmv	Rauch site - Rauch-site confrontation (Sc109part1G)	People confront one another around a dim house and yard.	
xv/21672.xmv	Rauch site - Rauch-site confrontation (Sc109part1I)	People confront one another around a dim house and yard.	
xv/21680.xmv	Rauch site - Rauch-site confrontation (Sc106AB)	People confront one another around a dim house and yard.	
xv/21684.xmv	Rauch site - Rauch-site confrontation (sc107A)	People confront one another around a dim house and yard.	
xv/21686.xmv	Rauch site - Rauch-site confrontation (sc107B)	People confront one another around a dim house and yard.	
xv/21688.xmv	Rauch site - Rauch-site confrontation (sc107C)	People confront one another around a dim house and yard.	
xv/21690.xmv	Rauch site - Rauch-site confrontation (sc107D)	People confront one another around a dim house and yard.	
xv/21692.xmv	Rauch site - Rauch-site confrontation (sc107E)	People confront one another around a dim house and yard.	
xv/21694.xmv	Rauch site - Rauch-site confrontation (Sc108part2A)	People confront one another around a dim house and yard.	
xv/21696.xmv	Rauch site - Rauch-site confrontation (Sc108part2B)	People confront one another around a dim house and yard.	
xv/21698.xmv	Rauch site - Rauch-site confrontation (Sc108part2C)	People confront one another around a dim house and yard.	
xv/21700.xmv	Rauch site - Rauch-site confrontation (Sc108part2D)	People confront one another around a dim house and yard.	
xv/21702.xmv	Rauch site - Rauch-site confrontation (Sc108part2E)	People confront one another around a dim house and yard.	
xv/21704.xmv	Rauch site - Rauch-site confrontation (Sc108part2F)	People confront one another around a dim house and yard.	
xv/21706.xmv	Rauch site - Rauch-site confrontation (Sc108part2G)	People confront one another around a dim house and yard.	
xv/21716.xmv	Woods - woods search (Sc114D)	Figures search through the dark woods.	
xv/21718.xmv	Woods - woods search (Sc114E)	Figures search through the dark woods.	
xv/21722.xmv	Woods - woods search (Sc114G)	Figures search through the dark woods.	
xv/21724.xmv	Woods - woods search (Sc114H)	Figures search through the dark woods.	
xv/21726.xmv	Woods - woods search (Sc114I)	Figures search through the dark woods.	
xv/21728.xmv	Woods - woods search (Sc114J)	Figures search through the dark woods.	
xv/21730.xmv	Woods - woods search (Sc114K)	Figures search through the dark woods.	
xv/21738.xmv	Rauch site - woman in room	A woman stands in a dim room.	
xv/21746.xmv	Woods - woods search (SC114aD)	Figures search through the dark woods.	
xv/21748.xmv	Woods - woods search (SC114aE)	Figures search through the dark woods.	
xv/21750.xmv	Woods - figure with light	A figure carries a light through the woods.	
xv/21752.xmv	Woods - figure with light	A figure carries a light through the woods.	
xv/21754.xmv	Woods - woods search (SC114aH)	Figures search through the dark woods.	
xv/21760.xmv	Apartment - conversation with X outside	Craig speaks with X outside the apartment. Believed to be part of the ending.	Apartment
xv/21782.xmv	Secret Base - base interior (Sc119B)	People move through dark rooms inside the base.	
xv/21784.xmv	Secret Base - base interior (Sc119C)	People move through dark rooms inside the base.	
xv/21788.xmv	Man at doorway - 21788	A man appears in a dark doorway.	
xv/21790.xmv	Secret Base - base interior (sc117fA)	People move through dark rooms inside the base.	
xv/21792.xmv	Secret Base - base interior (Secret Base 2A)	People move through dark rooms inside the base.	
xv/21796.xmv	Secret Base - base interior (Secret Base 2B)	People move through dark rooms inside the base.	
xv/21798.xmv	Secret Base - base interior (Secret Base 2C)	People move through dark rooms inside the base.	
xv/21800.xmv	Secret Base - base interior (Secret Base 2D)	People move through dark rooms inside the base.	
xv/21802.xmv	Secret Base - base interior (Secret Base 2E)	People move through dark rooms inside the base.	
xv/21804.xmv	Secret Base - base interior (Secret Base 2F)	People move through dark rooms inside the base.	
xv/21806.xmv	Secret Base - base interior (Secret Base 2G)	People move through dark rooms inside the base.	
xv/21808.xmv	Secret Base - base interior (Secret Base 2H)	People move through dark rooms inside the base.	
xv/21810.xmv	Secret Base - base interior (Secret Base 2I)	People move through dark rooms inside the base.	
xv/21812.xmv	Secret Base - base interior (Secret Base 2J)	People move through dark rooms inside the base.	
xv/21814.xmv	Secret Base - base interior (Secret Base 2K)	People move through dark rooms inside the base.	
xv/21816.xmv	Secret Base - base interior (Secret Base 2L)	People move through dark rooms inside the base.	
xv/21818.xmv	Secret Base - base interior (Secret Base 2M)	People move through dark rooms inside the base.	
xv/22505.xmv	FBI field office - office conversation (sc026&035B)	Agents discuss the case inside the field office.	
xv/22514.xmv	FBI field office - office conversation (sc008A)	Agents discuss the case inside the field office.	
xv/22516.xmv	FBI field office - office conversation (sc008B)	Agents discuss the case inside the field office.	
xv/22518.xmv	FBI field office - office conversation (sc008C)	Agents discuss the case inside the field office.	
xv/22522.xmv	FBI field office - office conversation (sc008D)	Agents discuss the case inside the field office.	
xv/22528.xmv	FBI field office - office conversation (sc008F)	Agents discuss the case inside the field office.	
xv/22531.xmv	FBI field office - office conversation (sc081A)	Agents discuss the case inside the field office.	
xv/22533.xmv	FBI field office - office conversation (sc081B)	Agents discuss the case inside the field office.	
xv/22535.xmv	FBI field office - office conversation (sc081C)	Agents discuss the case inside the field office.	
xv/22537.xmv	FBI field office - office conversation (sc081D)	Agents discuss the case inside the field office.	
xv/22539.xmv	FBI field office - office conversation (sc081E)	Agents discuss the case inside the field office.	
xv/22541.xmv	FBI field office - office conversation (sc081F)	Agents discuss the case inside the field office.	
xv/22543.xmv	FBI field office - office conversation (sc081G)	Agents discuss the case inside the field office.	
xv/22545.xmv	FBI field office - office conversation (sc081H)	Agents discuss the case inside the field office.	
xv/22547.xmv	FBI field office - office conversation (sc081I)	Agents discuss the case inside the field office.	
xv/22549.xmv	FBI field office - office conversation (sc081J)	Agents discuss the case inside the field office.	
xv/22551.xmv	FBI field office - office conversation (sc081K)	Agents discuss the case inside the field office.	
xv/22553.xmv	FBI field office - office conversation (sc081L)	Agents discuss the case inside the field office.	
xv/22555.xmv	FBI field office - office conversation (sc081M)	Agents discuss the case inside the field office.	
xv/22559.xmv	FBI field office - office conversation (sc081O)	Agents discuss the case inside the field office.	
xv/22561.xmv	FBI field office - office conversation (sc081P)	Agents discuss the case inside the field office.	
xv/22563.xmv	FBI field office - office conversation (sc081Q)	Agents discuss the case inside the field office.	
xv/22565.xmv	FBI field office - office conversation (sc081R)	Agents discuss the case inside the field office.	
xv/22569.xmv	FBI field office - office conversation (sc081T)	Agents discuss the case inside the field office.	
xv/22571.xmv	FBI field office - office conversation (sc081U)	Agents discuss the case inside the field office.	
xv/23099.xmv	Coroner's office - examination-room conversation (sc060part1A)	Staff and visitors speak around an examination table.	
xv/23101.xmv	Coroner's office - examination-room conversation (sc060part1B)	Staff and visitors speak around an examination table.	
xv/23103.xmv	Coroner's office - examination-room conversation (sc060part1C)	Staff and visitors speak around an examination table.	
xv/23105.xmv	Coroner's office - examination-room conversation (sc060part1D)	Staff and visitors speak around an examination table.	
xv/23107.xmv	Coroner's office - examination-room conversation (sc060part1F)	Staff and visitors speak around an examination table.	
xv/23109.xmv	Coroner's office - examination-room conversation (sc060part1G)	Staff and visitors speak around an examination table.	
xv/23111.xmv	Coroner's office - examination-room conversation (sc060part1H)	Staff and visitors speak around an examination table.	
xv/23113.xmv	Coroner's office - examination-room conversation (sc060part1I)	Staff and visitors speak around an examination table.	
xv/23115.xmv	Coroner's office - examination-room conversation (sc060part1J)	Staff and visitors speak around an examination table.	
xv/23117.xmv	Coroner's office - examination-room conversation (sc060part1K)	Staff and visitors speak around an examination table.	
xv/23119.xmv	Coroner's office - examination-room conversation (sc060part1L)	Staff and visitors speak around an examination table.	
xv/23121.xmv	Coroner's office - examination-room conversation (sc060part1M)	Staff and visitors speak around an examination table.	
xv/23123.xmv	Coroner's office - examination-room conversation (sc060part1N)	Staff and visitors speak around an examination table.	
xv/23125.xmv	Coroner's office - examination-room conversation (sc060part1O)	Staff and visitors speak around an examination table.	
xv/23127.xmv	Coroner's office - examination-room conversation (sc060part1P)	Staff and visitors speak around an examination table.	
xv/23129.xmv	Coroner's office - examination-room conversation (sc060part1Q)	Staff and visitors speak around an examination table.	
xv/23131.xmv	Coroner's office - examination-room conversation (sc060part1R)	Staff and visitors speak around an examination table.	
xv/23153.xmv	Coroner's office - examination-room conversation (sc060part2K)	Staff and visitors speak around an examination table.	
xv/23155.xmv	Coroner's office - examination-room conversation (sc060part2L)	Staff and visitors speak around an examination table.	
xv/23157.xmv	Coroner's office - examination-room conversation (sc060part2M)	Staff and visitors speak around an examination table.	
xv/23159.xmv	Coroner's office - examination-room conversation (sc060part2N)	Staff and visitors speak around an examination table.	
xv/23161.xmv	Coroner's office - examination-room conversation (sc060part2O)	Staff and visitors speak around an examination table.	
xv/23163.xmv	Coroner's office - examination-room conversation (sc060part2P)	Staff and visitors speak around an examination table.	
xv/23165.xmv	Coroner's office - examination-room conversation (sc060part2Q)	Staff and visitors speak around an examination table.	
xv/23167.xmv	Coroner's office - examination-room conversation (sc060part2R)	Staff and visitors speak around an examination table.	
xv/23169.xmv	Coroner's office - sc062part2A	A filmed sequence at the coroner's office.	
xv/23171.xmv	Coroner's office - sc062part2B	A filmed sequence at the coroner's office.	
xv/23173.xmv	Coroner's office - sc062part2C	A filmed sequence at the coroner's office.	
xv/23175.xmv	Coroner's office - sc062part2D	A filmed sequence at the coroner's office.	
xv/23177.xmv	Coroner's office - sc062part2E	A filmed sequence at the coroner's office.	
xv/23179.xmv	Coroner's office - sc062part2F	A filmed sequence at the coroner's office.	
xv/23183.xmv	Coroner's office - sc062part2G	A filmed sequence at the coroner's office.	
xv/23185.xmv	Coroner's office - sc062part2H	A filmed sequence at the coroner's office.	
xv/23187.xmv	Coroner's office - sc062part2I	A filmed sequence at the coroner's office.	
xv/23191.xmv	Coroner's office - sc062part2K	A filmed sequence at the coroner's office.	
xv/23193.xmv	Coroner's office - sc062part2L	A filmed sequence at the coroner's office.	
xv/23195.xmv	Coroner's office - sc062part2M	A filmed sequence at the coroner's office.	
xv/23197.xmv	Coroner's office - sc062part2N	A filmed sequence at the coroner's office.	
xv/23203.xmv	Apartment - apartment conversation (sc065part1A)	Two people discuss the case inside an apartment.	
xv/23205.xmv	Apartment - apartment conversation (sc065part1B)	Two people discuss the case inside an apartment.	
xv/23207.xmv	Apartment - apartment conversation (sc065part1C)	Two people discuss the case inside an apartment.	
xv/23209.xmv	Apartment - apartment conversation (sc065part1D)	Two people discuss the case inside an apartment.	
xv/23211.xmv	Apartment - apartment conversation (sc065part1E)	Two people discuss the case inside an apartment.	
xv/23213.xmv	Apartment - apartment conversation (sc065part1F)	Two people discuss the case inside an apartment.	
xv/23215.xmv	Apartment - apartment conversation (sc065part1G)	Two people discuss the case inside an apartment.	
xv/23217.xmv	Apartment - apartment conversation (sc065part1H)	Two people discuss the case inside an apartment.	
xv/23219.xmv	Apartment - apartment conversation (sc065part1I)	Two people discuss the case inside an apartment.	
xv/23221.xmv	Apartment - apartment conversation (sc065part1J)	Two people discuss the case inside an apartment.	
xv/23223.xmv	Apartment - apartment conversation (sc065part2A)	Two people discuss the case inside an apartment.	
xv/23225.xmv	Apartment - apartment conversation (sc065part2B)	Two people discuss the case inside an apartment.	
xv/23227.xmv	Apartment - apartment conversation (sc065part2C)	Two people discuss the case inside an apartment.	
xv/23229.xmv	Apartment - apartment conversation (sc065part2D)	Two people discuss the case inside an apartment.	
xv/23231.xmv	Apartment - apartment conversation (sc065part2E)	Two people discuss the case inside an apartment.	
xv/23233.xmv	Apartment - apartment conversation (sc065part2F)	Two people discuss the case inside an apartment.	
xv/23237.xmv	Man in close-up - 23237	A man speaks inside a dim room.	
xv/23241.xmv	Apartment - apartment conversation (sc065part3A)	Two people discuss the case inside an apartment.	
xv/23243.xmv	Apartment - apartment conversation (sc065part3B)	Two people discuss the case inside an apartment.	
xv/23245.xmv	Apartment - apartment conversation (sc065part3C)	Two people discuss the case inside an apartment.	
xv/23247.xmv	Apartment - apartment conversation (sc065part3D)	Two people discuss the case inside an apartment.	
xv/23251.xmv	Apartment - apartment conversation (sc065part3F)	Two people discuss the case inside an apartment.	
xv/23253.xmv	Apartment - apartment conversation (sc065part3G)	Two people discuss the case inside an apartment.	
xv/23257.xmv	Apartment - apartment conversation (sc065part3I)	Two people discuss the case inside an apartment.	
xv/23259.xmv	Apartment - apartment conversation (sc065part3J)	Two people discuss the case inside an apartment.	
xv/23261.xmv	Apartment - apartment conversation (sc065part3K)	Two people discuss the case inside an apartment.	
xv/23263.xmv	Apartment - apartment conversation (sc065part3L)	Two people discuss the case inside an apartment.	
xv/23269.xmv	Apartment - apartment conversation (sc065part3O)	Two people discuss the case inside an apartment.	
xv/23271.xmv	Apartment - apartment conversation (sc065part3P)	Two people discuss the case inside an apartment.	
xv/23294.xmv	Night vehicle sequence - 23294	A man arrives by vehicle at night.	
xv/23296.xmv	Night vehicle sequence - 23296	A man arrives by vehicle at night.	
xv/23298.xmv	Night vehicle sequence - 23298	A man arrives by vehicle at night.	
xv/23300.xmv	Night vehicle sequence - 23300	A man arrives by vehicle at night.	
xv/23302.xmv	Night vehicle sequence - 23302	A man arrives by vehicle at night.	
xv/23304.xmv	Woods - boots in rain	A person walks across wet ground.	
xv/23306.xmv	Night vehicle sequence - 23306	A man arrives by vehicle at night.	
xv/23308.xmv	Apartment - apartment conversation (sc070b&71A)	Two people discuss the case inside an apartment.	
xv/23310.xmv	Apartment - apartment conversation (sc070b&71C)	Two people discuss the case inside an apartment.	
xv/23312.xmv	Apartment - apartment conversation (sc070b&71D)	Two people discuss the case inside an apartment.	
xv/23314.xmv	Apartment - apartment conversation (sc070b&71E)	Two people discuss the case inside an apartment.	
xv/23316.xmv	Apartment - apartment conversation (sc070b&71F)	Two people discuss the case inside an apartment.	
xv/23318.xmv	Apartment - apartment conversation (sc070b&71G)	Two people discuss the case inside an apartment.	
xv/23320.xmv	Apartment - apartment conversation (sc070b&71H)	Two people discuss the case inside an apartment.	
xv/23322.xmv	Apartment - apartment conversation (sc070b&71J)	Two people discuss the case inside an apartment.	
xv/23324.xmv	Apartment - apartment conversation (sc070b&71L)	Two people discuss the case inside an apartment.	
xv/23326.xmv	Apartment - apartment conversation (sc070b&71N)	Two people discuss the case inside an apartment.	
xv/23328.xmv	Apartment - apartment conversation (sc070b&71P)	Two people discuss the case inside an apartment.	
xv/23332.xmv	Apartment - apartment conversation (sc070b&71S)	Two people discuss the case inside an apartment.	
xv/23334.xmv	Apartment - apartment conversation (sc070b&71T)	Two people discuss the case inside an apartment.	
xv/23336.xmv	Apartment - apartment conversation (sc070b&71U)	Two people discuss the case inside an apartment.	
xv/23338.xmv	Apartment - apartment conversation (sc070b&71V)	Two people discuss the case inside an apartment.	
xv/23342.xmv	Apartment - apartment conversation (sc070b&71X)	Two people discuss the case inside an apartment.	
xv/23344.xmv	Apartment - apartment conversation (sc070b&71Y)	Two people discuss the case inside an apartment.	
xv/23346.xmv	Apartment - apartment conversation (sc070b&71Z)	Two people discuss the case inside an apartment.	
xv/23348.xmv	Apartment - apartment conversation (sc070b&71AA)	Two people discuss the case inside an apartment.	
xv/23350.xmv	Apartment - apartment conversation (sc070b&71AB)	Two people discuss the case inside an apartment.	
xv/23352.xmv	Apartment - apartment conversation (sc070b&71AC)	Two people discuss the case inside an apartment.	
xv/23354.xmv	Apartment - apartment conversation (sc070b&71AD)	Two people discuss the case inside an apartment.	
xv/23358.xmv	Warehouse conversation - 23358	A man speaks across a bright warehouse room.	
xv/23360.xmv	Warehouse conversation - 23360	A man speaks across a bright warehouse room.	
xv/23362.xmv	Warehouse conversation - 23362	A man speaks across a bright warehouse room.	
xv/23364.xmv	Warehouse conversation - 23364	A man speaks across a bright warehouse room.	
xv/23366.xmv	Warehouse conversation - 23366	A man speaks across a bright warehouse room.	
xv/23368.xmv	Warehouse conversation - 23368	A man speaks across a bright warehouse room.	
xv/23370.xmv	Warehouse conversation - 23370	A man speaks across a bright warehouse room.	
xv/23372.xmv	Warehouse conversation - 23372	A man speaks across a bright warehouse room.	
xv/23374.xmv	Warehouse conversation - 23374	A man speaks across a bright warehouse room.	
xv/23378.xmv	Warehouse conversation - 23378	A man speaks across a bright warehouse room.	
xv/23380.xmv	Warehouse conversation - 23380	A man speaks across a bright warehouse room.	
xv/23382.xmv	Warehouse conversation - 23382	A man speaks across a bright warehouse room.	
xv/23384.xmv	Warehouse conversation - 23384	A man speaks across a bright warehouse room.	
xv/23386.xmv	Warehouse conversation - 23386	A man speaks across a bright warehouse room.	
xv/23388.xmv	Warehouse conversation - 23388	A man speaks across a bright warehouse room.	
xv/23390.xmv	Warehouse conversation - 23390	A man speaks across a bright warehouse room.	
xv/23392.xmv	Warehouse conversation - 23392	A man speaks across a bright warehouse room.	
xv/23394.xmv	Warehouse conversation - 23394	A man speaks across a bright warehouse room.	
xv/23396.xmv	Warehouse conversation - 23396	A man speaks across a bright warehouse room.	
xv/23398.xmv	Warehouse conversation - 23398	A man speaks across a bright warehouse room.	
xv/23400.xmv	Warehouse conversation - 23400	A man speaks across a bright warehouse room.	
xv/23402.xmv	Warehouse conversation - 23402	A man speaks across a bright warehouse room.	
xv/23404.xmv	Warehouse conversation - 23404	A man speaks across a bright warehouse room.	
xv/23406.xmv	Warehouse conversation - 23406	A man speaks across a bright warehouse room.	
xv/23408.xmv	Warehouse conversation - 23408	A man speaks across a bright warehouse room.	
xv/23410.xmv	Warehouse conversation - 23410	A man speaks across a bright warehouse room.	
xv/23412.xmv	Warehouse conversation - 23412	A man speaks across a bright warehouse room.	
xv/23414.xmv	Warehouse conversation - 23414	A man speaks across a bright warehouse room.	
xv/23428.xmv	Secret Base - transition_122_122aA	A filmed sequence at Secret Base.	
xv/23430.xmv	Secret Base - sc122AB	A filmed sequence at Secret Base.	
xv/23434.xmv	Secret Base - sc122AD	A filmed sequence at Secret Base.	
xv/23436.xmv	Field-office meeting - 23436	Men talk inside an office.	
xv/23440.xmv	Field-office meeting - 23440	Men talk inside an office.	
xv/23444.xmv	Field-office meeting - 23444	Men talk inside an office.	
xv/23446.xmv	Wong dock - sc48 StearnsAtomsA	A filmed sequence at Wong dock.	
xv/23448.xmv	Wong dock - sc48 StearnsAtomsB	A filmed sequence at Wong dock.	
xv/23450.xmv	Wong dock - sc48 StearnsAtomsC	A filmed sequence at Wong dock.	
xv/23452.xmv	Wong dock - sc48 StearnsAtomsD	A filmed sequence at Wong dock.	
xv/23454.xmv	Wong dock - sc48 StearnsAtomsE	A filmed sequence at Wong dock.	
xv/23456.xmv	Wong dock - sc48 StearnsAtomsF	A filmed sequence at Wong dock.	
xv/23458.xmv	Wong dock - sc48 StearnsAtomsG	A filmed sequence at Wong dock.	
xv/23460.xmv	Wong dock - sc48 StearnsAtomsH	A filmed sequence at Wong dock.	
xv/23462.xmv	Wong dock - sc48 StearnsAtomsI	A filmed sequence at Wong dock.	
xv/23464.xmv	Secret Base - sca120A	A filmed sequence at Secret Base.	
xv/23468.xmv	Secret Base - scRA120A	A filmed sequence at Secret Base.	
xv/23470.xmv	Rauch site - transition from 109 to 114A	A filmed sequence at Rauch site.	
xv/23478.xmv	Man by the waterfront - 23478	A suited man stands outside near the water.	
xv/23480.xmv	Warehouse - sc017_18AD	A filmed sequence at Warehouse.	
xv/23482.xmv	Warehouse - sc017_18AE	A filmed sequence at Warehouse.	
xv/23486.xmv	Warehouse - sc017_18AG	A filmed sequence at Warehouse.	
xv/23488.xmv	Warehouse - sc017_18AH	A filmed sequence at Warehouse.	
xv/23624.xmv	Coroner's office - sc060part2A	A filmed sequence at the coroner's office.	
xv/23628.xmv	Coroner's office - sc060part2C	A filmed sequence at the coroner's office.	
xv/23630.xmv	Coroner's office - sc060part2D	A filmed sequence at the coroner's office.	
xv/23634.xmv	Coroner's office - sc060part2F	A filmed sequence at the coroner's office.	
xv/23636.xmv	Coroner's office - sc060part2G	A filmed sequence at the coroner's office.	
xv/23638.xmv	Coroner's office - sc060part2I	A filmed sequence at the coroner's office.	
xv/23640.xmv	Coroner's office - sc060part2J	A filmed sequence at the coroner's office.	
xv/23658.xmv	Coroner's office - sc060part2S	A filmed sequence at the coroner's office.	
xv/23660.xmv	Coroner's office - sc060part2T	A filmed sequence at the coroner's office.	
xv/23664.xmv	Coroner's office - sc060part2V	A filmed sequence at the coroner's office.	
xv/23666.xmv	Coroner's office - sc060part2W	A filmed sequence at the coroner's office.	
xv/23668.xmv	Coroner's office - sc060part2X	A filmed sequence at the coroner's office.	
xv/23670.xmv	Coroner's office - sc060part2Y	A filmed sequence at the coroner's office.	
xv/23672.xmv	Coroner's office - sc060part2Z	A filmed sequence at the coroner's office.	
xv/25230.xmv	Tarakan - taraExt2A	A filmed sequence at Tarakan.	
xv/25232.xmv	Tarakan - taraExt2B	A filmed sequence at Tarakan.	
xv/25234.xmv	Tarakan - taraExt2C	A filmed sequence at Tarakan.	
xv/25236.xmv	Tarakan - taraExt2D	A filmed sequence at Tarakan.	
xv/28398.xmv	Secret base - wall switch	A wall-mounted switch inside the base.	
xv/28400.xmv	Secret base - wall switch	A wall-mounted switch inside the base.	
xv/28402.xmv	Secret base - wall switch	A wall-mounted switch inside the base.	
xv/28404.xmv	Secret base - wall switch	A wall-mounted switch inside the base.	
xv/28444.xmv	Wall handset - 28444	A handset and cable hang beside a wall.	
xv/28450.xmv	Keypad close-up - 28450	A hand works a keypad.	
xv/28456.xmv	Smolnikoff - Sc85_Big_FallA	A filmed sequence at Gun battle.	Smolnikoff
xv/29078.xmv	Red wall switch - 29078	A red switch appears in close-up.	
xv/29080.xmv	Red wall switch - 29080	A red switch appears in close-up.	
xv/29082.xmv	Red wall switch - 29082	A red switch appears in close-up.	
xv/29084.xmv	Red wall switch - 29084	A red switch appears in close-up.	
xv/29166.xmv	Secret base - red switch	A red wall switch shown in close-up.	
xv/29168.xmv	Secret base - red switch	A red wall switch shown in close-up.	
xv/29811.xmv	Comity - Sc010 establish fO	A filmed sequence at Comity.	
xv/29927.xmv	Rail Yard - Bum1A	A filmed sequence at Rail Yard.	
xv/29929.xmv	Rail Yard - Bum1B	A filmed sequence at Rail Yard.	
xv/29931.xmv	Rail Yard - Bum1D	A filmed sequence at Rail Yard.	
xv/29933.xmv	Rail Yard - Bum1E	A filmed sequence at Rail Yard.	
xv/29935.xmv	Rail Yard - Bum1F	A filmed sequence at Rail Yard.	
xv/29937.xmv	Rail Yard - Bum1H	A filmed sequence at Rail Yard.	
xv/31042.xmv	Hospital - Sc95fC	A filmed sequence at Hospital.	
xv/31280.xmv	Hospital - Sc95fU	A filmed sequence at Hospital.	
xv/33308.xmv	Wong dock - Sc24fD	A filmed sequence at Wong dock.	
xv/33401.xmv	Warehouse - sc017_18M	A filmed sequence at Warehouse.	
xv/35990.xmv	FBI field office - cabinetA	A filmed sequence at the fbi field office.	
xv/35994.xmv	FBI field office - cabinetC	A filmed sequence at the fbi field office.	
xv/38448.xmv	Woods - Sc114L	A filmed sequence at Woods.	
xv/38767.xmv	Smolnikoff - sc85b_GunmanA	A filmed sequence at Gun battle.	Smolnikoff
xv/38792.xmv	Hauling yard - Bomb bigA	A filmed sequence at Hauling yard.	
xv/41314.xmv	Hauling yard - Explosion CancerManA	A filmed sequence at Hauling yard.	
xv/41316.xmv	Hauling yard - Explosion RauchA	A filmed sequence at Hauling yard.	
xv/41319.xmv	FBI field office - Rauch final w_efxA	A filmed sequence at the fbi field office.	
xv/42912.xmv	Hauling yard - SC80T	A filmed sequence at Hauling yard.	
xv/42914.xmv	Hauling yard - SC80U	A filmed sequence at Hauling yard.	
xv/42918.xmv	Hauling yard - SC80V	A filmed sequence at Hauling yard.	
xv/42920.xmv	Hauling yard - SC80W	A filmed sequence at Hauling yard.	
xv/42922.xmv	Hauling yard - SC80X	A filmed sequence at Hauling yard.	
xv/42924.xmv	Hauling yard - SC80Y	A filmed sequence at Hauling yard.	
xv/43070.xmv	Floorboard close-up - 43070	A close view of wooden floorboards.	
xv/43085.xmv	Night truck sequence - 43085	A truck and a walking figure appear at night.	
xv/43088.xmv	Night truck sequence - 43088	A truck and a walking figure appear at night.	
xv/44099.xmv	Man at office computer - 44099	A man speaks beside a computer screen.	
xv/44104.xmv	FBI field office - sc043A	A filmed sequence at the fbi field office.	
xv/44483.xmv	Secret Base - sc121 INCOMPI	A filmed sequence at Secret Base.	
xv/45858.xmv	Secret Base - sc122B	A filmed sequence at Secret Base.	
xv/47536.xmv	Woods at night - 47536	Figures move through misty woods with lights.	
xv/47538.xmv	Woods at night - 47538	Figures move through misty woods with lights.	
xv/47540.xmv	Woods at night - 47540	Figures move through misty woods with lights.	
xv/47749.xmv	Smolnikoff - sc084K	A filmed sequence at Gun battle.	Smolnikoff
xv/47750.xmv	Smolnikoff - sc084L	A filmed sequence at Gun battle.	Smolnikoff
xv/47751.xmv	Smolnikoff - sc084B	A filmed sequence at Gun battle.	Smolnikoff
xv/47752.xmv	Smolnikoff - sc084C	A filmed sequence at Gun battle.	Smolnikoff
xv/47753.xmv	Smolnikoff - sc084D	A filmed sequence at Gun battle.	Smolnikoff
xv/47754.xmv	Smolnikoff - sc084J	A filmed sequence at Gun battle.	Smolnikoff
xv/47793.xmv	Smolnikoff - sc084H	A filmed sequence at Gun battle.	Smolnikoff
xv/47794.xmv	Smolnikoff - sc084G	A filmed sequence at Gun battle.	Smolnikoff
xv/47795.xmv	Smolnikoff - sc084F	A filmed sequence at Gun battle.	Smolnikoff
xv/47799.xmv	Wong dock - sc52V	A filmed sequence at Wong dock.	
xv/47801.xmv	Wong dock - sc52W	A filmed sequence at Wong dock.	
xv/47805.xmv	Wong dock - sc52T	A filmed sequence at Wong dock.	
xv/49013.xmv	Secret Base - sc121 INCOMPA	A filmed sequence at Secret Base.	
xv/49014.xmv	Secret Base - sc121 INCOMPB	A filmed sequence at Secret Base.	
xv/49015.xmv	Secret Base - sc121 INCOMPC	A filmed sequence at Secret Base.	
xv/49017.xmv	Secret Base - Sc121 INCOMPE	A filmed sequence at Secret Base.	
xv/49022.xmv	Secret Base - Sc121 INCOMPJ	A filmed sequence at Secret Base.	
xv/49024.xmv	Secret Base - sc121 INCOMPL	A filmed sequence at Secret Base.	
xv/49025.xmv	Secret Base - sc121 INCOMPM	A filmed sequence at Secret Base.	
xv/50405.xmv	Dark transition - 50405	A brief almost black image.	
xv/51167.xmv	FBI field office - sc032fL	A filmed sequence at the fbi field office.	
xv/51222.xmv	FBI field office - Sc31D	A filmed sequence at the fbi field office.	
xv/51224.xmv	FBI field office - Sc31F	A filmed sequence at the fbi field office.	
xv/51226.xmv	FBI field office - Sc31H	A filmed sequence at the fbi field office.	
xv/51238.xmv	Wong dock - sc48 StearnsB	A filmed sequence at Wong dock.	
xv/51240.xmv	Wong dock - sc48 StearnsD	A filmed sequence at Wong dock.	
xv/51242.xmv	Wong dock - sc48 StearnsF	A filmed sequence at Wong dock.	
xv/51295.xmv	Hospital - Sc95fAA	A filmed sequence at Hospital.	
xv/51301.xmv	Hospital - Sc95fAC	A filmed sequence at Hospital.	
xv/51304.xmv	Hospital - Sc95fJ	A filmed sequence at Hospital.	
xv/51310.xmv	Rail Yard - Bum1C	A filmed sequence at Rail Yard.	
xv/51312.xmv	Rail Yard - Bum1G	A filmed sequence at Rail Yard.	
xv/51314.xmv	Rail Yard - Bum1I	A filmed sequence at Rail Yard.	
xv/51316.xmv	Rail Yard - Bum2B	A filmed sequence at Rail Yard.	
xv/51318.xmv	FBI field office - sc33_8_miscB	A filmed sequence at the fbi field office.	
xv/51320.xmv	Apartment - sc72_AmisA	A filmed sequence in the apartment.	
xv/51324.xmv	Comity - sc014O	A filmed sequence at Comity.	
xv/51326.xmv	Rauch site - Sc108part1C	A filmed sequence at Rauch site.	
xv/51330.xmv	Rauch site - Sc108part1E	A filmed sequence at Rauch site.	
xv/51333.xmv	Rauch site - Sc108part1G	A filmed sequence at Rauch site.	
xv/51460.xmv	Tarakan interior - TarakanInt2J	A filmed scene inside the Tarakan facility.	
xv/51462.xmv	Tarakan interior - TarakanInt2K	A filmed scene inside the Tarakan facility.	
xv/51464.xmv	Tarakan interior - TarakanInt2R	A filmed scene inside the Tarakan facility.	
xv/51466.xmv	Tarakan interior - TarakanInt2S	A filmed scene inside the Tarakan facility.	
xv/51468.xmv	Tarakan interior - TarakanInt1D	A filmed scene inside the Tarakan facility.	
xv/51472.xmv	Tarakan interior - TarakanInt1G	A filmed scene inside the Tarakan facility.	
xv/51497.xmv	FBI field office - sc43_atomsA	A filmed sequence at the fbi field office.	
xv/51501.xmv	FBI field office - sc43_atomsC	A filmed sequence at the fbi field office.	
xv/51503.xmv	FBI field office - sc43_atomsD	A filmed sequence at the fbi field office.	
xv/51505.xmv	FBI field office - sc43_atomsE	A filmed sequence at the fbi field office.	
xv/51507.xmv	FBI field office - sc43_atomsF	A filmed sequence at the fbi field office.	
xv/51513.xmv	Comity - Sc010 establish fM	A filmed sequence at Comity.	
xv/51515.xmv	Comity - Sc010 establish fR	A filmed sequence at Comity.	
xv/51517.xmv	Comity - Sc010 establish fT	A filmed sequence at Comity.	
xv/51519.xmv	Comity - Sc010 establish fW	A filmed sequence at Comity.	
xv/51523.xmv	Comity - Sc010 establish fAC	A filmed sequence at Comity.	
xv/51525.xmv	Comity - Sc010 establish fAE	A filmed sequence at Comity.	
xv/51527.xmv	Coroner's office - sc060part1E	A filmed sequence at the coroner's office.	
xv/51531.xmv	Coroner's office - sc060part2AA	A filmed sequence at the coroner's office.	
xv/51533.xmv	Coroner's office - sc060part2H	A filmed sequence at the coroner's office.	
xv/51538.xmv	Wong dock - sc051_WongNoHandA	A filmed sequence at Wong dock.	
xv/51541.xmv	Warehouse - Sc21fB	A filmed sequence at Warehouse.	
xv/51543.xmv	Warehouse - Sc21fD	A filmed sequence at Warehouse.	
xv/51546.xmv	Warehouse - Sc21fF	A filmed sequence at Warehouse.	
xv/51548.xmv	Warehouse - Sc21fH	A filmed sequence at Warehouse.	
xv/51550.xmv	Warehouse - Sc21fJ	A filmed sequence at Warehouse.	
xv/51552.xmv	Warehouse - Sc21fL	A filmed sequence at Warehouse.	
xv/51554.xmv	Warehouse - Sc21fX	A filmed sequence at Warehouse.	
xv/51602.xmv	Wong dock - sc48 A&W part 3B	A filmed sequence at Wong dock.	
xv/51604.xmv	Wong dock - sc48 A&W part 3D	A filmed sequence at Wong dock.	
xv/51606.xmv	Wong dock - sc48 A&W part 3E	A filmed sequence at Wong dock.	
xv/51608.xmv	Wong dock - sc48 A&W part 3G	A filmed sequence at Wong dock.	
xv/51611.xmv	Wong dock - sc48 A&W part 3H	A filmed sequence at Wong dock.	
xv/51613.xmv	Wong dock - sc48 A&W part 3J	A filmed sequence at Wong dock.	
xv/51965.xmv	Hauling yard - Explosion 2A	A filmed sequence at Hauling yard.	
xv/51967.xmv	Hauling yard - Explosion 3A	A filmed sequence at Hauling yard.	
xv/51969.xmv	Hauling yard - Explosion 4A	A filmed sequence at Hauling yard.	
xv/52547.xmv	Wong dock - sc48 A&W part 1C	A filmed sequence at Wong dock.	
xv/54108.xmv	Smolnikoff - sc084A	A filmed sequence at Gun battle.	Smolnikoff
xv/54663.xmv	Wong dock - Sc48 ArleyC	A filmed sequence at Wong dock.	
xv/54665.xmv	Wong dock - Sc48 ArleyE	A filmed sequence at Wong dock.	
xv/54667.xmv	Wong dock - Sc48 ArleyG	A filmed sequence at Wong dock.	
xv/54669.xmv	Wong dock - Sc48 ArleyI	A filmed sequence at Wong dock.	
xv/54671.xmv	Wong dock - Sc48 ArleyK	A filmed sequence at Wong dock.	
xv/54673.xmv	Wong dock - Sc48 ArleyM	A filmed sequence at Wong dock.	
xv/54681.xmv	Apartment - sc070b&71B	A filmed sequence in the apartment.	
xv/54683.xmv	Apartment - sc070b&71I	A filmed sequence in the apartment.	
xv/54685.xmv	Apartment - sc070b&71K	A filmed sequence in the apartment.	
xv/54687.xmv	Apartment - sc070b&71M	A filmed sequence in the apartment.	
xv/54689.xmv	Apartment - sc070b&71O	A filmed sequence in the apartment.	
xv/54691.xmv	Woman in apartment - 54691	A woman speaks in a dim apartment.	
xv/54735.xmv	FBI field office - sc104_105_2J	A filmed sequence at the fbi field office.	
xv/55043.xmv	Smolnikoff site - Sc86fF	A filmed sequence at Smolnikoff site.	
xv/55109.xmv	Warehouse - sc017_18I	A filmed sequence at Warehouse.	
xv/55114.xmv	Industrial wall switch - 55114	A person reaches toward a wall switch.	
xv/55247.xmv	Warehouse - Sc21fbB	A filmed sequence at Warehouse.	
xv/55256.xmv	Comity - Sc010 establish fP	A filmed sequence at Comity.	
xv/56001.xmv	The X-Files title sequence	The X-Files title sequence from the game's movie assets.	
xv/56002.xmv	HB logo	HB logo from the game's movie assets.	
xv/56003.xmv	Fox logo	Fox logo from the game's movie assets.	
xv/56110.xmv	FBI field office - SC005-007fQ	A filmed sequence at the fbi field office.	
xv/56543.xmv	Comity - Sc010 establish fBB	A filmed sequence at Comity.	
xv/58151.xmv	Coroner's office - sc062part1B	A filmed sequence at the coroner's office.	
xv/58615.xmv	VC logo	VC logo from the game's movie assets.	
xv/58617.xmv	Woods at night - 58617	Figures move through misty woods with lights.	
xv/58618.xmv	Woods at night - 58618	Figures move through misty woods with lights.	
xv/58619.xmv	Woods at night - 58619	Figures move through misty woods with lights.	
xv/61126.xmv	FBI field office - sc008E	A filmed sequence at the fbi field office.	
xv/61851.xmv	Smolnikoff site - SC83D	A filmed sequence at Smolnikoff site.	
xv/63750.xmv	Secret base - red switch	A red wall switch shown in close-up.	
xv/63751.xmv	Secret base - red switch	A red wall switch shown in close-up.	
xv/64421.xmv	Institution exterior - 64421	Day and night views of a stone building.	
xv/64422.xmv	Institution exterior - 64422	Day and night views of a stone building.	
xv/64432.xmv	Hospital exterior - 64432	Exterior views of a hospital entrance.	
xv/64437.xmv	Hospital exterior - 64437	Exterior views of a hospital entrance.	
xv/64623.xmv	Wong dock - Sc51B	A filmed sequence at Wong dock.	
xv/64657.xmv	Building entrance - 64657	A brick building entrance in daylight.	
xv/64661.xmv	Building at night - 64661	A lit building exterior after dark.	
xv/64665.xmv	Hospital entrance at night - 64665	A lit hospital doorway after dark.	
xv/64666.xmv	Hospital entrance at night - 64666	A lit hospital doorway after dark.	
xv/64700.xmv	Television static	A full-screen burst of monochrome static.	
xv/64701.xmv	Television static	A full-screen burst of monochrome static.	
xv/66733.xmv	Secret Base - sc122A	A filmed sequence at Secret Base.	
xv/67749.xmv	Office building at night - 67749	A vehicle waits outside a modern building.	
xv/67753.xmv	House entrance at night - 67753	A dark residential front door.	
xv/68459.xmv	Waterfront building at night - 68459	A lit building beside the water.	
xv/68809.xmv	Laboratory vessel - 68809	A glass laboratory vessel in a dark room.	
xv/69212.xmv	Wong dock - Sc48 ArleyAtomsH	A filmed sequence at Wong dock.	
xv/69214.xmv	Wong dock - sc48 ASTA1C	A filmed sequence at Wong dock.	
xv/70387.xmv	Hospital - Sc95fG	A filmed sequence at Hospital.	
xv/70515.xmv	Secret Base - Sc118 INCOMPA	A filmed sequence at Secret Base.	
xv/70706.xmv	Warehouse - sc017_18_CUcarB	A filmed sequence at Warehouse.	
xv/70710.xmv	Woods - binocular view	A distant figure seen through binoculars.	
xv/70712.xmv	Woods - binocular view	A distant figure seen through binoculars.	
xv/71003.xmv	Man by wall switch - 71003	A man reaches toward an industrial switch.	
xv/71213.xmv	Warehouse - sc017_18O	A filmed sequence at Warehouse.	
xv/71855.xmv	Car at night - 71855	A vehicle drives away on a dark wet road.	
xv/71914.xmv	Car through binoculars - 71914	A distant vehicle is seen through binoculars.	
xv/73994.xmv	Tarakan - TaraInt_AstaAtomsB	A filmed sequence at Tarakan.	
xv/73996.xmv	Tarakan - TaraInt_AstaAtomsD	A filmed sequence at Tarakan.	
xv/73997.xmv	Tarakan - TaraInt_AstaAtomsE	A filmed sequence at Tarakan.	
xv/73998.xmv	Tarakan - TaraInt_AstaAtomsF	A filmed sequence at Tarakan.	
xv/73999.xmv	Tarakan - TaraInt_AstaAtomsG	A filmed sequence at Tarakan.	
xv/74000.xmv	Tarakan - TaraInt_AstaAtomsH	A filmed sequence at Tarakan.	
xv/74129.xmv	Shadowed doorway - 74129	A figure stands in a dim doorway.	
xv/75210.xmv	Apartment - sc065part2G	A filmed sequence in the apartment.	
xv/75213.xmv	Man in close-up - 75213	A man speaks in a dark interior.	
xv/77995.xmv	Apartment - sc070b&71R	A filmed sequence in the apartment.	
xv/78767.xmv	FBI field office - sc008C_noFiles	A filmed sequence at the fbi field office.	
xv/78768.xmv	FBI field office - sc008B_noFiles	A filmed sequence at the fbi field office.	
xv/79653.xmv	FBI field office - SC005-007fR	A filmed sequence at the fbi field office.	
xv/80829.xmv	FBI field office - SC09A	A filmed sequence at the fbi field office.	
xv/81407.xmv	Blue texture - 81407	A brief blue textured image.	
xv/82220.xmv	Hospital - Sc95fW	A filmed sequence at Hospital.	
xv/82222.xmv	Hospital - Sc95fY	A filmed sequence at Hospital.	
xv/82367.xmv	Hospital - sc96J	A filmed sequence at Hospital.	
xv/82995.xmv	Tarakan interior - TarakanInt2E	A filmed scene inside the Tarakan facility.	
xv/83176.xmv	Apartment - Gas station w_efxA	A filmed sequence in the apartment.	
xv/83290.xmv	Crime lab - sc036L	A filmed sequence at the crime lab.	
xv/83845.xmv	Man at office doorway - 83845	A man speaks from a doorway.	
xv/84459.xmv	Coroner's office - sc060part2B	A filmed sequence at the coroner's office.	
xv/85229.xmv	Apartment - sc070aJ	A filmed sequence in the apartment.	
xv/87260.xmv	Woods - SC114aC	A filmed sequence at Woods.	
xv/87296.xmv	FBI field office - willyes	A filmed sequence at the fbi field office.	
xv/87297.xmv	FBI field office - willno	A filmed sequence at the fbi field office.	
xv/87298.xmv	FBI field office - cooksure	A filmed sequence at the fbi field office.	
xv/87345.xmv	Dolby logo	Dolby logo from the game's movie assets.	
xv/87579.xmv	Hospital - Sc96BCD	A filmed sequence at Hospital.	
xv/87863.xmv	Office computer - 87863	A desk computer in a dim room.	
xv/87864.xmv	Woman in apartment - 87864	A woman speaks indoors.	
xv/88316.xmv	Secret Base - sc118_incomp BLASTA	A filmed sequence at Secret Base.	
xv/88908.xmv	Rail Yard - sc100_101_atomsC	A filmed sequence at Rail Yard.	
xv/88909.xmv	Rail Yard - sc100_101_atomsE	A filmed sequence at Rail Yard.	
xv/88910.xmv	Rail Yard - sc100_101_atomsF	A filmed sequence at Rail Yard.	
xv/88916.xmv	Rail Yard - sc100_101_atomsD	A filmed sequence at Rail Yard.	
xv/88917.xmv	Rail Yard - sc100_101_atomsH	A filmed sequence at Rail Yard.	
xv/88919.xmv	Rail Yard - sc100_101_atomsG	A filmed sequence at Rail Yard.	
xv/89520.xmv	Wong dock - sc48 A&W part 1A	A filmed sequence at Wong dock.	
xv/89529.xmv	Wong dock - sc48 ASTA1A	A filmed sequence at Wong dock.	
xv/90178.xmv	Secret Base - Sc119A	A filmed sequence at Secret Base.	
xv/90740.xmv	Crime lab - Sc88&89B	A filmed sequence at the crime lab.	
xv/90830.xmv	Rauch site - Sc109part1C	A filmed sequence at Rauch site.	
xv/90897.xmv	Man in dark office - 90897	A suited man speaks in an office.	
xv/91298.xmv	Wall-mounted box - 91298	A small wall-mounted box in close-up.	
xv/91379.xmv	Crime lab - sc036A	A filmed sequence at the crime lab.	
xv/93405.xmv	Rauch site - Sc108part1R	A filmed sequence at Rauch site.	
xv/93472.xmv	FBI field office - sc104_105_1F	A filmed sequence at the fbi field office.	
xv/93475.xmv	FBI field office - sc104_105_2A	A filmed sequence at the fbi field office.	
xv/93573.xmv	Man outdoors - 93573	A man speaks near a warehouse.	
