dlg.ttr	108776	e7a0aad7a63850c381239ed9ea32e5346847ee39ccbf818f6db80940da7b5e50
hcd.ttr	53472	1965d766053f9b461068e1d008c1bbae532579e7c518a18da9c3c757e0926e70
jrn.ttr	46996	ce1175a2a17ed67012cbf43f3198727a93947df6ad404228f602b6f48c31f8d3
nav1.nmv	6143233	cbeab0681536bc2765f3d5b3ed6757bad4f9ec409201de7f21414cbb6d622d96
nav2.nmv	13081138	7b66daabd3811e041850d450f5e40294716d3ba6f19bc598f876dc7af242b006
nav3.nmv	17939839	80fb0d2def6c4076e3245d6c70c4cfa02fb4917df1ebeebda1267c435211e3c6
nav4.nmv	19376762	9bffc154075d256f9a490bda9f6f942bb8c99a8961074a3a2e8e97da729f8e12
nav5.nmv	21660305	430eb7e5534fd420e0aee5dca810fc9ff4ea3109fa7ae5791a6dfe7bb1d8818f
nav6.nmv	25534643	b81f350a3828cc51285d583f634228f0df8bbfa466f01999fa3b161ff1bf48c9
nav7.nmv	9567585	c1286ecdef195025f5b87682540b594e226bb767473d04d5f1c21697dcf6b1e9
navm.nmv	6671771	88cbd52a9fa657f4d5d2e8e5d7284af2080f7e6b27a37894c605b500a83499d2
phn.ttr	42624	872370a64622a6692103d26854b3d0ae9a8ca5f94053431246c01ccc991d8e2d
x.pff	43860430	eb13dfe7ea63b66d0df3ee1da4792069463728215b86df28cb5650e5885283ff
x7.pff	655832	b55f3d6b9983d05a0330313fc32a9d553a8bda16e7f7a972f285d42bcd581efc
xfiles.exe	3376128	d1cfec26c69c03a41d3a0e81783a11b7892bc6846f6326b306f99f2ed534e1d6
xfiles.gam	155544	cb105b2b1c79b890102bdd0fa36434d0a24ad67018df24808c32b3f2d051f9eb
xfiles.hdb	6074064	1839dc35011f55d7d32ff4929c3a365e3176934898677942fd88546981cdd591
xfilesc.dll	22528	13476a0e293561245fe2c127e0c4d98eea881d92a5fc4be26381576f76515b68
xfilese.dll	28160	09c30b2d28090358bfffef655e11a52eec5e0f61a7811e1e641f2aa96e6d2dcd
xfiless.dll	28672	869ea0f6c0cc25f58061adb809471bc34b6f7d4951996c708661a2657033ca86
xfilest.dll	84480	371017964cc7d57f92e4110f2879ddbbd05aaa364e482361d53c5c738bf23d52
xg/01556.xmv	185140	7774ee3a107f3a109e41461bd9e6d6ee72bfd36d73290b89b66568dc8a6b67bd
xg/01557.xmv	164069	ef163507a13f92cedc223dff3307d2511279be43b890c4bd69cd7a9b24be796e
xg/07093.pff	4940	cc7e9a7a7a2ac82628470bcb7330ab3febf88820d9335be5610484a0e8369316
xg/17477.pff	20746	498e06177fafbf4ee931f206f01980f664f32a2f1c8c5a58f101f41a2b6f3eb1
xg/24465.xmv	84745	17fc1b715daa5af5fbdfdc84c9a0864746acf00f5f6a0e3af403a40a8023c31d
xg/24467.xmv	91645	7df07b5144c74bb212b34683b5afb68afa76371495dcee7769dcaa7f17a0cb39
xg/24469.xmv	94285	c298b9eabfc9bb31fb8c4cfb9ff61f4eea1472fc261989c8f12ac57eaf97998a
xg/24471.xmv	91577	79bde02a6eb850f4c710e4724ad6d4d0cc7fc811acabc5f57a35d35e7bd66d63
xg/24473.xmv	78761	51ee6f271264aa57560305d029e857eb927c18139fac02331916b8e88ec90919
xg/24475.xmv	94425	fedcf5dc4ede65fa466ab18172ab9b49c943b12373629d220c824bbedeca47b7
xg/24477.xmv	118969	1a9dc68333549ebf40fab7b45229044497a3a9de9b558c678362d321e1fb5eae
xg/24479.xmv	90757	8ee58764df4bda485e48acf38aeff1173100582ea512f6b8c5842a73fff562f8
xg/24481.xmv	99357	03e107858cda71fdf5bce09db30df8dd54f24ea39e01ebad6d59c1eb3673e9c6
xg/24483.xmv	101389	b2f6c17e8878d2338d0229b34b9a39ed164f73d55a756065e0cf3f4b31835806
xg/24485.xmv	118697	139ea3fa91af2b4ab51f9518adf6f1484bb99d6ad36d8a82b07b520bd972d6a2
xg/24487.xmv	152805	5d748d918306291b2ad643a4aad1b94ac740ea8bf290964f967e6b2b8e26d48d
xg/24489.xmv	148649	53a98d345716714ac8caa3aa7fe1dbfc9fbfbd934863ee834c5989936d85e347
xg/24491.xmv	74637	1c8a6b3519e1eca667d6fdcb0606cfb12aeaa4513f62e044bd421d37a1e70a0a
xg/24493.xmv	80273	c21e4fd5f7fd4e22c0a553d4e5f826787ac8b6e6935fee111ef707a725c20b0c
xg/24495.xmv	96869	fdd305f4f623de9fb553b440f2878d142cdec25c328bc99362f12bf332af053b
xg/24497.xmv	102017	894c4f1875f84912604133a1efccba4c1780dd42145dbb51eac8d88b54d5def6
xg/24505.xmv	140745	ec3978b5c70915d0c7865a3bc221631b1cd705b02fcab38ea755ae5838ff60ad
xg/24509.xmv	91469	f77d51672868a38cac53925dc262f2853851eca45a0611933623ea92d5fabc5d
xg/24511.xmv	98349	4c8603735d499f56a100b0fb06804e67f424980bd29e7d717d6eae297dd2c211
xg/24513.xmv	52497	50e9fe31be11550b5a0b31a192f7b9f9ea077abbb95c7a014e243ac086ec017d
xg/24515.xmv	114105	d68707735e51c091ac8fb578de2ce714d91a167ab9ef510b3949ef1317fa1e67
xg/24517.xmv	94233	d93d72b2669391d8c1c94fec2bfa7394937a46548b2afab06f8146454ceb9e2e
xg/24521.xmv	142785	2e2bd2a84d35f8c303e2984165a26e6f87d77de1856752be0383dbca109da26d
xg/24523.xmv	75497	8e72dfa10ed705230fc49db359f80d9a633929ef4c33c91313a35b65fb312197
xg/24525.xmv	103777	2f8fbb82716a3bfe5d1c6734a34888914a341bf15fed2707c831749485f01ecc
xg/24529.xmv	84117	aca833f9dee4c6c0928ae009f3f95b066d5b4b1555e16ce19c36313be3250544
xg/24531.xmv	42797	d10c2a454c9fb6b77398583ca42011fef935fee788c1bb0f771ae0e6257cc5ab
xg/24533.xmv	95633	f41059be175bcff571343771de014e8691c9eaefe534426a966d00df393a391c
xg/24535.xmv	112241	58d013076c67cadfcd88f094b9285678119ebda88435402620a7740e8c93ca3a
xg/25538.pff	35158	0c00d8fca2450f7e01073b3962705fb73ef49b429ea3537eb0b68d7369ac22ab
xg/27684.xmv	139477	afcf1ddd0e5a3aea61d1f4538218285ee7385c5150ce82106cb7c2b53104e309
xg/27686.xmv	135569	1f0be6b62d01da297f77608a9f3e21a99c5d866d7db355fde544375724b20b28
xg/27690.xmv	181824	a63af01779119b82cd1dbd311e3bdd195a67c0a689f14978e423d9581db0fe25
xg/27692.xmv	149443	ec95853ead34b1e4f98bdd21f954ed055c638628314234c102a8461082ed0c35
xg/27694.xmv	557115	42a83c4301e762baf9deb28eebc6e51bbfcf170b92e4e72bcf1b441043054d62
xg/27696.xmv	162820	3d7628117735aaea18a47b7170afa6521812818752fa8c49a67ed77f70e7b47f
xg/27698.xmv	132887	cc0bffa1a643fc82f681395d01c1516bb636a05c7800e38788d0b490f73f84c4
xg/27700.xmv	201317	520becc32afff66f5d5e3a3af216c8c55c1064ddb940eac93f06c1188ff8f890
xg/27702.xmv	183413	89126dd3786bbedfee8ba6ad9ac84bf60becd8b16eaca67b820b466f43bd653e
xg/27704.xmv	117978	2feb021d3353122efeede5ef2fe185de1bed0a11e174b103d73adf208d07fd21
xg/27706.xmv	224188	6861688895d91bae1f5a40d0d0b2a8d8a1022850abeca0f5e14b47bf0db8bccd
xg/28647.xmv	131618	bf8eff25b7b650480ea84137755a85cf844fcb95f4c525d28503d151a7b7839a
xg/28649.xmv	154864	ebfeed3e700586b49afe1885725a6c0ea0f03a6dca2c8a164dee0af9fd4a33bb
xg/49071.xmv	3147283	1eaa69614d5515114ddb6f57e98b2ddb6be92100c074ed5d89923d58b9398bf5
xg/49583.xmv	2242210	0d5616334b919ab8fef0f495bed65af055432ce479ca0a41cb3ce93ee3bf307e
xg/49585.xmv	1511131	1e2132707fc4f8d85ed564541184641c9d32ba7a50485cf1722171a348e2b7ca
xg/49587.xmv	2211895	f62fa73f79837d6609d355c3f83d806b92e7af7c93fb7ef597f6d3a370fc32e8
xg/49589.xmv	312108	48d466251926fbe0c171e68633c5d688c59be50b8c87f436ce6394b484fb1b1a
xg/52248.pff	1680	e01c4e98ebe83dc579bc8159161f7d0960acfe5df1d2d37faee6947449c91196
xg/52250.pff	8140	9021b0693b718f7e504c9ea1aaf3c73a93b4d320dd38184bec04a36265564843
xg/52648.pff	9560	b06054d0090b30982a3c365f74bfd80dd8c07b9349046533629c533f964ca732
xg/52651.pff	486	458bc09c3555afc3b474ab6d888b3d684bc35becb7a1a97c4669705f4b3df082
xg/52655.xmv	221874	50a8ec3c5c8c155c7958addb60c306718bae9e27fb5c6c91d8bf46c113073085
xg/54200.xmv	325933	b2332c52f1e70d3c58ee762c2f0d004ed39c6c574b90ad747cce7724e24f5160
xg/55395.xmv	31749	f6a7f94ce3793321767e168c2f67232101c216ef31466624c4ceccc8270bf0ba
xg/56700.pff	34772	fe2b9b51a08b7d886d6bf2fff7254171e3092292b6b596b0ff859174fc1de990
xg/58092.pff	21290	cd14bef70e991ae6da1e8fdcd50475956f6051b3977bd9a6f3e067c94ba5c08d
xg/58907.pff	24924	8e1adbc46afbdc7f4854ba7bffe9295faa054f5d5c5591153471cbcaf572bae2
xg/58908.pff	4576	3ba30e8d1e1226a1fed3ab4d0f10de4f9862e8748ae54bfa4e3cc010df9c7df2
xg/58909.pff	9422	481013f33a93cf86075c1aa73de5c164948c7c09fceda5fc230bd2919c09a9da
xg/58910.pff	28176	31d069acbb6702efd49c6446634d1a294e4f85e92524bdc2d7a2cb7594fefa21
xg/58911.pff	19932	c5d69431efb47552256a4c88c3abd5dbec431f54ac35feb9f36b750d78866a34
xg/58912.pff	13780	a6a0eec6d0e39b56461b1236f0c0b8369299be66323d76d9a87b30747a084559
xg/61046.xmv	905866	320821af4538f88e83df5765549b19cfd45a3f19ecbe79d840b61fc644b65997
xg/63457.xmv	112482	8ad684856a09806e6a12038867eee14e8b5cfc3d40a50b175839463e2ff279f3
xg/69328.pff	570	fd24fc3c848bcaa1f15b2f91bd034e2362e1a1c13da96f834a9cf489a0d6d804
xg/72706.pff	2800	13df74f3a2d05ec89159c8c35394da16a63792da7ebb31bd009aa93e15901c06
xg/72736.pff	2558	41d79bf2d451d46cbe2dffaa052a8c870b846fd091b24fd1266cdf69dded0fea
xg/73725.xmv	58699	f3d56f7d7df730cc7ba80097d455b6e59668c658ec26109548828f0544f5431f
xg/73726.xmv	115381	82d445c9312d3b9395df7602e6184e786c83468f518ea0a2c0fd29eed6161a37
xg/73727.xmv	87167	7c892bf14c795970e026fd40c977ece2241d10da4f22b8a42b8109f42594d31d
xg/73728.xmv	215287	ad6ef9cf48a42d95d2cff86fc32b65c75da675aa0e5dc9a78cd97adb6ae660b1
xg/74096.xmv	124928	fa6db3469251d70d76e67bbf9e7e4e2b6c9309370d664bc7737139d636e0c08c
xg/82524.pff	532	ef729c1dcd7d2f2f5320037a8a0c462d3214dec954526c3e780047949e40f99a
xg/87598.xmv	91840	83e1c570803cb230296b47dac90620f41b63374057d4a896c1dd9b244c1aeb88
xg/93779.xmv	147799	8074f7f9a130e851f13ff6fa9e5ea5131e3da8b7ddb445e038dc82e4f4540399
xg/94122.xmv	108738	f1346b1a19a58a93a57a829b199ec4ff9cda8d82ebcababdea2c129994852062
xg/94215.xmv	150893	0490bc04369d610d46d8693f58b75e04a44c4c68e2d14da9270562a9cd83cb61
xn/02522.xmv	756808	1071b2beeba0821d2538a6596c36562a6392c44ca0db751b39d5a5e2e45ecf9e
xn/02532.xmv	672081	bc6f3914f1978061ed304e392cdbbaa107b02814c25d661792001bd8e086b76d
xn/04237.xmv	493619	5b456afe86b5cfb9f5e6cb6531402148b6598c8fdc5e787d673556787b8d75fb
xn/04793.xmv	418397	e405f8908c1e8624d17c7eab0e5bfd8c86cedbef5506ddeefcc84e23d7a2c4e1
xn/04832.xmv	249545	5471006fc2bd95fcc7b40deb3e8ecf4cecca8c3a3c4a62a0fd02bb0af17be5f1
xn/06328.xmv	1016807	bbf5ae02d5ca5b9b46f8ced3c2d0be9a85ea8d6dc2ac5e6c40f9b6413f543615
xn/07170.xmv	887136	e537d7c7d4baa3d081e8e7cdeeef9a9939283e6040a3cc22e84fcf65e11c0e0a
xn/07364.xmv	339729	8f52bb6041b1b24972af81725d0df47236523a74b130eea6c11194ddb9dce0a9
xn/09620.xmv	307368	2b415924ecf2730c093b8b3915f6d943bbc43ee4c29c320ed62596bc3bc62079
xn/09628.xmv	300895	5d5e15af67c83420594a0549f94271b0fb21ae503e6b0a49fd3690641275ca7e
xn/09651.xmv	228197	8f479b49e5f4eea8923868af31fc8ec3a391437e3a21fc4f15f974fedc60be45
xn/25653.xmv	131692	c0ac3ee62451ce38c5c93ebcdd6c6d2a5c495ea365dd9e286ad31f99d1979c83
xn/25655.xmv	246765	5847685a86e4d769d78a14c25820ce11c3e89e7e938b2466b87050ac184a2853
xn/25659.xmv	667444	feb1910ee9066f6c5f472dcbf29332e1470ca4a1d7a358202646df89a714cf19
xn/25683.xmv	258476	767bffd6fed502f2cef700b7e53da8b427e1a40d7d53f22d273edec695a03799
xn/25709.xmv	703505	800fdaf3ef408dce3d32a1be52727ed72a1716509c200713ad0c6d0d762b0692
xn/25713.xmv	890127	d0b40545c51460c9b6d3ace522899ad2a1884e17482f042c0b46c197d645f0d8
xn/25715.xmv	40162	737099ae73a16baa4e6299f8150b6ddeee52ce932f47fbccffe97d32140f82e9
xn/25745.xmv	381350	39b91de33e58e06f48f9992e4687335f7cad403803020a86d42356b7cb75596e
xn/25755.xmv	789177	cbb93d13cf193710c0b2d3bc6e155fa08f333492c36624e7956719d65f1a70c3
xn/25763.xmv	391990	9c3c95b13ff452bc16d036ef372bf82d34ceb02f95e5d766e83bb66675922943
xn/25787.xmv	1271734	a3748090f639c9fc4dfa021b6bf25d9aacb096af707681062840453c05ff418e
xn/25793.xmv	412603	c8bab32958b3a9f5a506a6dd89d7b9974835a6dfac3b1ef2a7f55ad702f4f336
xn/25795.xmv	186694	e7c6a801a818129287dba8af4768ccdbde0d63e06c9b350255d1d9ec5f1c5a26
xn/25797.xmv	505808	e732738fe113236fd5ff4bac7f3d615d5955f548982db786c1db555677a8c695
xn/25807.xmv	434551	71188db4d026833db1af2ab898546673f5151e3321a5320cbbf1b943d851f22a
xn/25809.xmv	564581	a341ac2063d7721ff43caaa54da47009bcb071e0ba12154771bf471e794a1205
xn/25841.xmv	979453	5d1a3344ebc94b9879fb193a500140fe746c1afe460c54426e12c77affb6fa49
xn/25843.xmv	221281	4fb72af1d1972ab7250fdb04d7124419254dadbea2a011b21c826facce3b720b
xn/25853.xmv	766476	1d7b2047f8f3f1ec5cd166539d8765ea50668a59c2f5877035c68992673244a8
xn/25867.xmv	1194249	850d8b850f784bf4aadf09399d4a54bcc2e9e7ea03894c0b0db95fe4df7dd575
xn/25909.xmv	2015884	6fe55e59793b9ed27f161b54606d1c22931b605f71782f11438750f9645ac349
xn/25911.xmv	315366	1c1ecf1b930ffb0463ab972e9ea657bc7efe9ceb22e72e66b359c6b660f793ab
xn/25917.xmv	756807	5a0fec872e2cb983343efa01cfe1986699b3dd180bfe92894b17f8357e89aa1c
xn/25923.xmv	287203	a9eef5141ca0ec7b505ad2bf6fcc2f7ea232895eb3f2667e20813164539060cc
xn/25927.xmv	192235	33692cd7aaec0bce5dff411f77b25c2eb3a7994392f74c670fa4bec487c5b50c
xn/25929.xmv	134395	c3de6592a1df8b3211d03c0b7525cc14ec3f9dca0ed6af471073528c9b25fe81
xn/25931.xmv	496570	9d97eda8d6aa1781f5e02659b0165c26c99aa7d643a50a2ccb37711e00bac72a
xn/25933.xmv	366487	7959bbdf7ae7f9dca93219ba9f9e1a1e365ea95bde7f287e50daaa7b010a449c
xn/25935.xmv	1951698	e709bb69d343950480c809dfc3db971067ad1ec37c4d0ecf1a8fb805eed3e330
xn/25947.xmv	474968	203283cfd100b3262543abe4843011d332728fed93fe35f55fb9ec322c30c340
xn/25949.xmv	980615	bcac2d59fda39731cf1d12ccd87b47a2001a524159f334e353c3b29c8e0839af
xn/25951.xmv	1922990	aa35464444d7d6310b803532456c9ef780fb10fb42852f9f2d21c57ccb144f98
xn/25961.xmv	429798	02eee216670b629c42e3e9a205b7efdf503091fded072ccd551f03c4900b8308
xn/25963.xmv	142182	59acdf315bbd11b6682713f982a4f54a080d35470bddb5cfa756d9b75134a918
xn/25965.xmv	476371	73fe54e8890935f25b22895aabb85b3e443f1ea884384ee05a9bd4d868b2ecd3
xn/25967.xmv	1543700	a621d294cfe925052b75af22045e1c132a5247de58912cc322620881ff403303
xn/25969.xmv	787388	8b9755f2aaef2ff66e119fa4a582a445ed4b9dea5def5e2b59d2e7cd911ee604
xn/25975.xmv	487814	27d720bfdc25d236c0a64800fdff7848f48a63b8f8b74aa8113ae98f635785fd
xn/25979.xmv	1413851	06cacf5de81074844c23e45492771d4c520624e16d07af1875bb707673b58abf
xn/25983.xmv	180288	33ac847df14242af571c8890bdc7cab587af7f1594317f24d2164fbaeb8dd155
xn/25985.xmv	213037	4419c6257d9585337c8de74e8a0510058e32223dac5f563bae8a5ecbaf1a16e6
xn/25989.xmv	132601	5a6aa856429cc31366ccd1ac522ab621854e942d8dcf90d5824ae9f0a47704c8
xn/25991.xmv	776311	09dc5e4ed3a83738f9aa559574263decedb1e523d6d464d2d0df083cbdc4e946
xn/25997.xmv	838119	1ccc40718c56fd52d721ac491cb22110847ffd2ff8d8742920f0aae037a63a72
xn/26001.xmv	1376307	f7e84e217bd58651f71b97d3473e7116a9b2fb38342515fcd15920795dc9b8cd
xn/26240.xmv	510295	69553fa44047baa5fd33b3a3d84c07ba6d2155f2a268a5517c86964dc8352933
xn/26246.xmv	583327	4c46ab1e043ab4958f59f70df486335e5ce950eead17ded992825036e814a2b0
xn/26252.xmv	699503	e89a39ea64ad0c786967f543664366f88a94a53b44a8b4994cafe1ac64c17509
xn/26256.xmv	388410	4c0b8025a55a7c55a0207ad2ede09393deb1e7601cac31960e34d9f6706df528
xn/26260.xmv	355678	4d23f5926fe898d981c4fb122b9ac4f7c77977a1ff7dab9c6c025f30e5d1e487
xn/26262.xmv	424921	e1f4c4405c97b1f4ac11e7108de868cd3d388e4b80e5d023c40a751b06849f58
xn/27271.xmv	196945	712c81bdbd2b5f708ab9c67e406fda0b6d277d29b4f1ad6c33fca24c2839ee9e
xn/28751.xmv	495473	a9369950b6729ef81f2e2434aa21c163224266c97c7e3e0f32b3b187b1e285d9
xn/28757.xmv	373578	a674a9c7bbffde0fd6fb05ef310f3ea0040af65bbe633ff4efb2b362583e6f54
xn/28765.xmv	520899	135b48715c9075122bbb07acabf59ac286d0706d2ee4092d6b1a1e0f023d6841
xn/28767.xmv	385697	5ab43deafafe2f81e62d4cf8cceb71cec694337ed1e023881387e5d21a0e3635
xn/28771.xmv	524167	d7032f18746b76bee6a814938a39594e9ead74b4ed1d64b843721cea9cb27dc3
xn/28777.xmv	444283	89f77cb143fa91b0ee8e23039e04faa93edc5f9418c3dfb2afdf887852344055
xn/28795.xmv	498561	105c32ed3a7b8630d5a7c51fb17aea5ed6595bb364212234251031dea8c966e1
xn/28799.xmv	633215	7f4504908c09441aec7a95ec292f3a134f7ed0e01484b37cccfe7d6b389ecb48
xn/28801.xmv	582033	439df895f5cf92c79071bf8a570deb47b8e5e9ea48bfaa1df611487d7eee3a0d
xn/28809.xmv	556813	ed43aca8206142ee5d1a221cef35e9ff425c37b7edaa453ac48db0dff5c8ec95
xn/28815.xmv	294292	60f0b558adeeb8221ed32aff4f6546d36f72512d4d05147209011684645ebabc
xn/28817.xmv	453691	b896ed3bef821c2ea9a344cc875187c47f4f34202e3eea53484f1d3b4491a066
xn/28823.xmv	426301	5fbdae26d48ce0a1ff125769852c34b379756a26cbedc0378309469367fdc690
xn/28827.xmv	657426	660635f0ba708dfad3b8fbad09e4ff61e86da167e982d58d86b7cc61c93efa1d
xn/28833.xmv	416559	947efab3e0215b70053a280a2c19bc8ba6387ae3dcf284f845fd50c9885bcfe3
xn/28835.xmv	374027	ef8ccddab2a8595b4fbc43e8b487ca910a946b7ab9d9c2718702a04c80139f12
xn/28843.xmv	588956	5fb764ca057a60ef5ffdbd6578b2b7feb03dec6ab1f45ffde9eb03c616a1f1b2
xn/28845.xmv	375655	7fde45cd868a0df83971a94e63725a06240f191ced6b7b6d7c8f3cfd21378b4c
xn/28847.xmv	396802	6d601fc76897fe53a0b581374c0c7c64be97010695eea7c790f8fc33f180c70e
xn/28849.xmv	200390	387546dac970d2fd52ef9cd5673e28353d016512889b157892dd2dcbedb7bfbf
xn/28851.xmv	395038	2f5213bf27d0396e1a5a9e4d44d6ca3cd0feef10d64b8361a189fd3f021e2f70
xn/28853.xmv	1232099	f5da7b5a943b9fcc1abe074ae743ad84d26b17c1ee2fb1ab6fb06c270a758cc2
xn/28875.xmv	931529	2fe316227709e4666848bd7bc802e1edc51f8cc21d3e3bdd1abdfeb143a3387d
xn/28885.xmv	476030	27083895afa89baa49c617fa02e66d9454ba783eb6de0c0a9030e93b76a74a24
xn/28921.xmv	344246	0ef38f7a853a7cba7d7ecc4634a5a6ebcf3cd304f57518c2f602fcc2bac735ee
xn/28983.xmv	778116	f7ee99aac71af6f7ad9c9895b36acbbca074228e8b0e63082099c36fec8f5f9a
xn/28991.xmv	583534	8c49e68131b7a6f7285244a1893f4d3930333d7b0e81145660606b363a8e6ab9
xn/29010.xmv	879944	04bfeff5c885b758e0d42391a4479ab3d37ade19fed9f8526892a3fd16a6dbd4
xn/29018.xmv	647720	3fea2a23d961344c3e9d6de8a873703b8d3ee358923ba9197c1cd8f242191775
xn/29026.xmv	228308	ebb0c271cb598dd34000860bea74a0aab15f224df41bbad0c4763d95935761a8
xn/29036.xmv	813743	a244fd382dd3d83f78fc9f27e64a99105c6ec76389f6214137913ac48157af40
xn/29044.xmv	795307	ea1f61a0075a89c88fb25693addfd62e15b2690626c7f580f126392892e82023
xn/29052.xmv	450162	ef197e7c9571170daf863f1aa090090df8105346dddef4358e6fa62a00bd418d
xn/29060.xmv	488704	a3188e7d3b55d916b5b246802bd1d574bd8c0957bd27902833815d172cb0d403
xn/29066.xmv	379789	8fd712981fba0c9495bece19b75464cb979b3db01f77edae84deb3ba4a86f999
xn/29076.xmv	774217	9fb7c5f6b04db9ba054a5b6a2a02b3876f8bb970e7b8f830bead7790bf050560
xn/29090.xmv	380620	0cae3abc1e944b8360f72a4fce5f2ce25f92c9abaa90ffad5d05b46abcdd3f33
xn/29096.xmv	626347	4d8d5aa484a4e1706a0ff2444a58c037c12865da32156b8c748217f030024218
xn/29108.xmv	393730	b25fae00be9364996266fac1f256f6aeb7cbf0c3fd42b7278cbb505f6d95d33e
xn/29194.xmv	585619	3d130cb7d367d3785676c4b39c2f1b310f969a7b6f981d99ecbd2629bc81e1d1
xn/29198.xmv	910571	2bcfbf197204d6b9428797a9371a2934f05f5486db84068be954a62420b9daf6
xn/29200.xmv	641190	19447acea988d2025660982509118253e7fee493df7ae51ed533c7b83c83dce7
xn/29252.xmv	590205	ae77dd75606ae03f1baa20b44d036335990b4cba0d23d27a846f7bcf801bceec
xn/29260.xmv	509821	dd4d8a0433ed395f6109fc614ecf378fae7152b7fa68ceda4d4f114be54ec2d7
xn/29739.xmv	33503	362901e354378e6383a963c92651c0364a3b8d20492209a6b1528efe7a906103
xn/32168.xmv	297887	f57308ac4e68a7717352cd2b2737064bb08ca08ff65f8b170cac3133c8836383
xn/32365.xmv	428896	9192d15bab578183bbb8d4955b7356dd5d532466869a1b926a3bec2cd358d568
xn/32373.xmv	226791	bb3402109724d55c00f1c9b626701b309c742d6d43f4401edf0a23f8b26c2c00
xn/32375.xmv	183990	2d03752f9bfbb83664b290482d72c86d0a99efbb3c6d0c4abf5a57d886b3b366
xn/32377.xmv	296434	62a309ebb646b97858e84c65f2215a4b8467585e0ed10d91fb291f4f1f197f27
xn/32381.xmv	510202	68bf9169c2490cf3dee0d27ed2d41227585715a68544ef8e7c4751ac35389fa5
xn/32385.xmv	405881	de6b3e7af2fafd70ac02f7ef62ff7b6b775a415c2134fd7346ba2cd6f2c310d7
xn/32387.xmv	206556	60571518c388cbb78e7118246c47abd9de339effe555f122348de2bc5a477d5c
xn/32389.xmv	1763776	d8fcde930b44dee957b82dc7da11bb3e72d92275aafdc43ae875329e1c48c5bb
xn/32391.xmv	1010577	f6695c61845cc59ecaf3580fc12c5795892ba759e40f77e153a9f37635276327
xn/32399.xmv	609800	aa90efa9efbd0183efc5a8a0e0c906fce862d7c1093357d896fb0277aa7d8bc7
xn/32411.xmv	677257	5bffa02aa85152d5de17b28f0998843a55a5f6fdf0016103c83e8a5c714dda44
xn/32417.xmv	261529	29ce52c760377e932bff5b064d09fc76c22050ab05c7823dd7dec2f537bfcc8e
xn/32419.xmv	394844	c2bdb0ad5dea712ff87cfd0d230eddb9f221fa04149938762bd290e3286eb3ff
xn/32423.xmv	39675	a1931952c6d80047d1cc46fa6554af773d44d87d210cec8975b80410af7eb02d
xn/32425.xmv	411587	797be78d73033948853f9f79c51b4500e4715741bc325d04f5efd26bf3631320
xn/32427.xmv	607539	9f83ed4a5b4c20fafb80f443ae3768c5276d5e08522c95084cfa2c793c488484
xn/32429.xmv	519635	bf1029697a1ce089743e37806abe6f4b40157826d7b388b6ad4baa5846a44115
xn/32431.xmv	216943	b406e034619a214758f479d600b4f698b2d24f57a7e0a18b8a14c25c50f8b7cf
xn/32433.xmv	366491	2c5ecdce0cce7c5e14634879af275e2da7e02875a9c59f74cccc09618d1683de
xn/32435.xmv	370114	295d0dc10835eae7b0cc51247047da9480c4216749e1cecf68bacf17ef31b2bf
xn/32437.xmv	840728	8c5994605936cfa7175db6dce827f45f37c4861e68901ffa8c19fd17cdb495a8
xn/32441.xmv	303703	15c3eed511ee64b41ed9abcf00cbcf13d3b831c52abe2d4824df12e29e5276ff
xn/32443.xmv	553910	dc0c3b2fe187376f84f4904d462d463565eb31fd62cd8bc4b671faa9f874fdc3
xn/32445.xmv	388084	ab7cce4d7805fc6889e2cf852e09e3250d800a30ecb78df0b2261f83c3b0e938
xn/32447.xmv	1703855	21a52990e67ea100601d51e4f52172761784896f269f1f657debf60c1a1c0e55
xn/32451.xmv	387116	2facfd4c1f6ab0657bc8ed1f1d529a93178e55e8f9e3a9c0fae15c8f9a6ddaf7
xn/32455.xmv	1023223	608542991cc907d00a3bafcc05a2d3ad49f58f817a7d4c282a327bf598211e4e
xn/32457.xmv	214513	c006b458d81143995ba90e31f22ac355048eec06bc5005911805f3febee47786
xn/32459.xmv	297827	b2fb2179183670b85b08e8d407b4d343bc7f1a1534bc4bfd85a35fa9287816f1
xn/32461.xmv	785279	56df753d196361e469ddc202baa9dd445b1d604b7dd81093fee3e971cd6ab02e
xn/32463.xmv	565339	de26865e6e10f298d68f4335b3e3c24ac920582c1af0b57f3f00780a8e17a4b5
xn/32465.xmv	989923	f28b98f56752022a5e4289b3905abe5afc22f1868756410ac686c06387cc0552
xn/32467.xmv	401718	7ad1216b1291a314662d33a26f08f10aff1a7f0028dbd30b16d5d1a5090398e2
xn/32469.xmv	380453	5c106d8e023dd646b756c15852cb07bbf6d9056f86dc77e7961e867b5d8f380d
xn/32471.xmv	424212	d87978da1b70d2ca76a2c7529d49af4bed4b1de9abd9d4be48b53c5a34e9040e
xn/32473.xmv	209913	dfc49ab8e14f5d0237b3420aa5cea298c2c77a89b5f0623e703a660d8f45aa1c
xn/32477.xmv	821604	1ee97ce4423853604900779f687cd3488b73e56ed6f07cd5bb6e94d4ccd9942f
xn/32479.xmv	738725	12f3c2368001ebd5ce52eff10bee7b83e7eb71ec610077b48c619df08e02c0b4
xn/32483.xmv	438024	02657e2c3780488252d0657e8a43da6888a97b58e9733932ed1cbf2cc3afe524
xn/32485.xmv	425211	e95592f2b1099426370b7eb1acf4e84c733dd65c5e031b0fc4feb1fee90caaa6
xn/32487.xmv	881932	a80937fec90819ee6eff21b9fd331e32af404660ee6ad22f811badf62213247f
xn/32489.xmv	409162	83bc2a8dc1b8ccfb55b2750f6bd295064a8a4ad53b19adb4a6695c6544e7f139
xn/32491.xmv	326625	79899351887b17a274636cf60c6e2cdff469aeceec79f34b75eeeacff392d76a
xn/32493.xmv	364448	a9dbe259245c1297377940196e4c5a9e526af3f6f860dd971a75bce5c82dcb8d
xn/32495.xmv	1681032	e60880c3edc58186c3fa7322300aaafb799a26d703d0788119a66d6a58778ebb
xn/32499.xmv	189609	b214940568c59125a0c00b0f83a9ccc9233cbcb1db12421be99a2741dba6aecb
xn/32501.xmv	406494	4127d4a10844845a07ac634aa2c619baa8ce109a9372fa06b97bf8dc81da0e52
xn/32503.xmv	750852	03c5705a35d06b71ed62ff706c37cb906e8e8d72a1f3d44a8cc5ac9502538859
xn/32505.xmv	701655	eb9d27562298b424461e91bb1a3a91891852c27da532e059f95bcd0605b928cc
xn/32507.xmv	724626	ad2d622f3314fa23fcc9f43c47dc4768cf4d213b6cacfa924d9553c248cc919a
xn/32509.xmv	1262191	6103fd9eaa4142370caabeed6a8cda3063088078f4c3fe7a8f51a2b19a54c7df
xn/32511.xmv	662669	0eb80e79f81b2b34b8345095a80e7414c1b452df0aaa6a1e7182cb7f6e7e5ef6
xn/32515.xmv	279518	dd91019788c5236be8c55fac304acd3d945a5ed7dd272ed6df50c247942d1d61
xn/32517.xmv	528362	e49c7426a1f6eee433daec8a4e3307b810b9f141b1eb54c8ebaedf278d4b037a
xn/32519.xmv	262081	4fc141b2af9a84244ab5892434fbe8ab69829c437e7e9036c00bb43c6c0fffb3
xn/32521.xmv	671277	99c82b50ff27e79f3d4508c02eee23892eb0303fa4ec27c6176f71fddbe0ba99
xn/32523.xmv	604206	54c94a5d29b2af7ebfafec0fa097bcf207cf0566aedb2fc3f224f5f17f9b6862
xn/32525.xmv	327044	d9b31ff601f73da7686a357487ba3c34f4cad5c0f08a60419ae643657ffb04a7
xn/32529.xmv	1018815	7a0f247d9dfb82a3fde4dd54e74e2256094333a1ddfcacc222afdad7210ccfaa
xn/33426.xmv	437421	4f6f3921ce69476568c009527f346b3bc94d139aa28d2a97d3b6058ecf33e0d7
xn/33432.xmv	392299	d5ecf7005a60afee89e81d0a4284fb4b8c09592e90932bf12c8cfac584a31a13
xn/33436.xmv	392007	670f7e3264b4200424906e6017ae7ebfe9a6e7df9552b750c20fc82172036cb6
xn/33438.xmv	223732	4677b35872322f3a9b3e9447d30c3abb10314a875b7f828d4080bafa7adc909f
xn/33440.xmv	387502	f2b3b00ac7a97374d467b586f55aa959040c1833abfcc1f446c326dd56c55d26
xn/33442.xmv	436609	88c50c8dbaff4885b07e4bdb848990f42dee34892ea237d06398d903408d5579
xn/33444.xmv	404931	7d3558fd03ad8454bea8625de4627bd26834b646fb9ea58a57b46b81ac1cd1b7
xn/33450.xmv	372263	161eb5139f591715c681b7d1f83f8339c09c0220734ae54e85afa2939888a47e
xn/33452.xmv	33339	6161058a91405eaaac02e9cfc71e24d9b0a9dda40434a520f9f65f3953b7cac8
xn/33454.xmv	257787	bd6d2444259b52f4f67b183359c978a107b9dcfe20fd995f787b5fe7f18679c5
xn/33456.xmv	405818	0bb98966021e2e73dbba3ed09a3374f036b64c98d376d41d9b70b1e1b20c431a
xn/33458.xmv	376908	ea18f6873326a157caab9e8b1b978062314d5efffa8ac358710d653d0e89d784
xn/33460.xmv	242313	9f91c91a8330e5518e28ed3cca3c6de051708a08b69f33ff08c7fb531a83bd12
xn/33464.xmv	312433	a92168d7d54aad5287973ee84fdb5aa7f9190bd7d0970788a3b55958794b1b1e
xn/33466.xmv	200471	279d8964342c1af40b8093e7105180f31a47102c5c2525b1a14428bde3d65c6e
xn/33468.xmv	204077	2e5fcd3e36b2ac01fdd28b04da0fc97573fab621d548fa858cfadd4e3e5391a0
xn/33470.xmv	349060	c0b1df311d621a2910c6dc49e725ccf40e644bff81fd3a13b883af31a12a66e1
xn/33472.xmv	284605	6c63f500c58e010e41dadc53f8027bfdd02dd59a5ca863be364ec07fe50fddbb
xn/33476.xmv	768619	22a194900b99e8c440e4dfa9fbdd3ba44873fe957d30f0e83f99b6ed1d23fd67
xn/33478.xmv	358370	dcc80800af2e006d2bd8eebee7fffe9681ff270951a474b9014b9fb65b0a5d6e
xn/33480.xmv	536552	fef6727e53a48aede4bf46f7fd7a41efd40af0f67c5c36d3a7200a432d83aa49
xn/33490.xmv	933151	4671435ef279f2f9214b1d278fc1a4f27656f75d89cb37da9d4a9faa9a2507a5
xn/33492.xmv	554394	40e1299d64ee3134968438059ad815674f16933f6421e0e061d988d89f206a04
xn/33500.xmv	420035	08d9c06f847325e6ad978ceee2ddb2c0fe3f0d65f5b3992099ba6b4cdfcb327c
xn/33502.xmv	425228	6c64408adbb3107be57c5b25446c562b538813f5b2c2e2b2d4961ee36d888963
xn/33504.xmv	427131	8d9deedd7917b77c1d58fbffc272cced0cf078f0228c0e9c27dff18cca6c8a3b
xn/33506.xmv	444958	5edd9ee761ba2119c57a6a2d67944d42a6c2fb737bb079df4de47f8f68a561c0
xn/33512.xmv	198724	a70ba53f44f86d4e380d9c5d03c507f2116ae78546ba6521080ab17b3358856e
xn/33514.xmv	417992	8747c1c6a3c0f57f51b9d3e6d17c486c315c621785b626e56d602af6374ec423
xn/33520.xmv	750816	84894cdcf82c0d10d1d44f42455cd6485448a15c6397e0a2a4e95026add598ee
xn/33522.xmv	490817	03bd267502b8528648b8aabe94d505e78e1f43584343e2b995f10adb5415048a
xn/33968.xmv	205400	ef93c7a438d4f778eaaacccb7fb2cb6e155eb7746eedd8b43a8d01de9533e6e9
xn/33970.xmv	313556	0574c99f63d893cf7c21de7ae21555d7123fa425cc5ecbb24961e839596804cb
xn/33972.xmv	236060	a7780835643a10f24990d6d568bd530ad0c8b3763e41744e1d56bfb8e2435767
xn/33974.xmv	540124	3f0ee11ada97d1a79b0c7f29acf4763933e9fd89e194541b6591e1c9c8aff375
xn/33978.xmv	1163776	cb7ef61ef22b07e538c18702fa38242469f5c952ac41b89b177458a0fcec6ff3
xn/38796.xmv	839261	912e64b8074743f82fe0dd5f949addc843d72c840147727a906b43de20598c81
xn/38798.xmv	1223785	85fd6ed15ce7ab13c3d292a4aacc5a83839849f3546f29f77e42c1e4fdbfdd56
xn/38800.xmv	1628279	6e28cca4c8ec9c3f33f812872ec79b037042f5d06434666c07a31683e5e8a73f
xn/38802.xmv	1164064	f14dd3a0caeae60431e728945420e23ed3d9b19159f6b361794e7cc9958a2f30
xn/38804.xmv	2230386	49573aaaa83d67ce5c1a2b9e63527598ab2ee82258350cd438dd5f0512d749b9
xn/38806.xmv	618579	9521ba4cda09ff26383519168583c8cb4ff8433aecf00d3eb052b9cf299143db
xn/38808.xmv	1505517	5a92a55d54d9d0d8a4ebfb523af8db31d0fb931b13d43f10bfb9ec2ad393f4d7
xn/38810.xmv	1221058	89fe87d3c06228c7ca9793774e26669eb06e939af8338e4741f1f3013f573445
xn/38812.xmv	317071	d99ca848bf06770cdc6aadc509eae08091f9fef0d8c2aa8225799a2678108db4
xn/38814.xmv	305026	ce309bf5a731b1dd4bbfda6aaa6d4e247a414b16b96825762644565c634c1937
xn/38816.xmv	298560	24aea0d5128b45c61cee11feff0a762a5f181a86d22cc5b6d6a8b8cb8caef9fe
xn/38818.xmv	899601	a760e47e0427a0ec4afa3e2a39b0789b01c6549b604efa3192f1a9b2b90661b5
xn/38820.xmv	729119	5e11c5602d0f332acb073a6523bdaaa18292d2fd729514f25a76b1a8d4033337
xn/38824.xmv	771696	340690ddec4fae0f2ea1fefe8870a413d3982b039901bda0ff62e5eefa218517
xn/38826.xmv	825006	4af01b470b3512a7c8d24a9845cbf1584f5b0061ff5cf8639dc270c1c1e710ce
xn/38830.xmv	172469	6846d307ed2a5057cf8e7d7f9ec5d31b01b8d5879713724ad8491ba81fe99f31
xn/38836.xmv	2166062	b08d49dfec8a27bd997cc8b79eacd12dba7e2b2142b47ab75f69703459ab40bf
xn/38838.xmv	1685050	5908679defaf40a301dc86e3bbb1ec152c3696086d3dd92c3b61d721ac28bc66
xn/38840.xmv	2319909	bfb7f42783753024f5776f17a0c9f7fa82a889c4767f42d8ef6efb4fa8eff38a
xn/38842.xmv	710104	455e77c5b3872eacde5b7a4781b08316b8cb60cb93162b440825da63e8eab46f
xn/38844.xmv	655414	e41fa1c3fb0bedf22a46771cb88edc9ef57193170bd5834481dde1bffcb13cff
xn/39044.xmv	1760676	59de7ee4691ae580e580ace65ad7efec1a11c751c3bc092a75754f1f3c2fb13c
xn/41323.xmv	511612	17fd0dfa008c30711d9d5e38ee1c9ac3b54baed85ff6dd147eb2db27f9504dd3
xn/41325.xmv	213677	b8ba11af796e1c4759a85851195e21c425f856a731b137ac49dd7067234cfc9a
xn/41331.xmv	397034	6623d40d21a14989edab4753e4b52a053343d540ab9e34ae0d9235772164e61d
xn/41354.xmv	1598769	68cbc8ee3c010ba2f1fa7bb1d9ce315a6a6421dbd2648e509c0486cd9629ee51
xn/41620.xmv	1560522	0c6db3ff7c5f596ab526ef52dc5a0427806b28330002808335737bf56350feb6
xn/42378.xmv	1195812	3d5575582486e1fc70cfbb061464d6bcb63bd02b492d395a4d78db9a29a5f001
xn/43855.xmv	301739	347148a24f52761115aa811553b2f3a38d01d0b6fd757d21f781111baad8a333
xn/44874.xmv	406972	3ca764261645c53d2c15425b1071d917dddc10381a4ed1b9b3ffc2e3bb286f01
xn/44878.xmv	942488	50d1e75e61f8e5f7f02328362fa204b688963c37c55166880af4c05e658626be
xn/44954.xmv	756281	244091909c959df1afba86f9f382de60b148d3f84918c2b870312edb594e870d
xn/44962.xmv	351821	b060be922e903abd441959f997cd6dfe96c1e42d17d08bf910c43b2df75af44f
xn/44964.xmv	474749	c0762bcda18dcc62c79853a0c585358d4b24bb2d162a97b02e0556ebd669c676
xn/44968.xmv	241577	7944e314fe340e0a6fec7c3ffd1cb00495eff66da665b06064f7de5dd11c04e8
xn/45072.xmv	449379	97fbc66e899c2c65825d5f72c4ca53fb8a8c98eda250d48c7fbb146cbd0ab51b
xn/47251.xmv	1505633	ccc2764d0539b6c8d98823d4b17f0593ea8e559cf88b45eec8e33052c393a840
xn/47255.xmv	109364	fffa5d15f8b942ed940db5f81545e975b1c4a3cb4bea35a970cf228d2f121a37
xn/49069.xmv	913538	79e138959850aca400418195f0193371f51491bcce3922e3393cc17b5102e041
xn/49630.xmv	420103	51c2b8cc234a27497d516dae02c79b99c398f0c31b8add566b3874c86e76611c
xn/49632.xmv	813588	d9ba702bf900e6b205e39b781668a7d94e6d12aa9813db102223cde93970cf13
xn/49634.xmv	253512	fc8ebbafc006837c647f67ae8f21ddcc000129cf126f04d4de5472315b690134
xn/49640.xmv	414225	3002a6b7990f25c289be71afee9c301ded8b8ebf8db53ee4d82041616c1435dc
xn/49642.xmv	313016	89a9c329b5acbde85f9f241c2e5a7acdeff346c29df1ad9cdfd7d6c5749c8719
xn/49644.xmv	606205	2c72fb9bd3a3052da7de4e42aa3891f7ccc6d8abcc28e6e30d3b09835311e34f
xn/49646.xmv	288035	e3758ce4e44c7f768dd37b21b09a270f99e0528f163c86f0929ca85550de6522
xn/49648.xmv	579018	036b490186588af042b8530f5f920f53e31262d262d62da6cbbc0e327d4339bd
xn/49650.xmv	388327	3cf031e4ae919ddd8335f7c081d7ef355d2f2bf0ff3585983b41c45fc25fd3da
xn/49652.xmv	604780	7f97eb38fb89f8b36a8946eee238fbedd381874ffbb6a5758f62fd38a8c0cf55
xn/49654.xmv	454585	6ced6eaac2c9fa1d77bdf6f1c2d831b8af511402ea6f4de0297f911528ce5f98
xn/49656.xmv	195144	6f5fdbe5ecbb92e2f7a04b234d0f543cd2f77e8f111fc7283da5d26f84143222
xn/49660.xmv	188776	15c7f419a39ea14e9fedf87d2c126907587bd62b3d81aef2a00dd64b4c1f7b8e
xn/49662.xmv	330652	1edf0db8713f082cac7eda7a5b013eefb885b7b240c4597192119a7bc0a6bce8
xn/49664.xmv	343964	d91ddaffbcd59cf0275cee88b3cc6e3f71c40c41da243006ede29193d0d9ac2b
xn/49666.xmv	49949	5cc41cebe211bf0d93add7610ea68eb5cf7e56c64f42a322ebc08d1404527268
xn/49668.xmv	470761	b2070cb874e9cc1a36b1666350a4a1c02ba07db91cfdbdf6b0ef0f5e7764bde4
xn/49670.xmv	770635	8a4587735f39940701fdb2047ce405ee322bfdff13554023fe5e93953f308ff8
xn/49672.xmv	239884	f888acf6407a1e763817a20dd6d3486da67b134d50825d7925d12304e315e8ed
xn/49674.xmv	561905	7b11f1bd81c0d670e579e25d0678297110f4502c3e0759c840eecc1af71161a8
xn/49676.xmv	467244	17e782b428f9cca382817bad2961bec00447b49441cf406a4f849a7a88d5fc08
xn/49678.xmv	501096	844d9e3f0e25bc0390d04ef13638e0c0bc0bc1491a798da2ef5d6a2892922eb6
xn/49680.xmv	261875	e155a600471e86c269f3b05eb1dc1d22dd2bf42baeefe3ac4351b129e65aa276
xn/49688.xmv	76878	69af75525d80e6c09bad65be3e3858a10f9f7338403b3d5c6b7118acba469a7b
xn/49692.xmv	209596	17ef66ee9a55cdc5ffa498e5d2f32a20fda461b4b781e0cb714c22b646043fcc
xn/49694.xmv	230899	cba1a2f13c4b6475144ef8ed54383b1b2380e89c6d3818b11b624cc20113e811
xn/49698.xmv	754506	bb073f56b89461c799b709352cfbdd2873fe63ef3be2c1dbd06202929a0e01b6
xn/49700.xmv	220392	ba25ed17a74863b25d5cb884a99681354f73f40742813fef1da5ecd73588abf9
xn/49702.xmv	410015	ece4e72e2a7cfd32a060ce373a63311de4cee52725c3372b4eacfbaf3a3e38fa
xn/49704.xmv	691533	1510d283effc578d648c9301f643043eb657a199101e477a393f64cdf488527f
xn/49706.xmv	227318	4e8eb1f17899bc9eefb9d4bef357b909eb361276eb544f5b18ef8ee078d6243d
xn/49708.xmv	509243	0215a97ac40ba31f3e44d0a17d0a681df6cb3e12ce2f95ab34e7768a0df74583
xn/49710.xmv	437082	07473011badd59e118b8535aca4126578463df3b657bf63fea5c2275b34e0e63
xn/49712.xmv	335460	8e507a6f01ff5a7cb54d78bd6cdb75da4275efb00fcd970eb5063c260b9e4d3d
xn/49714.xmv	661706	ea3fd95902d36999c9354cf19e1bdd572e28a55ce34f6f147aa3c148b5bf274e
xn/49716.xmv	345763	fab60e9235c9e62a73d0913c406f784264e4f6b27962288697aac7328ab37cd0
xn/49718.xmv	317640	c886bd329d30582ee87cf99568cbae3846776d0af3d5446e9bfa1301879f6b56
xn/49728.xmv	169604	e88c391adf3a3b6cd2a06ec8eb187190372aba533e90a8d79c82dcab0dc60086
xn/49734.xmv	261832	275336c91cec513476d6450d066fcc7f79c5587fe93e65a5970ec243cd92047e
xn/56053.xmv	2134307	61c15e87b30b5cd8c12347197b54a648f289d28bfc69ee10fde06e386adfa94a
xn/56182.xmv	1727534	c8ddffd0561cf9a9c2ea99b117364863c2517e6e905787d516bebaf5bd0783c3
xn/56742.xmv	317809	7e99e2938cb85ff64e86d04853712dc4c85b69d2d8c1db9e4189ba6096ff1a60
xn/58239.xmv	850274	e69b7b451fbb3746eb7464e3a9b86d1eefe8cb4c1f3bc7f5d8d56d1f7243dc1a
xn/62750.xmv	374958	9718d54b63f20b5181f3222048d49fbf19be010b620ec5ef5bd5a9b75efc3660
xn/64958.xmv	287569	88b03fdd936948255513f22cfe6f4e0ae9231efcb6ee3c365ad9d089ffc27de2
xn/70513.xmv	412266	c70cbb608cb45bdf8fb6da8ebc8d6077028768891bfd4912e67a6d9625ec5a77
xn/71100.xmv	2585495	9b5753052879462aef02affad1e1610e0670fdf2b442e1461d8b7d9d0759cc33
xn/71225.xmv	414632	1a0c200135dfc7db5f6a8890285274d3dcb33b0fea1e26cab51aadd667fe359f
xn/71853.xmv	839623	4e5af210063ee89d9b5ac6409b86f14d841b5c7f2023e7e5d5d68e164b663e5b
xn/72288.xmv	5174431	f309bcaaaab84c590c2bfe11faf90146fef4533841247d2d139b484ddac8d7f7
xn/77806.xmv	1380991	2a3be15a843df6af5991e3366be3b37b9e210ff779237fdd725002125b003305
xn/78779.xmv	1341055	f55759b7937f9300ea05265c46600396887773bb3a908a24b324831ddaefa47a
xn/78894.xmv	300747	532dd074ea6930730711be65986a282fff588a82d5bf390453ee61afe6a671b7
xn/80614.xmv	46279	a1de53a21c3a8d6309892ca0f7d1ee19da18d6d6c17edb3c8bc8f71e17063a98
xn/81332.xmv	621827	2ca9dd695f07401f3b9a9f8b37d35d64438ecd6e4b56ab111b5eef810399f3e7
xn/81336.xmv	224279	d68f6e9d8fab1d6cb6ad866c35d706dcbe4a74cbde90244342770b226dbed45b
xn/81339.xmv	304789	180906bf1ba2602632fd1e48be3a2abfc888f4453a7ed1dc361cd16ac510c8d0
xn/81343.xmv	622789	6b2e0000a2f0f0d69b96dbdce84b677768df65fa9c1acb54daf9158e9ea8315d
xn/81348.xmv	584895	d2699d3573b4bc34e7eb3213558b3cbb4536979d9300840ef8c969c47fbaead1
xn/83438.xmv	690788	a063b9a7689ee3b4fd97b2e1d5d9f647844ff68eb277ca706c2970d65c730e9e
xn/87415.xmv	445721	a2272a5878deefb7488b67506ad35e0d49a807b40a673ed7388e0383f4f8406d
xn/87416.xmv	474540	668447463336b1577a14aeec40a09dfc59b3baf9c900f6a1c30982ca9230ded1
xn/87419.xmv	492484	8b179de014da3da8fde4b2609db8c1fc461ca8fac5de7949f7807648cd08fff7
xn/88831.xmv	305581	dea2efed28b3498f9be186588d544e741cad0342d2ebd3bc8ac45dd3de478c98
xn/90533.xmv	4156598	e9b6460876949868456ff6668007d29be97dd1c12dd5ed797433ec04a484196a
xn/91831.xmv	635097	75ae8133529d82a2265851350ae684ab743f8a241f2323ba998a9828dce58839
xs/20962.dmv	312851	dc0f5ad9d2bb2c45484f16d3a571583ba995ea037d5bb91028166363bdc8d2d2
xs/26274.amv	108005	45125d4451b22c29f4e8d7a2c3170f23c52689bbfbf17ee8eb3cadcd317a649b
xs/26282.amv	113891	8b404f27186891e9fe4391aaaee716fba8e24dd3a4b717d9d2ebe415dad7fc47
xs/26284.amv	126139	eda5faff03d055bd70db4f3e333e776bc8f9431f6156b413ab7885f868e01be0
xs/26292.amv	52282	0314bd363e30f1c1b8ef218ae0aaeef6e3ba6b961ee3c3e91a92d0f92d375a38
xs/26296.amv	307459	c4010a4558e005ecdc715041794bdc146bcc4e107e711847a6fc0f969605baa1
xs/28464.amv	56415	052e6f475a19cc05cd115f4e8eacd8f7c1e6de39899c3a46148704bb69c598d8
xs/28468.amv	45379	40433bf47b0f724e16877c78e6caabe4887e4582ae2576297939d629d39bde03
xs/28470.amv	29103	d665124e9c26e95a8ade5972b9d7bd3bb8e5d2db022d1a8197fbfe189e421cc4
xs/28472.amv	103003	e82e1af859da358bb1c9deb1d7253af2584a15d395ab751a4c81ff9dd70e3ad1
xs/28476.amv	262250	4367a10612c948474dad4222123444cc2ecdc3ed144f8350e2484b810e2b8842
xs/28480.amv	138951	d87dd3d94ccc3cd10d045f3b6b87603fcdb73a236a400a5c07d45da6bae5d050
xs/28506.amv	27803	d99c62e6b144b9f1f3d6e594c3df26fb5294b646b46dacbd44aa11d04a1fd9be
xs/28508.amv	58737	84050810b9281ccf9307ef1d389cc9077ad2139761e28cfc3dc674c5685a89bd
xs/28510.amv	460395	546d7872e0126eef7ddeea9e2b674e7ecfc9cbb4d1872cbbb3586dd5e86be245
xs/28512.amv	474063	213f73d0f53205ec1e805ecd8ed7bd8474bfb4ec54c4105723d9ed56a9e03250
xs/28514.amv	591651	8a045d0342a5ce1f726ef618afd91efba1e3b5c9ee6684968deff9c9c805687b
xs/28516.amv	62174	2245373b38f1a1c5d266d7a33a65370075dcf41fa6c902e0887bac3add71142f
xs/28518.amv	23655	3b38f4a0a6538cfb9a0b3d808dde4a48cd4a94775593a820df44384f7e760abe
xs/28520.amv	25767	b4b97ac2d2fcc1f82e5ab0dd8e24cb70c36e295e57483253a52f2327ffd527ee
xs/28522.amv	234463	cbeedd0a1cd45da2816313c325eb67fc65d903d9a3e6d09fecf8eebd0bc708f2
xs/28524.amv	153541	dcc9ecc120130c86369e022e3d526515bb7eb299da6afe366e2a467808d5e2c8
xs/28526.amv	44681	c0838fa8f051079acefcce31fcd923952b8e3080a69080b944ed599205704300
xs/28528.amv	245605	601771ab54b7aa6bfe53aaa3a858d46c47cd254db9fd3cb7d7f4900d5a73e25c
xs/28530.amv	140643	c8932c42c74ee593603f33bd7a788917150225a86688a2f05436195b55005978
xs/28532.amv	140643	a448273312d15bd6818c0b4c8b22e21e4fa47aa9a2f4701ffd4439e705e017c1
xs/30399.amv	704375	51832eae03406bd634ab6e16d930aa6b511eb03386c3246a4daee8e9476ded7d
xs/30401.mus	2340519	abb98d2d3b72ab4295c9746aa6e235d172fdf16512546ac513b6be272311ed8b
xs/30403.mus	2358495	2b8a3efc7068dd08d7ec8c4996bc52fba0c73f37f564b83f1baca41d90344b32
xs/30405.mus	1631623	a4551aeef8f92e249573ea75c44c4b59edc8d6a641b260321383047cb363baf5
xs/34747.amv	15343	2d7b2268e9edd6e6957df30154fca4a6ac2bf09a09dec9cf4a1886500f21bd35
xs/36395.mus	1711443	5b1bac25074c43a78b97a8803bd5bbb3a1eb2befe9a661df9809b40ed3441169
xs/36399.mus	2065607	4874a802b8df3d90a28d3ee440a5816e8f6b97a58adb279a93531bdcc80f82a6
xs/36406.mus	3176723	4bede8e4dca7ac33c308d40ee6e3b4751de44c0f5152e6931f1eac11c69a9e88
xs/36433.mus	2247055	04467561bef5c40b350787950c764f9155c1226b4fcaabfc098c8c41dd6fe2e4
xs/36436.mus	75691	fc751eb490ae3730359f0e417b8830081c580ec3628d168465d15912446eb89c
xs/36448.mus	64331	259a854a50dcbfa0c02f12f4e0b81236c2fd493ebd2398e63260ddd0f21084c3
xs/36946.mus	306903	e42382a28d89b8a113d106d0a0c1b62200cfb653e756dd4505688610e2488ce7
xs/36953.mus	515731	d52fd6adc3166a873c504886a00267926110ab9bda79cd4e9b330b3853e955c2
xs/36956.mus	1455011	181a3f02655e6c3c0ecf810394443d0dd9235b46a37e43aa8c7a9ad19f777214
xs/36968.mus	2270283	0e693e163ac71025261b091e63b8fd092f1c309d3aca0ce451f91c13abe4fe57
xs/52289.amv	63161	b057192de29e5929080a0240c7f53fadb1395781a83dcb63fb568fbe07ca4258
xs/52293.mus	525391	519b76e19465a41424c049071edd62075b348a3186a0ff6e95d24b8e938dc3d6
xs/52295.mus	645259	ac2544441432b5e0adb4b560c23e6c4c158b77b4ce213b3a6ce686d8fe676b02
xs/52297.mus	303438	169fa7de88a40a471eacf44c50c84bb2d767c7388ab8c6d6ac24a1ec09c80661
xs/52301.mus	1015035	cf1dc4675de76b73140b842bdf2b90e07dbd7aa6b6824712cd0ec12b8e67d573
xs/52303.mus	2186107	fdeee13a77c5ef0f33eb48745c810801fd7262407207052108571b5b4f7d027b
xs/52305.mus	331527	ac0cbf96f4f557b80994e6ccd51964f40e3a7807abe749dc65e99c0109f30f1f
xs/52307.mus	291763	be82c08790f1f6390949b51cde2a79f81b93b84e5c12ee682a33ba00299d0b5b
xs/52309.mus	2658219	488545e9f1084e44b50bc51a95a0a7766165c317f7b3b26e9a64ff4b9788a13a
xs/52311.mus	4422231	6a2c2e45641a16b1c0b4b4d626c6f90cfdb3d9bc1083b00586d4a791616f632f
xs/52313.mus	2188011	d2092c936af3bd02c207558fa979bebc1a4703dffdd25b6038d1532976b15a13
xs/52315.mus	2645539	99a3ed49e896daa45807b0f387b23a2ae55bb528eb63362532ca0dcf33e47e1c
xs/52317.mus	2702187	1bde29467864ee03968d2c10e41adab235acdf319c9e7ccff2d262765429d2c8
xs/52319.mus	892851	ad4c0a7a1f6d5849dc201a96f638f87fbfad33b8a0ad0fb3050c563fe003e768
xs/52321.mus	1880515	7d67d859e447bdbd14fe96205e55d09b8b9c8bfb94559fd8c796fc581bb9ab0b
xs/52323.mus	1279561	091c6ae2c6165b8f7323842ecc95a1b38bad49f1a7ba79a01a2612caeaf895c2
xs/52325.mus	1040955	a085517ddf68b04a427cebeb3b3f8f6ece6ea249349f58296d7bf6ff12c54e90
xs/52327.mus	1585327	43a023501072b8ca6beb36d0379d2ebfe304f0148af1bc98f1b46c60da0107f0
xs/52329.mus	2255763	fc8e7e05d37922192358592a61bb165088a54f9395aa71312f5f4f5d33f25256
xs/52331.mus	2058307	26e4afd8d7dcf52d2a0af06cc74eb75ae6777265b6e5085ce84a3dc9bd4b696c
xs/52333.mus	2061847	2f319a598688d17777010cd75a810b6c4dd8e110d301cfa072c9df4d126e1464
xs/52335.mus	968559	3cc5ab5c51a3ab3a31268f24b6c4eabba6f3bbf4a11c4eeee2418e33440ed92f
xs/52337.mus	658035	d44f3f7be7d07bb117f1ca286a80fa32253f879ce993167f445c227eaae796b4
xs/52339.mus	1377447	93a6f221332467f08aa10acf50184fab8ff5e955bc0d9471bb0f7873af6cfe99
xs/52341.mus	1801915	5e0e5b945e35b65cb607c2710744db9667d906b7cbd05fdde331e3528a537299
xs/55932.mus	928359	0f0095891afcd11a9a93f3922fbd592efafc2d5ebfae88b38075b7f488e15220
xs/55934.mus	5056979	544f836d64723323b903cf477b892f1cca363b998be7c66d5bfc6517102a9cac
xs/55936.mus	560555	a8159acac401da6125e80d981ab441f779d1820ee9cf5c1f97c2bd08f961fce7
xs/55938.mus	2338547	6a1f2ecf8fb41489108a3eb677c955fb64ff4570742672869f2aa732fb2f6de6
xs/55941.mus	132965	453a9f5a20ea1fd368d6913bfd523d1d5f2049833ddb151e6d40a61d6399f2fa
xs/55948.mus	156311	a89229270ea294bccd3c72ca74c22fcdff1464e78a90398207d6d7683aca32ca
xs/55951.mus	96983	d7fdf9e97d2f35dafe22648f3d2777d95fe632fb11d12c533349979d24c606b4
xs/55955.mus	1155831	e6608cdf4afce1d50e428271e052db986d81ed0d65c17c05376c64190e63118e
xs/57104.amv	11071	52f6b80dc9bf99aee2a702a82c2433d24d8ebfac59a471800546e6eedf565c79
xs/58625.amv	7535	911af29c43b3c0d47f6b7865942feeb79519af4fb2847a2702d5b529e46c3dfc
xs/58626.amv	28671	64b4e5f784a338d478a9c1583ac70ae9ae27b965b9fb171e99e2bb3244a808c7
xs/58627.amv	11513	ae498ba1a8c5584736371b4950a53ec888d8ac00153a24edafa97a20fc6503ee
xs/58629.amv	2691	9105f125a43c8929eacbbaa49d1cf3bd62748f52a53086cb4a7b0e2fb7413e88
xs/58630.amv	3371	ec78779dbf349f14cc6800d9be1a4dca4f8a50c0594b02c3df835e693d9a556c
xs/58631.amv	3303	d92d294b67f7607815173cf280ed39dc25eac60141d6d4e6628df82069e2e283
xs/58632.amv	2981	0eac04d71f2720258bc19b9a2f300d6a779b92cc99ba6183866b4057e4dd3589
xs/58633.amv	3863	2a4a98cfaa27ef9c17aadb27fea6f137d23f2fbe7d640936ced51a4899c1aa75
xs/58634.amv	3647	0e1730e8e9d5a4bdfdbb51fa6f897d4d82f6afdc8ef7dfd1c305bc496837dbdb
xs/58635.amv	11219	db8aef57038f55af393087976f7dc36b41d63122ffbbce88f35dac7628e2c67c
xs/58636.amv	3235	03833d95b7729828621cd8db5a5cd4114e014f3ecf7cc084a6133373f8360ec0
xs/58637.amv	2981	9c805464ed45ca62b8bb7ed54cb498df7fb1e08db8cee7eb3da2f73fc87eccbc
xs/58638.amv	3439	86db68aa7883e7fe25e571d977729e53fc9a578900744ae35ba2f96e99215a0f
xs/58639.amv	5853	1337a39245b2db7b5d747cb99712146c01a61a53a71d0cd119ba705f2340824c
xs/58641.amv	3201	a305af8403c70d0bc373574119be918487103a41f45363797fbb90862db86974
xs/59824.amv	334686	156a1af5094b147c3572f205c796f267608b0732690e7a1a41f8ac9561fef9a6
xs/62422.amv	6091	8ace6241b2416acffadeaac3682847da91fc79ba46a12a183f2fbcf822a35596
xs/67038.amv	26811	92cdfe4b5d45d156c927d22262f8277abd967eff11b2403ab57e3eefc898a63c
xs/67043.amv	67993	d66d6bd8bfbb0839c32bd0ffdf76cefc9df772bbb6e6c59b948a1d2c0a86eca8
xs/67044.amv	6481	13b7ede93e574ee5d81fc14bc9e881cdb128d69542b4d651fcc07ef3d4d8a617
xs/67045.amv	119161	fa1185969017e57327256ff3e5bbd9264645af1532ff58ae37f6d4dac07a89c9
xs/67046.amv	117831	18aa9bff36ecc8d7a3f6c8d87098f6067b8fc62cf74b75f14bad5f00629fd2f6
xs/67047.amv	123695	9a8db4a28558b5ef8f354c7a76ba15c5ae4a26fe1e2b13042df62df04c9a6889
xs/67048.amv	118803	43fd0a1b723fa49e653c93272473cc38c46ea01ae336d72c6561a41c12bcc836
xs/67049.amv	152995	25ca14c53e588fe09054fe3010361555ff74fb5023bec4b2fc7e00ef77cd9d1b
xs/67050.amv	98579	00329336734f18ea081f9ad606fb8ced83471483a59f2c0d5d03e9d7ad651fa4
xs/67051.amv	168895	be53abd5e133b054ace77082d44388be6bdea462a993386b6fee52ce5047e8f7
xs/67052.amv	105071	17c6967031f564c5fee9488649f37152de79b9d11b014eaed0e75c2aad138fa6
xs/67053.amv	104035	15b306102b26770dc50a43e2e0910775bc2410281253ef034b6c1655ea4f80be
xs/67054.amv	113637	932d91413a932ff0cea77f66dccdc508688773068590e7aafd3150c11aa3358f
xs/67055.amv	21757	4c120283971885063bcd5facd01bf93bc82ee2d6bfad370a787bc70900bdfab7
xs/67056.amv	42827	1b80993b4abfbec6b194ee43216f460208ceb868448bf926cca3d77db4f39329
xs/67057.amv	97639	cc9fecb062ac3fdad93d8847cfb330c4129cd92d9b34477092196413c097f874
xs/67518.amv	2283	a89b7ebf950c99414110678235f23d4115582222cfe2dc56197a5c6c58f7cd1a
xs/69313.amv	125643	3e713cd5798ea1a9c8a15da88c3d9defa3b6cb4b178b1a9e466c9f91fdd929b0
xs/71740.mus	1280599	21af209a1bfc5f774e7153772e339f3682cc9c3d77a5f2a9104de8582aa624e4
xs/71746.mus	69363	1dbbc5a805e4f6420f5d282f7c82c81599fdaf784fc75fc194fd9dbf5b77e65e
xs/72106.mus	2086373	e28c09badb6d26f7b99fb20b7473ab3c379c412f2b97d703ba4bc076b3331d0d
xs/72107.mus	1323751	3517d8261e78229efc47b2702b08595d59376edaf0826dc6771926cc22d91443
xs/72108.mus	1391151	f02b0be0eddfae2c44f48a7741cf03477cb9ed7a041ea3ab5ccf5ae9f8b17517
xs/74632.amv	167167	70d80230e19728155dfe6abbe61ef6a02c0034de28ae52800d4bd8a5b578f2a9
xs/75407.dmv	37256	59db407827bcd2c524bbb55ee413045d30784dcad71285d5a9ece4e29a7e71ea
xs/75683.amv	19231	4975234edf4f585743e93d665743de0fc575299c11717529dba6714bb4717c1f
xs/75684.amv	15001	1a86e2be32d7dab56e00b53a2291f49ab06bec8fbc8dac2ad3a65fae4398e833
xs/75685.amv	21251	dc657bdf8086bae08442c09de3ea70424a22c2ec035772ad8f444fa58b644f6b
xs/75686.amv	18899	fb65441c5427e4408c79816642974687342d022156179e28e4eab3a80d645918
xs/75687.amv	28819	a2d843d1abf2224564f6d1e671f561ede40fe255b7bf0341f03da22e284c4a6d
xs/75688.amv	14597	9da8d007a6476bb95d054ce4f8a5513d4efe24bcc8b43f220f985e76706f5cf6
xs/77666.mus	285314	c3e5f4865705cea2d752b8cd48d841b643b7f945193fad59e9b567c1f026a964
xs/77751.mus	457778	a05aa40c7a8691cb75566f7225faa132d989842587a62c8c4d5c3806a688a3b7
xs/77753.amv	19602	5ece30800505112d2f123512f2956e9473b1b4be0b41e5e6f99c7d28c3e2454c
xs/77764.mus	93715	b4525b1fcb73613b5ffabe39ea34c886cdc6fe3288ffd07d951d5e298f88704d
xs/78281.amv	55269	92c286503c63509d6df0fc63d237524ec5257d3faa3dcfc538310199837d590a
xs/80310.dmv	149859	2a0dc0f67ab5c5a9f8875093fe5ee78e4bea01efdc9b1670865885189e581a23
xs/80373.amv	2803	877290c2f97cd8a32a8ae6c06a234b4bb473dae5aff798ac681bd77133291baa
xs/80476.mus	208683	ee629fc2cf5a20247ddfe8f8fe6db034e9258a46c7623077044ca302b734952f
xs/80487.mus	1524619	d7c4d7e0b5906b7a2f0a1a0c7480fa29f701ef9926274b74946a16434b4ef554
xs/80746.mus	897850	556cbe97b5e45eafa969ab83ae4b0f975aa4f3fb245e2c91caf9e95af8493fc8
xs/80748.mus	374419	97d52b7bdeaebd32223d7614b514081b71e11cd814366176f378deb2a62eddaf
xs/80788.mus	586983	c5f29658063ab3cd7068bab596bbb4c0730e693441c90ddeb435184079051eb1
xs/82291.amv	61878	7540d8d51af49a4c4cabee84ae8aa61bb563b5f36e91cafee5a7bfd5d4e8cf68
xs/82298.dmv	57106	eeb957921e6f41e571e1a4355db077b4cf420421b5911f42f4b5da440ffd5f3c
xs/82299.dmv	77379	c9df99cf53eaf2affc3f9f6b66e7fbf1e077bf2d267c6cc474b0f8c3d341e331
xs/83299.amv	42827	1b80993b4abfbec6b194ee43216f460208ceb868448bf926cca3d77db4f39329
xs/83861.amv	123609	323412e31cc30aaae1a0007c54f6dd36c96607b3a78944203bde7b61b886be23
xs/83871.amv	52307	277d52e8757cc7e23c10adfdcf5b79b4bfb61aad9367fec2e8bc1c80c70a371a
xs/83873.amv	25091	9488f53a69a3a042aca69af29580d7f4aeda848a0ff1689a78d3f10d79da77b1
xs/86303.dmv	33211	b9950092d5bd389f333d5b0cd07267f676bca61a99553758a3dd534495929ac3
xs/86304.dmv	33211	89f4886993a3e95c338d963142814cc7bf2116a699919dd22c05c74642981c30
xs/87413.amv	47266	2222c4b458eb02896ca765dba89b611ee19a9c4050fbed02d06b995814108bdb
xs/88892.mus	927412	547659249cea880d47610a9c368d47160002ee0349b2ca16befda1e498764d34
xs/88900.dmv	22275	b97743c532745e06baf5c6b553c645dd2294508124088765b80b6069ac23235b
xs/88943.amv	80008	f18ec4ad6860a70f607515a199c6822a0e8f8e1689122b79d51eb2f1eccba61d
xs/88945.amv	135468	ab0bad28db8aef174000c4e53bc79e214f1649bf6f4e6ba74a135c281278c8d3
xs/88947.amv	147388	484de902746dd50d7f6e66e005d83a3cc4e213c47741b57e4749f0eb4bbc6cfd
xs/89487.amv	17557	b37d8eac3a4be7907fd96e32bd05b272a6cc2485b2c76c093db3f491946bebdb
xs/89660.amv	11123	96c2223be8db8e9a9e4f38226be0c86eaf582f87c3ac2e0864525c9e3785aca9
xs/89819.amv	124434	6c052a93636ae004ff7a55258432976b6e562959d7f5c13c63b171cdc77e759f
xs/90634.mus	453682	1139e0de35a19dd0714d7d301b1a979b09706a3591e89f7e6e816998b748547f
xs/90643.mus	1040955	d5f2fa10e9073c9b5d08bc8bccb502be482845e2c9c29521e760a27aac19efaf
xs/90691.amv	12385	9a8df8b9aa4614390e6e94e52fbeffb9412929ba55c142c7ed9be16c3b61e023
xs/91270.amv	7447	2c6413e8075b067fbacc5df426e55cad8a734bf01ad14189949e9e81c3ae15f3
xs/91328.amv	103065	bc637aa2d7eb6d034d1dcbf253e060b6f5a8f121b29369964dc7ab1c7c8ce861
xs/91606.amv	58566	de85b45849c5785c10ae158bf76ef06de6c0bc09ec7e84208d97076af00dae6c
xs/91988.amv	233026	ad571a9a2827091538b1e182285ffcd7ad00eafc2985b407aaad684e9155031f
xs/92148.amv	22095	990d3c709c2309a1341211fd1fcdfba1c7accd4de76a3fd4dd1e224ba3eb542d
xs/92289.dmv	125527	cbfaa19fc92cdae8045a635e603a123c233b6194bd89805daed18432bdbf1fbc
xs/92450.amv	25723	ac0673c7c87e18e15e1eecc85a4628f4b2fcc05e86597b6c9985f3e1e98457dc
xs/92452.amv	22443	4ebdea2d5b5244d9110300a33ec225b62d8a762ba630944514cec4104bb9ae43
xs/92456.amv	18083	624384e9b214075ac488e7e2f3f5927e97ea4f9be2639b0777f98e69c4a16d53
xs/92460.amv	13727	79fdfa1d5aa5421c0d8578e2e37650c79c33cdf6e7d313b0701dc96e12646922
xs/93608.amv	34494	25c5e3276be8b3821fc829f35efcb26aa83730a73112fb1cad7fce639d951e2e
xs/93610.amv	162624	eb285e4f4d3a86a8a745a13059ab8244fc2a0fa11ea1798c9757356454a49430
xs/94320.amv	230149	76ebc221eb37f432961049eecf3a8f19d756e8cc8e8c7f4a8aa289100f02433a
xt/49526.xtx	252	66ef441da9552804e5700d923c45e065df5ea979978d169e325d5cd19ae8ead7
xt/49528.xtx	254	f6458ae34188deb17ef54eb79c6ab9f0922a4cfd5242eb9c8dadb2d89441b16e
xt/49530.xtx	259	66b2159c850685016c0621fb889f8671f198f74fa78adc829e77e4def10d8340
xt/49532.xtx	256	a93c2f1b29d8392ee59097c0075cfc9df87dea698541c22765198fdfc6cbd9ae
xt/49534.xtx	257	aefb26876e8575dcef406c72b8c588442c17921492b3fe4117e08c9fed334314
xt/49536.xtx	256	702eccdaec3e4d2416fabc000cefb4562142705fd322c740e71ef2a3eb27c6be
xt/49538.xtx	249	f4754fcccfff7eda9f364f0b877329d307029cec676db7ef36de9ff0b0f36b52
xt/49540.xtx	255	198d1f40083edc5cf1ea23a58c268455432237e2a32ced8f54ea188652fe945d
xt/49542.xtx	250	6bb359b9067bd08051e92e754a48e47dcb7f0f44cb5aeaad06b8423467b8b69f
xt/49544.xtx	254	84c27329371dd929eeb53b11f3ff443e89d2d9eb9d8b7f8f374634e1fda46b1d
xt/49546.xtx	249	da65b81e5fcc8248440c8a1368eae2149ddb249c9cb3f96ed4c775def8ffa580
xt/49548.xtx	260	5f9bfb127af92ca2daab29c3cc6df639eae0375427b2134e5df0a1e5909a872e
xt/49550.xtx	256	e8d22feafb415548cbba301e8a75f375fb8aaf45a5feb50b7c33508e3e89bd15
xt/50312.xtx	258	45df5af7ead9caafa9fe6e7c40966ed4c99d107455709824091bfab3377c54f6
xt/50314.xtx	249	a8a13867ab58d6d535bcfc0f46d4ecbe3e6a457c023f77a04331503edbcead0e
xt/50316.xtx	258	7354569c5d63e7f8292f9c6e547fcb3c79d931527e98df485c6bd249bdb3432c
xt/50318.xtx	253	9732f3f6c86b352b6405f2f27887c85b86f3168e96dafa46713298255aac9fc2
xt/50320.xtx	141	aba2ca7c9074a7811f0a4c4c7c6bd704d1829f59a3a3100ed727433e471ea3c3
xt/50322.xtx	257	02a7713cee5dec65263d8dc8234061941ae6f904113b0ff40cc49f62b451580d
xt/50324.xtx	260	60d9d2002876e9af7e092d129557bfeefc3c04087af30d28c1aa4758054e5278
xt/50326.xtx	256	af1356998327d0d9cd9c97903184fdfe1b1f4a87b22252b228273a37eb8cd9e9
xt/50328.xtx	262	288b6d2b5e1d60a09f74ad6fbda69a271f6c20a15e8b6c7e17a632ed70d0e04c
xt/50330.xtx	253	acf14d66b2900ac065c8896ac9dbff2a44e82c936e650e37511dbb20a70bd168
xt/50332.xtx	262	b0054ee8751c2102308742ef5560b7e62425b86f2e0172b62fda5e44d07ff313
xt/50334.xtx	252	0fd47f4145f86c8e1e36f1f3a5dc75431ec5a2a6c9b4223e504fa62aa172f637
xt/50336.xtx	254	41bed86ff95d6e2fc164e816b5bcadfef60fa06df85977a25b770d940656efb6
xt/50338.xtx	119	5b0c7b29bfe9af743b1b75b629219e8e5d49369935c2a952e6da1a1867467b02
xt/50340.xtx	260	c1f58844c5342870c33d1de86f0e3f86f3125f4b732b8f151307ad08d992964c
xt/50342.xtx	261	c7412b84f798b70d438b0628cd5efbb8510560d449d2be440179de24ff29a4c2
xt/50344.xtx	258	321c14b21ff974359ff19b7516bdcd6a3a151e9ec0c6b7cadf67d995ce49ffbd
xt/50346.xtx	254	b445d9fb7dfdae1312b7c0c8db128713f76a4981db3329dd6964cbe27ec9de06
xt/50348.xtx	259	ce56b71908fe9344fa8898e9dc5e2fb032d30fce81515ab4c379908ee0009fd4
xt/50350.xtx	167	5be19163285aefa4579a8fd392aad0afc27a88d0ebb9f39f120e5cee18c293e8
xt/50352.xtx	256	a5e89939376925bac4cc75deb032d42f99b98a4c5f4675101fdc97f490af78b1
xt/50354.xtx	256	f911979afabca39748100d36f46381586f62cefb351f7f339fcfc3bcd30a64a1
xt/50356.xtx	158	f63fcb84a056bcb4713d9ee9425e18ee2775363b35df176af57005ba362c2810
xt/50358.xtx	258	011769880472d439cd06c4023e15d3d20ccc54ad1e546a039d1968d4bb54ddfc
xt/50360.xtx	255	a0840d596f647cd38ac93612c6a68a3a75c0cb37eef173a4efba3d8270914e85
xt/50362.xtx	259	53f210ff7509296751c0f09319c83904ce05c526896650e598456daf7d962c3b
xt/50364.xtx	126	8475449861e08842b2fd89da3a763acff065f89929eb048bf5faa94bee1aac81
xt/50366.xtx	257	6964c07e8d7be65d4cba6f372588acec555cb9b21dc26ea4c136cd09dd62a3e7
xt/50368.xtx	152	de6b8f87d22379ed600477ba17ae38a5978c59bb592985ee5bc423b01e399c2e
xt/51070.xtx	210	054c8f7f5b95c9f76f8e50b9e8df6df282b200dc16c7e93fb1041a8549967052
xt/51072.xtx	359	ff3e5814fa302c226eca4225f4198fa3def75d2478f57ffd7486e8f2f6866091
xt/51074.xtx	213	c3df213b0869b6d52fb71e21258cfedf4890d433cabca4134dc895d6771b3462
xt/51076.xtx	358	c4c7cab8fba30f9d691a4dde9b30451881557bca06cf282d6d5e11b64aca15cf
xt/51078.xtx	169	09446a1a1eb8381fa7703e99cb7aaab13f867aa5bf4651a12b8c6d6ac52d8231
xt/51080.xtx	357	9bb15e92665afbc5d438ad5e50fdce420695b3a92c69119d261c2beb08f05213
xt/51082.xtx	305	e6963663aef9fa3660ddcad798118c279f19d9b818b5b7f49b630586c1409fe6
xt/51084.xtx	311	4e5806c28e617f2d0b0df34e663220d1e0e81da8b1ebb3cd95a1f65c79adf6b0
xt/51086.xtx	331	69ad559ff3b4124ab10a11d69eb2708a81c15b46d2285cf7488aa14ed8baddc7
xt/51088.xtx	219	7522fe7263cc224de5b79000223b4c7fbd6f729620360d643308e36349be0526
xt/55583.xtx	2277	0da97afbf16afea7b5f23af7084ee643ae3d23f40c3b53455870317f68a2175c
xt/55584.xtx	2331	22dfa1a52ecf68f6fc1827be053fba8e8c32a2d7427a378a7eb160d3421961ae
xt/55585.xtx	2856	70b6d87f5d18395244592ef1ea0f10ca28274c391fe326ac2507dc821a090872
xt/55586.xtx	2232	ac0cdd18a9a46b511149c322581171b74b8876dca7e97bcc439c5ae0e67a80fb
xt/55587.xtx	4328	d7fcd801dba13cc80082648eefc3aee9dca4f7fdbc90c4af6bee85bdf33b25bc
xt/55588.xtx	2369	d535244f79ad51b45d36e6d155fed7295f753f21d1583a80a29709e65f4be6c8
xt/55589.xtx	1702	ecd912a11c7cf2354a3209179568a06193d8854b2c372669f5e51463b2b1b429
xt/55590.xtx	3964	a6a54fd4e9a3c7e77dabc0b5370d773ee7ecd5bcc920c4b506817e33adc9482e
xt/55591.xtx	1446	6d42eabf67e60f94975b92e95c992e628ab23e4a246fbc36ab3504adde145604
xt/55592.xtx	5247	f91f3f5d4eebf3828b3f0d365a71d5e63104cd5c0c5b90586420babacc6f177e
xt/55615.xtx	593	fae412e017e0603fd6bbb0e1e5f8d55ca2e33c6fa77c1ea5064add9b1b841d09
xt/61137.xtx	308	25ffeb0e825c0fe8f364c02463c0beb4de31a986c37d5490d2283c965100b2c6
xt/61138.xtx	287	d67a694d1eddccd5787cc2cf9658d097726ceefa92f5eabac821e7be68a8c14d
xt/61139.xtx	243	60d9124f9fdcd875e6bf3e566e7dcefdce31390427cdfc168048bb9819cfce6c
xt/61140.xtx	217	0c4f5c33e9f144b6beb6e9eda7c95b320b1e4a6f3a481bf3225e306d288726b8
xt/61141.xtx	262	d752f13958958386cac0befab36cc462a29abaa920273dcfbb4e8b48b7858248
xt/61142.xtx	198	60740a7f438e4ff3cb79dc4db5e418dbc59e30b6ef67e4c17a75f726bd142465
xt/61143.xtx	302	f30f6c6a28b4fff2017e35804e0a901849be8a06410a10badac6e53370dafa8e
xt/61144.xtx	363	810faf62c70d01a3013ad74b45c17b1b61e4b9d2419f963276e51122b47f6c52
xt/61145.xtx	410	418dd5979e3a36b685d7e28c2b8c78e94918be8acbd00df1897581389b9098ef
xt/61146.xtx	164	71c671d98d9ce726ea71aeb823ebf090f958bed210305f6d5ec2d09461da11c5
xt/61147.xtx	248	6a8fc282c0ef77f5dcd92526c7acbb331605d61747b034ca1126861311115986
xt/61148.xtx	240	9ac0322fe31380dabb344e99809b2f6b855060b211de4af1360b541d0dfb909e
xt/61149.xtx	359	72284d23698c83dbe3f55881c2e87d201905f3f5670b4eb55fd6444a2f3c3a91
xt/61150.xtx	271	1b22f32c9ae9bbda756dd0903d220b9f20c53096aca12650cce662a2fb3e7503
xt/61151.xtx	306	6ddaa85467da0eaaa1e306477e449b46e3b6cca3b624602d580bb4369734332b
xt/61152.xtx	211	2602c9648e1fa52055d6dba10da4738ef7159d0fc12ddede7edf741039c2b8d6
xt/61153.xtx	198	b6b41a40160388012f39a8b3e30f87a3566f83a57d9865d19fb2a7e853649fe5
xt/61154.xtx	212	bcf3c9c31500bbc9467fd51937d74c0c0997c0a69698b1d1313f96edbaece1c8
xt/61155.xtx	242	55765d56c36d37e233b28001e21096674140d76d22599d1929ada91dc980277c
xt/61156.xtx	236	7fa7890b3b84b9aa871a1a7503ec3b7d2ed39872142dbd35479d042f5a71ba86
xt/61157.xtx	209	1ccca50696c80670a361b8e6289c7ed38ba9a9db2311b62644d9554058c4aafa
xt/61158.xtx	245	5b3e7c6243e436b296d7c2e2246887e7b72ea391c7f6839a5b158ec45fce0e6f
xt/61159.xtx	222	7f3b3d1303bbf608cde979c051a13ad360c67cb775043cfe8b21c572a9d46914
xt/61160.xtx	205	408be2f9cdf96266a40b84c189f1f415b236342c93bc135be28384803bd914e1
xt/61161.xtx	226	31b0f207c77178ae9ba88212b1a55dd9c3e6ac5142a7b22b0dad721902dbfc79
xt/61162.xtx	229	0a9df314fd2f374d829888ab8a933a79e591fafdf8405f5d2072d52287e9454c
xt/61164.xtx	368	fdfb2f19e768d3d878a1eef38d393cd2887ad38f70d4deb9ca7a99c2c40fdb34
xt/61165.xtx	395	04c78083a7acf9765704fe57a3d8928b882f6b86702e794fa3f23c8b0ca82dec
xt/61166.xtx	328	ee41eae88481e6e273b218fb7802ebf5c69a1c62c46386c050030273faa1aee3
xt/61167.xtx	533	7bcdb35363ffbeb63c2b098fc017db84dbbf6d3a20aecb38e8c1f11a573d7615
xt/61168.xtx	378	521f9fb499d16954862257a39d84ad7a4f868b75da1775999dfabb99f2876e05
xt/61169.xtx	271	f6b8614c469a6b5e1174ce85f5acff4df03c52544fa53e728931f7ca1152ec03
xt/61170.xtx	302	ab813eb2ee26028728f92a434a9418d930ed67e827ce86614ed3a1990707759a
xt/61171.xtx	319	b64cf30e041d3e48698d159dd1d9cb9e948d826f9ff45d2e6c1d66d144bda68e
xt/61172.xtx	460	8fe7d39dbfa3f2c906e93b3f6531f469ceb6e0dda4228059a4be4ba959514bfd
xt/61173.xtx	221	fe8b0d78a4344dab8dad225e2ba16f6d6b0b42f33dd390cd1a5490afc75fa6d7
xt/61174.xtx	590	4c9d317b591da2cfde69fae324ab96995b15a33a87837ed6f57770834df105ae
xt/61175.xtx	231	cb3dd9ab1ced79c06eac728251bd4a7b9ebb213fea42daa7a7f7b318b3879b58
xt/61176.xtx	452	c3c637fcf586f3a07e09f6da9d3d7f99b27e8c5ff9d517bf1f5c3b14fe78eb8c
xt/61177.xtx	264	3e0651a0e0cd5a76dabdaf43391ea2b7a0e616c06014d59040858d75ae1a1b72
xt/61178.xtx	227	29a608dd05965034f8ebfb1c27de1154268463fe69c8807ced4bc8c3b7ded886
xt/61179.xtx	392	5e0e2627dd8ae53bf59095fa856bf87bb51eaf665bd09b4e8ae903c606f102c3
xt/61223.xtx	232	05e887247556fec50877c61fc4ef72c0a1dd01255f7c28af8b1674b7eeaaa7da
xt/61224.xtx	448	dc704e6ef96c02b10af4b6945cadd9f189c45ff3c035f6cfe15c5137316dcfff
xt/61225.xtx	197	ddc0d873211db1d2cb19325c309e935e76b9c00be67f699ed4f071c368544f7a
xt/61226.xtx	228	c288faa3d3cd570027e83e088edb22fa26a99bc98e6a096353ee39e1bc7bf9f0
xt/61227.xtx	462	3234cc6407acbba4b464244ebae0dc9c996fb8defc5d1d109a461b3d1ea10a72
xt/61228.xtx	219	72330687e91bb5e0effebacc7a738bbc8558c1ef9e761866ff2aaf35848a5f3d
xt/61229.xtx	249	4ac8889e890b4ed3433947f827cc8ca23563cc415494db4253b9b87b0bc2483e
xt/61230.xtx	357	d4e55473f14945ba6fd8534fa1a2a3aa3356dceebb2b2e44b08b6534a5334ecb
xt/61231.xtx	170	e4efc42c84a02cfbb0d71ed258ef8f7b9da853630801eb253ab674bc90b8d947
xt/61232.xtx	335	879ff18f038f208a32f5e73702a438d554f931c0d28f9f7f71c03e9a96feb094
xt/61233.xtx	166	06cc657321c01ff2b06cbfe1d22a61ae70cf28d195f0b8dd43688a5a560c269f
xt/61234.xtx	211	c1c27049787ca1a32f0d3fb0b49b444a06a6ee347fc0533306041f27326cacfa
xt/61235.xtx	324	eb456c3b0e94dfb2c26033d43811afa557a9ae4ad106a8f93d2f50ac7fa9fb10
xt/61236.xtx	282	6374faf8ec782eb9137516e64348691511c4030fa45b0697d227514fd80dff8d
xt/61237.xtx	228	88e53c96bda346428fcb7c6b779dfd8936467dac342a577f8734337650d853ea
xt/61238.xtx	255	7100fdeeae4f29a5512f39650cbc6ef49ed89fda5d5e61626c2e29a10952c368
xt/61239.xtx	245	3596ee1dc58d95ba9d5a8de08ebc9e61315253d03da758dffd5ac341cb6e9e20
xt/61240.xtx	180	f0a07ac8fe073a4fec80b5ebd36936e5f1534737bddd3b9d418014d6be2b3ce5
xt/61241.xtx	166	fad2ec79ec3dab85683ede8ee08af8e12c0cddaab15b5ae23b7b516984e016d4
xt/61242.xtx	340	7979b8dd46a974035a40e28aa2d47228fdbb5ce6a7f059360ced931861c16984
xt/61243.xtx	188	a2e21c95670a7561d945effda9c43e85fc782ed9f0876ae91d7568ba158ff471
xt/61244.xtx	278	43b0579ed54bd83dd853387f4388a2de4c58eefc0ed7dde54232f8353001c34a
xt/61245.xtx	203	416e8d10265bf248b65d7f969cd8518bd678d04eaba4f5336e18babc80fba89c
xt/61246.xtx	211	b4d571d7aea13c33ea6b68d0accb0ba998224d83126beff1303ca3eaff1ee937
xt/61247.xtx	180	835c4da316ab4837d0ec240f88ea76d9dbd3a0ceb3022beae7ee9195ee0a7d10
xt/61248.xtx	279	1dfe142b97b4cfd8158eac91a37ac6c842ce7865747f04ac4450d2085c1803f7
xt/61249.xtx	237	2220216fad0af81cbd790ed861f0775aad9b2ea34a4251718c316b98b79a396c
xt/61250.xtx	182	9d5e783f5fc547bfd241054ce35d1b043556323735e6fea1c36f88beb9f2e399
xt/61251.xtx	258	0258842f49fc49df3eb5e83544a0a1376f2c85b122de7282a4d224bef53460e6
xt/61252.xtx	400	2f27133ae1b9cab1403a3d7722f16b29c99b6932750cef8c6788c92c207d7d4d
xt/61253.xtx	168	b1b0ce9c24faf1c699974ca5cde2ce5e5ace8bea7b75bc52caa590d2548a4ed4
xt/61254.xtx	289	f404a8cad07585e81ede61d29efe244dc540b8b4a51cb2ea1c58ffd12ddfae84
xt/61255.xtx	359	fdf469d89e53a0165cb305b7356384ec96eacfe63086f8156b14caad0ee3d192
xt/61256.xtx	192	8e911f552e423a505dfa9d707583f17a73b4db71a7d6e91260f3b8fe78bf1138
xt/61257.xtx	392	d20bfaf06794f70ec6aa907b2657429adafa36eaba4ad4fdb94ea1c5143a138a
xt/61258.xtx	344	299abf40e39d1949a441f6020bcddcacd8f3b5e35205f3aa2ce83525cb88cb39
xt/61259.xtx	295	e03aaaf0cb63fc13ce2c11cc6d7674e305988688f14839f496046fb475136dbe
xt/61260.xtx	327	710ae05db7c993742bc2adeaa2fc3cb60e2d81f47f70e8a42208722d1e159acd
xt/61261.xtx	284	0f1d70c3e30d2f8e35e449d6becc0b4739df22825b03b7d0de5bc86b338bb7d2
xt/61262.xtx	170	f6cb87b3a608c03eb90c21162e19a44a2622310eb9bec9e4bf84814d8af31142
xt/61263.xtx	199	908ebba2be58c78f5f887c7405dfecc7392df32cb1310f855cf391565653a213
xt/61264.xtx	205	9e2e4859c134f41216c8a41993b3aee32c0aa7b03214a4c6faef7fdcf09ba15b
xt/61265.xtx	311	b1a4f70ddecf19d83bd2a9175cd700f8d5ae6eb6fe50bcd4cc9719e61e8aa846
xt/61266.xtx	260	cfa8d8b95143b655d799c5fbee5258bf2914f72811cb0c523d4ce6f7a7671d5b
xt/61267.xtx	272	bb2be348b4ec8ed7e828672f965457ceaec1821679882a583c72eead6a5a4578
xt/61268.xtx	292	ece23183c1e0363bb2a47db083599f252a978c7da0857052ad0c14b6f4da9c54
xt/61269.xtx	352	0819437153b2231f008725eeb9acc1b440eae261a04558f57c0ab1ee9952ee4b
xt/61317.xtx	250	1d370dc465191576e01a992eb38e6bf9f1b4df921870b51eac7123406536783b
xt/61318.xtx	236	4d903cbc3cf0a2398983528bb1cfa89ee77282623ced66bbe7eac8ec38a9a120
xt/61320.xtx	448	8ca193db06c0798afb4186269f5f59b21a736b650eb688ed3e38a8ec8f9e4c8d
xt/61321.xtx	313	18d5a457ee421c033b159d425fcc01c7619b6793549f7e53f60706acd0cd6280
xt/61322.xtx	225	39e9a52138a9eac533367523d1914be6f5cb71cb950d2abacdc7982ea9f37b73
xt/61323.xtx	275	71b7c34f1aa97d202c6325a9b329b28fd6e607ec17c4de565e23c788848363ff
xt/61324.xtx	349	378baf2abd664a88f849efff40a28869cc9f3b6913da75d8d4e6c7f9f24a0603
xt/61325.xtx	388	9fd1248be518da0f26a2a8c75d7f416cce0814e205d60f050fe261430ba90c05
xt/61326.xtx	286	88a1a183f5ddc36e8a7cf1a0b93ace7ead58db5ed4faa0e513bf73ab0f20715f
xt/61327.xtx	504	e3c67ba936777d91359bbdd51907d37b2c35a874f6e06357a286b957ba8a6fb1
xt/61328.xtx	319	2668bed5e76481c7ca82eb2bfa107d2b781b99b1234b70843a416e6e65bf3b64
xt/61329.xtx	331	5119a69dcbf80dc922862882f847eb3fd863ba40c3f7e5accb7bdc8789e59309
xt/61330.xtx	235	fe0db236397a92a52e665b5ed89d1c75a2398764e1af33ee6cddc38e22e09258
xt/61331.xtx	266	dc12602a778b41e8bdff12c41b131ec077b890c93ce716f4ffc0944200cfeee4
xt/61347.xtx	280	28f6dd1aaf903b1bf3e6f3d58c02879e2322eeb4445831a8c462afdb50111f8f
xt/61348.xtx	253	ad0ec4c95e44f3ee4ca2ebf5eae960449b5bbd3864a7fe5a6423ae5f75cc0a04
xt/61349.xtx	278	d2ffe0e68a3235937063a0ef904f23bf221d43f609d7854a16d0fa3c2d6ea6a4
xt/61350.xtx	186	846a8eff555eca91e9ece517f9a9f8848bc6d6ccb131eeb091cfacc615dffc15
xt/61351.xtx	344	b505abf79f9b77ea3cae0c6a443a1a87a389883ad495831d7b4f51b0ecb18cc4
xt/61352.xtx	341	199b93b946137b58f4757e0884c83ee1953b377e31b11a70ba3bb198cf1d2b52
xt/61353.xtx	403	7ff026dab7b5a4e408acd0c3a03e41e42808f26ba84f0d8c7f80aacf52440a40
xt/61354.xtx	248	04b26bac1714f3083a7ae5300179de8ef894e02a2624e4b5ecb926623cee0bd6
xt/61355.xtx	675	a85ae7bafba7117ab91bd76392e6d7766a6bcc2cc49a6e8e13d8e35b132c4c2e
xt/61356.xtx	1130	0bd2215aaa0f0636f1f89754dcc1d21acde23e36438e1e65ace3a53179f7e572
xt/61357.xtx	356	8d682dc516b1ff1906074f273fec6989febc9af83c2ad3e44957a7ba388418e7
xt/61358.xtx	537	69d3e435617048551cfefe38a19526903dd07fb509c173364e078137b4ac845c
xt/61359.xtx	507	59ffba2a5d85dc6499eabab2c7dbec9746e4e7778a60def1f8cafcf2544e2d7f
xt/61360.xtx	300	a49d5059eafb8397b74e1ac8c1b548298752396b7345b0cc80429752514a4f93
xt/61361.xtx	231	15f3257f963c1a55cf29932b49f008d5296e2bc8d9da20133a5d4c9ff65b6125
xt/61362.xtx	280	28f6dd1aaf903b1bf3e6f3d58c02879e2322eeb4445831a8c462afdb50111f8f
xt/61363.xtx	224	9b008c530ede16edd2ead830d309fc1c8476b6987d90325f3674f4bbfac9a688
xt/61364.xtx	285	dbe246db90afd252832956bae75ccecb18945137f26936197f62e651383d6fe6
xt/61365.xtx	285	6bbcfce9003bbdff94b1e3fb78d098662aeff9faad63835dc26d4b8586e779f1
xt/61366.xtx	224	9b008c530ede16edd2ead830d309fc1c8476b6987d90325f3674f4bbfac9a688
xt/61367.xtx	230	ce8a7bf73b961ba85ccdde336cf77b82d9cbcf6a0edabb9d33936e39c11037c7
xt/61368.xtx	406	ce5772fbb2994a50e94bccb5fabecf2cf0672a4824fdf79759419f543f10d3fa
xt/61369.xtx	225	1720e14bd71dc284ef5034c2f87c61253211755947c286cfcd289b7f8606382b
xt/61370.xtx	360	0cc23624c542b6546be62e782ec1e3822cf7b6bae091b14a22eb0a6011016bab
xt/61371.xtx	274	6c0834d3e8f361d1782e03d4f0c137c690433e5948ac0164c17ae83edc34f780
xt/61372.xtx	286	ad750026396835625c75b602fb5c4edfa558985d0187cd1ace5c49ffcc693642
xt/61373.xtx	224	9b008c530ede16edd2ead830d309fc1c8476b6987d90325f3674f4bbfac9a688
xt/61374.xtx	249	2f40cf24ab3d05bc21167937a6337cc14c362a7cad466de0cadfd85ee20666c8
xt/61375.xtx	279	bf46819bf4e54d210799062dd53e2a6211e882712100f0ab61b7b713fa309110
xt/61376.xtx	227	4e40d0342faf7294d967aa243657031e149cfa1ae944f17ddf61c971fb507049
xt/61377.xtx	276	83cc6d7fbe0aee854dc34fb7e3cda62fd7bd8c1b48300fdd5af75be6ba748da9
xt/61378.xtx	758	c8c5cb2b169d5fbf18e53590c0b0fc8c4a69923155611febfab4693508c29583
xt/61379.xtx	508	88b970a9fba13f9fb4203526b41b4e2ccd360416145406423c88552555c4de8f
xt/61380.xtx	428	223fd0801395c69f09ae18bf6045108fcbabcc2f807decfd7eaf45fdadc8107e
xt/61381.xtx	436	7f94edcbbd5874a103947af4773935b3f2c84602b87678a7466da79364f0459b
xt/61382.xtx	265	3f19ca2e22237d3e517a8a6c5e60a592ded453402784bb57f143b7266a096c0f
xt/61383.xtx	687	4c37bb81b74e16878e590aa47d14f135b5e23865dc5e996d8397e24b92c0c1a8
xt/61384.xtx	509	0aeccbc2449407d81b7d1e0424c2ae6d9c896ea12e277b677b1beb92a8c980b5
xt/61385.xtx	671	1fc734d12febba0964da2fa377ba71b41eccbac3183b5b1464206cd6239fb4a3
xt/61386.xtx	481	39578a267384ea7579726b546cc0737bc06f2d047d0b5b890a3f62c0eeb6f6fd
xt/61387.xtx	291	161166311eaf06c004f18d620846532e84498f9a7df846c34d4e27f832ce6574
xt/61388.xtx	220	aad2017e2e8f163118dcc8df3f5ea6cab84e1394bdac99ab394cd20638cc7616
xt/61431.xtx	182	76ecd0e8018b81b4b3b73f140c18707b0f5b2054c899ee8b7fb0c8e4764a43bc
xt/61432.xtx	334	24d24200714f08fd186c53a11538e06e7ae11ddc50b45fea778e4dff99e49a0e
xt/61433.xtx	230	25ab4501ef6af6ebb85cccf91ead3afe464919462b948fc6bac0c453a3b151c0
xt/61434.xtx	300	67dfc481ed56e89598bb2841d8938ece45532627d695fdce921d81f79b6429da
xt/61435.xtx	262	04f1d3483b778247d467de50ca9d3bf9c22dd132a1a0d76f4b507f008a5d651d
xt/61436.xtx	322	1cdf423213b6c1e9f045e025a54f6d7b6ee0dcc6235dc6a77faaf6fb3b7bcfd5
xt/61437.xtx	290	920c0bf3e4bccc0b1e32cb44438098a20cc47d95a5d9cf27381f608f8873bf9a
xt/61438.xtx	263	29ba305c441405ba8e7bbd9dd1cd643c0309098cc7ae34a7bc44757e728780bb
xt/61439.xtx	305	7b5b5bba69096c4008b7a8fa1bbbec12077d6a761857aaa774447f5fa95e0b8a
xt/61440.xtx	252	b44f0b646549c6e423bcd066c64856e2fb2c6e6012fe2c3d129c239f3862e85c
xt/61441.xtx	212	0c80025c1fa8463531c5ee18da70592e3457fd906f8959aa53e98f5cbd477e70
xt/61442.xtx	371	9e87cfed97a92b57f2441477f745d055475b805867d8199ca1f85be75150e9c5
xt/61443.xtx	252	bd04f744fceb25396b6bd26a2349464b0fb5d618fb7d16c2faa14b277bcc25d3
xt/61444.xtx	222	08483637f0bca70b5bfc4b802b4da3c994921847a84b7088fa140801cd97058c
xt/61445.xtx	326	d9173eb7486fa879234074fdb45228b2f599087f8a82a560879b073a9ec96851
xt/61446.xtx	263	277cf2ecaaa7cad6a0f3a61f634bbf7fb37e0f8004e4ef5301951ed76ca59a97
xt/61447.xtx	220	8608da32335d75edcee48266d03e826c6e99de3cfd30c8a9999a655f93f08396
xt/61448.xtx	225	ed80cc25f10b3c731bb0d15227d0f06b38e2ae8bc31977c7ca4f4c87691621a3
xt/61449.xtx	941	19b1fd25dc5e044454a688c373d120834c692fd1bf91bdd3513386c8bb4a061d
xt/61450.xtx	207	cee8680e5d696640f6d719250b0d55e458b29592232e4f03c1982636ea3b86f2
xt/61451.xtx	215	62ee0e47fdfe5c18dddef9a5a938668c268fdedf8c5c0c915f3f032720cb469e
xt/61452.xtx	257	61003ef3e80a4cfef7f6be3a2c97c7e51cda7937a232951249e5bd9fa939c70e
xt/61453.xtx	207	5b928082f1915f9639b43fee1bf1c59e3591330f09e79dc49c12b770c5e17865
xt/61454.xtx	217	976ec4df565d733f310511ae99a5cdad6eb0f28fb160b3485682573c355c11e5
xt/61455.xtx	210	e5d94c63e9ff66ad7a7b0f9be62025990841fc5486d543cc0d361e1fefcc2020
xt/61456.xtx	223	91d75985a4ee5ce8a7be56a46385a503a283e7c153bb105c2db74022f7a18322
xt/61457.xtx	209	8adc4c72ae3d9924ed1f51c9c450b61e0cadf48544f4d9d06b7b105b767cf700
xt/61458.xtx	217	faace6104319578114d0ea7418d66776cdf007886d288542a2787704a40ffc0e
xt/61459.xtx	523	6900973316bd3d0567d59289e676e25803d6eb8cc6f39350b862b72cd9fd241b
xt/61460.xtx	153	5ab7e956d42da26bd6035971b1b34b35e1354fcbf26bb56e62839fbd3e5e7eaa
xt/61461.xtx	494	49c7aead887d3c26789ad8a7be24f5d0dbac2bfb1d9006d63b36704825215e29
xt/61462.xtx	474	08d214cebfab3a5199c34ff4b17cff986549477f13379d4a805d252a63bac0e6
xt/61463.xtx	339	7d50061a52fa6f2b254d0df77f887d62afb8961d93e08e6aaf5c3831113e4a1b
xt/61464.xtx	316	1171b3124c7a06174d2028a0561153ca1d16276f486c689d1fb186c3a5c9cdeb
xt/61465.xtx	289	b997e47cfa2d5e00aea72f62bfc4a32842bcd3ddb8e09963b5110207f16783ca
xt/61466.xtx	624	1802fe5caf9e6a8306298bb9a63c4625abf2de716899fdd7f020dffcc03ca1a1
xt/61467.xtx	329	b17be261029ccfc00d2a69e3cc5327937269dfa0c7c53374bf3d86f28c48cac6
xt/61468.xtx	218	d53e416d48e9482dba896d1643c515a77eafd97b444fb73f7b8a923891e9f919
xt/61470.xtx	365	397768dd99692a8f38d8ca6ec425ff91b87ec3b6b6e2d90a8dfaffc78b960204
xt/61471.xtx	313	12b4fd7a7f175d66f95aef34f4af3dea7808add71b7fbf0b8ef6b9c0cc53455f
xt/61513.xtx	315	753bc8134579e7b52c52ff4be63f114d99754f332e0d983a21da5b3a5701b817
xt/61514.xtx	335	c12dc3a342cdacc597d3aaa4e1474a484618a35be7e0fe5d4e86439d589355cc
xt/61515.xtx	291	e29bda2a02cb92be35660036bcb44bfe2bb1d5ff1ab52ee468b2a3bc552813ee
xt/61516.xtx	296	2f395b729fd9f84c6d7c7a2de0ce10060602ef7ac9167d9085e3e85251a63c85
xt/61517.xtx	442	92739808ddeb94bfdb298282378ca021dffd998d154ed3c6b4a9d92dc6f00542
xt/61518.xtx	417	bdefdabe0b0f72c325cbf2f5ee52460c4b1d4b5aa591a7c8ed577da6b962cc9f
xt/61519.xtx	301	8598797038179dcb090dc7d7b9c9eca7d80d4c432367242ec4f4ca904c4e2005
xt/61520.xtx	433	c2b01291a4dad37ba0ef09cafec507bcd710d1b877255da072ff0f030e1801a0
xt/61521.xtx	257	459631143527897f37a0186d095feba4078b3e8a334f9846e7449bb72510501f
xt/61522.xtx	421	3a3b7a75c96d26d18f87867c91fb80f0da0230223483f14ab2f3165bb5eae4f1
xt/61523.xtx	328	4a64974a68985cb3fa1c7f6be20f260a4e5fad34b2e3349934497eae105016ed
xt/61524.xtx	286	5a3b7d89a050ee26dde567eb6bc52614254bd75a8faabab7ed0c2554121bca0d
xt/61525.xtx	293	44042325eb47a099228ade587cc2c1cd53cf2cf89c6b962b7b89f2001874ec2e
xt/61526.xtx	352	2bb4c6d07bd57a789afb88b8b8e25384898415a1fdd9ddc6c00a83d364f4f05d
xt/61527.xtx	382	e312cb704a018b90b2a03a2e58440fe96969dd48140679dc5d434ba3bf5d2c19
xt/61528.xtx	385	f1adce5f3fbd0cd9e828e0c4eb2ce2bd4c474706bce47370749b2a5cae216df9
xt/61529.xtx	373	1818aaadfe37be022bd455820b0f0d6b1e7ca435fa8e1a1165852d2b73cb394d
xt/61530.xtx	395	16ec2d4dd0d298c4de107a605e8be2d64bac5161350246b454c46244520b9ab9
xt/61531.xtx	226	e8d057b85383ae816d9b5524ed859baf6d2eba3938a752dea6c162dca9e50336
xt/61532.xtx	372	28bf8829052cec79a971b7493ff7bc3b52a17a60937e725421856ebc27e15792
xt/61533.xtx	239	886bfbd7d6bca1037ae2409d6a39c2d19860dacf43d97e4172bbb22c81e7e25a
xt/61534.xtx	314	30b20f79d98c81fc2601368ad5f84ad8af32c8f08b8a8e66a4387f15b817bced
xt/61535.xtx	264	c65bf195c90a57a17d9f497622a470b939c3fe639f309b5e6ed2fd8c099e9577
xt/61536.xtx	380	68f619a07caaf79cdadaf0026bf185d394a94adc964da6ca96b5dae9c66ed649
xt/61537.xtx	208	dea35fa2150df315c2c02bca0c35a9f95ac2c19313a4f6e4b78fa6d23b64833e
xt/61538.xtx	234	84b42a11f7c536818fe20625126036477f806e3512ad4089abad66c7f5ce76d2
xt/61539.xtx	234	f767ce190e0a64642beeda91e043e34ca21dcffa33f9fc29969b8b7349887288
xt/61540.xtx	230	ea6f9a35dd23545dae7775de9813a489c61909a8a5e9c28fa62b3fd12711ef69
xt/61541.xtx	263	61c825b4e45dc756fe2a879cee90f19807552bca9ef142862bc04b99b676eea1
xt/61542.xtx	496	d4cd5e354025dfa5f0599bbcc6666e58d91f62ed996a38ffeacfa11801e3efb6
xt/61543.xtx	541	75189d3df9251f2ea572fe06aca7d3d39f4f8b89f9fb82690975254b88d37a8d
xt/61544.xtx	428	702f6866526c9519b164cc6ac94b29352925d0e64976914367cac43752206d4b
xt/61545.xtx	413	7dfa4f741f8f1dab2153bbf08c068238798824e50f8666be2f214ead98bcd576
xt/61546.xtx	411	378ccf9a036a24bab3829638da715f48bec91cc9dd2552e1c761aad4998e1863
xt/61547.xtx	391	54170b04faaf0a780f111c95facdd254d74099288d62509386bfe05f86a0a514
xt/61548.xtx	265	7fdbcc90850e8eb0e7d8262a0d1bf095708f01e2d92a850330ebee849375764a
xt/61549.xtx	339	8bad8cea206f68f8868a4852207dff641b8a3d988c21cee85f7d9615229781b3
xt/61550.xtx	442	bd0b526dc4a4dc5f0d909cd0c6ebbeca258926a8a711a079d77b96965c64b21a
xt/61551.xtx	317	b4388ae9ca294e0e4e9e7d4cc494f3a7dc1dbc31c12cc5c0f9aa9ebf48ddafe2
xt/61552.xtx	270	7bede3172abdbd0e72ee984c672aa5bf49c60051d028344edc5d9d555db53740
xt/61553.xtx	356	30481352678cfa1b8e18b2db8c3690cab6a3bcd91197cce15bbecdc918b86b0f
xt/61554.xtx	273	64c3f8ed15cde8c35b3cf46186537e317de597c4c428788cf23243242e39c229
xt/61555.xtx	530	369c8dc2208fd187f0186cf3ea49cf6aaf45aba77d4de04f4adc640445e8c489
xt/61556.xtx	290	405e229f75fe74d3c52a4f33ee4280d82458b13ea5199ee46e4a37e2a5a859ff
xt/61557.xtx	385	629f338fd106112f0c8b757551a3e04d7a83fdfb4ff7f159dd1f6e6eb8c65fd9
xt/61558.xtx	327	a3987aa6371841ec6fb5d3dc00aa3ebd0a515bd65f22ae86d32b33864a618bdf
xt/61559.xtx	347	6c1bafc568182a3a31ec0eb7b71f9987abb2b5c2dca8deb74f97a7f51c7ab396
xt/61607.xtx	311	397b483ca0d9224a7bb1f93cc68ffab62ec441178c66033d30c0cedc60b9c94e
xt/61608.xtx	535	3b2ba020947476ecb694694a7a3aa6f3a8e7762ab17f1d7e301be17a8e9506c6
xt/61609.xtx	311	397b483ca0d9224a7bb1f93cc68ffab62ec441178c66033d30c0cedc60b9c94e
xt/61610.xtx	430	4ee18e50d5d263c3e2799a74706c8845cfd0c82b3732672dec18971f8d6df08c
xt/61611.xtx	302	a276d91558ef9ee5d259a6bd7b9d43b3bda608b2e241f61298fad7da7243eb54
xt/61612.xtx	348	ccbb761b7d6a9b9e1456df4830f243b5b7f41e30aa0e7f67141caa098d42c420
xt/61613.xtx	670	f59e7379035b11ab84807607d9814cc5d6fe02c6c3ca88323deb87405a65641f
xt/61614.xtx	293	ed685a8ccdb2168f194ccc523c8d4ea65c34cb197f208e6c464ce222fc0480fd
xt/61615.xtx	302	253986cb02308f12ffdd4a5d265a67ce7577b31ec6f3c797d1a8a4ee4c1520e8
xt/61616.xtx	342	af3102cd1427c1018960c1109a6458fd0a8523da30948f999005e909e85bf57d
xt/61617.xtx	277	a6fb186e19b0d652abbfe26719765710546f4619b027ea447ee84040c3939c67
xt/61618.xtx	320	089a509fcae0ab25efffea2ec3234133a7fb338022f1a91793d6bd238d7aaf86
xt/61619.xtx	473	c7070f1466a63ff063505536a3505214e470349bc63bf7485f1c703cec04ec68
xt/61620.xtx	263	4e8cb2b31b71e77b5dc513008916aa65363be7372265b023920b5494b812998d
xt/61621.xtx	227	a9f62b8921cd6154d0794d282476a8efb9af6b4534a92c9a6d88b312e425b407
xt/61622.xtx	191	f795290f63684bcef59e08f4d006da4c31f0e68890c0f315600724c17d4a6043
xt/61623.xtx	262	eeaaac6ce63ff30df72ab189fb37e47359b50cfb74d405a14dd7d6ac4330193b
xt/61624.xtx	194	c1b4f61abe986737b2d664eac3b4254f99596893c7744baeb11d4d7382214bf4
xt/61625.xtx	222	dd09b0173333b87d077be4b36a95c6690cc932dc99d0cd509128e5599d0901cd
xt/61626.xtx	291	8ad1d69963ee25dc4b4dd7105faaac147942345f7f5a0e7f4d7cc3c2f71e33ef
xt/61627.xtx	262	eeaaac6ce63ff30df72ab189fb37e47359b50cfb74d405a14dd7d6ac4330193b
xt/61628.xtx	256	78009a29679a96b1b6a491e31bb6c960b9d8802348e783ffc139bdbbba87663a
xt/61629.xtx	214	0adcbf89d549092652b0e820877c5fdc33f64b99bdf9161c458160cdf01e7d1a
xt/61630.xtx	210	7e4cfd1f11e45b3a7798a143e74a694a6d34b7f8122e60e03126947e083f650c
xt/61631.xtx	197	0cc0cce1899884e0b6dffc564d25ec0e599bd9ddd3e70192b31515655b32bd50
xt/61632.xtx	269	7a9b7fe357b66add5144ae73dafeb77319d373a47878781432f6bc8463176a2a
xt/61633.xtx	265	3d317427a6c146b0acd7ad9617cf4175ed4959ad4466e3d60ed4d723d2833690
xt/61634.xtx	258	702c777a08dffa10bd191870ee607578bee520029ba5b98f874a67eac4999f90
xt/61635.xtx	396	33ae3e85f37c7dae2225f6f7aeafed671e1c6e11d6c44231ea01b4d7d77ca73f
xt/61636.xtx	274	d840c4144f89323b33ab4aa5e5a5e2368b1fab6d0c38dd6ce7fca9a3c5272df8
xt/61637.xtx	306	72e64643d4d378569a3568ab26b1f0f9f90a06167ada474cd94302078131f6c6
xt/61638.xtx	254	5a645cc2f41fdc13583f5e43fbcd9136224c9bf018cd16c2a3647b081342b89c
xt/61639.xtx	276	22ad33d9d1b4b973409c93db8908a842e78d373c86a73d1c6d560df27f2fa648
xt/61640.xtx	355	f3f13af7ec02201cda80c473837ae468226b4a3fe074027930dfecb18cdaf600
xt/61641.xtx	308	0bbd86f0c04c4510951164c60065195a9335a544bfb01c9ab5cc333a59ed245f
xt/61642.xtx	310	a26f5a3bc7546c5c94f5ba26c3a27d34206b824feac5846206993a608bfd6172
xt/61643.xtx	372	320eca92d0a463bcf1f6c0fd43454dcd667543a6d77ae523a6a6b6cc0bf2a51f
xt/61644.xtx	229	4d7159ae1c8087b9a4048b459a81dcb574d0b359f510371f52b2b533e731fe9b
xt/61645.xtx	276	7c34b289c97394bdd51a0a93030fb5deac5e938271dc17e7c3665f06ec940cf1
xt/61646.xtx	270	6058529f2d09b0f8418e93aac6268b4fbffb49426cfb0349c485218027b2e1ee
xt/61647.xtx	254	3fc0128692fae71ba4bd764e6c82d3106b3aad84029cbe55b94c4c68fdc02f32
xt/61648.xtx	258	81327090cc94ed3d7b6e7ea322ad4d955352ecbc9baf5fca1c4945becc1dc326
xt/61649.xtx	321	c97ef90b6a69a47a4e64a6017924f353710c5c39f57477b1b3863e9177898953
xt/61650.xtx	309	bdbfeb9ceb437a49632042a2277af52b02162769ed5180e7fbe398a421ea3ebd
xt/61651.xtx	232	12ecd175d81d051e445f3f07b5c0fda5592727e22035d6d49eca4f21fba9dda0
xt/61652.xtx	312	ecef7afbe214f3ff2be4674d86f0c4a8a283cf6636ed0ef733c04e61b822399f
xt/61765.xtx	341	a48138f56eb9b119c33504defd36734dc80de3180f2431fb6d51f16195314801
xt/61766.xtx	801	acf8442bfec7a88cf64740084ebfa5c3e1441abfc46f962fc5075d65fcbad347
xt/61767.xtx	1154	8e184ab1d94a2a68666c682f05a1ffdce6b268a81bbd86e0b984012bf110c95f
xt/61768.xtx	702	6130553cc0a9de49eceb48b4cabf91eccb2aff98a3d420ae4e89f8c6cc83f685
xt/61769.xtx	753	4ac2b07cb75fca8d7ff0fe669695e42109878569c6ede824a4c564cd4698f201
xt/61770.xtx	872	df60f21b8c5d91da0f301ea668eb616e32a68875e421dc8c00f42798810df226
xt/61771.xtx	509	79ed58b6c18908fadbd89b71c12834027b7ea108676996258289274c22b0e918
xt/61772.xtx	826	25f24301d0eb53f8466de76df49da4e3016fb085388164be42fc91737a17a84b
xt/61773.xtx	308	1f37f3d28303984a4ec73b05414227ad2029ca4b3163fd837a01ef1d978b8504
xt/61774.xtx	1657	0bd29611aadd7c290e54d65e652fd372701ae413cdcbd546fcfdd806b5fe57f8
xt/61775.xtx	731	6f2d6f03ec12f9f30e654b7a1877d858baca1acb66d249c95ddb86dc974e0e5f
xt/61776.xtx	259	2b7a2abd1bf2d7cf7307e0afb6d996b10f09b22108a73c82c85c440171f95e84
xt/62868.xtx	297	a2e17005367805256b8dbc56cfa31c8c8748efabed234dcc93dfe0d0afd22cdc
xt/62870.xtx	254	47ede292dc291d9183557d70c2111e9cace9881eaab3ac61e6f7a45996c661df
xt/62872.xtx	337	8129a006beba984c8c52d4a9df23ccb523fa6db074495ff683c745e1d63db396
xt/63271.xtx	290	14f3371d5ade6d88e753500b81c9cd77253a18da4ba2819043f17fef6bdfb446
xt/63302.xtx	296	57fac26fe281ce93908125d8954febbd6fdff3666f93629b3f9df608e65b0bd4
xt/63326.xtx	357	6c09ef6a5d6c18939372726442a10961c993f7071b8a9635d0d3e68c40e25f3f
xt/63329.xtx	471	6ea7c3dd71946462370db48c793179cddb0a050e42904f000af1ba2515de5434
xt/63332.xtx	563	a8f1b7938371ced39a6f39288c2141467f74b97bf5c5d1e6b7874976631d0345
xt/63338.xtx	404	f5760f59c0c970a20d2f34f2d1da2509b1d8e23316292ab99092c0c0ef31623e
xt/63340.xtx	303	8cc76a92e15d1f303f483e059e96979148c1ac7452a1a9c061e9e3bf7050e773
xt/63344.xtx	456	b8e88d0d31540b3f3c5712b9d66ffcc13c39416b207a263694b9db52bfa4b184
xt/63354.xtx	273	64f85ed3aa949f426832fe363eae12c758a557f5c1c0186a6ce4b30cb7659339
xt/63356.xtx	531	147f7079435dd9284e913011004c2277032d7fbe199c984e5be62e29a181aebf
xt/63360.xtx	300	781b9a776cc7eddb29a9d046428e729379e86c127d5eef0f2e7801244e4f2640
xt/63364.xtx	566	d3ef24f021becfa7b89663b0cd0b3c83bddc439c8c4c0e9401f0e3a245122e87
xt/63366.xtx	683	43c20c64d5f84d0a18cffc13061457893567e0f7155571020e875fed477f278f
xt/63372.xtx	302	0acd31742cc2e081250d76151ba7756664af52ab816b16b5325a769fa9f66e50
xt/63377.xtx	333	8c3c627e2ad01791835091790cd24544a625786d13dd45858eb2244bd737c360
xt/63383.xtx	577	35305ef871026e55b3e1cfa7c3c23672aebd346d35bdc65c13701353776bfc7d
xt/63385.xtx	274	e4e90d8a7228c5a5895bccf99418ecf35b3c95bd602ddd1c7be0d7c1857d4b69
xt/63672.xtx	231	9bb23ccfca515246d21ff45b708a0f694b45c70ccd3daee75b2e2af70d5842d8
xt/63682.xtx	227	e1c0b3ee0f7a120b507d2316d618c0bd88badbb8053127e61ee7ed93eb385206
xt/64497.xtx	183	f2fa8abdd2dd491950c58361226eedd4adb505af59fdb1ed0b2828710db2afc8
xt/64498.xtx	268	3e9094078021c1fb2342a9ba9072a213bd17a439b4ec25818a7b51d08a176032
xt/64499.xtx	194	5418ed778c5e5a8d04135c5f6604c802b0e48f7bc07e5177cb04994c8734ea4b
xt/64500.xtx	189	e0b6e1230e3ea83421bb400b1863659772ff2a5fa24a03c01c2a994bea7db9cc
xt/64501.xtx	245	9477d92712af1cd4e163f28ce8055a7b2ac1fbb419ce5eed2ab929593ec507d3
xt/64502.xtx	224	9b008c530ede16edd2ead830d309fc1c8476b6987d90325f3674f4bbfac9a688
xt/64503.xtx	224	9b008c530ede16edd2ead830d309fc1c8476b6987d90325f3674f4bbfac9a688
xt/64504.xtx	221	64da0dc16dd19cb32764222a7b794e1c9a93becfbaa28ac572d07f7c7691f387
xt/64505.xtx	221	0d3f2288cbcee5dd1547512e0597e2b47da0456c21f93e56563c63097ca4d10d
xt/64506.xtx	222	63c77e7be6b4992572b5477ba94ac7cd87be91936373a7dcbbe94d6605280dc7
xt/64507.xtx	236	41c5ca0492809e113a34a6ae3b8c65fb3fbcd599e842ca78ec153222d24409ef
xt/64508.xtx	218	8b44372b5f20d668a0a576bb09509ca9d21b088d3925a1d1d9ec5d473b995d21
xt/64509.xtx	183	f2fa8abdd2dd491950c58361226eedd4adb505af59fdb1ed0b2828710db2afc8
xt/64524.xtx	687	503a3021f5df6bbffacc2786f4bd0bc7ea09a96823c6d92f2381285a7debde48
xt/64525.xtx	366	fe0516288cc38d47e8fa17a9d8006528ec0d0cc28b058c470af2142645651dce
xt/64526.xtx	1064	9910494e857f280da325cbd07dbd2337d7daf9d8356c09adcbfefbfd3284d13c
xt/64527.xtx	303	1c90748b3f291388fb3c6ae5f27ffbccb70fe3f7f05fa7b0a038b69989498045
xt/64528.xtx	2770	48a9ad23253d70303c67ee76c6d03135aa7259ffe61fbc9c8e6a80efedf747b9
xt/64529.xtx	738	429f7e354858f593b7677ac3a38da4540c52b54ed143195b5bcd92132e8357e9
xt/64530.xtx	475	c0c43bbd2bfe57fcf7a537d7126f551be7082600b5d4b68e59a2183a7969eb61
xt/64531.xtx	1294	71b7621a992d5305e5db459096d2edd9ac5d11f996f73696777ff2e458910cb8
xt/64540.xtx	491	f07bf4a1f9a45e2005aa91a5c51972a4fd65b23c065171c7bb52644cbb286c1a
xt/64541.xtx	604	9b4e855c02985d362f3821b5ced360e365b474163db23e5e8d6c1a4a48ad8435
xt/64543.xtx	507	a8535b407aa1e1cd148cc23c9526883e32410fcf7b3213c27896cd808e8c580c
xt/64544.xtx	492	010db67f960c792169c4049bd80693276cb4f285022ceba295f8231fdb12dae0
xt/64546.xtx	383	8b7930afc00a835f1c8a855d8c5d7978f94a77dec29be3163063e9125b1dbcbb
xt/64548.xtx	598	e31b3b8faf663b86e72b5abab6d777d1996a0aabe1c49473ef487bf3b897c5c4
xt/64549.xtx	434	dd014b53d01b9ff5bfff65c31e4cc81eb5d445514ff6aafb764510430a4acaf5
xt/64551.xtx	788	0014cfc5c5886a6f49fb8efcbd3b4deec46d6fa84598e3a748c6421226fc6138
xt/64552.xtx	388	066b8d9dce56eb7dc049e62332b71f64d5100b0bce590bfa79efac450d11e605
xt/64553.xtx	603	7c5412d47795a95611e0a01bf5b38ea54f7d7ecf90f6cbdd9120903844f22300
xt/64554.xtx	113	9dece98ac39ba53933c3dff9366142ee7304fb1f5ad324876f3131d51bf3e782
xt/64555.xtx	508	0e60bc587379358d1155c93ddec63b43c27dfe1ef550f8ad7e1b68cc5a9c5b9d
xt/64556.xtx	721	b8379aede5c01e12ce9328024223d4c317be95277610370edec40725e429d880
xt/64557.xtx	502	81d8836cd6e88715767bfd44c0598e6f4e8ced1ee37c245d10698cd8714700b1
xt/64558.xtx	502	81d8836cd6e88715767bfd44c0598e6f4e8ced1ee37c245d10698cd8714700b1
xt/64559.xtx	459	3b4eaf31c8cedc839076795884d87dea80aeda5cc57536f21d8784253c384757
xt/64560.xtx	422	de875fd41c95bf6ac973300f3039a0d452d7a28f8304a0d001927ba827f2504f
xt/64586.xtx	268	3e9094078021c1fb2342a9ba9072a213bd17a439b4ec25818a7b51d08a176032
xt/64587.xtx	226	4fe83671a3b5f2a3117b136361d1d4c0435579fe22add4710094ea80a7fdad37
xt/64588.xtx	224	36bf0dca9abe12edde236c157ee62c728fc48088ce564b8ca7b0ec26b7a3a358
xt/80249.xtx	312	62e4461c44d08076e353e293fe06284001540ee93e04ec33f2d036724df08c28
xt/80887.xtx	688	0e063d42df1fb022f2c6b311686bcd68c78e810d456c813a7579f4b1c362afc4
xt/80889.xtx	693	eed99784c6ed3e52534e1c54201d47729cc3e228e7df72c8ff8017292779c972
xt/80891.xtx	706	d5fd7b2d5a50e136716b1d1415975da4638c8ecaffa28a688c1d692615d929bf
xt/80893.xtx	717	8bad1591226f9c28d6b43bae26185b64e0969ffd95ab71a3f1a3ff72fb0d0622
xt/80895.xtx	659	5ae09accb63459a4a8b52d068046bdaddcbd065bc0066f97906639574bcce30c
xt/80897.xtx	712	bd0890e58bf01b8716df6b8d8c14234885d8037e306d9dd9d211586cc24f236c
xt/80900.xtx	702	c6f0e0b3373a0472ae83f227d1c0bf3f42f840c9dbd04f2ef4674d7bc75129d0
xt/80902.xtx	740	d3306955bcfabc39b67a9ee6985172457c9ef88e98671dc0673cf889c1642d42
xt/80910.xtx	609	63a236176a8545b5f129e0ba2f7ce98e45eaf01df831b6aec4e6da74c8bc6abd
xt/80912.xtx	465	c685d02df200d0466083101ff9b7b1625c21b256ace62a314af17469995ed3eb
xt/81279.xtx	479	5e05a3ed78d63f444c77372678b1a655593887a7f6d642347f308641f5d7f49e
xt/81280.xtx	484	25551d6defa3a4163ca49ee78328b50036ecf49d4a43970c66a7c68970e2092b
xt/81304.xtx	511	92cbe56529f1ccf97358baba9b5820e3d0b3c6b8ee0074576ec434617761b40e
xt/81305.xtx	225	b4801e8186c060485d93aab5f5de3f46fa901f0b19e2d2690b3dd19107935166
xt/81306.xtx	365	2400369854f540cdab07e631e00c4c6ca92381124df525cfab35efb8418b0b2b
xt/81307.xtx	360	0cc36f3753afbb583369c116717226fd986deb7ef1bc82221cb24822a25974b1
xt/81308.xtx	245	8803e02d1b56d676ecf6315577ac54fbb2be3e72c63930ee68eb26e428ee2c3f
xt/81309.xtx	204	700a230906f8dfaf4f34f61b626b598e1ada2fada655e534d2a36464da2944d2
xt/81310.xtx	645	82804445c62120442557d647ae04cbf9f93e3d1e232d1365a9d679a3b8ce797a
xt/81311.xtx	826	3adad3f3641051795fabf7d4c18e55430dc57f77782dea37b9de931dc84a784e
xt/81320.xtx	1408	5983d3e96da74a104f7c47af9b61385247bb03d093e2b5ef6dc0851acc6dd364
xt/81321.xtx	1496	0e68cf0b013abdda99479c79d83738ed22a1c379c05d0fdfd5cdde8e0b1be056
xt/83891.xtx	902	3dbbedcf74122d2d8ae00fbbd1c910ac0f716a3a357ca4bb9e1f2690baa98479
xt/86072.xtx	254	54d960d1bcc460ed75eb53598ab11c66486198f9f4e6a338f3c06cd1fd9754c3
xt/86074.xtx	96	38c61d7bd97479381aa6c42372b530adc2ae9ee63b006951f79516c8777c956c
xt/86076.xtx	378	90e3cb64392cb92daa33018a76e382a768d78fc32c62257123b00babc4c9d780
xt/86078.xtx	284	7df2d7c473b833471a6e55ed32623980a29d6b884396b7051982854ce43d806b
xt/86080.xtx	616	507ade972e121829d05c42c7b50917ab1efc8144043161f135a4073697f1f3a0
xt/86082.xtx	13	2ab64517020b392a9fc812ab964a92701d227470faa4b5a000f005f65df742f3
xt/86084.xtx	13	2ab64517020b392a9fc812ab964a92701d227470faa4b5a000f005f65df742f3
xt/86086.xtx	249	2a8b6cf26461a5c523f72d506a3c1446531e57967925be241d99f8dc3d76111f
xt/86088.xtx	486	87db48a42dd50e3ed93e380d380e1d34f5dbf1152a191a479ff85dd6d372f060
xt/86090.xtx	14	a7d6fc2c8a9bc1f9958929d73424e5d1bca8b4cd1bde40d86262d2f2618ad4ba
xt/86092.xtx	13	2ab64517020b392a9fc812ab964a92701d227470faa4b5a000f005f65df742f3
xt/86094.xtx	257	a34442370cc9f42d9515e5a3582bcfd23b575c048695e7c29cb4a6acb15eafdc
xt/86096.xtx	1099	a46ed74067b8f662af91b3b560eca916d491eab1b3592cb6c3f5dd7e4623dbd8
xt/86098.xtx	106	dbb605bbc19e1e7ef641947a539dc4a429810ef6d566d44189f8a0fe84591e89
xt/86100.xtx	385	a94eb0ff9441ac0ec91d99bf9237de1fcf8b660c7d4c7e6e3a0e707e996bd066
xt/86102.xtx	403	67a1eaa1dec64883fb6c64af0be134b1ed85a5cf921960ff35bf3e7f9e7e0842
xt/86104.xtx	269	325cb5b294a68e7a6b17b28978c232f0e34679489568c7b23af7c4ae0d7ea55b
xt/86106.xtx	51	dd6066a3774402578191ccd352791dd767aee38042a0dea527b81296b6dcfeaa
xt/86108.xtx	413	4a78e725bfaecef98198358c5d595966b068e2109e48f3e8e3aa609cdd517f76
xt/86110.xtx	297	42656e1e7dc93e702cbf8bd3358491464b4f032443701d75bb08c618f745f533
xt/86112.xtx	14	a7d6fc2c8a9bc1f9958929d73424e5d1bca8b4cd1bde40d86262d2f2618ad4ba
xt/86247.xtx	542	3f1cc4bd12f77acf0a432afb7a2d0d8344f1a420c0d50679aa37d97ccccaf412
xt/87887.xtx	428	7bd9a88f60652f1485074a2449fcbcd2283288a6421c113bd1c40766f6c3ec92
xt/88440.xtx	422	834c582c29b6e231425dc9fb5d6389399ab4dd6456e62fee53a2d81e1c91de4d
xt/88643.xtx	618	e56fbcec9a64e50ccfc0cd84cacc8dea71db2b637e8c712043b6992b2a5ae052
xt/88652.xtx	113	1b96112403f8dec8a1cbb53b29f09f7826b8e81948a9b0a0af457a2e612aad92
xt/89077.xtx	221	d8d570c37a1144d1630002628778babb373eaeea6065f20242d0afddeb3e37b0
xt/90727.xtx	1701	d3619c99330a622d87d90d921f6b12d2bbb158efccb6b55a3f6947819abecdd0
xt/91101.xtx	1611	b0b8ad1fe26e6c4932ad68a1fe8488b3df310bc71bb97800b23a799724a3a3ef
xt/91103.xtx	861	cae1987209370ecbb63baf06dcfa224c821d459673fc2d179d4b2edf4d6e6ed3
xt/91105.xtx	880	60784f7b66208e3400f90799f1eb0e7789acb7b3c2780e1c23599530f834c8ec
xt/91107.xtx	2092	482533ae251dbb661048b7a8e86bebfcc3ace91987a4b1de30ed1fab441a3025
xt/91109.xtx	856	b788361a0cb171d0fe30768938c09b59f20df0291f97effbbe9ebaf599a43edd
xt/91111.xtx	802	a5e516fa52b5b2cad913e9719f4d9d85b04baff7f0cc61cc549f958a674d760c
xv/17923.xmv	8554329	de68ad26e4baa7c3845f3d1d0f9dd83b7d9819b6ba4b98af94ced46b9a722619
xv/19650.xmv	8809790	8e39d2b8ceafcba362917e929bc39a094328e489c2fbf6cce598a5b6d76d5086
xv/19652.xmv	19545515	b6cf7a599249335a4816dfd8ef35103bdfef9e3d1eec47b3d4a757399bf701d7
xv/19654.xmv	5543885	ddfd9d48e8ebb24382047ca7723a5a65b8b054c5b2f3963dd801334013ee9b65
xv/19656.xmv	2087958	eedbbe42b39665695b3bdfc1edd7cfa33fe28ca68942ee25ea73daeb1f95139d
xv/19666.xmv	6401369	ad69d0714d749ba7eadde7a3aa3ce76b5d95db3bf0eb9fa818bbd35bcdb676e5
xv/19668.xmv	34838727	9622f500cfc5706fb2535c1af22ef41947a15eca7247468aa6910aa0cae8e34b
xv/19672.hot	188	2103f976e0fad4e6321f31020bc3e03739fe37741b12fd0cd1bfcc25463efcc5
xv/19672.xmv	5377858	8795d6cb6b962774e7191f1e0ce86b0b04bd78235ea1bb308f174f8f5e43d79c
xv/19674.hot	168	365537fce88f7f907ddf6c7a12cc022319358a7ab9705a329c82ad7e55e52547
xv/19674.xmv	3235755	f50ef63163d7749bd2c3014c8f6bbb2920b4f89d687645e20b0ad88404e0c041
xv/19676.hot	48	dffb424c19f9a7f0298c112a78a3b36655abd9eca7a4b245bd66dd53d9df8273
xv/19676.xmv	2872272	0f19cbd38618f80d422bf4ae50b565eb27adc880a18590320c3fe21eb0605a9d
xv/19678.hot	48	2f794e11a910bd617a7b0c8da5789363338df772be545f8631589e4d73a1bcc2
xv/19678.xmv	2957108	60669a653aca02fa10410be237ad0dda1b5b7243f6191ea946fd0c565bcd4bc8
xv/19680.hot	48	d2462ef861fac15562a1d72058068d7c5465520a4eecb0a2043ac1e078ba36c0
xv/19680.xmv	2172819	84994ab2bdb331a2ec1b27917b31d1c9a1c3a07b4186d3c4f27e1f3dc7eca0e8
xv/19682.xmv	2807586	d4a1a01c59a98c08d1d300da3b205b4ad4ab7dd01289d1e49aa0b588b4181bae
xv/19684.xmv	12231117	2af11490fbecac5299faeaa9b64a6abb62cce85510ea0659c1e7298b140a921d
xv/19688.xmv	7236854	4dc0adfad0333925d0f7880e949867be92d4ce2c5152578c345c77aeb9de6f20
xv/19698.hot	28	0879b544adfad2502d1d0169a6cae3e85e27947b32c60c3eae9f89f90659559a
xv/19698.xmv	2329875	494ee65e7910e6e87c0b41d5c5edf7b04f90cf4da44eb11e9e1ebf546422e5f9
xv/19702.xmv	941193	6c56a4df66bc2b30edfba659200244fe4af0ff8d408e1e6197bd449b74c4194a
xv/19706.hot	48	d931a1d8fcbf1cd66ee0b39c9a819abd54a73441510401cb07a0affa5017cbba
xv/19706.xmv	4458804	15dc6bb1c1b3f1705cac319b3493dc0c477fbb636d8545ba801f586debf8b73e
xv/19708.hot	48	619f369b1b6e64f4682905365723247b045bd941a0f84c2e76f5cb98e82c3517
xv/19708.xmv	4232267	d1f6ce80bda0a324b7a5275e45f5ed02dcb305d89409441da32740ddcea5b5d2
xv/19710.hot	88	e72dc3c0fbf4e287cd8944a34ab72f20c4a8bdfde1523b39314c6a1823923522
xv/19710.xmv	2382984	33fd47f2a9209799e78d4843a6f81e2a8a10e18cbaf8d4922dc512f0bdaa79ef
xv/19712.hot	28	f236a61b9ff1448be9ac845e026f3d226321f75090cee7f4d087a3ccbbd5e107
xv/19712.xmv	1059564	17f9204d7c112c7bf35359c18367d28e06a97fca1f2f964bbfac97974944bd9c
xv/19714.hot	48	dccd344b112df20d7f2c041e902e63513672fd84fdf5e28d65a7ba7d44686ed1
xv/19714.xmv	2821931	4da239014b3b6e361d0659eed0c370fd862d574ba9b91425665e2013229c6a86
xv/19716.hot	68	2743badbc47eacaf60e12cb80a8b88e0b54bd78de60f6657dde9c14fccac2703
xv/19716.xmv	1850281	6c6297fc81b235f513a5c12a040ff7dc677b8bcab9e57fdece0656ed5e69dfa6
xv/19718.hot	48	c50726d03948f2e5e54bc8d460cc135eea937a64c1deaac101877b3a11f928a2
xv/19718.xmv	2325054	bb17dbef293be8c473440726f9f077cebd04427258654ec0700a7edc3717ce3e
xv/19720.hot	28	e6d36429a37a118306feb5e086ee8cc6dbb15ac4567b2ae7dc6d7f52e181432a
xv/19720.xmv	1092714	db8923a5bc0363c8197499eeda796cd52b222f20f8f0a8fe20cfad4909bd3ca1
xv/19722.hot	28	d922d18df9ea7a6599d30bd3b1a02019783f0e9dfa57bf25e6b416091c7ad5b1
xv/19722.xmv	1265641	d9d32183b5c08d90e72fed701a0b5fa6a437cae4a0be7c7dd4c371377a74a3c8
xv/19724.hot	88	8d6e94bfd537e4b23204e288d840f9a5f97a4a3129d06810e373f72ba248f5f7
xv/19724.xmv	3450830	50b5f3eaa641e182e508aee37fbee2f686508a5c60e02076414067ba8036514e
xv/19726.hot	28	9a7be8d3a803d0967c966b79d9a9da4bf59274d7dbb974443a3b2160dfaa116f
xv/19726.xmv	899803	90124667157c4fb4bf16d928fc57b1170ec21d8d2a2e32a3c8cd9a8a207f3d4e
xv/19728.hot	128	24204eb68db98dad5562da0ab46fd81a0d4ce73a54fbd3872c277423d08e889b
xv/19728.xmv	3711562	fab761e6e5459bd1e4d7a8852db1e20d27e822b5d437c0198d8d0f0b4cf0fe41
xv/19730.hot	88	a00e26fa6a2d6ceec7879a72ca76f46371c2b9a3cc4173ae46b2060431cf4db4
xv/19730.xmv	4948945	d71644c354d4c262afef64e34c520bd649b7701a1eba71986c2953c90153d2ca
xv/19732.hot	88	42fde25b318edb8369457fc54e3d08408b83602b53a261bee0da28630992d458
xv/19732.xmv	6429432	794327a1164fbe067eb50b2bd024e8984761513a897bd624c93236e2317b5d18
xv/19734.hot	228	75f7402c0d43960a35864e0b27ff01c56921ef6e5a1a44db5419943ae8e62d1d
xv/19734.xmv	16083575	29dbcab74e03eb8facae2f7ea2c4481f0dc16847d1332b0f65f22b256bf570cb
xv/19736.hot	28	6a14153bd0d12e395bbaed0f87263522598914ba8ce652cf9abdeab052aad4d7
xv/19736.xmv	2177891	85b8f377c2990c2ffc8c9668e72ff17fcab69429cb85a32e83b60f738450d585
xv/19738.xmv	598324	acb5b09f9ec0199a32fab8f45efa22bee634cda346350b52d60e1f451108c3cc
xv/19740.xmv	447634	03f504d53758a6fad7cbe3235d1a3c126faa5b3a7de6ba2d13222b0d5112c0b2
xv/19744.xmv	669704	9b69a1aaf153552a8da9d597432af54c87da4fc4ac08b24ed27ea64968504fce
xv/19746.hot	28	eae35acdece450409637c7c3349822a6bf2f1f2b218b58b9cb0397d23ebf2570
xv/19746.xmv	938292	e3742617207897fe1801c15a57250df42da844e9b62ca90fa962b6248c45dc06
xv/19748.hot	28	77c74aadf11020702e3729d6ce684d09fcde73a4b1132d504affc9561abdf8a4
xv/19748.xmv	1333972	104b2e9953e2b55d80e81450bb18c0803eae5ad19b8439eceb475fd77268138c
xv/19750.hot	28	a515f7a7019c019d4414ea08bc0833e7585b10855b81e540f148220135929725
xv/19750.xmv	635236	04ea8f117c94f819111625054dbeb44dc55e52ef4d2ad1faaca558b79f3a8660
xv/19752.hot	28	622e0968e7b8c5deb06dc805940880689ca59a6a7b0a516a93e46416c300e4fe
xv/19752.xmv	1646552	b945ee62e651e9ae1cdf8bcf1cba1d6729c90f2d2834a81ebfa2f86c7fe90728
xv/19754.hot	68	4e85753d5e158aa9e1a97cb4cc17f10b90224cebf230dfda38dc35455c7e4944
xv/19754.xmv	2189404	541e13e4692b69f3532987efcb00c41d07165662e49f482cae55227864a71388
xv/19756.hot	28	1db585059045c93a720e29114ccce38c9a30fff5f9c2dd929871c7b54a1df2e3
xv/19756.xmv	749066	46381f179c2d12343aece37d78e0c2b119985c0af28d8b1c568a454340bcaeac
xv/19758.hot	28	9b7f39909b9d426c3f91af8a7a7348709c31cfc0e69310598c968ddbfda9ea1c
xv/19758.xmv	3082413	69f00dae5d227fe4e78580e1ac9d88392fc9d148ef8add0eaafb52ea14bf2b7f
xv/19760.hot	28	6cdadd72f9e1730511be506aca81efdf9de4dabaf0990b33879d03a22ccea092
xv/19760.xmv	982957	944d06fb03887f0d24018660eb571598b9d80c208b0f7635bf6a6e66a5a74ca9
xv/19762.hot	28	11449bc2b901dbf8b8d60ace18404d5b50a88dd4505fb46569bc00fecb5ab4dd
xv/19762.xmv	1354323	6cf594906d2728d4103227aa6b9cf73660657bbac93dfb5d0818b23a1f9107e0
xv/19764.hot	28	7a94e6be9cb2407eb34e6e5fc910524af326e1f28160e13d1215a8a62dbee2b1
xv/19764.xmv	464946	8f665d49b6f68fb9c8b52fabc09c0970284ef91c4663153a0cbc5f6c5ef64d60
xv/19766.hot	48	7a098858e99ccece1b5b7ed5bed28953505de8189e291ffd0b25bb45e672ce5a
xv/19766.xmv	2236287	cf6557cc364ea04ebc6b9db106b08a89f847d95970069af44d5bd648e4fa3443
xv/19768.hot	28	74f873edf238667d2b1e6e849e22ac4e7a35dfe251242a64b31e80888dfb0e6a
xv/19768.xmv	1341848	7a775450e5dcb85219d08904df515593640df3a8e3a1b1c49c08bf3136a7c5ec
xv/19770.hot	28	871d7e9179977874e5a1a2ad3ad7fc9f3d50a91929024349c8ab07ef2229b9a2
xv/19770.xmv	949891	742be8d948e7a2773d0ae096008bed821cebd2348ca85388fc39f6f2abde6d71
xv/19772.hot	28	67c197fefb08eb61002f41b5437bd7ddf31d40dd4fa6d4217f1b9595b4ee3e7c
xv/19772.xmv	612106	8153a1774706949e3cd8cd202ee58214a552dddccdd06760edcfb406ad572132
xv/19774.hot	28	070f5733aa39dfdd5a107596bb5ae3fd568b228401f403ba8259f9ef4a903afb
xv/19774.xmv	784314	20ae5851a52e2f695e89d29c80128c3f8a26491c2ff287e7021f2ec436740787
xv/19778.hot	28	d57d37e57523b0642803472aec8281a2b816ccbc6951cfa38bd900476b7be262
xv/19778.xmv	1691522	3d7d6a7011dc20dfeb76507e45161a3b6abe0a37d157c0549926c922f85ba9df
xv/19780.hot	28	ffeac672a8116c578e6f48d3ddb3b8966dc662ebc6e9fbd3dbf64c57da02fcd2
xv/19780.xmv	760220	059d4ee8fc4d49748d41833528ff134bf1c8025fa2776c9b0995d1df2b1b4f6f
xv/19782.hot	28	0401e2b120b8dff81a757ff246140660ab746b3db51a4ed2e355d867d494841a
xv/19782.xmv	1525947	d79aa300c3033d9b1bbb043f794d260d782db3eef33868bdb2f93530d6d3e158
xv/19784.xmv	364476	ef2dfaea05200012bfb1898df62a5f2f7b6b231f36b70daa513c0bd8ea9075c2
xv/19786.xmv	541743	241f523c320272ded7acf5c0d962888c3eec655106abc88dcfde86a284017753
xv/19790.xmv	576798	85092369da554b19944eee82df31a4f2d809a99dc7591a8d28fa206dd7bd2676
xv/19792.xmv	595972	2fd0b67e814aed1b93b00cfd5c4f183c91ead465cff63b7a44ffc99d6824af82
xv/19794.xmv	675532	cac24c7677f2cfce021d9063d58fdf0b5d89d3a03d96e6704542d011c3062509
xv/19796.hot	148	cfbd7b8b39611edfda83db5428fd32dd1ed2c0049b76a9dfc9df07aca80f5af5
xv/19796.xmv	2506608	8aae2326602868deeea1cc29cf061890db2e31d524eeebcea7ccab1608610f4f
xv/19798.hot	28	4b35dcf649b2d701855f6a85880416aa77d214376b010962ffe459393dba1543
xv/19798.xmv	734970	6dddab9a99b21bd99cef24a7585fa0690b7fe015004e43b1cd7c2add54dabfe3
xv/19800.hot	68	882405bcdb4dc8ab08ae58ca12ffc015159cbf978cab16ef6467f543f988a2f7
xv/19800.xmv	2459313	0ca73e4aa84826138a1ffad93281f0cef8dcf7d22669184b9991fb4dea941c33
xv/19802.hot	48	06425118b7379c7dbde69242fe65b689850f29897b8fc205d5bb84abbc55410b
xv/19802.xmv	2153738	6fd693de5b255bc36c82ea8c84e1fecff6b53e4f76d0082c8a100278b0ad265a
xv/19804.hot	28	26f2c8ded3e751e54b9c00940c728b773d49398760b0278c909426e439338dc3
xv/19804.xmv	1908925	e50daafc10ff05eb552753852cef5738fcc0d81e22c76ba6152711c86ac85513
xv/19806.hot	88	a65372b60c492a106d3b88f32270564efc7014a7baa95b24b47c7aefdea7164d
xv/19806.xmv	959958	3aa9cd2911e359cf3a204e4af360b8ffa280566936a46d1eea680bc65631a2ba
xv/19808.xmv	1199032	184e461e21fd78aca4131d75a80f5421350c602d6ebf749c6e007c912cca9ed8
xv/19812.xmv	4132889	cac072ee4d0601713664ee9bde2efcdfd28724f4325f14a999b18c52a3188ed5
xv/19814.xmv	729695	b99a296ad2c88dacdaedf3050cdd79f0be0bb939f0cd10303449086b37b648b7
xv/19816.xmv	1618976	f337fdd7a61b3d30769f4752638274964369ec75136aac90a08205a15e2b7c58
xv/19818.xmv	542016	984aaf455cab229d3ed2b0f869e0cc26aa2b94ac92732de9f344cd056c41247d
xv/19820.xmv	2223110	e5ddc5e4fbaef5aeb2292dbe8bb6747d793af9b94569a73966671c0c9dfe2a31
xv/19838.xmv	732682	e1059f72399045d9a097a78425e487a1c525076c4cbcefd7bbec994f6e9c1bf6
xv/19840.xmv	336101	fe92cf33321288c78b522eceb5cbbcb08a567946238ce5396ceb76bc0c1002eb
xv/19842.xmv	1089792	8a14502720773f73316b1324ef6da95ccfd207b9266ce90720a9db133ef2afa2
xv/19844.xmv	396006	99476760fb4d9601ffc2bc79a0b6b707e20a854f340ce697df4ae2e41496a1df
xv/19846.xmv	633355	c8e207a50222aea5f6f985f3d7e7938820b0ad9f4157d2a427ac23d27602c0bf
xv/19848.xmv	453403	63be220de4e6e1b27d88b73c8f029bd88d0be1ec436aea73276404548ea0ef82
xv/19850.xmv	896086	787457dbaef9f41d7dcdf748d43586b94da96fedd8ca9cf5a162b6e35eb0111c
xv/19852.xmv	415605	d5882269f236f46bb405b6a17458edcff95cd24da7ad17833c7e3bad72c14d58
xv/19854.xmv	366737	93a8ac19b757c0483aa0684fef17a4da64c05948f1aa969f0c50d93837154844
xv/19856.xmv	450871	6df85dea7e46ec7dbc792ccd040ecf3733fe8391d0e5e365e47c67ed460ef9ec
xv/19858.xmv	353984	f76ed29f6779141a35c5c689135e622e60ba3da471bcff51388b687ef42b41b2
xv/19860.xmv	511590	ef64a509c04ad2a7d3176142588e623d1edeff0f6dc1ac79fe0415e7570507ae
xv/19862.xmv	480460	6b218c512702a63eb331a4919646ac00563ef51fc6740269e398056ab3e6cc25
xv/19864.xmv	637984	5d81250518e75d2988cd050434ae76dffb42af4e62cb53ccfd59f1597e03d705
xv/19868.xmv	400775	1413904f66c15b310c8854b772f5abb7f4850bbb0762b2a1d82ba0eecaae6f1f
xv/19870.xmv	477446	53139fc4f18eba5c97c50e9970578e59cc67cf14891dea4950a86eef0f43fd2d
xv/19872.xmv	169483	afad002ec623f43feed903b551b8e51b3f46e1365a5e5e35ea461b197e996539
xv/19874.xmv	214245	ed97236a01e936a855c472c68262b479aa1b6784401d60d024963080c110eb56
xv/19878.xmv	869759	b203dee3e6e4f46c3b36c3de4fe37bf452cf92b17b3725cd2adea05dfb7d1661
xv/19884.hot	448	83f92c0c6acd446165331cb8a0eb2f9cba5277609b1376bbd9c519ac5d73d0c4
xv/19884.xmv	6516491	4d2d7fe65854ffa0047e422351f7580270d9f6d4dc19ef1c156c73ef47035f99
xv/19886.hot	28	5fa3587b8785d444bdf6c38100322a3bb45a32772effc7c91112308d42235e5d
xv/19886.xmv	533268	aa6f84c0ce6e2a81ffd18b9c90300485da89ef2434d22a822f88b1f25fb57b59
xv/19888.hot	28	f166f2e0d31a4e6415b0fe74cf1f2e0b63748ebf447c4df9fbb8ddf692289a5c
xv/19888.xmv	1227525	fa090997aa7c8aa350d742bdb9af8a93a21b6d103a16cf78b869458004703009
xv/19890.hot	28	37dd58941601a5519b7014108a9c6c9f3704fe16055f92f91c898b3b8c0b92a5
xv/19890.xmv	471612	e5eba4ac40812b016c912a90dd42cd1bb51e2bf73c50397e20d6d68e96ae9d82
xv/19892.hot	28	da3f853e5e5241a24be97906eabd1cc87b82694efd408a99226386e7fdd2abf2
xv/19892.xmv	1203022	d3b56ae5dc0d29cf0280fed89b8115c8e6b1c7137495adfb9a1ecd5cd6e40dbe
xv/19894.hot	28	4e075e50901b1352a09049b999db39a730ce08141fb991350fde6a8d313d217b
xv/19894.xmv	717002	f79e6a4b0982fbc74b3227889bcf1ace9e7b19d7c1b3f4fada11486886296ca6
xv/19896.hot	188	d282658603c155393f3724f1517245f37db589c6c314b0287d75bc7201939c70
xv/19896.xmv	5305743	715a1e1852e20285edbc254ad61508785ece7eb609aa0fb4c23c9b60c8b6b9bd
xv/19898.hot	28	3b1705beb3a172e16097c6d4af3ef35fad54d22e62688d95948a4d0185c7f62b
xv/19898.xmv	602513	d647c12dee28ee09f886d8776248ad948a0590df3a3e04b6a86bec342a0e55ad
xv/19902.hot	28	4d5463ae5695ac99d1124a7aa14940dbcba6690def1a4d19fddc6f5912478718
xv/19902.xmv	1326803	7e5c5733c1b22d03215ac4447614edd1d38110377571e4e2554a3685b110d52c
xv/19904.hot	28	3e51a6d0fae5da84155447a5b3caaaff45b9a0297598c49f91df8ff1bc1dabc5
xv/19904.xmv	662411	e349e9a01a3949b5e1001d558f4e0b3a90cfa8db3da91b38aceb0115a7049cb5
xv/19908.hot	28	3f09f7cde98db86ed178426afb8c3a274bc55a6bb8f0304cfce012464b9c6a1b
xv/19908.xmv	2536038	c799490141e73d83ffecf157af36ee8f2e31ba89b6e9f46547f6f0484f4d6e84
xv/19912.hot	28	d6927dd866e66cf4da9f0512b722173addec2a38fc7e181e9fff257886b0b800
xv/19912.xmv	591042	af74893406aede12bbdb122ccb49968489e37fb9001850c4fb9facdad8045b84
xv/19914.hot	28	f125b73c2ad02c4f809c41bd747f4620a9663694b58282fb37019b6cdcd1bf6a
xv/19914.xmv	741584	ab313957dede388a81f2c70918aa2292a80e93fdb458b35513e6aee3055cbddf
xv/19916.hot	28	1eaaa3d3b6f6257385b5e268108e511222a71ced841252aad33f4d4f0bcc12b5
xv/19916.xmv	491192	b4ac7485a9f97560336ad9dae7ab4afa1836faf0ba1af27704a422d669376c11
xv/19918.xmv	728977	d8a47d36a883bbccff954ecc39c43eac7299136737418fa95b3538ebb8a34ee8
xv/19920.hot	28	0dd98e0491bf1ca61362374f32fc684597c80572d1d674ade00045bafefde6ac
xv/19920.xmv	581543	dd59aef9d6b718fbc5573ecb638032651ac62352d6f06b2cdf6dbaa94bbfb7d1
xv/19922.hot	28	4d234263b54751725cb410f01eb32ed1b838feae607c5d5a0f338917a6e07dad
xv/19922.xmv	927794	0653237806e6e8b7bc16be415386ec40068ae49392bf758b6dee57059e846c86
xv/19924.hot	28	8d3b484eb125bb95fa8d9423e03021a3eff4f23d256d5c0f67c2edf3eff38bf0
xv/19924.xmv	694046	b0f35fa25dc02e8d4b4194796245d3a7740effefb1b7db8fc5c3b925c0c99ac3
xv/19926.hot	28	428c72046151acf94cb37e81cad085ac314f11417ca3ef0af78f5763bde3a5cc
xv/19926.xmv	888248	852cf6a847be23752f2c05da24c240b88b4c8db69a02883b4c1106aa1eca879d
xv/19928.hot	28	5997fe3f2e6c17192d7eee3983e8093669f25388eb38a1807ee858c2e108c77f
xv/19928.xmv	1131479	7cfec1afc34e6e5d5aa7a6d5a325df895f6ad5a94ca8cb9a167e5490032de98a
xv/19930.hot	28	f85cee3b8e2ec9a7ccb1c6b64f36814a762c014fbefa39bb3228d1d074fd0557
xv/19930.xmv	2408368	78c42578002cd7f5b60aefcae999a274983976a3de4b431c944eaa1af01723eb
xv/19937.hot	528	7e7280fd3cac1bd0a2aad8ab77652bd4913822b0fef3ec24ecdef6d79093b38d
xv/19937.xmv	24260130	6523bc59047b6a6ab0488f1ab27323eebc0abc1a16ca64ee595da20702b37ca3
xv/19941.xmv	452284	176d2e3464091bd7a1dac7a1567331478276ce737cd52de712115118500fbc8f
xv/19943.hot	48	4e983ade7d6106965aebe2b9fafb1705394733e3ce0892d4229de34724416f2a
xv/19943.xmv	1149876	1674b4d5638cbdad0b09602cf2292826c63cf52b575fd5183df5a1933aa2b8d9
xv/19945.hot	48	d00c73eb0be3bb71fcab135f1fb98871dc57562b3195893abf6e622d274466ce
xv/19945.xmv	1363637	89342c90fa8c8329646e792143da1ccf53426abbffe6e8700f22efbc374d1b8b
xv/19947.hot	28	5a0e2afc6d721f8f098fbc7b79196f1b22f81965636ff460783c9c3f521074d6
xv/19947.xmv	1541943	d5d6753ffe98b2f0d7bfba4a555118e2d88c4b17aca6d3fef847c437c6e2d299
xv/19949.xmv	514655	6f31b2b804763ff39acbf1b8868328b18e17ed83b201d8d0e0311136d02319e7
xv/19951.hot	48	26fbe371589fa8e6f4643f78efb6f8bb25cc993b3e0da67b1d526a71e255935d
xv/19951.xmv	2434378	047a381a12498e777de39ccdaf18455e262707ab6c8958e8f3353b400a73d943
xv/19953.hot	48	8b57f544d8503214eae0c52b1120b6decff16ad8220689c89cff619714f68c99
xv/19953.xmv	584980	032e422af42c8144059ca9ff8c839ca1aff5d83bddd9809ae63068868f4df437
xv/19955.hot	48	90e4f9177c525da186d0d30cb029e66b116bd1bed7ca8e20ed68724ca958c2fe
xv/19955.xmv	2555163	7f958d361dca240e0790c2e5836e304a975bb45f7264d94da1597b2fac9d45c8
xv/19957.xmv	478130	7250df48df3380b23c4f2b5b10223706d35876933ee375685026e01f6900c44f
xv/19959.hot	48	25081c8217015bbf8e7807e9279313b1632f85e61aa3369bab8d4037643833f1
xv/19959.xmv	2028271	0c675c996d179744f279d51b8ad8a006f2234a10d7fae450dffaf25d379be05f
xv/19961.hot	48	84bd757af32620fff5ed1c82efd4eaee3bfc3b1119b8199252253a926acf0bad
xv/19961.xmv	856953	569354ba151913f799f9ade75145e5068687beef8eec8a7395310db79c918429
xv/19963.hot	48	23a06f9e7da11379a6362472b8085b72ea54dd87d8743aa33ba8e32b4bca8f86
xv/19963.xmv	2892984	64a4093805e85c7f353ff23b44b8a0fe81689ccc86afdca134e4d19cc2585af8
xv/19967.xmv	552904	c1378f823334d78a90dd39f127b31075334718f3a55f8d4030b599c71ff57c7b
xv/19969.xmv	728261	d823ff51838ee068e7af12df58a7ac876317b46220299f2e3a013c13978cf005
xv/19971.xmv	641344	8f368fc95a4db1e32c993ed50c1230863a7d8efb9ad1bdef4135f314d4468111
xv/19973.xmv	691893	ee0ac1e51a7f9e6ae3f35d59db596c2aa367afd92b7e9290df6b07b88eab75cb
xv/19975.xmv	645565	231f85dd2e79f400eaa3d9e23c91c4e5dcee9251c3b0b8195b9ae86200ea8a2d
xv/19977.xmv	755243	e1e7ba9aefbb17c6fe9e3bfbb6881d7db6282ac37e2db5ad4f069b94e9d15b73
xv/19979.xmv	628510	dd25174b1e4e94f6e9d6ae5cbddb4692c6048517755bc416ee9e9029b20324dc
xv/19981.xmv	3810368	879cadd252dbf978d9ebbdec12c0001e7bb65fbad5fb367b1a118183c2cac5b4
xv/19983.xmv	291679	ef7bd88f70bd0d29df4076c510e4d309357bc82e4e00f84223c011742fbde148
xv/19985.xmv	328844	4478d4dc5d0284aa79918e0d52d85f967f36e4bb6b4ff8fe58a57002578a19e1
xv/19987.xmv	411558	9af7920bc9ed1d1d327015fa7c0b59f627f75ddf554c82364647509a799cbbd5
xv/19989.xmv	263602	7c62f37dfa5ff95fcd36fcb5e03760e78ce98e082525f62b5411de137e3786f3
xv/19991.xmv	195125	32fc6b731be45ab019716bd230ebaddf704be64037d3fcc8deba57d0fe035d77
xv/19993.xmv	239182	6f67c8f8deb791e5a06150f13c1e668f9de08eddbfb6ecafacef0ca447894600
xv/19995.xmv	365426	f699418502aeba879f6ee781b2e1ad84629813b83a44cf355dbdb911574f6390
xv/19997.xmv	204071	043836fe93e0d489c7f71c185e6db8057c5f84977d98998c4ff3c0187ff9c737
xv/19999.xmv	276803	1b13d6f2fad6e3537dbee3a571f2e0617e255dd049e7088da5cf6ee20834cfab
xv/20001.xmv	439050	ebb15d6c96280aa80977247b328be1c3d4bd8ad3f628c180c3d26f38bdaca776
xv/20003.xmv	263188	7ad772954b839bd5c9152fff277c7a3880b47ca8454e4a54a7b1f8064d27ea93
xv/20005.xmv	262281	9032f387972b2bd422c1a2145f553de7be078c0db805879a814d81ef69aa56b1
xv/20007.xmv	215542	9e6eec1ae569859755c422e2c5095c47090387fa18669db5a23b0e6d24ea9f91
xv/20009.xmv	242030	c721042a9dba94d4fadd1fde1cf2e08140d7dbc5c16443e316c3b75b2e9eb1ef
xv/20011.xmv	259964	73c041c8b5ad05dac615c5e50d8cb862b3f3666b305216e78312e926e9d0f667
xv/20013.hot	48	7c3e24bb188d52218f1c26c9491f836dfb55ba617c211dc5e18bad957ad77529
xv/20013.xmv	1662367	109025e532daaac283d41515f0c5e8054266b93ecf466727afa027d69e487671
xv/20015.hot	48	f44343d142cb926b57aecbc38a3e976974c0989f8c7bf24538b4610fa0fec94c
xv/20015.xmv	1727690	8726c19dbcd641b4a293fda8ff81bc93fb7f4b6e928e2604790a584a6a834d96
xv/20017.hot	48	3cd22162b736c7c62e26cc50b42ca20564b5ac1c716180908f2c12880e3353df
xv/20017.xmv	1165051	10f308eddbfc528bc601dcf16dc0f6d2e52aaeae7350e7efb0aa563ccd0e678f
xv/20019.hot	48	61b74ea0b03dc2647fb240f9a24e91e53cf0dcfc799dc22eb2d7d24feb463a87
xv/20019.xmv	1493953	cf82e78809a0097aa4a2c423f4887c612a83592524ced9c0acb0fe41bf8f477b
xv/20023.hot	28	8671a676569be2c69d397907926105b4c9dd2e97589d8eb563db31978d1457d2
xv/20023.xmv	1698099	bc5e5e9477bfa9bf387335182906ff2460a74453b5a7a3e950a2e18a889f8a5b
xv/20025.hot	68	2639ef1ae33bdab5a56cbf244d55274184aa2ef605177e79f25443d5eeeba232
xv/20025.xmv	2196066	c2f98b5a9ce559cbf3c1df9dac354143351413b3956395b9f3758e9a1768e8be
xv/20027.hot	68	eabef734ef8f97b228e8f37553bec3eab30e555e6e44cefd406e515835121f80
xv/20027.xmv	4681340	88c7872c8f0203b5d56cae7fa7a0b1da5110eddd7480f4a2274f23df925e5a4a
xv/20031.xmv	422964	c4fea136c00f8ce79e08f64530a37f3befb09713b37ff155bf2272f3f2516c5f
xv/20033.hot	28	476a853248591b193418ce4f8ae51a40a4d8c0e8c872225468e9bf61132b4b0d
xv/20033.xmv	666415	93edd600617a10709e16a876050f70740b981ef85ee5f0c0311a2f25a3dc69a2
xv/20035.hot	28	366510161c883ecb83747a6e6d367d910c290939f5ea4d86a3f3ddfc58360987
xv/20035.xmv	601436	8e94d2d3693f0b73aff69ca940c23c09f6d019834980d8ef7da7cea1684406d1
xv/20037.xmv	437735	ab1679406adc8cff600ab933affdeb452c427708d4090cb8a87fa4baace60b7d
xv/20039.hot	28	04c8e241e27e6e0ec889a58c40c01f223998993a3cc854f39f5c6b99ab4c19fd
xv/20039.xmv	683906	b68a9ea9db75a5e41bbce40580a73b45576d048c1abacf0c0616d9ba580a9df4
xv/20041.xmv	356410	d3ab2b78e939a15abd7afe90ebbbf3d0d21f82b20920692ef260199a0fcf9bf4
xv/20043.xmv	478388	13ed1c34f4d0044d655020e03faf7d4b15076a217811a0ea328c4aa25447386f
xv/20045.xmv	238286	e44e292045846a34520dd8d304506f8f381078a1ba6056a50b143da3f6886343
xv/20047.xmv	292920	daeb35b0408d2ce75e20804395bf9d1f502c8aeb8bfc144ff7f3f2a768be38dc
xv/20049.hot	28	3f42b8be130314fdee7868323f2a041384f243bab32299c0efa49ae22e237d34
xv/20049.xmv	873687	34f15f6c0b1439f1a28cc731265f7f6f8695f3a45c77d085030f0e15214e52e4
xv/20053.xmv	525095	b25de38f6e13a246e208ff42bce848df76b6e054a86c4b0918963ed0e196f02a
xv/20055.xmv	501663	179a390f86998de3ff855e6a47bb5534430865ee54c57315354d172c90806722
xv/20057.hot	88	95e4500b9fc0a6a14829b3476f925b5e2030b256603e98a83e8069832b946961
xv/20057.xmv	3263299	9bb42d7d361c2f1890253060db4438cddd62e4392b2d0c08b87d09d5b68a0f0d
xv/20059.xmv	204753	9bab1c211d248793837dde6b62088acc26a050fd4fde0b2c4467abc6bccb504c
xv/20061.xmv	1165150	2704925e57e9c39b84544114813a249b8c1d0e47ee61d77221b5b5ef0c9186dc
xv/20063.xmv	250041	259951e526f8e3a2a8b8a9d7f5f3bcf6a73f39eea7041fd34acd42df6e6defd2
xv/20065.xmv	151090	73bcef04e949d149eb57229035cec0049e353c18b4abba3e926d8fd6e1a32c91
xv/20067.hot	128	6ca758093ba483bc68b1d20bec268b4fff44776be54a921d1684695c56ee3de2
xv/20067.xmv	3145227	e0e947b21a01890bac7a7126877f2c4c9aebb3998caf5c52d8fd85f84cd0c8f4
xv/20069.hot	28	090503d02eef0ace1445f455b03b332d569e4793926e785e28126a5abc053b99
xv/20069.xmv	541566	e716e5c5affb36f6df26cc25870f20bf50ed4ed5eae5d6a970ee1ff82487fe02
xv/20071.hot	28	a58dfa09779f097892b449ad731deb13e715a1d8faaea77e8a4dee666b17573a
xv/20071.xmv	1356505	6fe6ac14d063de354b4a507070d4e3fd17cd11f2faaef6efc581f435a2de379e
xv/20075.xmv	285077	204de87c878aecd0397bad2d7ea8e5e171e5e9795b5e4d42e0851d8a7452e9f6
xv/20077.xmv	367628	63c06940a26b5518d637962c55a581c430e7e293a812edb886f20e883f746b6e
xv/20083.hot	28	0cdd5f60e8e767c79f61a55978ff2bd8519288cbf496e7b1f90821c01fbf43b7
xv/20083.xmv	1634036	1a86471e261f933034d02cdc2bcc5a29ad99fcf46ae94323fe6c76c2decd06be
xv/20085.xmv	399608	ed04bd6c13eff8c45c759de89ab50381fbb5edc8a92b2229df46d5a8d698cc36
xv/20087.hot	28	e731f8d850fc226547142250f7ff125630c6eb58eb96d573e20d848332d096db
xv/20087.xmv	1690098	cc0f014c8e102b7826b6fde6a202cef9af3c3ef64ed280867eeadf7f8517beae
xv/20089.xmv	365675	9ff7f3d5b49c169334f82865294e399e34eb9a30765d4b76d7a91df5ecea20b8
xv/20091.hot	128	5f6060d59355279acebc946b8b9c39049617c12ac75d9e51bf2e96f67e5c38f8
xv/20091.xmv	4906971	226ad907a0dafa548779a7cb24054270568b306544e9425691e06e28dcda4ec8
xv/20093.xmv	520553	f91be49ad7f14349010ac9704e3a3c666d7bc6aaeca7cdc52960b16081825c98
xv/20095.hot	68	1290b37a04c1e0e8163299c892d28daf9c64d671fed370a0136fcf9064d07738
xv/20095.xmv	3921601	41508e5606a6a23e209fb4b7a9969209dcf64a7a707c2fee2c1eb7de424a6d11
xv/20097.hot	148	e56cc365ca993b714d3c51a5c78854c8a20147aa110c449d32b38a6e6c381e5c
xv/20097.xmv	8310698	423e33e9dba10298ec99858e53a022695b91e1b0c3469cfceaeb7e658e287baf
xv/20099.hot	188	7e9fbc9a7059a467d9d05fbefbd03ca4fc37814046bac107d2b45d5ef700fc67
xv/20099.xmv	10747533	a8a0962759b8fb59a5ca8916a45c61ecfcb422610cb0d5dbd3106f29276ee4d0
xv/20101.hot	68	5d5d04010efade3197cf97f749c82d99766aba9d35875d55f9eee8c1bbc4ff91
xv/20101.xmv	3249805	c8ebe2d42a7e66aa85a6b128babfb46e2160de461fb0764d1b9e439f3810d2e9
xv/20105.hot	28	356f54b21443695a13daf424b7a6cbdf488f85cb10ce756ebdd20767296e1202
xv/20105.xmv	684322	98336af7ad5b6ef03655f092eb017673fc8657f2697979d9aa6f9d741bbe7713
xv/20107.xmv	309924	aa5de29510d8211341dd1d628979ec29b7c61bffc90c59ca44427bfbb4e94e27
xv/20109.xmv	470638	bea62bc033dbfad3e5738652bd2249468d47950e822b4d2389604cd76d763bdd
xv/20111.xmv	896573	b5891f85589e67c5c3544f5a82209a593b578bbe410e9b6e929450d61657a8eb
xv/20113.xmv	345243	d74ae8eec84887cb55ddf1d423f8ba3d8485265a84b405e38c51059603a3f583
xv/20125.xmv	393949	34dee59a5337eda887ab3b5443c0a5224facb69abd25bae0840dbe44b6681301
xv/20127.xmv	228757	ad300d158d7193ecefaa43158ce2ebaeb9bb2d0ee76ea9db0c7a72c7d029c054
xv/20129.xmv	523502	ab0053123a7689639150e4fc855f67c4a85d264423d8a88d175fa448dac63b92
xv/20131.hot	28	30dcd47edd0fbed9c0d8af9b66f68ab3defb22530e4385d464d871b50939d576
xv/20131.xmv	701562	31608b1d4f160fc1947a57a9d38a8b790c6d2c4c928d99024644fdda1cafeb47
xv/20133.xmv	344973	a02c3ee9765139f9f5eace10108e69340f65a8b440ad66a36d1a25ecc1f15b76
xv/20135.xmv	473698	de8ad8ab8c803dedad94f45defd32afa48b1e212640392e6fa58616bd98ea029
xv/20137.hot	48	5fa474fba15d204233885840637a54875a481dab3f61a87603570fe2bcf77a41
xv/20137.xmv	669004	b708bf56f8b3153b1aa4a16ac02f7ab7096c115353e20f995213fb1f4058102e
xv/20139.hot	68	3c82d9e176398c8c968cdffa1f1a96109f9e8fd02ffe49d5788c59c51cde96bb
xv/20139.xmv	2189315	0437e0cd84f54e9df3742a4aa6e7a443a652b3d30b5dce3710f298ee26f588f2
xv/20141.xmv	440090	9b89e9315d078235cb412cab6e822d683acd8a7e23a6c61b8e6486c055fbd4c1
xv/20143.hot	28	44695f61032d7e5efb12b63bdea5dcf6eb25fb4b9d9618db74c6deb96330cc9d
xv/20143.xmv	1754490	87e69bea67f36fe4af5a0c6f33a3794562bd6a066400b6fa2daa34a701abde1f
xv/20145.xmv	604640	edb8374f6a25ccc0b60e471718e2e1d49ce7d86b56bf2d2ee9a7d16522cee649
xv/20147.hot	28	1ad51fee5e33868b95a4f73f7e37575165680845f1b63ecddaa44a3fc578ba8d
xv/20147.xmv	2373631	eabd26f873dd6baf921c4784616d9d4fe5870e59fa2adedcb407bb45b44ec41e
xv/20149.hot	48	575ea6e5a86d4e23ea0802cba94b41754ed661d73048ed8e7586c137e75af79b
xv/20149.xmv	912486	92e72e05036cb54c99d868024cade86ababb2a3c23ba98f3059e69d8955b304b
xv/20153.hot	28	f7a3c3415d25fde628681edf2172dc294f7328fa6b2d7e8123ff74dd9fedead3
xv/20153.xmv	785438	3ccb6d61462725315c072262d27fca343bcbf9d97b208bd83ecda0af476733f4
xv/20155.hot	48	b21fe567363644af89c0d4716a19df2bd680d740bebdb87de842f43fce296493
xv/20155.xmv	634221	d0903e3991b73dbf0552f0c307442e14924118b45ce3382ae05a32d3293fee87
xv/20157.hot	68	85fb5f0da4651b9bb39aa5d173658a1c4f88a251444d9185d73a428e2f861163
xv/20157.xmv	1398314	4d7a97eefc7b680767e346a0a37c5e0442244c69caa2d54e620c8b08c9674b9f
xv/20159.xmv	478522	22de6eb7666c93a8f927dd790768fefd98fd88c3d282d9395ddd9f856bf11e0a
xv/20161.hot	28	0e12ca0a15657b631d2b914aa1ec9dd6872be1ba8fdf611054c30abfa4bc8e16
xv/20161.xmv	2139992	f4411583d891a554fbfdf7af47fb21c7554735ac769c0f9ec8041c8094e29903
xv/20163.xmv	479787	fdb36e1fc55649b488b295fd948c48fc4a612948bed2822c25d481ce1b982cfe
xv/20165.hot	68	fab4e79c9743f1a8aa891aa3fc800f8f02c371c2f54caa6d79e0868533781f93
xv/20165.xmv	1276762	498b84de832e0fc3b3cb8977a12e65e911cd2316c0f7bf92fdc8b0df3b471cfe
xv/20167.hot	28	56658abeba49bca2efb25f185d65cc14f15dfd0dc2d83318103339f904752dbe
xv/20167.xmv	1865584	dd14966227e4fb1e512d1a6bfcd8b787adfd4bd29e347ac78ba605a9b1d9243c
xv/20169.xmv	706286	334559215ae7f9d7a25b7c02d159ac3007b40c47bb07990ab901cb87e612efa4
xv/20171.xmv	533720	02eed95f5f4ce7daf02603899c1759751ed641a47430a3e9a5a09afde9cf9053
xv/20173.xmv	446497	bcbfb14a65ff66d76d8e078db709a0ba8bd06f8ec0ab03076a3ef649a7543768
xv/20175.xmv	428403	b873449052c8c30266872d93aaa00b2f7677e2b386564c630c64bb47573eab90
xv/20177.xmv	456043	ead6efbfdc0d0dc75bf2c9818785a115205ee94c91db322dfd6467ad7ba358c1
xv/20179.xmv	471407	98964d61e318fc4d268ce04b497a39f89585297afc3ff1d092518a76e932bc28
xv/20181.xmv	395958	8a34d9a929f085b3d642e008c753e1350e51ccd4136c372707adeae227a943d6
xv/20183.xmv	332130	58a211ca6b8a4e0dca69381ce32c8d98b3022b35c511286ffc1e3f778aefee2b
xv/20185.xmv	258705	1357964b3b1df92c5d506dbe3e7358c23f97d701f364561336d4611cba5f8788
xv/20187.hot	28	39f1cd603bfa720a641841ca72791871bfb6260e3e147106ae736cf905eabc24
xv/20187.xmv	1222582	ea9b45631390ea1ffbfc24942e2db19f8e6a1bc9a8b1d6dbf7589e1aac5aed8c
xv/20189.xmv	664650	feaa72deb73349550c4dc013a46e0008c1c62527b8340c3c6468e7b6e0c8472e
xv/20191.hot	48	c98ac6aa8cce26d888d1dfa54e775b56705f9b90ba02c1c3ca1f7284895c91fb
xv/20191.xmv	636110	45fdb38dfe8b08735995522082c08ae4f1c486f6175257138950389dae567a9f
xv/20193.xmv	298568	30ec562281da09e1b37d607b4649a787f10828eb3c4bfdf32fe8b6a5f2a1bd2a
xv/20195.hot	48	93f74b02e6908201aac2d017d6107a59c668f0ef267a60785cc410f19cb844fc
xv/20195.xmv	1277739	2b7bced08bba60c97677cdf989bdf4da8b020e0282303e27df66bdaa238be8b5
xv/20197.hot	48	f790b65dc85b13e65a13f7b8919f3b5b7fa75bce0e3d067760536101e623ac25
xv/20197.xmv	943858	f6e200cf1b324777885e620a2e63ecce54e7dfa543c3a58a413f26b59bc687b6
xv/20199.hot	48	ab64cd1c13ab120ddd08bf54f5602487bd3a74cace7f9e9bd9454851864481c5
xv/20199.xmv	909785	4cc07a969fa08b20c3b4f02347957542922af3694423426e79519fa117f38388
xv/20201.hot	48	8f843060139e948db7f85c79dcea20abf9c7504c31927ca351ba423f7b003151
xv/20201.xmv	1006854	782ece2641380f2c5c766cf8f580e73694657f27563b588bf20529bfc06fdacd
xv/20205.xmv	992304	b737f04c07f45bd5d34d0b55ac11111badcec12a3bf51cc4046fd0fece95ddce
xv/20207.xmv	1233247	1fd30fd3020e2468fa522e0b091d782c20ad304712d2e1a8e4b67050f6e54662
xv/20211.hot	28	61fbcfb31bdeb9db0e7fe349cf3480628a53c09a5d8d0909c55880ed3d4fd61f
xv/20211.xmv	1151706	57e8ee50daa833f41c14a955e61acfbfea5a7bf411bff251ce29dca5035a8205
xv/20215.hot	28	1cae26a390df9f166159c7ea8515e76e1ebd5ba220e6466d43b6d2423dbf5bcf
xv/20215.xmv	537409	ca1964cd8a71dce1268118b7e0df43914d1b6a5cf895ce073e6bf25666bbc2b5
xv/20217.hot	28	cb36d1442ad9b1f0e496b9c25dcc5ab0926ef8f9f5d5d762a4e24745ec81cc7a
xv/20217.xmv	927782	85f990d9e72e2f86e538e0b37a1ad79ea7ed337558d407a8100507ef56ab5afc
xv/20221.hot	28	b758fe7ffa894906e0bd5efa880c0aca1e695655ef0dfff9b0bd11a2b1b9fbfd
xv/20221.xmv	1073283	0c4d3ce9665da296edea0ceb8f692dd86f015a9b171ae00583589b9d9c255741
xv/20225.hot	28	fba39b73b770bc17bec864f84342085eaed33b5b03d3513bc85ba98f9f4ec514
xv/20225.xmv	1423264	17e09adae8da874dc950d8abee0b2fe11546e4da2b3eea5a3c14aa9e3aa4fc84
xv/20227.hot	28	75dd0c3b1c53c21578514895cf6e0f5f90a6ff6b093edcdaaade76cc99aee3bd
xv/20227.xmv	1149357	0440482447527dcea8d994c730764ab7cc345386a8d12f0e1a86028d6b595153
xv/20229.hot	28	28e3fb66ddb05c53e716182bb34134f6bfd16a535cc7cb47c56942ebb23ef5d2
xv/20229.xmv	1055095	217522921a3db09663b8bd83dde818ad6f0c5da0d92fc1dec0981a26d919f47a
xv/20231.hot	28	b38866b97477310e51ebe7c8a8ed50ea9b419034e1132b773f3c7ec94deffef8
xv/20231.xmv	1169134	2a3d730e5f23c70d64f372914ae1d918b7e79974be3e6ea0f9965fca40660c5c
xv/20233.hot	28	ece736964ab8714fc55c9686804af493e8c67e8e4e8aa539a9d4a0a9a0cd9d76
xv/20233.xmv	1794927	98bb828b4ef1406c02ccd77dbc693fffa3634c3feb62480d6503ce3d9bac390a
xv/20237.xmv	619270	98022f2827fe3ca4cc8fd6878892e5afd64f2e240c1a02bd429b086cad2c035a
xv/20241.xmv	750242	a97ed6eb73057e68237182437a18f534bd259153235f762820b7c069c1599ea7
xv/20243.xmv	958935	aa951b9aa69a7eea8c802eb6f057fa0af342116429989e9a1044d79fdc2fac09
xv/20245.xmv	589511	2873727a80e65dbcc5ebb53f61a1628d63b1bbbd4a35f0b09cb4405dac428d21
xv/20247.xmv	937302	3f8e718d03b562b3ed32f2320c14c97bf5290012bec3ba89c7d71a0e6119b9ee
xv/20253.xmv	474988	4c32fab401a6941876b0066a1baa8e65617b28469ad8071ec0475b069fa14e1d
xv/20255.xmv	702013	3c87a1b10d4c85d4fb7653bb96d58a83072af31dac2ec417c7f12601d955f902
xv/20257.xmv	862039	4895a183e51b0423fdb1f5e88e3f8d223ca40a1d6167398dff442df6f93e16cd
xv/20259.hot	168	ba712865a986acf1b792ea8e3a9cee3d73a0ef05d2f8a1f090248c3b01e8626a
xv/20259.xmv	11415000	6e1ea32ff697f5b00c8387b2b54941f2cadabcaf0f811b94ca7ef6d2e4b83f77
xv/20263.hot	28	186b56ca780bf66bad2d38801beee698fdc562516aec4bf9f14878155d92d9f1
xv/20263.xmv	701268	d878f911a7c13d731b0374505c1d857e349274c19475be74306b8ebe4abb3ee3
xv/20265.hot	28	6e608bbcf6340b5d660d3d656371ca1e232635fd6f4d47fd5f7b6e9ac8531cc8
xv/20265.xmv	646117	cf65db45b79bbeb3bff474de3932a57776a05b2754c582638ea394fa86a30f84
xv/20269.xmv	401189	9f0be542625db5b0aefa3a8fcd42f9e8e1568d12c358c3106e0ac9cdf84fa1d2
xv/20271.hot	28	b8d300996c33352bbe92c500a9c3e56205f7422ed5a4546dc06d566a08f759be
xv/20271.xmv	1528162	6a2a41a3838c981b9f53af3105ffc1703bbf498d1f628444895ae4c4dad5336a
xv/20273.hot	68	c36952c15ac413bbc86440e9041c4a946861c4b5a5c47450abbc9fd2c6571f26
xv/20273.xmv	2662163	4af6ad836d182ced12cf5ab06b27845114668ed370959366ebd968e326a5f252
xv/20277.hot	88	6092869637fc28e7baa84a28734fbb08e83bae70dd68d7a8bd6922456efff70a
xv/20277.xmv	1986629	328a5511f5c33195f494b884c984e10580eb637fa0f7becf8a1a5d5ef28c10bc
xv/20279.hot	48	d4fb8c11a1b096326e1c34bc7a483ab7ad5fab0f8064e9ee09baec46a54509dd
xv/20279.xmv	1499808	5979462fbb0dea675b0db8f1868f1836188875b81a4764847b790cf288ac8509
xv/20281.hot	88	d5da1105c3cce5654d978a1bbd6e1c32ec1451569722be8bd627a82c3dfc7c0e
xv/20281.xmv	2826513	80f24ec8770d1aa0cff2fb69270553712e80775efe758c4481625677bd312456
xv/20283.xmv	851687	bff3ad3270eb7ef897627adf18a20cdb2beb7d250d8d8609e6089fd696524d7d
xv/20287.xmv	237963	af39edee0eda681f39933ad6a4693b8d1e79e68589fddac382760586ec3b5dcb
xv/20289.xmv	389357	f980ff53e075f45d25b9e24404ea8ffb84d4dc40ce0f47a9f654a2a9d45ded49
xv/20293.xmv	245661	000ee4033376ac6c855645471b635ee830e19d83d3552c5363e81898771d9d4a
xv/20297.xmv	148580	e15d2deafa15512acf229d0e9df6208484c460b1b07d00de587f6b47e7b681b9
xv/20299.xmv	181206	68bafa9cc669cb7a226e16e3eb35f7c4f117d9ae5fbf024b6ae74921db3d0832
xv/20301.hot	28	e49c52a44477f6c46d64c057f3bdbfef650278462ec9ec2295c2a876177c1e17
xv/20301.xmv	1434317	f7b89cd2191dd0fe3087a97b7efd90b592ecb57d09becea9b700ef861a2fbd02
xv/20303.hot	48	52f7b737bb1250588894e9fa8dc344ed8c2d33995f5556c4a8d4713192710037
xv/20303.xmv	1693422	7e29a635375fd39ad23e45b74b1e6d69b2c83db57cd1dc39f246964eafd64147
xv/20305.xmv	1171206	9117357af57a1b2e67eb40880c111854ce8d4ddaf75987269052e1c5440ff0ea
xv/20307.xmv	905701	7d93146608dc4049d09d901cce568b8d3b15f741b3eef889fef58a774420cd18
xv/20309.xmv	374070	b51e339e9d39593a842e2762eaaa33f36b3636903eb4bde4bf1300e9ddd5b118
xv/20311.hot	28	e4e5f9a967c4edc2a7e8356770008574f4f145352c68a6849a387c758b559b10
xv/20311.xmv	1178195	f83cfdc3444d36dbc749dc7888d6da958c85a7d602877f8480b1399e7220c644
xv/20313.hot	28	6ff80d0d2dbe1d75bf11b5691af1289e88e950ddd59620769a9f6b30fa7df2ed
xv/20313.xmv	614412	7f1b15f99b940b3d06278b9bbbae585b509764eca868b91009f9ab145032eef5
xv/20315.hot	48	1e633978397fffa51cb5b079c4dda14d9a11b4bb03c8604fb20e8ef1caff368f
xv/20315.xmv	1308380	863421590450c956247477b6de0494755c46c6fe98d438d3f4d6e3d8ad7741bf
xv/20317.hot	48	6b306b89055ec342744edffb07b95ca047151f5db956a601c6385eedf1a98e35
xv/20317.xmv	2028201	e8dcb3cde1c515dee690eeca9f8eca6268d98c89fed76196647b5caffd70c019
xv/20319.xmv	792589	35c9de1dabbc008fbab7446f8fbfcdcd5b9d764e9021ced5a942e8ca1e7defcc
xv/20321.xmv	589582	fdc37f49b16458a421d47103d72af28017fcef54163ff0b35cd22ffb98fe5e01
xv/20323.hot	48	f38cf07173e8f466a4583ae336b9e007a38836ab783143ae59ca318eea93f356
xv/20323.xmv	1281620	2aa527c5e61b248441c35423176e827ad6b464baf4cab4e0d478cd4d8a736312
xv/20325.hot	88	f91f3f1711c31bbbee656dc473851c5438fe348cc0120be31d8e19af1f75a98a
xv/20325.xmv	1586013	38fff391c1ce8d77506105a0e48dbd0986fd4c13f914ab008f31fadb4d4a10e2
xv/20327.hot	68	72999a3ca3bdc5be347bf386e4ac09481e8b12d3ef200d79fd148a67f1d8af09
xv/20327.xmv	3393707	83bd4a8f9d4aff02e149d8fbb67d61809d2f1e2fb5f0341984679eb516a210f2
xv/20329.hot	48	4e9d5428c33f6b7bd9f8d44d4408c9f0604d280f28dcfb3572e90939c6441a98
xv/20329.xmv	2061027	31c31e10f6e384be72753a3f957acc7020651af628e2bbe843902455255f4681
xv/20331.hot	108	762ab1727387331c6510e72d919b400afd0b81405a4b44ef32ceebc0f1896335
xv/20331.xmv	4726846	df5df9b45622e65257a4ba1d9611fa72b582ba1d2bf81fca86d98299a5eb979e
xv/20333.hot	48	574197f1924cd736aa0766c38b8618f7a68813fefc62a635e54c6996fa3cfe69
xv/20333.xmv	2683768	0cf1a3b25846d893d254624cd4822bdf52c1c3efd6e58c9f3f1033b2c7145696
xv/20335.xmv	853708	ef9907dbd9d00392ba30356e5aa41d431c165b40a52568733a4192b1862a12dd
xv/20337.xmv	579780	c68b97ead1736c9c47fabd7a7b1f7f0438fe23d434c6113dcae2f9a25576d3a1
xv/20339.xmv	771767	0589600a565a3dcad4ad352693fb4ecc81ed082bc15d889b803d11646befc6c8
xv/20341.hot	68	f5c2dc46995a06f036d29695c9a0f7731573bc54b23fb51fbd9149340eaa773a
xv/20341.xmv	2063957	78354afe990c7351de4c66e5eed5e42c9ea96f3e9252cb99088ba59b2ce61d13
xv/20343.hot	68	daf0145778b426d49794a02f1cd59afcf732198a01a421191293982557540caf
xv/20343.xmv	1709082	1c0b862825d5c958c0aa47b10af8e41adeb8d6a71ba8cb8ea147a2f32665f341
xv/20345.hot	68	11585385ac2b0e97cc3304dd52f74490a13c57630110380f9edea751b265fb3a
xv/20345.xmv	3070387	36eaa5805e6795651605071edb578f3ee813ccc5b371284a1d268af003e8d525
xv/20347.hot	88	64a3e3510c3e821656049df2c9b696ebba0142f46f08b7bd8d4d1ab763a30851
xv/20347.xmv	1800881	283bf29eadf66889409162bc4a8c879a67eea69ba6720deed3b0f2b4a25304dc
xv/20349.xmv	1484166	5f5b6a1dc107da4228b149fa082b5b4bf5b0622058b44c0804bb12eaf6363992
xv/20351.hot	28	4caa3bca68963eda5e8c0da8eab1325effa34aa9483438793b15eb3ce21b74f3
xv/20351.xmv	1211999	fdf9f187dfb36ee9efe37c4ca26cf87c33632b395579936c896b0874fc2bed38
xv/20353.xmv	471002	6c06ac05db20a805de4103dd5c6eaf0f5f0f6ac412b1a36ba6861bffad6d5db2
xv/20355.xmv	359882	94b9340788f9d6956acd7b8892e4f01c57c9049fa65a36ab3307ed8cc3d33190
xv/20357.xmv	357910	c6fd743638674da1ce94b69065b638f17b2e645dd05ea8fd74297a0e5cd8c73e
xv/20359.xmv	468708	6dfd2fa97aeebdfd6d3a06956cfdac56c78865e18dd2d119b66f3271eac1d99b
xv/20361.xmv	476876	df26f932f1f126983860dc191905ff6af9a710fb5535f3f814d752e97fba2fd0
xv/20365.hot	28	34d162088b8310ccb14b962d063874c39598ac7f2811ab7c5f20545aefe4540c
xv/20365.xmv	811127	c3fb75a761cba2c546fb5e8eb1e6ae490b7024f79f9ee3772f84e7f1b9c07484
xv/20367.hot	28	a8dee8a831f11cf434637679595fda63123d873c2c18fbeabeca2bdae968c721
xv/20367.xmv	760673	83434bea3e6d1458c328238fe430ccdb1fbb8bdf9410b4b552ba7ebfcbcd927a
xv/20369.hot	28	60604d536d913595a9626841469b346de03227830fa560fe9325f50051fc9c07
xv/20369.xmv	4240509	35e2a868fe1a2962894d694bf9192382ad5791cb18003fcda212b381613d2804
xv/20371.hot	28	027efb851faaacf4b06fb39cafaa989b4900fee64c17d61b1282356e0e598a04
xv/20371.xmv	5486992	fe9d1cdc7367ca47e66182713f0d820dc69e1b54d9cd722589e7aa8f1aef1fd9
xv/20373.hot	28	68663a3ad007ba8bafb50910718f50351665920c84f11bbd9a1188949952f3db
xv/20373.xmv	5414044	3b3f6257302b8aa1d6e1dc4de1286e5d9d7b5dafe4c6bb7a7aeb7253230de01c
xv/20375.hot	28	1c58f43ababf8cfd85ff6ccdc24f8a5415aa73a8a6ef86dafe9688a886897b0a
xv/20375.xmv	2058498	bb6fa03bd1c8a79873a69ec2ac56405097c3dd64ad5cc4eb4781c9e156199bbc
xv/20377.xmv	4770226	d016c4183de60d4c0150f04d459cc96923f5e0152f1d051f6ab5547ea2b1f508
xv/20379.hot	28	f4cb22f3d8fbf534cb7fd26e5cb8005b71d438af2272bfbe0da6d7ceba47da81
xv/20379.xmv	6457828	d5cdb6a1ac8d134cb385dbddc1ad8705b05e163b63ff633dd16c6eb043616a8a
xv/20383.hot	308	10925324d9b8828fc581079dedaedbe5085cfb5e4acd9e88909df7afe49442c8
xv/20383.xmv	5846637	7ea8ed18b2dd9647c8199b8f88fef6dbb49fa82c802f49e74cd410800f235300
xv/20385.hot	368	f9bee3867e5b68fc1d905ecf9e54aaf69375962ebd13814a94adc1a6e466ac18
xv/20385.xmv	7207534	349ab8386070cfe71b312e802c6a229120d5b8cb941ac5887a524d8d0b15f0ed
xv/20387.hot	48	12b1d172ac55639c82c44e46ff6db05d4a785101e52fef963cc73fe5631eeb82
xv/20387.xmv	13429719	32ede6e6495c866f2fec80a60da471ee7734a0a705ab7fec03435e826397c3b6
xv/20389.hot	88	f4915e44b6bb885dfe6e1edcc3f9fef2b2baa4fab1ef58b1628ade57a38b95ed
xv/20389.xmv	3343378	d2adf069ffb9feab30a2ec6ead3d9e3117feeaf33a7da6d823f153115d40359c
xv/20391.xmv	2522173	c62e4a29c056a4d2991e0aad96bddd9d5c8b45accdbd335edec1e4441a62d266
xv/20393.xmv	2881465	d1c1ae692acd5d842cc5fe07eeb4ce8f9b350d9bc134cbc419ef0113281e2d07
xv/20395.hot	88	244d6d9d7eb45409396033bd61a43eedf9778db43e84314e416ef331c8347bc6
xv/20395.xmv	4708174	d43292ba598bee3316675538504f23bf782810fa20cc0703077aa17e1e26202f
xv/20397.hot	28	9d440020fd2649172dc46230449368148b49c5abc8be0b339d6d9a5dfd024494
xv/20397.xmv	659132	0bf84994136e79dc7ae47704f3c520ae819d3c0d2a6b6e8a697ed578e5255835
xv/20399.xmv	322753	100cfb7e152ff08779bcc5e924634246a474aec4ba0148d627fc134574281107
xv/20401.hot	28	4cca628d3bff19e64129d36eb74c7d8b3fa5fa0f0721c36019e848a1c1131200
xv/20401.xmv	928923	b79c40865ff4251f081502af1b95c64b60b68fa24716f5723d49b9dc74d722bd
xv/20403.hot	28	9e4181b15884ba30f9331211629d2e486d1fbb33964c532d6fade238a328293d
xv/20403.xmv	833498	3c02e6d14768c108a39c135289d766bfb66817472ddb0c7035bddcc7b53a7c15
xv/20405.xmv	458192	e9f78ace17d86279598207d2ce2a5bcdcba3558f4be71472d1bd60b7000dfb05
xv/20407.xmv	460468	6651f963714cad5b1aaf93203234cc9e60d9003ec3701f84f09ca0dede32948c
xv/20409.xmv	568805	12f349d8243059e3869bba3d52032ecae8d4bcacc916945eda01d0b628eaf317
xv/20411.hot	28	fed58d4e95b8bc1c37ee11761de7ed8f0787d9aef55c842a0ff781fca345de90
xv/20411.xmv	1282989	2cbb96ce02d1486359fe3bac9627b92dd2d6d1a41aa062034287c7ebf98f6249
xv/20415.hot	28	9087f5b56762cb29597fe5425a9a544d11da241d6ce3eaecfd257fea5e9e554d
xv/20415.xmv	1343654	6dc1d38d8c3522f18e0f396a09ab987d6ff6e47b45f687e53d46120d62888ef1
xv/20417.xmv	1211236	72c14c03ceda7955b4395aab020ef2e2122c3a60921d80890be93e7cf05e312d
xv/20419.xmv	929201	663d8bf56c259c7fc99a3f9503d322be527421e6ea8a621fd2524b0668a6db24
xv/20421.xmv	944569	651a821fa13b74fdaf27c8e78768c5631cb8d3ad3316491a7ea51fde8a983d07
xv/20423.xmv	910848	4e7ef18ebaac880d45daae132fbbb2b54ec91840d622c70ef8372072aec2c667
xv/20425.xmv	1044719	d4e73ba2e9c72cc1450aa9406d797608da75ccbe2d96984cf6e2b3c92987ec95
xv/20427.xmv	1096669	0536bdef5b4f1b87f83023134c543870e9982f8c1a5f6b86a7050831b234a369
xv/20429.xmv	1017638	869dd3d5b4693557d06c170e698f048927595e29cc35a9d6ce4afc33a4fbc5ad
xv/20431.xmv	996473	5feb5ad41a9dcb65bcdac5e732e623a1461e24fc171906ee0d0808df499411ae
xv/20433.xmv	1063087	c988f8926429d969b65380bf749f5582625e04a701f86df879491da48963b6c0
xv/20435.xmv	456240	06dce3d4d11ef54c412986df8117d284bd4aa4874d9a9c0278aa5d76be9f9249
xv/20437.xmv	283729	5b997b376a5c3a1470b27f96872e519c6234ff574711c89e3cede249fafb7856
xv/20439.xmv	282718	3077d75a879b0b5397a854d02adb5b687f1e3dd152d7fdeb46e992ce16c2fe68
xv/20441.xmv	340103	7195ca1611b7ea2be9efa4f9c0ebb51ef7d78fe4f71abd76c654400363debf27
xv/20443.xmv	338488	7e68a7b2e99b8a044164d860a604b225971183a0be6e9b073c190ce6388e1b7f
xv/20445.xmv	271653	d0dbe871e0cebd00535a8981a2a42abdbd5f803bc38ffd590e3fb4880469b4cd
xv/20447.xmv	398872	cec2dfbce0c4548bc70271d63a61b45788569aa5d0c86cab69243366a3e924a6
xv/20449.xmv	307983	1dff8a9d2b5da6a813eb4e31b1b66c4a9639a5b17ce00e7595322b9a31e22e19
xv/20451.xmv	464768	80e53643a1e2a214f53dbfd4612f6321b9640d51242155ede5129c1234ed7515
xv/20453.xmv	319581	6757716751544cb787e35d90d22a0296ee691ab3633c4d13f16bde195a519215
xv/20455.xmv	246889	bbe2f25bf4786d20c83bc616d72dd18fee8b284aa286e9b349f4db6d5ff05387
xv/20459.xmv	231183	5bce27554ab13855c1481b6ef28ffb773120709af1c5b96907c132014e6d50c9
xv/20461.hot	28	06c446504af4e28eee3d5b04f1d036409ae3ea4fd083c926de1fcd10e79ac8c1
xv/20461.xmv	1028341	03a19ce6937679224fa7a0d97c0813a81302627be1f0d51bc0e42e36a53659cd
xv/20463.hot	28	6e145e8825f4d877ee49eebbee23ac18dcdad02f7608960f6fecfafc2116d180
xv/20463.xmv	953468	dacefdef214ad73836441658eb923cc241e44ca0801ce70451d27f9efd86b854
xv/20465.xmv	344295	cc4eb4ab22740dea808625e54e373b6c20837a3109173cc989a934da4ca9a90a
xv/20467.xmv	170465	213077c0cd48926e9a78b26b7537a4ed82b20071772bb03e0e60a64b2db34edb
xv/20471.hot	88	3ce8186ffa095b0378a4d5a2d49fbffd24591918ba57e59fe968367da10e75d4
xv/20471.xmv	6117094	afa7520cb4c70e9ff847515f7812c20eacc0202b7fe857d091438332b634dd37
xv/20473.hot	48	3cef79f2b8347662ee5ef3a57d27ed33d02e444888ca1e9f96d1abd57815bba1
xv/20473.xmv	2023604	0857343c9f88e0f1699600b1cdfde9dae6b88ad08ede24ffe73b30239102d9b3
xv/20475.hot	88	cc80d54cfbca85194dec8af9d191582bf739589bed5dcc65dffcffc33bfdec57
xv/20475.xmv	2998681	e51f44be81d92b90a64777502364487d43805ffcc0433e73840debd1d596627d
xv/20477.xmv	541160	35f4a331bc72e847a8998b527382df61cf14c250f396171b5b6b626d25077632
xv/20481.hot	288	dabbaf3998db1213f064eee815752b8f1b45c915f153a775264686d53de3ee11
xv/20481.xmv	10015350	c053c69763c31f5be16d4769e0c17e06a8c0f8b7ae6a669daad2a58141ca21a5
xv/20483.hot	48	93bffd8cabc589e3a89f13b9ac116b5f2bf6475e4bcd084716cd72baea366b62
xv/20483.xmv	2320099	1d15b6171a12b91884285b66a2c9bf211bf4022840ebc3ca88c919a5e157090a
xv/20485.hot	48	54c979c56cc75b256eb48d0428699956055ae21f1f6f79a816c7545db59c14c2
xv/20485.xmv	1869284	b142eb13416d0279c902136e1369658e2ffcfdc0e4c14c9a763002130b69ed59
xv/20487.hot	28	fb37f1ffe2738f2acff0097011afe830284363ca51b7624d175f1a0ecb21f27e
xv/20487.xmv	1654982	d9d0ff588b96ab800126a7e735fafdeb650d0eb9e3ec4d2cb843d712938a6303
xv/20489.hot	88	1d9ebbc1c538946efcf17bee85d292cc7f29180fa2b154b2868d09222a2fc348
xv/20489.xmv	3793958	a5b7be2c9a6d4bb7b0f7214a5eff7fe9af180c7eded864d3f3599f2d2992c910
xv/20491.xmv	608228	8c97c53f66eaa2ebb688f9e3839d510894b1f40b3b30f4fef6b31c6c9f81a506
xv/20493.xmv	646090	b7c87d557081c912f79fad7b783d299c092d4427911ccefa33ea8cd3ecb99ae1
xv/20495.xmv	526251	f2dde335420fac173946ed0ae0fa97ad8a04cef959abcd2df72bac7e763f7a29
xv/20497.xmv	683576	336cea01a6476eac443a71e53f576334a3e9f842924883343fa5fd3ba2006219
xv/20499.xmv	590406	c8338fd39a545ed580acb3b76f6459483935902a6ce99210cf0950a9e829ac82
xv/20501.xmv	621426	bec966262523d5e83d35fb5059f5b6e720640afdfa11a938e8dbe52477de3b05
xv/20503.xmv	646475	d776bb80f7fd64eb4758f261643323c48b392ce9c39e92202f06f60bbb2cf155
xv/20505.xmv	732563	1b7733fa358f33681d40e341903d1f37e46e8d4ab1068b8cc8ab6c423220f213
xv/20507.xmv	528961	2a92c348b5392fefa0526a5b49b38f6835e3dd18b5d76d1249bb59c928cf8e3d
xv/20509.xmv	553380	cc1f31de6f90c809ba72a5df41d2e522409bac7500abdcb0e7a932d518b14b41
xv/20513.hot	68	12883f0c3c3adf768c29347bedf9c0d9ddb71e4c914a7420c82ca1c87ec60028
xv/20513.xmv	1533923	e4025baacc76d96084d8bd43a9d7ae0420256cac0004d002cc2c367a27cef6dc
xv/20517.xmv	651697	4037de7f713699713b212ee205f75f3641a69b5c4685e31718133fbd73b73b4e
xv/20525.hot	68	2413fcd8590608e6c0fd0453603c5f3c851430586f62465ded5a4a8b6dafd03a
xv/20525.xmv	1965571	d7cfc025aec597a04d957859f75b37693e5689d940a2a1040caf6c71836ebdd5
xv/20527.hot	68	1c749febd0e180027447ade9a5ff4a16b169d91a324633626ca7b6a1ba5f7d2e
xv/20527.xmv	3302668	94e71cffd32b53f71394e8a382bf78e76542e3fbe5691b23635e6d661503fd38
xv/20529.hot	68	4b012d7ffe6d02f98f200f9e1f29381d6eaf3a13672f46c88c8ff7e13fde97cf
xv/20529.xmv	4265602	f21e3136d8a8adf2f6e2420b8adda0224e9a1ca4a207644b3d1b740dc280ce94
xv/20531.hot	148	6d3d0b2b22687c7061905c407230d543e79342218bd3a1f7f3366dd1df63472d
xv/20531.xmv	6528830	92d4ae4e8f0eb33a1ef2156e2116b3bc7151802ee4cfec8ebe7f029c4dd5aa99
xv/20533.hot	128	18699267644d79927d67b83b958dba7112a009a8b89297baf7f1a4f7b3ffbbad
xv/20533.xmv	8597492	d978a44ff9ede65257a1aeb4a4a45ff7dca1861e7991cd98745f1221c0b138e5
xv/20535.hot	48	17fa4d2fe4eba8499d7117485f6c18b829c1a271855aeab9e65505db344bca69
xv/20535.xmv	754906	b50d920b4b73e3073b9f258dee6005bcc3513ea85f7fb84761eb3bdcf0f8fcaf
xv/20537.hot	108	178a5012e404afefa6e14ee9f4aff26ef4cfff18106e22a4f75cc717ed800dc2
xv/20537.xmv	3179068	50e2f027c56511b503e4eb97522356d93dde448383b0e8bd7f6ea18953b718d3
xv/20547.hot	928	903c6b0e457ee8447c14c0d61d0d024c2b8ba3d67067703ae13a4daeeaebbe1b
xv/20547.xmv	14321386	a89a68802698b0e7e8294f442206e6d9d2d9ffd1086be50ab5e61c833f79d388
xv/20549.hot	108	68572ad0509dfec463451bd6fe7d74d942ea89f37dc110ffdfb674610056235f
xv/20549.xmv	3003109	876e314faa5e805b703588905fab88ba9e2536e789c6ed218d06efa8b1fc0f8e
xv/20551.hot	68	83959b24c3c9c92c211cdefd2e973b07fce20cfe8d35392bbf4f371aa9cef2ae
xv/20551.xmv	2963623	336ff2c678eb7f840f6622fe7afcaca2dfaf3f753ab29a998654302574da5871
xv/20553.hot	68	686d364e208d2f673154aac76bdb54712534c46575b6bc5cdf3431b68252bb5f
xv/20553.xmv	2944770	0b474bd29f167527fc9a5be55f5c093dbc3b563447847a121231da82fd48ee80
xv/20555.xmv	450013	f7f9bc28cc445068939559a52431967db13aefd95b2f0ae0efdb2c14232a64af
xv/20557.hot	28	f6a40fc94571033ce92bf6c8ae76dcca84765876ce2457b976813c0c022a0fb7
xv/20557.xmv	1745046	216010ae28a8dcb98b3d349598fe8ff010063f891ebf655a42f649b24e839d5c
xv/20559.hot	48	9d2ac5d3006a45d92fb5f0f1a099ad4239a4680ce8026cf06c8d937b59de86e4
xv/20559.xmv	1649268	1e9a9b3c3dac84436c9bc9d5eba4e922a4911eabb92f994fe01edbac35c6419f
xv/20561.hot	148	c45e457acdb230d1f1e3071be901e2e45151b906bddcce98557c118f92662e2b
xv/20561.xmv	5710413	d7dbe2ddb6001ffe1ac25991af898f443cf9fe05dfb63df13d4495c62ab73cf2
xv/20563.xmv	516977	d55f961bd35763319a4331d3fdafecaf6121ac4d60a8e0110704317fc124b4f4
xv/20565.hot	48	f356369ca6fbb4986ed11db0c21e03ebfb15586aeaefa408f85338298528b4ee
xv/20565.xmv	1869620	79dd3eda093dd9f84870dd26cb8d86f2f867b02fe85eef1226bd32ab20be0e92
xv/20567.xmv	345118	795acb8614dce519a3bd8a7e66667cfeedf64c8d5787494f66db077e5e2fafc6
xv/20569.hot	28	6b7b5d7c382b73669391cdf3667a573582264b404a3bc43de5bb192fde77db0b
xv/20569.xmv	661553	dca0f00ea3660b0c32fbb20ad6cb04421c2a3f6eff8e952ac7b9eb44d63f61fd
xv/20571.xmv	465565	a5278940f262ea0ad15d08d415dd0344d4d92aa440d8dddb63b63b51ae0665a9
xv/20573.hot	108	8541a87e607e214089ef6f8fc5094d60db51859bd407143dcb8208ec94124229
xv/20573.xmv	4999870	3075808ab4b441daf6ec7e23da711fe75045fc56915651c5e115bd57e599480a
xv/20575.hot	28	fd931e5db0d1df7606a94cf65293603606af2780e63bd36e5a2b933813590f18
xv/20575.xmv	946638	10b6252f66ff12ef217f1dfbcd5c60d0697877b8ca8897b994bfde64746f439a
xv/20577.hot	188	f67f110fbb7b17ddea12cbc72b204f1d45b105ba1e08a1c95bb664624ba9b86f
xv/20577.xmv	14598830	6e6ec487b5c9d6e64b6c6b18dbc041376c8cf20fc7ba623dad4f9cb5551a0763
xv/20581.xmv	5271553	ad998c001ee571ae9cf12c1a47a98da8850e8c369c828f5228882db46932e96d
xv/20585.hot	28	55cfd36e12bda2a060a39eed27c009fb9dbaa4190e295a4f0a4ca5e3dbc01471
xv/20585.xmv	1309195	6b995e5e0a68f60c42f62e96e7522ec1f669603b5b36ba08a0356e9ab33230e4
xv/20587.hot	28	78610f6a82cb4709b5e921bf1a9e118326554de69a644c8b68a27e2d02397533
xv/20587.xmv	663572	d299e0b7b962c45b0cf33050756142e71bf6de5ab5f63fbc034fccbdaab10d04
xv/20589.xmv	364536	2229e1b24c5fa91fd56792f141acbaef99f1ce63ff5320795455b1f3f0354a4e
xv/20591.hot	28	f851951c9516c28571adab180bdc0cc3dd98081b9539ed5d8e00f1767149fb0c
xv/20591.xmv	2223390	9de34e8b4bce19b13e6566e2b11ab545ee14c88aab315651a2d3f1b35950ba81
xv/20593.hot	28	d13e3be864e0d646a0c5657d2bb10add6a7f33f542897ecb502956d2e89ab057
xv/20593.xmv	648017	9c0b065febb187ebe2c097d568fa006a3f07eb2bb673659ebdd4f0729298ec77
xv/20595.xmv	1900625	eaf5df2b78c62e6ab42ff6fe537bca4a5f45a7f4b86f8c8f3a815764d4c62790
xv/20599.xmv	504161	c1d4cedf9daa06ce39bb234807de41a5d5fefc90a9ee9cc9fc3a666c3ee88134
xv/20607.hot	28	73b0d9456e020cc0596905730dc36403e5e4edb59d124926abdea1b009d5e64f
xv/20607.xmv	511414	769360e1e9346604ce8e54c1e04e26b2d10b9a9775d1b8a82bd1f0c4dc621273
xv/20609.hot	28	ae141610edc634c6c5b438e8efefb277eaf0c57881cb8caf440e538eaff22a2d
xv/20609.xmv	612319	403ae0201f2d2f52f9a5a21b2d081ac610aefc2cff15d3e2feaf63a8eb2410e0
xv/20611.hot	28	493b3a5c81815898cadabe9ccbc45978ed8ff6a8edd86eeee270dca71dbbc350
xv/20611.xmv	537186	656f7252f6245bfd4771d8795cae9832e9c86fe22fda0f51e86091afbd294d99
xv/20613.hot	28	2c7ecfb7e8aa48922b9ba3953a777ffeb559c4cf7e376a6fc6bee6c9705faf66
xv/20613.xmv	665266	b0ea2ec081a2b7d74042c40444eaa67de3a16d8a4f9b4d489ddcd35e57ead2f1
xv/20615.hot	28	791c05118ed2fab0ae877dd25e691e2868ba28e801f201c8a9551ff17be3ccef
xv/20615.xmv	637025	1abb3ada289bb8c780db5a654ef966848874463016ed7926bc88a1082ddf07f1
xv/20617.hot	28	867d2cc6ac0579a22c38a91d9fee3e2535921b41afa929be3c9708a96169c430
xv/20617.xmv	873717	82558195e487d0cbadc1a7aa60e9a0c3509b35c1aaeffd5615d38ff3b350de75
xv/20619.hot	28	ec538971a34c9fc303b5470edcf96bd8591f26d950d616777ef8db977e049d8d
xv/20619.xmv	706427	827ca5fe6b3650ed464d744f25097aafc36e9116092ca84894bb3244e20c7600
xv/20621.hot	28	8904fd43f90aaede627ebf1f97c8796eae0761903a387919f905f1c93cd22631
xv/20621.xmv	609679	b2b36f7213042bcd405fafbd1904797a7569fe331811388371ff1f12b93738b9
xv/20623.hot	28	bd69016eefb443d21fc8152b97958f785ed665daf119d2602c0b4366ebeb742d
xv/20623.xmv	1349527	1ca11495b2c7f22fd4a85801e07f5025cbcacc96af74cb14a07fdf27a4a6e63a
xv/20625.xmv	471329	008e8e44583a950e3d2215179e9ca25cccad07783cce23e2e94febdc285a678b
xv/20627.hot	28	08b4fa5317a8764f2f27a59b4a386ae15a7e3f106964b2f509ee45a13b260632
xv/20627.xmv	1336406	88538a0c0fb4824a774f0e68b8074bd7329a4eb33c6e3fb7195f0430734de1ec
xv/20629.hot	28	758717b3376eb770adfde2ff4f7925044d0c5345757636cf8ae2abf37421454a
xv/20629.xmv	631046	17bfe68f90c4b9314495de225dc54c099b25dd1b5daf9e3d929251ed047418e2
xv/20631.hot	108	53024d9c241914add6eee3f9ba1431509adea81068f58837eeb3319a78e5c56f
xv/20631.xmv	5153888	339e1a5f822a1909f87ba73876968fef3646a25ab99ae0821ebc5848111da93c
xv/20633.xmv	430908	c28985a041eb3adb2e4a661e62b120ae5a8d0f2e9570b53721a88e8015edf4e6
xv/20635.hot	48	83d734ed17732c5136c18ba170233d62a6d8b599fa84b633a56fca71855d7a98
xv/20635.xmv	894811	1c3dcd75b9f34ea360b4728a05c3d522f2e48920eab59c327358e23610969063
xv/20637.hot	28	ac000273d2d28037b4683e8204036c3dd96688dead5837e541168a89710058c0
xv/20637.xmv	1038339	1b4d7258d53fa73697a4be4ee6637751a60f9bf680775d022f1c111ae0965c86
xv/20639.hot	28	3582328a4a5c0407e8b228f5422ad5b50de6df26417f8ab3c9ac9320d3503e47
xv/20639.xmv	964246	6a6c6644361cb33c335ec8494b79ccf3647435c4d124c3589f2ed86134f05f46
xv/20641.hot	28	0c2ff4da5439effe430c58d07bde1f9db6759afdf6983cf2f7cb1bb4611fbdb6
xv/20641.xmv	1175638	e466b137fdeee600b7d82ba49237e1329a40b72cfae5451f412e95e3a602a843
xv/20643.hot	48	adc898a774814f71f0bcc72565af6787bae9ab3c11fc353e3d92b836bb4a1fb9
xv/20643.xmv	1404464	62da90d77a5ad7ab2d4b5414e0b4567f02086d838f16ed96fdf0d447b8b64a8f
xv/20645.xmv	199720	e8b6bbde76d6c32bcff501e5ea3945f5c937a3c025738a3b2bea941b937913ec
xv/20647.xmv	202659	b1ea10a0dcf6d4d67f5305d009485f87eea3de4cc8d545709ea82835fc52c61a
xv/20649.xmv	343692	534c89dbc245f72de279c500f8130d6a7c8730bc354e5b354fdabc0689ed0d08
xv/20651.xmv	290432	c4fa9bcd2ff51a2fdb26acf0b04fc44aa9cd759fefc88a8a4c6ea58bb0e76c7d
xv/20653.xmv	250381	4d61d80e528446658d913816560306c996d14e4af47565f8dab865f2b2c5186c
xv/20655.xmv	287308	70b69d76151894870d2adf1c67798034b0eeff20592a675dcc5d0bfedd103e25
xv/20657.xmv	137501	fd3f7c4657bee27a2b0308fe0f5bc490a3d7d5a5a1dcaffaf2b4e283ad0d089b
xv/20659.xmv	175397	085c154d878d03cd6812b33a45176175f2522e0af3a40ef27fe1377e8a2f440b
xv/20663.hot	68	f681e46ba23284210038d8f61f689514ba667f910495f484ce06182ff6a8625f
xv/20663.xmv	2436175	d8dfdda04e54fc984782c7256b8e8d7ae070f9d9da43cbd43dfd0f2c48eb280c
xv/20665.hot	88	c3ba6fcf8ee7d6a797c74667896355b662602d953253efb57433e74e7c1cc3b3
xv/20665.xmv	2089665	39458428d33306ce19c1e58a014aa8e6f8cf5829bc8ed7df9af4b141f6f3cae3
xv/20667.hot	68	dd3b8cb9b2d45b57cb3ccb7a88e784267dcdea3ac1b88e580fdffd267c65aa3b
xv/20667.xmv	689818	feb6c3a095af3fee353a3b5b1d2bf40f562b078434532a9b5df5876715990368
xv/20669.hot	28	bb29438d95e3f6bdafd9f7ed0837b0375354a96df8bdba2f4265657b4044fc39
xv/20669.xmv	466678	751fcf689851f343cf1870ec1de36369c154766520a44fb22c8b8b4a29f3c463
xv/20673.hot	28	a12c5fb92658e92f9d9b6ac65247e420032316fcc59e9701174c831f996335ac
xv/20673.xmv	833202	abd933f69c506c854da06bf8bd4d54a6546933caee263b25874f256e29413b8f
xv/20675.hot	48	73a3e681e5b5adc1456251c61e1bf0aeb12e179e1fcde0319efdee955630ca15
xv/20675.xmv	826206	3c84d31c487235cb730d2d002493ae75962e2ffc667a86482f72cd0856341604
xv/20677.hot	48	3c1fe9726f832b6f01053d16c230c6c07811f68523580cee152147bc31607c11
xv/20677.xmv	2165678	82a9661296c57ea1ec67fef6c8148e5d5d3909b697857abf99b0b662c6059ebc
xv/20679.hot	28	40263e1e953a94a4660fbf0b639b965a10d787518c63b9cb45b32620d528d6e9
xv/20679.xmv	834418	f36b9a77ad5c7e01fba1d485ffee009df5388060d5e5fe19822882c74b26b531
xv/20681.hot	48	97ed978ffbb28505051438f3c1c1a47af09f765d60c046c1727984c306e11bcb
xv/20681.xmv	1499299	f4b42e5c9e6fa788d06c5be8d2d5249ec014610edf06903a5288e31faa2f5549
xv/20683.hot	168	09ac269b7f3cfeb123748b768d0e01d7499fc6af9ad9adf9af9ee5691cbfa42a
xv/20683.xmv	2150923	86d48c424732fe41f8ddbeacf16445630aa671950c432752be0d41207e1604a4
xv/20685.hot	28	1399e3ce6ac7fcce532e5ac249d692ade485d6a2f1ed37c51f86042900658ce6
xv/20685.xmv	841275	5dbc49e5b1f337004b3f2307be9fc61e67f1dcbe72575588cfd36fb259036e6f
xv/20687.hot	48	ddbf405459eb24ed8b8c41e250d941dcdc9824aac4274ecb67458d93f42c06de
xv/20687.xmv	2484839	cfdd2eaa0a6d36e305d817d6d03eadf4fffc0c8bb3b935536076c23c32b38a54
xv/20689.hot	48	c10b065d449fbcc0fa0e0a4b9551a410c8969de3f4155b69e8aed1430c776963
xv/20689.xmv	1346868	111164baf7c3f8be32ebb51ff2394cee531d671438be206ebc484e43bfc72859
xv/20691.hot	68	178b60b6921d5518b7a60b2e84bb65f691c4ee8c07aaf8870a606ece304b448d
xv/20691.xmv	2935921	25a978debda02067098c686613f6544c01e1fddca2f4f5b1d7e60ea4c6a5eef6
xv/20693.hot	108	d10f3e043f1e3703fa0303d585dfc4aa0c9b0230baa60dfc7131503204786956
xv/20693.xmv	5116093	a9d83c7ee3205e5ca889d8693f6036a3a4774c355a32c0b0a0a7b1d1ce6d4a8b
xv/20695.hot	508	55717c2c65d8566eea4445bf423adafac5371fbc1a24f770333007cdbbcbcd2f
xv/20695.xmv	5795156	9e9ba458c469e67eb091f502b4bd492fe2b92a11035ffb2419d56355f39a9565
xv/20697.hot	28	1f29c08c371ad82257e6500fb38ff7ad2a9f2335f0c8a31ca006eeb9599a7919
xv/20697.xmv	484557	489294f018036644a4872ed60c669dbdb62727e40393a239baad571f48fe1335
xv/20699.hot	28	c50f4d626c6c9cb0053b410021a1370eea3a5e156531ac8af6e6c0e8969695d5
xv/20699.xmv	1088520	5921d825a5f831560c03b29661efdecfc9229c4d85307117e25fd827ce9f7044
xv/20701.hot	28	24c77f037c9f242fb7687aa31182e2fc63df4913f77a5838a40561e7fb506118
xv/20701.xmv	508414	2047de1270440500219ab49f6d9ab1d93a9681c5d9f74bd0b2916aceaff0edcf
xv/20703.xmv	412594	0faae7a1800398b4ad337b304263815407918d279c2319058d560a2f602bff5c
xv/20705.hot	28	8c40cdf0034fc0b8938864ee7e610db162631b7fdce4dccbfa36de134ab3f7c0
xv/20705.xmv	1197896	0f4ac57381d7980271345ebb265d721c2430550c3dc45930eada338273234100
xv/20707.hot	28	87950fb06176da5421cc31df338c0d622e674a9087e12b089cd7e1adbf38033e
xv/20707.xmv	690076	7e80b410f0c8e7eb8cbec6aab9652a9f02ed3526d638255e12b5dc76f76192b6
xv/20709.hot	288	18236ba4d5476e9405f1b609088ea56dd5d4d6893ade9c47c4ffe63ed1a38bd9
xv/20709.xmv	6684522	5ecd85ffbe7e1545150a409750218fca9f33a61bf3531132fc3cd5ac21a6acbf
xv/20714.hot	88	08ef9d9a29a8df12cb9940faba423faba290276f62640f8103dd65b9fc579ac0
xv/20714.xmv	5245443	2437f3dc37306f6d56c0c75c83fdcdb248482dce660ae9c1c472cedb6d8f503c
xv/20722.xmv	194857	3bdc7698e41879630693493f299514d2515a7672f796e1d93dc0ce22a935c7d6
xv/20724.xmv	318160	14f9e06763cf65b44cc8c3b818bfdcef6c13648ee1277eef99462397d232ecf2
xv/20726.xmv	251223	fba18eeab6819746a9c28e762782dda7a112d309cb4e418615c7a3f915be5c7a
xv/20728.xmv	320397	35c86b8cf5ede820c9bbdcdd2be882737d353352550344a26ba256513d1f6e3d
xv/20730.xmv	289896	5bdc8911246d38f3adef10b92deb1a20c522827b73efe62c49960afae35e6907
xv/20732.xmv	170844	848d478c91e4c9222ed983fe7389f750d7201fbfea44d91b205da284dd7e7c32
xv/20734.xmv	138461	f06d0b4f8955071b50567d82f94a414eca583a940144cca6dc168613f44f98b0
xv/20738.xmv	482251	04ab88fcfb11c776a897b6e5abef37568e026cc972afffbce1f2fbeb26d12753
xv/20744.xmv	222279	1e548ff9e538f17a9e95ee1762904c2a56bbbcd4939b9dd4a817a1f332beda09
xv/20750.xmv	173287	58835d0c50bea5c83818c9faec5e0f676da2715da61b2082b9460ebf7145b9d9
xv/20752.xmv	267396	06cc1fa88c82c3d2e6b6b7420ab48dec8502b477ec08b3cb2b89782d60dfb351
xv/20754.xmv	148918	78d63b169d30fbc45222f55221b40b6a9180caeab2d2f61321c4780c03bde4cf
xv/20756.xmv	252377	9a09d1a145bb233b2c4b4c185cc2983b27ac8f85b0d4eea6e62dd75ea6bf4e82
xv/20758.xmv	263348	67d2efd00c68f50be08aabb9082a61847c5fced1950e1ff438c3a8d35a2753a1
xv/20760.xmv	173587	1ec24b65618645c8f197f23a54291c9985529aa6bf11b0fc4bbf8dece578fc4b
xv/20762.xmv	101224	b8a390638eac8f5bfd743e38f366b3d6ff44f913e31557f196fd46d3397c37c2
xv/20764.xmv	87649	4952fa666e17fc5c744cb9dd40ed8b37ffbb65a76449fe1dda34a329e8e92400
xv/20766.xmv	173458	3ad93fac0057ec56ff39020a7f6d41fd954682a27410092cb0baaff94cc59ff6
xv/20768.hot	28	f41070d7bf73723a0d1036a0693d3ce5ba34ca43eedddc521f60c810550dd4a2
xv/20768.xmv	1082582	bdf7d0afbe92e9eca8006523c9120a1ec12109cedeed774a408b3354c1af7e87
xv/20772.hot	28	3a4fcdead550f78eaa9616ac035e5c774cd4417ca9347a84213a671476d2a7df
xv/20772.xmv	657242	659b5dc1843fc684467b81417c7b7e24b052984f41dd71fea03d0154ab65fb7d
xv/20774.xmv	501869	bb53bb0470f014398c2e5ba242500959a1208798513c92d62d15562dcc099ea5
xv/20776.hot	48	e146c8a60a915249ca5f04f39e4b17a1c090c9c5c09e4ed7ba411921c0018d7e
xv/20776.xmv	1094687	e4169c784215f32e4d19b62a6fb0e7c876164a95a96b44d0636abf87923bb2bc
xv/20778.xmv	250410	ace5190cd0f89513c4b920c2a43dfb76b2a144d01033bf6b498450af8c9fdcee
xv/20780.hot	88	73187974d9aedb3c6bc63f95964ef6034ee07e6d5c5b262fc77d476d4fbde8cd
xv/20780.xmv	3325632	ada32c12f395034906ca1f40bffc3ebdad6334f3e77f31acdbdb66bc7f518c85
xv/20782.hot	48	4b3f8b1826c52866517176bab745689f661819c5fab753938953a512e5bb774a
xv/20782.xmv	2203408	0a599106fc80a360147a30edba0b0297a571bbe41bb2455478b6a9822d7a1438
xv/20784.hot	88	af9b8c75f1c78b41a246a6d813ba817c0efc9e6b623da33e03ad4666f8ced7a4
xv/20784.xmv	3812025	c5716fd4647e09842ae942990090ae202e292f8fc5b8772ced79af6f13641840
xv/20786.xmv	623247	68646f3be44dd76acc41fbc54e7bc1a1d4d80c85caa6208db6e38ae05c51f39e
xv/20788.hot	48	db2870a8cc3c512e63954e2d3d485a97cf57f03b76e567e0941fc3451fc84f5b
xv/20788.xmv	3432597	638bfa4b8ac45ca7adbabcec6cb887088304390abef35709811b932dee620790
xv/20790.hot	28	b07599b743fd562af44e639e192cf98583dd043898a0243e50d57f992df28038
xv/20790.xmv	1466961	048c6e17df1949bbcf1948fc82638ed7ab0c6a650ab3d493a53bceff1d77a9dc
xv/20792.hot	48	0b6ac2dcd1e3c539b693284cb00cb1259ebe47e2c50f6ebb794f2fadf8717437
xv/20792.xmv	5078124	deed43f549a5116568b42cc5bbc146a161c4b6d437b58b85369085bd4284ffe5
xv/20794.hot	208	6164c4e6c727f139d70da216f2b481da411c9af79761bb172fcbccce56945087
xv/20794.xmv	5372105	3e6a9bbdf4b338644447f5c5df6173a42ca6475b5582389082fd36824f108318
xv/20796.xmv	3195622	97a26eb08ac64a220921b8191002a2d8d6e02b13c23a899bc54eac44bc136a6c
xv/20798.hot	68	4304ee6eeba154399eb17e7ed4c087418364e775a5e70244052f65b1159c19f0
xv/20798.xmv	1468459	b8e3cb9fcf7c5436749a735017616291d997306eae8e115bed83c891169f8718
xv/20800.hot	48	3424ed015466e910337c7c99e2ba6f2a38cfd4ba0055a4c80f34e6f77a350269
xv/20800.xmv	2390057	3459645c3fc8ce8a8753b1e567b5aa203198fea4c7aa984aa99f68dfdccc24f5
xv/20802.hot	28	77dd713fd4ae0cb4bf16aa50fad3a70757769cb0a18358ebb03da4ae9a4b24a8
xv/20802.xmv	1526527	b5fb5f398d940ce9f56ba76a8ca8e5dff3e8903d63add9453fb12f11d9e21456
xv/20804.xmv	496760	702fff3c30fdc88a798f10df49ab9328c9ba9ca1a50e649f0adc985dc2061117
xv/20806.hot	28	088be2a0a10bbcb125b583c04e8d34db12fc33131e0d09ff1f1cd8d639028aa3
xv/20806.xmv	1671908	78953c325a9b88c08b781634d84c67f898928d25168d30201e4d3dce9781bdb4
xv/20808.hot	28	bb7ab5c0b0c0306f236f9ee7a7a397d302218eb9d75c4c46a644860d94f9f78c
xv/20808.xmv	1371061	fed8b30cacb546f299239ed85983ca80a895f28f103a6029050bf37d4cfd87ec
xv/20810.hot	48	6ced1c2803858d6ce9afd57c3c8c73e2bb90b9f4afb0d78f35af6fb3ca03ef07
xv/20810.xmv	2374251	191713d7863fe69c15fd29883946aa169e7aaf1c9ac938ac8c7e8c062eb955dc
xv/20812.hot	48	fe203d0d1aecb2b3b5eee0a27b61f69393729b918022d454bd267804c948385d
xv/20812.xmv	1775673	4e463e50c1206cf8d04eec5fe3643b56256f6343c33d391e953a8fe98591814c
xv/20816.hot	88	1f77a201dcf9a5f3a2a1fa9fc939dfd7bce1c75b568798b3442d09591cf1301a
xv/20816.xmv	3830534	86c5ae6662d1b92653def4b2da28204c6732e0b14eea25bd6dd199c78cc81173
xv/20820.hot	28	1fb1f15d8ef7adca9d0ba1d8159ee0c0644b2208f38a69eb00b2a888bab0bac1
xv/20820.xmv	2333505	bf16638d1d7dcc4405585b897226f41e94c66a22750ef411657aebd32136f1ff
xv/20822.xmv	189976	ebdc86f461fc375c32c6e22d20effbba3ad3fe229f59bd316fd1b217a0c2dc2f
xv/20824.xmv	160643	048b17565be42191fbe9f34e9436c1db390bba5e2e12e8e8deef5138814ba266
xv/20826.xmv	436237	249a43851b06d65e54b1524fc2c764ebbe696340571778aae01fbad2146efe74
xv/20828.xmv	372250	bcafae85403a42122c1fa3544ac2593510c4a59ca0842e8836ddc80a4f0144fd
xv/20832.xmv	438945	2a0d5c74213d7d23ce5af33507f14f41b87dfafef2a19adef581a97c2d0c3e42
xv/20834.xmv	458322	b92e1f58e93b5033e44ee149b448c29caa65e91bc283f0bd69e4689e22b7941c
xv/20836.xmv	401922	a2e8486658b87890b2b9f2eecba4c8fb8e695306c2ebe722f336b7973312efe3
xv/20838.xmv	538589	cdf6bea81d2364eca70326eb5656dbc8e092a951bb04c60924dfcdced21781b6
xv/20840.hot	28	ea8c2969d6946d904efad4816c1f4d24d151fb7ad465080ff8e42cbc169fa093
xv/20840.xmv	914646	b123ded3027f1a53616955f1e695c2da921f3384c1960c1064cb55db3ed8424b
xv/20842.hot	28	58f88d3a1e9ebc6520a3129bba25cf54dff368382b217fe181d830a5680138da
xv/20842.xmv	821445	e92a95be1da651c59d98324b39eda61b85eeaca5b1d72441e5bf56362d2cb99d
xv/20844.hot	28	cec3a59923e34cdc22273cdad9dd5ec480a692648cda8822065b9595027df618
xv/20844.xmv	1055939	b66829d7378e3ebf1303598fe9c791025158a0e2072f618a2072c5d177a6b1a7
xv/20846.hot	28	17153ade533dee422c2ca29c7e971a7da43cb6994f71e0057900e0b7d4b57ec9
xv/20846.xmv	1160672	36d69f8a21edaca804029c06341090b98daf2ad8a122348d7eba3692c0e1bdaf
xv/20850.hot	348	a3494833b1a4a53075eac12d228b7cee44c8ce6a6423850208dd3074b5570453
xv/20850.xmv	5278934	3c25b07858baf08df80ecfed19919c6ae0e372fa321c51c54ad9e110ccda508e
xv/20852.hot	88	10c9e5c89acf5ea09da98a0d0bfbb872f030db4633a2a7a666a0728b70142e51
xv/20852.xmv	5646276	8ae2b34ea49c674260de816d9d498393ec57c6a53ce6f3b18cd0660fa6ee0057
xv/20854.hot	28	72cfabfd55d7273597686c58cb0b294206e7d94ade5df05d2a73479000230a1c
xv/20854.xmv	708332	b6826cf0af2889a1fee89e37719139fb4b0d35be69bda0d0b120407ba7d78cc6
xv/20856.hot	88	0e580ebccb386883f19adf83eed640d730b09e311e44df04b8c1a39adcbf56e3
xv/20856.xmv	6301589	e137d775aad1cc11ac21d61b2b65bcdce127399b542c39a29f54878105af08df
xv/20858.hot	28	b4a689f8dab044b76a17fe2457afbb4d7173aa721ef309f59c0922d6bd4dde81
xv/20858.xmv	708110	533c2ed9aa65504e8871674a3d3dcc64082e3b77814dbb766eacd4dc4490417f
xv/20860.hot	48	988eec004e6f575343fd50a1ea7533542186c41bdccaf0bd08d94d9a187b9c6d
xv/20860.xmv	3765645	b35911a8c7f23ed64823eda53c99c17c7d799d3b71d1b46c8d55676a39cfefa7
xv/20862.xmv	397942	368f6ce313c05053feb4de7b5f5bbf13f0f6d2de56efd5ff21937f5e9227ac42
xv/20864.xmv	1552952	5840b7c4841091d441f40976d42faccb20b276f7f92b07da53ab460e07fd5bcc
xv/20866.hot	28	fdbf9290673ca7fbd96d89acaeaf319094feacb3034a1f0e906056cfa45ca765
xv/20866.xmv	824199	eefe0ee68c7e91bb3119e46c4b708e10567fbea2362f41246164cd94b2186d70
xv/20868.hot	28	36a2500a5880eaff48ce6f8fd8c1a4df44af55dfe1723490cce277af31964cf4
xv/20868.xmv	889502	34a4e158b8ff954b021a8ec755269e7099130dee6546bb9b8e5dc86098dbf783
xv/20870.hot	28	6f5b4cefa5295ccb0c7b836a697bbf0981737558e0fbe13b783db39f385be234
xv/20870.xmv	609471	0676d4136c83d38c89ee2bd1c28d8a06945a6fd8fe72be81d765fc54cd7dd117
xv/20872.hot	28	69f1e6149b421772cab18b38ed97e77b21b37b2bf37ea60de176f3ea88685f28
xv/20872.xmv	1951983	b9717d548d6a5a59cda58ade242e2bdd07e484011246228bd352f470165dab12
xv/20874.hot	28	3d31b32b4683ba3c9a4992c1c1d31cce50bc2493433a832221fa9397d7c53b9a
xv/20874.xmv	889440	f9f98c430648eff2edc8c29853297d254f08ee644dcb5fba57e89d3e39cd1493
xv/20876.hot	28	8a0e43d65e0dd1f015f67e8e3e2ed91338bb0265c070c130d396c627c504fe5c
xv/20876.xmv	2479354	30338510bd1e4d754ae035c6a20b895170233df83b699f3a6e5bd0bb5b6d4138
xv/20878.xmv	408904	b5a0d9a237177a10f857ad312dde385deec32d14cb0db8c0b724179281c09e82
xv/20880.hot	128	b490027d6f5f8975746826aa902336e337b2085e07be7d2f3a0ac392c9dedda6
xv/20880.xmv	6855186	5114a4da3208886daf9345821864af328d391a9838b85dbb0bffc9c491b573e7
xv/20882.hot	148	6f55b7fa9736e208fe5c9a2f0ed99903ae4e0b05c49c098e16ad2afdef9f61c2
xv/20882.xmv	6743394	16835eb59302f8c34ca6a09162211e44a43cf2ece3c068e2868a52d024092d8b
xv/20884.hot	188	6bf4cd6f1b0a25287b0e84c5210786d5aa43696b121c9b4745a56bdee0aaa1de
xv/20884.xmv	3854083	b3f24f556541550c81b3097a1e737dfe24f4de8af01fdc59b6e01f162b5f72c9
xv/20886.hot	28	74c7933b306b974551b98fa7a0524ffc14e2f76e5a41d6744ae858f0aa54e420
xv/20886.xmv	738840	2925748fb90b4b339502568c19736d399c483961e5882e2914d2bdfffa68b394
xv/20888.hot	28	e74cacd6da7ea1de36c5696b8c4941e9dbe689de5e47efd1d68c8523e5fa268e
xv/20888.xmv	1096065	48c91deded867a05b210b1fd5ff34369b2b8cbf6a4981d71ef66e1e1b4f11a99
xv/20890.hot	48	dba9d3214fa3f7026c48ff2f56be993440637a40cb361fc9d1ce409c578cf196
xv/20890.xmv	898565	aa5f66745e275be9f3f17120e1a335ae699ba17c4c76ae97ebdc8136f224dd09
xv/20892.hot	48	a2514fd49e820dc1c75b868a083959c70d4cefa895d31ad64cbb1b24d3a7d44c
xv/20892.xmv	1741090	5307fdbff44e5bc6bd288ee70a61476256bba7de4b1bb3125e61b2b7c297f445
xv/20894.xmv	891797	27e7301f5267e006d48561f482ad5ac36797bbae5431785f5f4295134b6e7e9a
xv/20896.xmv	1263255	ce3416b22433b34cf4d0c5546f06b645bf7245567119400d30fef50f21c28ec3
xv/20898.xmv	794642	a39bca525801a75e4d116967e40781408b03814ab78d155776b6d771f128c802
xv/20900.xmv	279115	ffe1806063f6e75c63d1580fb0213d3b14a9eb8736f358777117a3b528ef2642
xv/20902.xmv	256196	1d3a450ab10c853e6613888c0ffd4a41546407029b0cde0cea51d7d42fc8bc60
xv/20904.xmv	255571	8b23d7036c1b31af896379e3b57a85c794b975ec7e26ada6b35683566b3eb697
xv/20906.xmv	402517	09fa3fce58b5cc7ff24485115c6738c580c5352bb21d3b1da22cf2f87cee1de9
xv/20908.xmv	275464	4ac36f05e531dc1ce3a1c8d6956d7a810516a753067f24beb4ced12f72abda33
xv/20910.xmv	494735	efa9f01c75d3e1470d1803b0eac2ec0adcd225efede30e817c8faf4bc426c90d
xv/20912.xmv	466708	5c2ef8ae2b980f672b4cf080f28bbbd7319a16a105bc2d61e6a78725cad8ad4e
xv/20914.hot	508	33d8416248948a88baab949396eafb3196139910b775252ac143f3b18e1efd5d
xv/20914.xmv	10449892	36bd08a5ec4621ce6b739fb0c4a58ee886af2056e34ba69ad068be39ffa0051d
xv/20916.hot	28	239ca22fc844c8db3ddeb3f0d199656d1555fafb8f5722278bc0bd0edf4098a7
xv/20916.xmv	845543	5dc074c2175f9c5f91a9e01f3c68b9a66b7b474a3c70f360dd09c1cfaba4035c
xv/20918.hot	28	d381c7c36e5ad85f373d8b8e22d3b9d421b5790ad1292ee90d7a27d0552d7a19
xv/20918.xmv	1068076	0e66eb86dac10f3105943d5bc68f30d47684a99c2e3da5328a7e603100b2f57f
xv/20920.hot	68	e8d5f694b8e5722cb2af1a781f59d3f933f4b35c48003686259bc0b7811c580f
xv/20920.xmv	2512916	49810d2fcaa3733e10fe9441d035f11913efdb572d44998144aa236a9e25a1ba
xv/20922.hot	28	0622b65ec838d13b8cf5a2c1031cc30ecc2b25aecbd1ea32716b7bc99af45993
xv/20922.xmv	867688	1359354f6c91ac61e0c64a2524f5218d80f70d90700da49c0d508a30b692e5ee
xv/20924.hot	68	cc829ae66281cf37a532f4e1a6b6c895269589607a253f8a98010e82d71262b2
xv/20924.xmv	4293060	29c22acb600607785b32ed95f43027a606709cf64b2532acef0f3d9a82d06da4
xv/20926.hot	48	8891735bedfc7956a2cbf92f9ffd49f77b037e7add6bc275384ae4d8cdbc689a
xv/20926.xmv	2266476	ab1a4786112dc45caefc40bcf7fd9fa6591df2ff2c312b63d6e3f64243a61429
xv/20928.xmv	534929	97baaa0b2e3d3715b394e05189ac764407bdfc5e3bf716242a410926f102fccd
xv/20930.hot	108	937c33ff371af340d1b484e1b17904ae9beee09fea7d02e2c2f33003727aecde
xv/20930.xmv	3245576	e533a29877600558165b4e5ee690b457e37c9ae4f14cf3272fe09015f6f00dba
xv/20932.hot	48	871c8c9f90ec73e9e1607d924a8174885184fa116ab0029a9ad6466680563332
xv/20932.xmv	2158104	339d266022ceff204a8b927bbc0b68abfd03014b078c8fb3f1680fee22f366bd
xv/20934.hot	28	67ff7d1b2b8a9251668c6ec31a07616336e6d5d80a4418ead9709cd6c4136851
xv/20934.xmv	1001262	a7d2a9a463c1648d81da0e7a056ba7b61cafaa8f4a000f09dd1548d017255206
xv/20936.hot	28	f82e615a83493e94bde44b704d02867e9578b09489ecfce1df0ced9a9978f965
xv/20936.xmv	2671745	b7420b8c0c723f42b7ec625f8a60b030aac1dbf5094383b77eba4249942923af
xv/20938.hot	168	b789f445c96414fcac79303c289f9380b5565c672ce24f3f96bbb94a078787ca
xv/20938.xmv	4804350	b4ec54be14679c2658e95d3b73e1e2a249a2d87ab8f4e6cbee8443c17cf4949d
xv/20942.xmv	734386	612a957e6d0d692e3ae3852b40513b8ad7fbe964b4054bab3dd08ae88f784937
xv/20944.xmv	556896	7b39718446dd3e6f730b00b2d287f8305f0502bb055307d9bb7d7b87ec5b2c05
xv/20946.xmv	734949	aedfad08a49f23b1a0332a41883ce7a9a8dbbeef1f5fbaff5bb7f6565d7b025f
xv/20948.xmv	712372	cb50fee172d36fc8a138b2963673f1ff38d73fa986ff036ec1d243bcfc83d2f7
xv/20950.xmv	645214	da7640c33564a290a4a7610f2779ef278f8bbf85a2b857139f6d6867b14d676c
xv/20952.xmv	756983	66628735149d6702bb035f1c0a779cc28a722cdcc4077b6505dc02ebb4f8e43f
xv/20954.xmv	534273	ad2e98175125b8636ed29512af678285bb917f6d32f11de6eabeb96304f9c9c3
xv/20956.hot	28	45ce0d1335311e413e326c6a5ce15679bf54e22ff28f926815f327ae40a796b8
xv/20956.xmv	2160178	e357c3d67f192193892161768092454a627c5370a3f20feea7e9677614a6f8e2
xv/20958.hot	28	20837f9959ac5984a7a68efd097e44f4218279b8d7805fbd3297efef5a10e2f0
xv/20958.xmv	4663313	d1afa9f613f0b4114b828c2b2c71aae1ae6fba3d19dbd7f2a1dc0c5aded216f8
xv/20964.hot	28	be75558eeefa9ae6e849cdc6c45db8e34fdc96139bcf7985c2ef8fdec0ad7ee3
xv/20964.xmv	8159339	c58e0492cda2d4ff8322853545ed217c5b359d847629f5f996e3d5cf4bab7424
xv/20966.hot	28	ebf101fd4c22c02b70b01b653cd50951819d861439e7305aeee6ca509ab848bd
xv/20966.xmv	3893145	39ab2ccd1715126e7f052fefabf08dc3029f3e5a16b25804b9ed40a0d19a5c48
xv/20968.hot	28	da37ddb3f963d70dd9118ff801dbb2e1d6024bc5baac1fa6064b95ddc51b05d1
xv/20968.xmv	831150	e95906ed1113a1eb637aaacb895745ac30c5e5c1ee0194abb7d8599fe4a98331
xv/20970.hot	28	cb367536313ee5af0f647f5d4e3f0c03347adbeb10391ab7ced1a40323c90aae
xv/20970.xmv	2348579	a8c143a618bcdb1fc9fb6347269a9c538d3b26c12e8342827e3058f88dad6e98
xv/20972.hot	368	2c6b911a5822badec03f0be601337f7d1cfbaa77ab2746f6b8bf617fe893f12d
xv/20972.xmv	10723649	6669257270d455a9e0879b74f3f66589f1ff9f6e10b2b89a563ad5985f00a4b1
xv/20976.xmv	495775	2758c95f312fa5007f5479665aacbf92bfb99b3ee400fd97d68632e83a50b197
xv/20978.hot	48	f277ff0b16ab07e952589ed911d83dce5c8d305435810af723232d1f213b0629
xv/20978.xmv	1057930	1db1a943ace25965c255e796fa2572ed201c1c6db296979bb76f39606ee43d43
xv/20980.xmv	357703	256ac01c8a0cb9ebea69f44860a6dd891501bf4f9571adb5d64c72e9d1104688
xv/20982.hot	48	0b78bb12ca7ffaf20bc7706852b03f9f73f98d76caff262633dc4a7dfa3a7f60
xv/20982.xmv	1367119	9c2dd71328f1890ac03e00d6b4b11fb9cdc13ee5f192d39afa1ce97d985cdb31
xv/20984.xmv	442514	71dfad003266383796e78c9eddeb7319575ba2917c242893be0108419d10788c
xv/20986.hot	48	7bffc653204ef3471798d35588a471519c008f529261a72508318642f1163051
xv/20986.xmv	3288305	20fbbcf911fa44ef15dc49b4ec4bdbab7e0e74202fda5da5cca94f4dcaf571e9
xv/20988.xmv	506975	5306d7a146ec733b64f4f85f2afa3ce3c85b1a9309e0c8076c0a9b62b372ac81
xv/20990.hot	48	dee8a4a363714292c555eb2bb83d35c765fad0dbcc6b79bff8679883f4b29ae1
xv/20990.xmv	847281	5d5bf5578be641563cce603e1b182337288c8b9e4062df75bfe1de14b18dfe51
xv/20994.hot	48	314335558b4d6c1becbea8c10cc5da8128d0a82e726652fc4619b13f81bf7244
xv/20994.xmv	3385245	74c8f88af20b4dfa2d3df5e1f8dd19f55a60792f680ccf0b19d9397ef74fd74d
xv/20996.hot	48	8f2b289a4e1d7d791e51ef7f2615f11cdbc20da707a5cf144718858981454510
xv/20996.xmv	1479374	31b6b2cd0dbf055a9f7249dbbc75dbca9b97978df971fb72a7e007264fa28bb9
xv/20998.hot	68	582367259cfac7b1f5f7760773c4e2b8cd03210f35204029f06b1405e391ddbd
xv/20998.xmv	7809778	14f0f06a9449eb45b0541aac5eece9f3c7947945fe0badaa116da289ddf532c5
xv/21002.xmv	142453	3fb6c8a0dbc22ad618092204ac6ba56dfa23a607f6a8147662534b1324d85fb2
xv/21004.xmv	173161	504753b5595160d1230d15a3b46d34a7a9e6709f4338f647274359490138485b
xv/21006.xmv	271765	87f09f0a3f6697698fadabfb5e4d44b52f638d174493715d2a7f624f7c164cf8
xv/21008.xmv	193759	35f1781c51845bbad9fa00348e11b4c412821b0fb87e6148f74e06300239ed28
xv/21010.xmv	310657	54c5014d4032b587ab6da215c715d500853d125c0e93150f40500333155a8923
xv/21012.xmv	258601	f703e761c01f5630f647e25da84fbcd50a2c927d17d2efdb3ab8dfa158c74523
xv/21014.xmv	267876	4149df5f07df9a6c732d64d6ffe2933d0c640088a8b28c465c92f152d4fe18c7
xv/21016.xmv	159491	a629336726e6696d55f02b16fa30a72a01a19613e336423b1e20e061375019ec
xv/21018.xmv	129845	d9e899a9d136a4e6e9a0d9ccd26bdf8489dfbaeee4673a31f631f63a59ad5dc2
xv/21026.xmv	371916	a2e13223bf24a2baa8993abe10a229e260216e7e22c305ae786c3eae691f572e
xv/21028.xmv	441962	c725606246b455c8af2d586a09c3f635953ef7a8267a584bf164b0c4d197700b
xv/21030.xmv	303135	92bf9a2a6f5725d00c4a18a4378c843a7dbf707964c3fe5b8af9ebe95357072f
xv/21032.xmv	450249	69817cbd46dce18285632154d38f4d7b7c15cb5f7b912bf5056c134479b249d1
xv/21034.xmv	267275	e081fc37146fcc4c7954e1605bf52073743613cafb14bef35996e4949e7ab788
xv/21036.xmv	193856	fe85856bc9affb025a5f5b5b6df1cff9bd6260b9500a347354ab6d3415180ce5
xv/21040.hot	28	7ee82495754cfd141f2c13cb85b53b8d080031d0ad969125394756c9e1a9f872
xv/21040.xmv	902600	c277737024fa024a1477050a1da7306faeb7cf2a33102c9287db5ccc0eb59778
xv/21042.xmv	1612069	796dc403b1ec429938ce3a0b4eee72f82c505f50b74e4031412f79c11664b8a0
xv/21044.hot	68	c9b86a66828e4edc845ea77534c47826e89ffcf2ab343b6ffe1da89299f27134
xv/21044.xmv	702648	6a6ffd214c3771d8bb73bf3abdb44c896e56ba72f8c7c9dc68537663bc33a0f6
xv/21046.hot	28	deb25c0cc2ba5168bc0484f08b82a17100510c083da9a9f94afff70bca4c7b76
xv/21046.xmv	2201921	09d53e9659dcc4cdd384b2a284148540868735f10463abda87b4634277d7f6cd
xv/21048.hot	48	e36bb066fbfd58123f9ca45a271124e2046f893d189105c61a29923f5ef84a18
xv/21048.xmv	2154747	3f33c556b46da48dbc60a0c7281e33fc1d2b3799f3c4d023f6bc8e7213cf97b4
xv/21050.hot	48	892f128bf3ff392fa8285d9a430b0e57f1612286eb26f67599a905bd50c23478
xv/21050.xmv	4034706	ae2542a75a2da6d9c4f77d5780ba4272e36b5900b75a6ec73e09329f0155b89f
xv/21054.hot	28	78d53a8b61dc0c25a935ec88964803f64fceb5dc8d0ba591b16ad04f6d103333
xv/21054.xmv	1589976	01691226c51c764ff926be03553241a7b2a446d3af7c12162fc0597cb355273c
xv/21056.hot	28	2e2085abc9b4e93086ea7e278e373533510155d6942cd761e73573969475328a
xv/21056.xmv	1355257	f038b660d96cc0373db637cdc0c261115f434d2ba09d7148f5e697f3c7db80b8
xv/21058.hot	28	48d8d45bee3199745c76f1e0d96217780e033be1957286c9132eb3cc28d70afd
xv/21058.xmv	1381788	ca37c647c0ce4cfbd4318afe196c57ec0540063b5a0a31285662b34dcac2d063
xv/21060.hot	28	08ae9ea199aefa99d85ad2f74336cfb349a55aece57d6d1647845705abdc4c58
xv/21060.xmv	1851436	3b13b3bd527d1d8c417901418527047114854d0c4c7b92956fd8b046eb776b82
xv/21062.hot	28	a5be939c009a08539ead85cc0e1b2b42c4ef494a0ad42174fb1e1608f548fecd
xv/21062.xmv	3644429	17f74ca57af3d34c887cfc89d282838df4e5530de5d7c69061349d496c073643
xv/21064.hot	28	3e92d4e1b3976bd139b141ab1539c2a8f89385f65db01df5961b0913dab1cc5b
xv/21064.xmv	1502948	f811860ea186dd2d35201d1a7cf8f0d101680ed55ae6de028f4c67ad520ba4a1
xv/21066.xmv	1165306	2b8f400b54c31376cb9ce5b8d66943dd4a5546be880ce3a359be6541f5a9f2a8
xv/21068.hot	88	c8994abdd4164745af89fbe1ac5b4bca77e02f590084837d8b3afe663b96f9c2
xv/21068.xmv	3917193	b9a7c69599650d7ebfb4fe8c15e2243868651795d9ead0c7ab3438bb38f1f45c
xv/21070.hot	28	d4cffbfb78b8c29cafecbc73642b11ae52240e2d52279009da11674fb0023a84
xv/21070.xmv	1188620	6d7d1be1425f6729ab26f769a40e8565a4d2e30e3d55d9f15cf54d2cf2b1f60d
xv/21072.hot	68	515ffc9b90a8f4b74ffaa5283d7cbdd7c0b40885c3ce0616700f89fca7491024
xv/21072.xmv	4408264	7bd35e5e1bf6c7b9c884e0f2e4b20633360d883c6a52cb07d637934237f55e41
xv/21074.hot	28	c8e98645b39da48dc78b25fff93ea243dd3ca3359f813fd84439ed9baa27bfa1
xv/21074.xmv	1719019	1b6fd74534812fe59fa9e05b7a9dbebc830e0bc4ef837c73c4fa656d73c2de03
xv/21076.hot	68	ec8b4aee174cecfe92f638b1797dd61cbc60290acbc39016b8a19f3930bd4ef8
xv/21076.xmv	5826002	01eaa80cb0724b300957db3ea50738e4cd2c2116271a611db98da424e29a0a50
xv/21078.hot	108	0d9384244f18afb9199a758efb47702f965df8a9d64a7b20b0ea13dbd3d802b2
xv/21078.xmv	3937379	cf06ee9f5336e36511d8d2181a2e0adc65738e26dfff98a5e403695a6a817014
xv/21080.xmv	803556	db7e9a5a292c5195990c6aaedaf4e8f5315b2a489c6e1a68a0ad28f629c7c752
xv/21082.hot	88	784f85ef6ee8a6043df911a459925bf091650a1b5f34c90d634944b29a178d7c
xv/21082.xmv	7598664	ccd7da17aa76d88d824c75a021bcd52dd0ccd6d0562ac6dc74f06ce9dbfb5683
xv/21084.hot	88	f3d6d6e388dc25a24c6310b9e7b0f2e5e2d0706104bb26156d11940cae5ab487
xv/21084.xmv	5131455	ccf2831c68be88ca844c82b7a59df1fd8aa572a7faef60ebb320986118f43b59
xv/21086.hot	88	6903283e80e94f953a6501c14ee1c653bd6f33c03c436f66926d0c5360fd4d74
xv/21086.xmv	6458214	ed53a0ed5463eb7363ea048c48fc119b440e16163460e1b492783194ad9de671
xv/21088.hot	268	244746ea560a4c540997f1693e700a94b5530c61b0ea50036b8d36f61cca19c3
xv/21088.xmv	6698962	4c3bc09a281a9744ec691c7ed6f43837e50274154c02c804535ba5e878ff48f7
xv/21094.hot	28	19d460fec63164c9ffbb328b99f7db929621e9fe98093de60340eaf6c104c3ee
xv/21094.xmv	2461385	99d42dbf6dcb50813361098bcf764c644334b84b0cb1ca6e4f4378134d5aca4f
xv/21096.hot	88	c4557b4e30d788a5d0d50756e085d6dd70b8db6240d9eb36095cac36f69bf7af
xv/21096.xmv	1108900	7a29d4f37fa508538e696a1d1292030c08fb7493d14589b961f0c5b18eb4e0c8
xv/21098.hot	48	7e0758cc3600b875fafb6c4c8d52e70bbb18ddb66c25e3846cc93d9609718ce5
xv/21098.xmv	1244065	7aaa4ed310b96a2a4820bab8e4a27fd2dd6b667cc44cc50d268f7584a9bd7210
xv/21100.hot	28	38eb9fca45e62fa8ed511496aca490a20d1b23b4ea1ebd37666f4ddd27add590
xv/21100.xmv	1089703	8d62839421afdd052f6a03eb651ab3690aea1dfafc412903be6dff4dbfde75ac
xv/21104.hot	28	8ae8b338e3059f41cace7694bd9d8aa6d7f28327a414d09a45e025a609df5565
xv/21104.xmv	2325228	2787a400033784bd55d7336846b50a738e2b245adcfee417d3eb34bc32fa37b1
xv/21106.hot	48	0050ef90458f51619d9854aab8608b5eed5d3b2c6f7dd42abccf8a7a1ecc70b5
xv/21106.xmv	1594610	ed4e7d84367a39cbe0475e1cef84a9b1609dcd5a88ebfdbc1b76facf27ad0152
xv/21110.hot	28	7faa3da3007121699750450410d4ae90332e1967090d88bdc9dbf120ae4822da
xv/21110.xmv	690453	05c0cb892426842dcf09a4b469a7613e18474fe7bfaca0497540c75391458bac
xv/21112.xmv	583778	cfd5bf5ef38b8fce104059a01567bad5d2412dd7a8cc1e6820292b09c17b3539
xv/21116.xmv	23305148	567b4b81d9be72d95ef7f176b722e0fa6094de1180a9092547295ca87e36507c
xv/21118.xmv	25266097	b45c77da01064fdbabbc5b1de8f766ef4b0b98eb0a8442f17bbfd4a55da792cb
xv/21120.xmv	7421090	5810d3acbdb838b28e32a562ba31f6611b1ec5a1749f45fc4170a387a7c5b2c1
xv/21124.hot	168	4a171ee09bf800dd941d01bf3cd297362f64a8950328d7c20b8a2e967349385a
xv/21124.xmv	6117050	46f95104f6c9faf6278baa3ef28b087009c9d111c0b0215e38c7d7cc3819c533
xv/21128.hot	28	4597b4344b7e27a26b4e95e4233fded0d2f77f97053db64a541bdd39810af00b
xv/21128.xmv	2629078	d812e2f2ac4cf8c1f190fbf8d500e3505e1648b1bb7331af6307bd7468a94f8a
xv/21130.hot	28	07980c26c2abb3e65a36654f1b9eae05503d8e0e83a9e6e9c8766b8a1fc637dc
xv/21130.xmv	942294	bd0db9c417f8fa3cdd041b585090b7747f1d178a4e7ead1ec1877a1401e56095
xv/21132.xmv	332332	fe016293d11f9a856fb1c568624882e86290163fdcc15112a62b7692477b52c2
xv/21134.xmv	317686	e2d0104eebcab6cbd465073703eea69ce66aa81a3a9df7ec6b52e053a37431cf
xv/21136.xmv	268993	80eb6a54b103570387568816c5b8f1012f2d18c1df1f0d38953964e00203613b
xv/21138.xmv	459856	a05dbabdb98ed3e789982c276156a2c92d1f5a7e1b03202fef4710aef5efe5ed
xv/21140.xmv	363692	fdb33e1aeda0036874cddf5c2b9d06b231489a9aa18083e0ddef1293b62d733f
xv/21142.xmv	331656	c422efcc0871775b9bda003b43c66785a367b813216c93f5ce27f3b62c1599df
xv/21146.xmv	311621	a3b34aab913b4541eab3d83eac055eb00a0a78374a63614d15068ce557ec1fa5
xv/21148.xmv	270653	58d0632b88a824aa654022d6a7c5195a9439c67effe7f47b66d5c207ace95754
xv/21150.hot	28	9c093a3522c2b1d5cdef4a3cef66c214c49079bff8b53c08403327651a6eb491
xv/21150.xmv	1464350	0e987565331d407348ae8049eff6e046b66c759e50c97d385379b7dcb0f73969
xv/21152.hot	28	fc085706f013acda7749c2389e41dedf034dd83d431cace844077f1e097ffcb6
xv/21152.xmv	1295121	6996d6005247e9f050d0a591fdff85767dda9f6349c382835d76b9bb598d7064
xv/21154.hot	28	c9be8b51f94a316cfb1fd323b4ba1e4a3ea9581761c3d87c77499f6256da125e
xv/21154.xmv	1885054	6491bf2fc03439536b10b2d5627229f81e97bd1ab9e8276aaad3d836dba79f23
xv/21156.hot	28	dd53612845ba494643a347350c189a71fb270f828f742e4ae73ae7f200386573
xv/21156.xmv	788604	40d60306118ab9e76d5c76d265146bb37f3384c2d0c3ae3ef37e4ec8fb43353e
xv/21158.hot	408	7e2aaaabcae044a1c7d64a1b7a4ed779789b789368de7fd12cd8c447da5ddc61
xv/21158.xmv	13322188	34d2dfd843f6e19c05cf9cebd24c7d1abf4f3870ada2c69313fd6dc3e0e6e536
xv/21160.xmv	2711191	9bca3cd44919b27c08b84fb78324b32006510270a052f48410b7d45f72426c68
xv/21166.xmv	1097129	e76e89e80784c89674e26687317703b6d98170439b3c19ee884f3578f4ae3702
xv/21168.xmv	857072	b2455b9c0ea038668d117c1cf8364e7bdf33e95ec1715990d9c16c685c77d3e0
xv/21170.hot	408	728bcd53a39d1f36fa0c7aa8665527168da646c9eb1ae9438075fbe654c8fb6a
xv/21170.xmv	13507142	25ae352798cc00f82d5b1a86b4b1442e35e2020e58134ebf27bd39621714a2d8
xv/21172.xmv	349297	4e26b4c1da9d281997877346facb779a4b2d6b90f25f20ec8411d9081480c8e7
xv/21178.hot	48	875dc813ab6dafe2416870ef98732aef211b8309a79ad909eaf6abf2cffa8b98
xv/21178.xmv	3347633	610f7d5c9eb9afd3662145fe71a39ef6e1c5908d5852ac98e671599ec259f8f2
xv/21180.hot	48	030a1901c72017b526e46da0a5bdbe264bfcfe6840f1d1acd92dc077be9fc10a
xv/21180.xmv	4192850	c7259e3d895ecd9debc3c1b0936be75491317a3e05244541ba6aaade23de87a0
xv/21182.hot	48	b03d540a78e73828f36aa905abec085a96801d4ce72f8c5c0f6875d34da92c1f
xv/21182.xmv	4292584	72e3a216c23064a56be0475a3b250234f492437b1b72b1b3bac263e5c23c2b08
xv/21184.xmv	579061	2dda368168df2f6b2bd2e0c28c79bcffa79e28f27be4750908acec667c5a6082
xv/21186.hot	48	56b8717f31e8a6eaa909239f0c2ca8a2c628cd4293204c01d9b7e0e080d47250
xv/21186.xmv	7210964	ad77ef89ba453647739b00b039808b18d298ad13729ff80420694725af83bf8d
xv/21188.hot	48	548081dcfd71254b5aa8b6ed2dbbc9bb4277f47490fa373cb1ada21920560395
xv/21188.xmv	3141236	82859a85754dd013ecec41b09c533916293c27155a6bf4fc3810f5bed147dab3
xv/21190.hot	108	cc6013af202431a344137d112bb0a1fa3a459b2fda7e8f8c07767307959ed8bb
xv/21190.xmv	1410949	190987e00d57323672ae0dc9cd11ece283bf9b8fd04e761aaf7b75848e70c191
xv/21192.hot	28	17130bc3af70ce971632669b5f5398b8da694b2a7796de098419f7f8f71d0191
xv/21192.xmv	2857421	4113aa1c8a575b9fbca36a8739ca54ea02b3520dca6064438c7c2e014a6a82ee
xv/21194.hot	48	68302f585724e807640a10c6873af0e5ee5a7f82de6e4499689b694050d9367b
xv/21194.xmv	4072676	140b29bc8a4fdd5249c3f66c6246459eabc3517f5af0ef6705fc1fceee9b9103
xv/21200.hot	248	ede3038b90429f8ea178ca7d56c080f2e18280f4ebf8f4ee7aa3c04fbe6c803f
xv/21200.xmv	4900658	2e063f1212e8d02520f8968734ddda9d3132c7fda86733da8548c12c861dc2ed
xv/21202.xmv	287225	4e5d601d7332815323cae99a6e653a122bb474e55d96702a83d3a8e33bab7cb0
xv/21204.xmv	397326	7beef5fc368b5282e0255b8df759240fbe60b14b442f2a83390e0dc84a7f80df
xv/21206.xmv	311076	043c1b49973e752a352a4cb3c6b27551efe997f405d38e94bf5ab3600a6d6f7e
xv/21208.xmv	553988	50a9b302a355e84eb18289c2d4a85723e9e11ede50dff7682ab29e027a1f275f
xv/21210.xmv	264282	6434b236b53a022489159a08eb70084937d96cb0673fdb17ef5e131f75ad3382
xv/21216.xmv	421802	214dd1d2b71a41fd470f439187e72730cf6ee6a0614e4173a7a5130642d4000a
xv/21218.xmv	299878	8f7f7b0dbcdb63b477e53dcd17dda78df1d13efd64e683322ff132093820781c
xv/21222.xmv	324190	4206af0e1a8159b3fd42a844ceab4b23ab5ca7db2376145d60db95865761945e
xv/21224.xmv	576825	8543b480549fbc37aa472b4f13c384a2c6f4f47845f28772421e5b23bdf6309e
xv/21226.xmv	441053	c9bf7bc7f0728f8fd475bb8e08a5a054b0d82d11515ed57a8d6541db5348e52c
xv/21230.xmv	627266	8c802ae3c0b1d134c50ec933487ed3c57cf4548edac122d0074fe48efe982c1d
xv/21232.xmv	675983	cbbaeb073bbe2e4ecb760ae0bbd2337a9474abcc47f05276adebfbf6e24b3bbf
xv/21234.xmv	710536	aadbc5fac3e3ff0d4c009ea59d78cec34e08d94a94ca96131d51be56a2d955ef
xv/21236.hot	28	14ac00cce7538de2dfda53f817741a52dcb933f4866255ed57db0f3a096bd346
xv/21236.xmv	4588151	22350df0ad34d798f83e8a1e99eaa19511383f69eb6588ebf976d3ef932e7105
xv/21238.xmv	838373	646eb8a499ce3e7a92e2bea6405aa5de6b538e0d9842be49053dc4271be6ee6e
xv/21242.xmv	1940460	2dcda370560b322c1db055896b0139b39fda17e43705b85d14455f03dd1145f0
xv/21244.xmv	847628	4feceeeb62ceca1dca39b8b1ad1dbebdc353f104ddaa986ab1e9d6cfe2819da4
xv/21246.hot	128	805d93c60c5877c286d09815108bec6c48af900ddd08c54be6c7296884802a34
xv/21246.xmv	1602123	d03cf28b66ce73da0849af98641f7e3defff89249eff76573a358e99b6a2c81b
xv/21248.hot	128	4777266b184c27ab326f17bbbb9eceeee568a22c034a528b5178ef914ad28594
xv/21248.xmv	2710743	d76f755f02e8c4e166cedf699835666536e03eef04333ba8c8fdadbf020adc0d
xv/21250.hot	48	57a1cd8e22f2641f606baa33bb3f09c08c6b00e59475e7c1a55a40a7e7078b29
xv/21250.xmv	2761543	a4c0ff566f4288044df4663fd154706d8342188ba9748b1f37435c3c644e49ff
xv/21252.hot	128	68b1a2ddf43a3f6ac9c2aaf34c72a1be5fc37f34cb8a21c177097bfb8ca8b1e0
xv/21252.xmv	2051800	e27ab6290fc5b9975e8fc3621e53714d4f5179bf76eff6fa77c40275d42d3114
xv/21268.xmv	837741	2b94376afd2e7b2929244a940beac928901a2883c82427591a2bb14419a9a861
xv/21298.xmv	1833880	59a5dc1ff6e0d5bf9c2d03f145c6bc2c8a215ce3da61c98bc575cb76631ea16a
xv/21300.xmv	2981563	0f0fd99acb846a23fc71a69f8382390fdc47a135dee87babae8594dc4b221bce
xv/21302.hot	28	0efced70c9f5fc4a5b1b8c63007d5b30dd9c438fdcee60680bde24902f8b860d
xv/21302.xmv	6240883	fd63985ae2f1dab3cc94ae2e05adefc33438c31ef4bac99a1c1e978edf1b643f
xv/21304.hot	48	d8127c00451ba16284fbd6bfb4a497fe50c948cdf304c1aed7955df734223a76
xv/21304.xmv	6853158	b053500f9738b6993858c5d26e90979b1e4f17a03994332fbe52f178131626e7
xv/21306.hot	88	941220c8fc9f8c81cf9115e193a9b850e7938fa0d93ff7a796fe3f32a5e9953e
xv/21306.xmv	4002453	c45b92b12db0291e955f86aef503a8775a950f046c6b5fc26b918a95190763e7
xv/21308.hot	48	7e3cf1c9832abcd932b827ea9518c4b72d1f2721b634ced7f0981961ed9eb7cf
xv/21308.xmv	1856357	cc728e9e3d9dfbdfad2922fc55c3deab55b278f9532ed49fbafb4585dcd20fd5
xv/21310.hot	348	529cd3454888e267e5bac239ac6f6715e3e23f062cd5682f925cbb36688287f0
xv/21310.xmv	18281673	acf878db64d581ad7b680493c7e79272f4d8323c890c0b9b0605f1f019017924
xv/21312.hot	128	980cb45a9e5ab4cb92bd48ab61892c703b60767dffb3764e52de269d9601b9d1
xv/21312.xmv	5256639	ddaac5503c6ea95c9c61028dd9a659b9a93032790c0e12665e0a58510396f2a4
xv/21314.hot	108	52261b2d95c78b255fff0a7680eae216967d09cb98b20bb0f59e8d73102fddc4
xv/21314.xmv	4154115	38c7a66a96cf4ec0b23cf6cdb690ea45f49dca87941fb6c3c3bcb931c8b116de
xv/21316.hot	168	34eed077493e40e508b90be7fb0c9ee2ced738f9aef9443d5bba7b8dc3e9e574
xv/21316.xmv	1681975	99835ddd8af46832decd034e51527152a90a3c2a3f905a73f3cea720730211ea
xv/21318.hot	168	019550c701a3226d7126c8dc3a05bfd8f6c2983c05c161bf14320af63ffce4a0
xv/21318.xmv	4306101	a3a62337a9688e5726cbd7254171302626134aacaba33e0af55a548f5cb4210b
xv/21324.hot	348	76436535fdf3489ef66de4ae1c50127a5f21d08be4e382f90c48b7493331b1b5
xv/21324.xmv	7706081	f08777067f9f9d5a868faa579a617df6b6141ead620837e98718b59ba985b3ef
xv/21330.xmv	6497869	3e1d37b98824447747fbc8c979d8d558f8aa4ce5f7109a047bfe2128d0d12934
xv/21332.hot	28	f5ff43b183efb44785c872941e11d76821aca0aee4589da8166dd815daa97825
xv/21332.xmv	2925028	f019e78d25cf4dac945a4d00ae58f2279a8f49fa48f55b1d38688a0029d87a55
xv/21334.hot	48	e42ef1a7b2252739da2fa189edcb2919299a5bf0489ca2385e783e3b38e2cbe8
xv/21334.xmv	947116	76055939b9130073de4dc64e36b4b27a5f89a8d6d0a5d765e88513dbfcf17db0
xv/21336.hot	28	fbf7545c2405818ca264eb64bb5534141b631cd53ba2a77a33bb8cde3705332a
xv/21336.xmv	1190658	106874f62e3307a801944e0bd6c450b9dc9e3a452b95575738f79209345744f6
xv/21338.hot	48	8a32534f39cc9ea713589acc88b3a130eab381b0f235ac6495ae7e213486ea39
xv/21338.xmv	658991	1c9d30b8bf654c749d27a36cfdba5f3b85a6c0779cfbedc882f112455305415f
xv/21340.hot	28	ae146978eb89963d6f29f9ea88c8045405c45ef88a215756fb9dd13e1f0438ec
xv/21340.xmv	6180183	598504004249020939a496aaa32741e93c506ed5fb67cbf6a79b0fadc979c4cc
xv/21342.hot	48	fa519c12ce9b21ef2725661896d5d113df6484e51f30851e9a7f0a6f1c0071c7
xv/21342.xmv	884602	5d46954d88a8ead0dae2ba85a817aa184e486ca058f1dba2632611b98a857a98
xv/21344.hot	28	6c5dbc5f418dfab32a99c65f797813141dfdad5121709daede591beb72ee3a4c
xv/21344.xmv	1906782	bcccd76209bef364e0f1c62e6fb3acfaf73f150d37b044e95e136dcf9c09d99b
xv/21346.hot	48	a9c673845704d148423dc9891245087332941380def992bebb57d67745209f4b
xv/21346.xmv	802236	0446e5aa62a3e457aabc66cb4834b3e03c690803a6b30df25d1054860022bec2
xv/21348.hot	88	fb6f296914f5c56e024b3c4c85e04bb0d1d2bdf143899ee8beb187594af97471
xv/21348.xmv	6577373	68cef72fe05247ff11b44b098f337d929c3db3a8fd4246535f9f79fa4c1c37a8
xv/21352.hot	48	898664a28854a50c47b482b4232d74d8b142f6632eae15d7b3d99b6742200c65
xv/21352.xmv	740802	163159502a4790b7474618693ba3cb8bfcd95128af9eaacefed93c1241ca5196
xv/21354.hot	88	7d1d625f1e3c35e26dd6c0307531e83ecfd754a5b41852fbdcc56ec64c440fa3
xv/21354.xmv	5246354	661fa6cde01f29cbcf5fbc984783f0dc238da74f7a9324c356520443d4236344
xv/21356.hot	88	42f7ea2924b74314e70a624db43796f22d5368ad8b97137efcf2616afae3ad2c
xv/21356.xmv	7676621	3e4772667dabde6cd4db64783091fc41cbbaccdf31361d618d42c1a5832dc3a4
xv/21358.xmv	618412	73e99df18431b5d6c6cdba8b823cae2dac5bfe6ca62e52013b7222da7bb080db
xv/21360.hot	28	9a5c797bf145726cd8921db8a6a8145677abd725d0b2d52ed9bafb53cb11e844
xv/21360.xmv	2030588	1db4c34852bf99baeef3a7d11edbb5bd314a1a0c330cfcb4e1a7933b6c9aee59
xv/21362.hot	48	ea562d72a91a5848f396ac7644fd72c9de1b87e44bcdb9070d12cd6c21138143
xv/21362.xmv	1130693	73e8ac1ed89192ea658549dd6e76610bcf31e93b3f9b3bbf00031e0ed449c6ad
xv/21364.hot	28	df6834b94cd672bb5596e13350b046c79e0a808f3ce3f174297cee4cfa606ffe
xv/21364.xmv	1924273	b4dd31e7ed43ff21dcd837dbd5ebb9cd9eb0378c4935050434f817008d956963
xv/21366.xmv	597276	2b7182f9f8291de938e852c5a987f87ed22ad2cda49f18a0440228752961cf03
xv/21368.hot	28	cf13207b36db33481d646e2a1e1d8bfa6dfeb89f136fb33ff3c456de1ca76a8c
xv/21368.xmv	904335	c913cda5ba186c55de2a6f0b8220b3d4daaa9e8822203b3abdaf43552f39068c
xv/21370.hot	188	9823f9af6f3e87c8b90a8b8db5cf1647d188dd40da7a480f940e9b9849dadda1
xv/21370.xmv	9407321	49e7e98f5e235b4aed6552af0ed5214045fa472e3647ba700d9ac61d24fca8f0
xv/21372.xmv	986527	5bb0cd3596b87c2f56881bd1a7f623df8fa11919e9d9726977ef67e7983748b2
xv/21374.xmv	965827	e05f1f66a10209b75d5db6085287e8b5a40f1d208687068db7751de4a67f3b55
xv/21376.xmv	926139	ac496d35c207ec23a666fde729b657721482d177ad4c65aa8c01a5a2ce3214fd
xv/21378.xmv	782090	c9f432ed12fcc703556cde55f71aea233f8da1157615ca50e93a36fce3dfa3ce
xv/21380.xmv	556893	ebdef964d55da11b2027ec9f5e4583dc305c26a182f888f6cd648c51c496acc6
xv/21382.hot	48	defd89a85bc714931c3a5a1d4d6a28f248c581159ab05ea2a5ce95946bfc1957
xv/21382.xmv	1812149	bbca632f58cc3ddb50af9c61a4722c83b058fc67e9b929bac63035e2374e1f74
xv/21384.hot	68	3d0f2090f3d3b7002b67707b9888e782c5840e0e937879f373a52a1c02612c91
xv/21384.xmv	764597	5858a1d95946da1749a4d9aee3118a3d9bf99500f1538d5c3ca9a194b33af338
xv/21388.hot	28	c07271350baebb474e46d1767bfec1338d61bc5690643d802bead3e2a2f4d206
xv/21388.xmv	2257686	b09aed1e9606558c7e6fbc4176c6838f67e7e2eabb641ca221a9d9f174e513fd
xv/21390.hot	68	dff1acd30358a2f9ef4863f137ebe8d595030e60a8ecb2042a78fda0e3f4c049
xv/21390.xmv	784993	6f1f07db03f4cc5325b747553d4a4c6cebb4a0a39c8fc5fedbd3fe4f9dee1056
xv/21392.hot	28	7b1b7799362101e8b8f8937ce12b50255e2ccb8d323ef375e40fa87d29e28fe1
xv/21392.xmv	2592365	d1d7e1015e0529aa5f68831cd54d0a725d211c532f4130ac69c5731ed83cb5ef
xv/21396.xmv	229429	956c56d69fe4872c6119b504ce34744b997669433b45a04da63da29b9840d330
xv/21398.xmv	475838	233bf908e23482554c4635d781fa1c47053f5805317f562e102cc93e4c74659a
xv/21400.xmv	291035	fc1bf8107991a186673b28a5c210ff65893106ac9ef3411fc8180a1d8244c3a3
xv/21402.hot	48	0feab933e7b540ae733ae9e7c8b53cd4312e531305941af6aa3840a1c25eae69
xv/21402.xmv	925778	e6e461d5f7c601c4d5cfb16ba63a24f46b949d9dc77b886d688cd193feaaf76b
xv/21404.xmv	208965	9cce66ef567934773c9ab1de5d95a852188aff906ea326272a8155bee73a6049
xv/21406.hot	48	ebd1084914a40720db0acf5933017d3382354e4fad5b74e3b831320dab88ba06
xv/21406.xmv	761951	5a5ebb315019a7ec7068320913ef028dd2097903f384901c0aec5cdf59a7140d
xv/21408.hot	188	5dd9211c615e0caf363b525df5fc10270b577a1706ce03945af5584735b6af01
xv/21408.xmv	5014072	d302e67330f4aca7dd5759e75c3a6b66d50703eab4fd04637ad0d7072a9800be
xv/21410.xmv	270431	5c7959487aefa7585c543180d0393f71316021ca79952e32f1a1c4d211fa90d6
xv/21412.xmv	229513	0764a05daa7299c8aa8f6c8437ff0a7ef7ff7c0bd4073e281dc5f3caec500eaf
xv/21414.xmv	250092	1e46049caa58ee708af0c108434955b753bd58a7365de1ec5ba5b6bf98c542d8
xv/21416.hot	128	26479bb66906f785675ad3d9a13c587a988307dd4e6979865d6db39c24c5523e
xv/21416.xmv	2531180	3dd125b823c37b7a4234e1112bc1fe3c6ff06944653079d2ff2972381f46df38
xv/21418.hot	68	ca55225eeb32c6c6e8ade71d346bf02acaedfd889d7ff75f47a612df83d9a057
xv/21418.xmv	1194493	21068789ada553db27ef3f803a8d1d8891ae6f7be23b72df9b99c2059dd5e007
xv/21420.xmv	270169	2073962fbd858de894b5b21589b1593b770364ea98e4217e051a9a60adb05f74
xv/21422.xmv	331752	a41f8c6fd0ee3969ff62bae81c442789215e46fce3e9b3a6e13bb13da5e249c4
xv/21424.xmv	393065	2ddc4a117cdea5c5c5dab0315dd06662c92b9b5e4adb3980ba3a65eb94a8a9ab
xv/21426.xmv	454551	1a5f5df67964be102dbe91baedccab4791696ca6429cf69b4d4cb2547f6668f3
xv/21440.hot	68	709c3d4ac29f7a8534f83bd9b22b928ff4fa2f333ac06bef4377355d3b86ec05
xv/21440.xmv	1323179	a9d6839a3db0519b56778d0225abb0d30ceb4829b3d50fc4f1bb8659f898264c
xv/21442.xmv	431707	e3d38dd7dfe9d53a0d9163f08ac0f4e09d922a2c3a687c2aa84c32eb32c8381b
xv/21444.hot	28	786c117b45d85a5393a5588053d02c062d9d94d4b7997d10ec970fd50c806f59
xv/21444.xmv	1042224	2eafc4b5d983590d8a3dcb4e8dd37420981bc5de5075172b00aedad9eabd4169
xv/21446.xmv	453303	a5ff307053b8a32db45cd77e92d68a50706d653b1f4922318086ba715718376d
xv/21450.hot	88	8a35a14bbdd1f60747ee3cee1f5a1856e52db4ece3e857cf7d6f0fceae8db2d3
xv/21450.xmv	1604716	27a3c0d624a45446d4a0f74df0bd1a8a3c84c4dc4db1a9e4b2cf90939a35346f
xv/21452.xmv	615924	f0d3c670ef0a2d0137b1f3c049b65d25f2b12daa4e486d795605c38e0959f58b
xv/21454.xmv	580713	c9e1153b57935fb5c0270758935f4037ab6f19e318eaf3682c3f3bb8f0cf987c
xv/21456.xmv	339438	90db2b0383cb630f25f1e6a310d5994f223301ebbf5b2b8ca231bff563b1597e
xv/21458.xmv	462114	b49aafbdeae5353d9a8a9ad62a012c81ab9beb424d978f310f38fa86a79e3120
xv/21460.hot	48	7d3d8175e072edfb65fd1a9cd28e8b11015952ed27c5808566b5d978febf47f0
xv/21460.xmv	1090844	d0384f800ccfae186f7c72950c0a073909cce9978ce57bc4229f877b6b92ffcd
xv/21462.hot	48	f5dff28f1031f201eae1ec1d5fabe1dafe8da597e754f534b92067840b33d35c
xv/21462.xmv	1136147	ff8da8d9286537a77b15db2f84044c7a30753bf89bcb531e4499530bf6b4ee8a
xv/21464.hot	48	b2853a9e38036dec2dcc004310db5e7c05d476c7b2d4554eb24a5288c0d1706c
xv/21464.xmv	1052048	613136124597c125be3920d781bb9db265031a8299805a59b2432f410c85a4f7
xv/21466.hot	48	93452cfde4ef354826100765c16c037d79d429e1e2be0431f6751d10d2a31c18
xv/21466.xmv	1537754	ad0480144df99b22a981f7743b8e796908b2b9b326176077b031b7e647d630d9
xv/21468.xmv	412942	41cb4849f38873d9c417ab1eaa9de4c1e005d1c17985a2ecfc6ce312f0fc7421
xv/21470.hot	108	f0b34cb3916a12ee402aed43af187e4c7765e538469d94fa278dd3c8c0e7139e
xv/21470.xmv	2029988	482d27d101fdf30a8c27b072a86e0a1c9be024b67e8b21c54f434b649aff9073
xv/21472.hot	48	4f74c4955246e707b5ed2664faa66fc846f5d988b6f483ce718aa74f776e538b
xv/21472.xmv	1104419	7197bc93f980472b879a5a208af2c533f4d39c53373b6718ee91b5e99f1ec9da
xv/21474.hot	48	4cda7e43206f259733449e0aef1f5ad2e1cede7a5d7c1af950ebabacc0321d87
xv/21474.xmv	1609749	99e0e2086858fde1a2ed5540d2d4047147b82c454935753f525d59c6529fb3d8
xv/21476.xmv	365329	379852a2e4a8e52ad6a5503618060467f2bb8f6a80b91ca12445b562bcac891d
xv/21480.hot	608	8d5202be486082cd6de8019327c91432ba9f142b77916b0c557de3974cc52f49
xv/21480.xmv	15147747	4eaf48c5e1091d880ffd26b90a8932b94aae04028d440147f4fee56be16ac978
xv/21482.hot	28	882e6ab6dc2ee64e88cbe98111c7ef17ae886eb0bd140c2057a3e91e0b8b3ad4
xv/21482.xmv	756477	ca297e6bdea680dd96291456e7c75892f8c0ce987508d42f8b7752e6cca87aac
xv/21484.hot	88	b532aca30b00c3181d66976cdef75347b8393b096c64e67bf8553cb519e944a4
xv/21484.xmv	3603558	280bfdb628775908ac8b7d6dd59ea328fee6e3afd16907e0188aaf511d833344
xv/21486.hot	48	0a5e1b29a11090c7f4e2560d32d453fe33b973a07dfea5050e972242788556f4
xv/21486.xmv	1851452	a2a0f50f675038e840bf9291e49a9334ce7b0f33523abaa78114de2bc8225d6e
xv/21488.xmv	337888	ec927f67575f23e914cc045ce5a59f128dea8769cc3c65f6adc41f256b2434e9
xv/21492.xmv	678876	709f6a2e6738840981b51c325d6f9a1259b494c22810e8bdc140a91e4d65c676
xv/21494.xmv	272863	32600204109e85deeba9f54eb4ea63a05e0c88cf749fb9848281333825a94135
xv/21496.xmv	562101	529f49d079454620734abc89b6ffbd43a7b9c519edb321137f173c62908735c6
xv/21498.xmv	314480	f5c02e12a606ef0344cbd67a393707d127efdce2049ef2d9989839e44a1ff0ec
xv/21500.xmv	419037	ecff42924ddaf89c3ec6cd1debbc65c9f3cfec4fac8d2299e7a3885fcafb0cb9
xv/21502.xmv	361552	ca2ae523c8cc747b1b7c38ba504e31c2deffdf6e629d075844399650116c3a23
xv/21504.xmv	342431	71d595c6a2a1c5a66ccd315054d93250f7ea110463d070e3b8dc2bb0e7afcdc0
xv/21510.hot	28	682c976272667608e1c8a1deae07ad4d65436dba2c7d514a95a7c43d4de5c8ad
xv/21510.xmv	2038316	d4327628348651535b9f63461bf13ab37a5567928b89d200d5b43b7ecf4bf228
xv/21512.hot	88	44826960c8bacd112740f3163184d33db1f336c55385bdf0c232781486fbdfcc
xv/21512.xmv	1819508	de4f1ce16e04623980f10ae4200fa92a09c4d0a76195b1b9851870764407b22b
xv/21514.hot	48	92daad79077383a61badb174867034b0373425a1162bf308f85cafb24cfd5aff
xv/21514.xmv	1133585	568fcaaf64b58f0564289edf0d0ac763037232ad83a3cf47b7c38b0a0221de22
xv/21516.hot	128	6a175111416736656985b398110d63f90fa0cd941cbebb726587ce1208a2e47d
xv/21516.xmv	3251128	a55be2307e7f7e8bbb7c1c3a8e9d34e5f6cb932a73a68681288973b63673cb9a
xv/21518.hot	48	b94f806f41d4d2fe3c8c1b2fa66ac93cc81fb6d5d5f3152b68dc30f4b114d53b
xv/21518.xmv	1894323	abd4b49e8d25b9bf291c0133a5b7e1048238600064088b0bcae2f8eebdd22942
xv/21520.hot	48	ccd9e984971723ecf84df7ed2167c31f64ef3684674aa68397e7db878d54d909
xv/21520.xmv	2667540	00d9c8de6baebec168aa83fcd419272186525b435f6b07bdb71b64c092b2b931
xv/21522.xmv	350901	d22963e439e3486e294a7aacac8b931e9048e3183615255d5866345e83fa1519
xv/21524.xmv	421117	5bc156bcc400b5d011a26ef1953f19d410d039537d10acbaa95fdfe22e20bae0
xv/21526.hot	28	7d5d455f660502b328ff20fa45de5d98f42c1035f2b914e277adcce69e0ed230
xv/21526.xmv	1912145	914c4d0660ab7e2db692c8eebf9bbdc4d9fad79ad5c3378182d9013bdfbc0af0
xv/21528.hot	28	021c653fce4f20fabe1ecad5bad40f7fd6d913ac3d077c346d43627b7caace06
xv/21528.xmv	4301820	380dd9d8e1f523238d88c35c1115c3f38fe2237266dba0902251fd570e78ff6b
xv/21530.hot	48	51db9127e7bf2842b1473812114a46a53c9b9d1ad1770d24ff46c82b45c423cb
xv/21530.xmv	2070312	02b39cad48faea9b66ef325ef93242ba87495415ed6f90a89ea2c17c0139ccd2
xv/21532.hot	48	77b2334f8ffe5e1cf27659c13415b8ad0816af5382ec90f8a3dc161e0b0cada7
xv/21532.xmv	1733277	b96a766ba6519591b7e0d5f9095551961f7f34b31ff7c42d80bfb91e54aa8505
xv/21534.hot	48	e672ecde2615dc9e9dc675fde163a433d307867255d21a2e15139b0ad06e6dd4
xv/21534.xmv	1199060	e4c3285ab595343af8ee12f6587c11ae5526c0a03eaa24b0e8a9ee4cab94c6fb
xv/21536.hot	88	ed7491350cb4e3a894808fc90ad86d297e7c86897454491d9c1b1b5f15d8b18c
xv/21536.xmv	1377842	2ff6f109a57fc53b13da82e9042f586e9077de9416b96342768a428827f3a6b1
xv/21538.hot	48	580e3a7d1a2813c623fe4f1313637074a4a70e79ca304694ef219d034596238a
xv/21538.xmv	1002277	40fd9b6f76423b470baaf1e59b8a17054394ff7798b4ead67f32a22e489a33e4
xv/21540.hot	48	5295593487cbac324404cd13381b5cd6b58ccaea5e81dc01c262083dbba82e38
xv/21540.xmv	1504027	0eefff8a721119f744ffba48d5e5f1b2d800e92aed844b18887eb6d889729553
xv/21542.hot	48	0beca4e608349ff8901ca87b20230639e38a05a031f62c7827aea0af1d9f1ff9
xv/21542.xmv	1131630	aaeb98165fbbab03be1f5681f3cc28295e303b1c94b7130f620d28df052f68b6
xv/21544.hot	48	bbf0681b7d7863f341d609a932695233bc6b168de0948909c4456ff5c5e4d377
xv/21544.xmv	720891	a34f9de71967f2a821981c2e3aa4e237096de7a9021c4700ea783157179ea7fa
xv/21546.hot	48	be6898e03f57094c9484db310ed3e6e6213623d0432e9f0760d6c89cf177fdb8
xv/21546.xmv	1540744	0a589be0d5d66053c9d01921ca057bd8ed706c8e586312706f1d2db0ec51f3db
xv/21548.hot	48	ed67b576ec00501ce700b5c7239b8d4449b7d3754a74b1d691584191001ee0a7
xv/21548.xmv	885861	43d446a0eee4a6959726195d7519e01833fed2f1f09739cbd846593febb94bd7
xv/21550.hot	48	5ded8586953f30477cbcab233a6fb85fa3380bac7d1299163c5080f26638a164
xv/21550.xmv	1588105	79635e740f8ffe04f49a4e6b34ebcf2c83af3d8026a16cc881616b7ea4e696d7
xv/21552.hot	48	5eb9499a813c66456793dc7201a4778b2fc529fa983b0aba6209a2d5b9b30a8f
xv/21552.xmv	2185333	d2a16982535549fefd53ce5cfe92d595b37005e287f3278a207b92379f318930
xv/21554.hot	48	4f9dee48f28fbafeb6591fb35c4057939c1381870ab1b2687a6539b5c6624d88
xv/21554.xmv	2258975	10da8e88c70ab17212eec8c8490e56805cbe54199fc2eeeea71fd069f3241898
xv/21556.hot	48	9d90b01cf949766b5095f6163102f75027bf6c47c7f2aca9bdf608e0a34d438e
xv/21556.xmv	2489363	eab04cbc520ea829f81b083ec03bd58ed0f755e1a727659cfd702169bec694ee
xv/21558.hot	48	d4c2d99ae914106254a3cf2283966c1680d06b841402b7f4c9c4c91060fb07ec
xv/21558.xmv	2099717	623ec0326f6994601dbd32f483eccf33c2927568bc1b52f311e311db657faa87
xv/21560.hot	208	d15864794d631adca6a940ea95c31eff5f3c71758068fff5fb5a165b0a1baa36
xv/21560.xmv	8116741	ed7aaffe8e7ca1a99026e3d532f5d82e791ffd6589af8643b5c597ee8269bfc5
xv/21562.xmv	439663	5a1c2816d3fceda30c354afc1565e9281c1331fe32731a478c7ff411fd3c44cc
xv/21564.xmv	318507	7cf4e055a33ea7294b0959d6b6dc705a7cd40c98ec86f272f4e2e47441013d74
xv/21566.xmv	908882	a1e0e1c9e98e5f54c588a8545933811e0242cf58df2711e8c989ffd87adef62e
xv/21568.xmv	496506	87c5f8e6470a2c2455f93fbf1574b22c5582d8837e3df6aa1c3d5d6781dbd6d2
xv/21570.xmv	3136257	54341be5795c6f8c274d1b18e839052f64649679be1a012f095609c51c71c85a
xv/21578.xmv	343894	14ebaf062a15b3a93ca5d8b22eddb82f69aac95d98e983381da2fbbfa819ab7b
xv/21580.hot	28	69d12c3535b0d80eda6dc35d7773ed5ac7e6cfd7c06b39d695eae06a0eab5cd2
xv/21580.xmv	651165	287181b31bb9d30b434657b307aaa05a349f7603be701ebe991f491776691086
xv/21582.hot	28	ff418925a0768575f2eb0efbd710ee6d894083dff84d047233fbc9a013615ddb
xv/21582.xmv	2235026	f85cf8a85c0af1d866c656645338578ef4a26c37cf707ff28e566540c965d335
xv/21584.hot	28	46f830e4e2c3584ba10ab742aa01ffaf96b5a7d164ebf221475fad9f4a73d542
xv/21584.xmv	708980	5f07fbed4ceb4cf3d461213ee33f05bba403ca4c492ba5ef43ff125fc2964705
xv/21586.hot	48	c201174a9cb9043f062bd463bbd3bfcf625f33777872e5cf4d675fdf24108006
xv/21586.xmv	672223	fbb68ab2a9dc4f6a1e2b5ffcc6dded8000ddf346a816020f41f8c365bbe4275e
xv/21588.hot	28	5c77d7460dc96a2319dd18225f97d24e17be2fce8df5a7767809239bfe2befc5
xv/21588.xmv	3111411	11a9818ec2565bf18e02ace25e5518075197137054be975b899ddb7ee85e72c2
xv/21590.hot	28	507bec95bfa59cbc16241cc23c688dad3c5ae463f2b1f285de13f070d8308970
xv/21590.xmv	2640054	38f0a91fa5d6bad24027d7b562be17dbfb0b8ba81b8016ae95fa6ce333afd675
xv/21592.xmv	469990	184758a5ee9693d0cc92c6950f8e76cbb4c5ffec5fa02a26038e1edd93352f25
xv/21594.hot	88	6d6bf313755a55f4e34661c9c5e5a823feb94f3fce0d9310dc79fdbb29b3a779
xv/21594.xmv	4209611	ae317f3bc9ab3ac6ffef1fece846ac0b366a0c2eec70577a6e98beb6ca46cacb
xv/21596.hot	28	b496bc932fd2d54df30a69221a23d97058f74957764d4f37b0806126d0a824de
xv/21596.xmv	829751	0c3d6a4133b06aeab016bc71cf738c703a6bc263a17b92b768fb9c8b69dd1f3b
xv/21598.hot	28	72fe5fee2c1950a9523185a44d26d434c511b2331ec8065e3adf79dee9b62d90
xv/21598.xmv	609285	ac77420fc8bdc5084459f2c240f8d973853533ad737359c31e0169d5fd82d0d0
xv/21600.hot	48	69e222f16f902b4339da378c936ce0f4661bf366dad1f05a73059f40d5a9ab93
xv/21600.xmv	5275915	200ba28a459acc8328943f8a6275c08742139bcfe11217f3d2d41b6f8aff3dcd
xv/21602.hot	28	50acba6b097deba2283c797e3956713bf95ac1f97c0b9116736429054df7f44d
xv/21602.xmv	2521017	f8046b1588cb5b7d57d68653e374eea49af206c6b7c4abb4d2afd5af43f6fc3e
xv/21604.hot	28	8339a61efcb402b39969cb35085e46ef74861d9375ff47de63534649000368dd
xv/21604.xmv	4594960	ca8bc186580f2b2d1c3bbe4f55e7b0e8256dd0306e7f0aee3d1b86eedb26a320
xv/21606.xmv	1799677	cb46792bf95cd0543c1f999a7ab49ce5d34219647a0bfb1d013251102aa1fd70
xv/21608.xmv	1009510	e9f16486a953972ebe8e5c1f169e5ca72abfe3a04ea8bb0a10bd7fd890c9df30
xv/21610.xmv	1074842	637337b0e408f8a348b7a878d2ddc1ff36a1f2257a797b9209dde908c6b171ec
xv/21612.hot	28	c99b719ca8bc1939525c805d7793ec1b6ea3afea000f53bede8203069165f17f
xv/21612.xmv	747240	4c08b980bea9175371523c70b9af1d7a89ba1a394ca451070fdb77148463aa48
xv/21614.hot	28	2dd46d883c627ee11ad17cfd1b7d67aa7112b6fcf62524cdfed2f7ccdd2082ad
xv/21614.xmv	1257080	54b8065b2335bd476fd8b8bcc8e20f9b627d5a9827c7f8882cd6fd3f8222c416
xv/21616.hot	28	68ea16b2e87fd0d5f6143feba4994826194c63f831eff4fc0c441d6626809caa
xv/21616.xmv	4565746	578d8aa2a6f922fe954ac8976d9da34738bd148ab67b1f1b894b9811f3c28e65
xv/21618.hot	48	17ddbeacda0140728530b96db4cce8c0a807bff73de044a361d9a95bac732055
xv/21618.xmv	1133146	319c13afadecd63c63875f807b4dad813a80b1333f3545b71527daf650cc9b7e
xv/21626.hot	288	1d3a3c0292a4dcad139e4a112d7e46cdb920b98cbeb7d62d285975c6b744f806
xv/21626.xmv	7092911	8eb454e125014b6a834c58cc279a5b6d120e48c342474c5b7ae49b4d26cce2a8
xv/21628.xmv	490247	80f520f822b1fffc438ed60a746284c0082dcf3c934e00a945622c1b38369593
xv/21630.xmv	346099	c95635f5cf966ae0504f9b8b429bddc3368c42483d55c8befe13d84a44aa95ad
xv/21632.xmv	416249	2db010f886c6564916f00949dc8439b52d042bbe9b6292422a5ad5400d2e3f20
xv/21634.hot	68	b987d73cf55c62c76e8a490b79e3aa69368c40041f4059c68142aa5018063d80
xv/21634.xmv	2809675	87e7bc4b8899ae289da454ea3f751b7f211729da2263227bca87eb33002c79be
xv/21636.hot	68	9e6b80fcfd543c526d0cdec16b37a3dab890296d559e3656fa481a167cb30012
xv/21636.xmv	2418910	4ef5effc536feb96b20bb25df7c4c87f3abe2f26c73a8f5839e314b5ddcbad91
xv/21638.xmv	484991	e48c6cbb511fae2ca5e9676e18f212911834016f404628b91b7c21d43aeade47
xv/21640.hot	68	0398e43c6face20779fa1d34e0f009c6d5ad936684f59138a8a6a61fd3e33a94
xv/21640.xmv	2087828	5ef0a4aa54f9f2a23a5000fcd13e59637105ac9c099bdad0c044b98a66abc7f0
xv/21644.hot	28	592b34cdbe176084b94fd0caec3be248dff970efe63429016e54308240b5cb15
xv/21644.xmv	951550	55b6596f6046e60f234fd291ca57c8693b4b702e18dd9d3f52510178401d6573
xv/21646.hot	28	20a2fb3c8f830e22b7c83df1ac481f06e98e019cb16f3ff1e9765f035d0be83d
xv/21646.xmv	997167	fadebddd071a76069b88c8979b00e733371658eed39aed04745f8f28d01bea8d
xv/21652.hot	48	3b6d25319f3e04d3b0fe0ab67ab61e2a59791af80c12dc74289c7bd0faf61f97
xv/21652.xmv	3392615	0e715b67352a6c55b3be721fbc21538845f53ebe4665d4d5e85fd68381ae85f2
xv/21656.xmv	8115323	32be23310dbc1670b7376636374d519291d5812daca92409d3dcc7a0a87652f3
xv/21658.xmv	6002589	62770356606266bef7ce29541040b81e988c7b430127642f6bfabcf175f6450c
xv/21662.xmv	653099	ce5471d7ead975ae943999718a05102f0f40d8508528f6d36bc5d70471c903a5
xv/21664.xmv	703218	a572be79919ac5ed2f00fe2b059da81533886bbc3bf7a5b95f8dbe083416dd0d
xv/21666.hot	28	8e6000cce0001e7f6f819bed231fae39152eda1e1431e43ad748b62433dde31e
xv/21666.xmv	1325454	9d1abe9c8068db3921fff6f29346a14d505bbe23db485e56295239ad124a09fd
xv/21668.hot	28	af34f85b427c8e2a81adc5cb70e208593e1a8ccc3f2cb5895f378930c58072e3
xv/21668.xmv	1389519	6e41c3103091e7f7cd151e543efcef4006591215663618982c45262842153f77
xv/21672.xmv	760116	848d3fbb367a4d5320f24f1a9c074226de0bdc3970dfdae3265f8ea8f7e9eb69
xv/21680.xmv	8105206	e8b2f623800993d186e2f418f673420ec7a42f80d66fd54649a3b195c4a6065b
xv/21684.xmv	489751	5de7b1426c8a7a0699a08e034adf30bb1f492c7fa0e618b46497bd1537a975c9
xv/21686.xmv	406684	af7deb960f968b8159849d35800a2ce09b9679b2507195ef57ce07fa622d096a
xv/21688.xmv	358109	67a11860912b4b68f3831ccf38fa2f8b7f1929b9289cbf5366ae6f8d73f5220e
xv/21690.xmv	3136164	5e72ad0621af7a39aa82578c90c812ccefcec0bee0fb1380cae2ccbc13c63926
xv/21692.hot	48	451fc1728fa27a9b4b51f13e2042d5ad767d770933a76be60325e1bc8cb0f28e
xv/21692.xmv	6620211	41a81cb68e26b010c1ffcac0e58ff70faeb474c44dcafba1e11576ac8864af62
xv/21694.hot	48	a9bbca15cbdf71e5c6d6d75ed6a647f94686db1a6223d945b8f5db2cdb60735d
xv/21694.xmv	2934368	8e4fdb7f0f68b404b79f77418442a9e8fc9a2348f16a93eddca4782df23a89a0
xv/21696.hot	28	f0fdadf3465cc47ae5b709e8143983cee2667650fc24dbbce8932ad9d9dfa6b2
xv/21696.xmv	901207	9dd53ea31e5217a4fb4eeade4d645e1894bd12638a9323baf37918886085d644
xv/21698.hot	28	0c9bcf6438035969adac765c5fcc4c64f87828b399d92e1c17064c4ea9e427e2
xv/21698.xmv	824994	574589afb4b85fcc873d1d816f343a7b174695b6c39c47c74cefb67398d0da3b
xv/21700.hot	28	d99da5d6aa3092073dd23af304a124ac05ca7cf4c0c280acb2ce5027fd9b28d0
xv/21700.xmv	727981	d63c12fdb3aa758b5b17d767b0154fa30da95a6a516372254853183b99a6c6db
xv/21702.hot	68	3792c21407ca70c171717592e558be16d19cec836cde0636ca059b6acd54de0f
xv/21702.xmv	7024631	67e04457651a990eccdf89ea34c8f0b0524e2c57a628490fd39db080af7030ab
xv/21704.hot	268	3c91e5a41fab7a94c73bf7c8a3d7d4135e49c21607ad5a652870e6fb51348e2e
xv/21704.xmv	6817783	a31932b6a855272b564a8754e4aa4b5c13d33f570fcd1b29906e493dce39133e
xv/21706.hot	148	d51f52574ee4bf0a48b403e4abefc1d48f72ab6e6ccf833f8faa7039d8fd715f
xv/21706.xmv	15327747	689495369a257aaf6cc6c120c4e30dd5d2a6fcad9c28c324be159f5663c6b644
xv/21716.xmv	596048	e8b670528306db17eb46aec304a537d2648a0033f1bb1af9fcb1a40b6f863370
xv/21718.xmv	660944	78096dfda0be2f2f7db885884dfc0304ce5f7d3d60b698416315dc70f1d9a190
xv/21722.xmv	501257	355266680e78206e9515525703c0a82dcc0af2e593c39722e1a14860a51aa7ea
xv/21724.xmv	1255012	60682bb5fc3b1f78e19866b54c27d88eb262e20388373429a7ec021dea3164bb
xv/21726.xmv	757882	e4566934e6b8d27000affe30319ab2f8ada5256e63c5118c96e6112c749b67f1
xv/21728.xmv	1185521	6cc3a38dee154079531128be399e7405d6303b1e7ad29ae9885315809133077c
xv/21730.xmv	1203942	94500b1c2263544b0f49747dfeaf21b95c5b3a4e91edf1ee102647937e4dd923
xv/21738.hot	148	364e37db78ed9c077fee752b38acb6ac2d353042e65d0e565d970483be6eb628
xv/21738.xmv	2072571	20335e193e2c97b4652bacb71e1e6042debdd12f10353905d2f794770e4dd944
xv/21746.xmv	3940419	8530b09d9b069b06af16b275ee8b841ddc55090f4e2adbc27f236895b112c539
xv/21748.hot	28	06d9cd32390435a230cc57fd2f2fbcb03a274935bc2c4e713f35396827e401d5
xv/21748.xmv	1268189	45ad98cdd570b674a576aa56e019b5b9f835ffff5e84686d8629f3fb6f81958d
xv/21750.hot	28	b7f1c8ac3286124eee2702985964c7635b5111bc806901a054a189a6c3a381cb
xv/21750.xmv	1082428	d5566f9d2f88a84aeae4d0f572aa90014fdfe9233dab2be603b444fd61c5b4ed
xv/21752.hot	268	0c08601fb9570ad4965c9c43ff2b34c8197989e1728e5a62872983e7682cfd16
xv/21752.xmv	5045371	4649cd73c19f1a56d2c43d39fdd755474078c8521af698191301ff828b21ad02
xv/21754.xmv	3508284	71adc61f5cf6115c26ddfe4fe39e06527568b2e220844deb36f5df0cd941fb91
xv/21760.xmv	11050851	bfb5dc7f31f3e0a727de2cda1f47f0329a12c3af2f968582351823e31cc95532
xv/21782.xmv	1671746	0abeab64a132c3bb58746ecafb5c3bd936182ef1a6e7ad5806bc0b831e8956d8
xv/21784.xmv	2357881	eefcb88e61177a1722bba9682dad60644253366eab07e3073d81f22854399d10
xv/21788.hot	228	bdd47be66a40e3692653c14eb6f1391f79124465900a9dce00eb58c6cf727dbe
xv/21788.xmv	31197260	29fe87d238df68d9f3e7c5b6661a51595184e600dc43a12a847b31aa24b5d449
xv/21790.hot	28	c93d0a82e52d952b1785d5330152e301ef9ab8aa77dfd4328a475202d667e4dc
xv/21790.xmv	2899244	34560bc3541f3d4d013db59f8a1abeba8ad405512e16bb97a264b3c85ba8e5ed
xv/21792.hot	188	90b95221e68f591c52a5ece872baeafde349a2dd944080a999e2dfd43549c82e
xv/21792.xmv	7342223	b17c997d2ebdff50c8170e5c972aa18135e08b16704760b9b5483c23d1324d3c
xv/21796.hot	168	129b5dbcc503ad36239bdaa52f3b4008c51d7fbea9e6550c88e693b846470445
xv/21796.xmv	5876484	48582aa070ed1ec8868bb5b7b84157942460b7e0ae15f92b128904a3515b7670
xv/21798.hot	88	388c37f6ef842430bacff63667b85a7d75d45e3d736eb032a54793fe4e848546
xv/21798.xmv	5354774	f1c6bb9d7b69ef1cb4ad836a5cc30d8ccdb0968d261efcaabdd021dc684b33ac
xv/21800.hot	168	bd23e8af920a4e88235bba4b3cba3fe1ba4df83d48294e30397f9fe017af3316
xv/21800.xmv	8132251	e8d1089c609841cbc510904934f383428b99bd11ff0f3bfdedc7a558bae3bf04
xv/21802.hot	88	f6308c4a46512b412dc2059b510a35d94363cacfa62869734c8f82a92bf6658e
xv/21802.xmv	4311334	6b9dd811443b21893bde6a6a40cd94e4b2f8c2c8fc26b427d2ec7cf5cfa8711e
xv/21804.hot	128	7bb341a2c9e510d7d17af9d31a03a9af8ae0b083258835e271ca23c3c218006c
xv/21804.xmv	4462094	32fc07b6f23ec794af86ca54dc21f39e4ba3af8c4f187e278cb07090290c7950
xv/21806.hot	68	94249d57713e3d78211b2e6878a71d800ff0dce137874f9b364977204390c028
xv/21806.xmv	2427975	c3d2d3345756dc85de396100afb2ff164c6aaf65b956a6bb5e9363c727f72c98
xv/21808.xmv	653079	a3d609917ebd60ce6610851455fd1a154d3249343f7468b3713e933be221cd53
xv/21810.hot	88	330413e468375ddaf51f5cf003fc92f8235377789c2e40ee8c5a6e42e035bb61
xv/21810.xmv	2719521	e76701fe8e0c02bcfabeb02bd1cbe8214820af3f443013da0fbae0700829c08b
xv/21812.xmv	2118824	49d89f29bb1ccbf9db7cb5be0f900edf3ce73b04133da7d43b8558f5f85d8f73
xv/21814.xmv	2824310	a263627a067622a4765e49bf17914630fa47fa0d5a2e73a01001dc90536773cf
xv/21816.hot	48	96b3e301fa6f878880400a59af1012106c8bffdb7ec39b2e715497b6233b623b
xv/21816.xmv	2124031	17ed9065de4d3627def56f3877d9a773cd11c900706dbdb5ddaf37e0d0922da4
xv/21818.xmv	2854230	da19bebf8c8a4ea84676e22cda7b26c283242df924c8fe4d1135134d11b7c8fc
xv/22505.xmv	1869889	c9b3bc1e8a1c570e4ec86dbeb4ea0b803480fb1e58172151ff10d9fac89c93a3
xv/22514.xmv	1948845	c8e383d3f445f5a6f288ab6d2bd8a9c8772a8ea7d605bd20a7d9906fb94d638a
xv/22516.xmv	741942	fba0ea9d3170842d070acc48ca50702bd3456452c6eef9f51e3f51ab906917a4
xv/22518.xmv	656241	88906c3004730cbaffc43a6f9cd13ccdd4cf3940074636e1fdd13d3f1b6fab92
xv/22522.hot	28	ec4c51d4dabba58238b1c5f704bb70498174b5ee9b09b0ecfdd1c27d31814387
xv/22522.xmv	2503755	0c6f35d68d20f378eecb3757ec7d1d894efab59fa851e4be4a4ee42b78d5317d
xv/22528.xmv	2027881	d95b3d972568905adaa28fb851afd8467f848cecc1be07ba34ec80f03cbf6001
xv/22531.hot	268	413708713634de9fa0e71251f9ab8322784263e171928d1084fcf6a82a576f53
xv/22531.xmv	8405127	f99952f6385dc982017acd2ad15c997e31e8436b5f73774146dd033c845cf314
xv/22533.xmv	384853	788b99296d3396ff72c970b253cc01f5b72d7098daa852ab27050631b95ff0c4
xv/22535.hot	28	8eafabf3111e36fce7c4e43680851f9b0d8b0ceab2cfdc2c220c59bb0f2c2f2b
xv/22535.xmv	1775347	baa5661d358f4159137647a3bd47662dccb31a2c2b1582f7c9ae1bb449954e91
xv/22537.xmv	448076	f59da5d641f1cb13ae930fd4fab33d14817e25df1ae81b75ae626f02b9494c55
xv/22539.hot	88	62f1e221d47f445596388de81130677d4ef9387b9ea27bd3a4117c7d24ddc445
xv/22539.xmv	5353640	217173a768e7b7afa242ef421344efaf4538cd5ea7003d0e533a5092c0fb9f8b
xv/22541.hot	48	010e9d0366b7ae4e99f326b52300a9304f2a61da65cf47e48f66dbfc2945de21
xv/22541.xmv	632340	6c099d7b4311bcbcfeb7286d5ee698419f45223306de341806f679adfb67fb0f
xv/22543.hot	28	24774f9b134df844b56a765874844ca32cf07873a18a4736902fb074c59889d6
xv/22543.xmv	3156517	a9e2b1d08a431da050273567d0149a33cf3e5b09438e7d8146cb16c59c6a05a9
xv/22545.hot	28	8486dedce9084bf3846f615d63718387843f5ecf17998b28f49deb4cf1bf8147
xv/22545.xmv	942258	6f99ca21a8d80bb303fdddc2a96d8eec145168a7690284414057f4379c72ef1b
xv/22547.hot	68	ae9200b6911a74e732449580d1a15236204b8606e33e6ab44c4c8d3ada268743
xv/22547.xmv	2567277	a238f6e4302dbd6202f7831b320ec6a85b456738aac9ce2e610d5fef39581fd0
xv/22549.xmv	376727	319acc2a6abebe81375e715d05909a42f0d327fca2c032c94c4af6de0437bbc3
xv/22551.hot	168	d88cedfb4a415b3a2eaf835082d95a4a5d24f40903e0891f3408bf6a43ea3969
xv/22551.xmv	4957252	d61f5355a978c1f6455282c8086db3daaa7f24032cc545a53b2c3f08cee51208
xv/22553.xmv	508283	5a9a27b5e2e4ac10ee55484e9f232a97a16c27f1de5d92a2260c82d703ad6958
xv/22555.hot	68	6214f19f16f817d795543ac4186821f48cea80c110014aed9087d74b0fb0a13d
xv/22555.xmv	2531476	5473d921d563ad2ebadce954ab41a1ebb8fad9fcc6905c6edb52f6f75152789b
xv/22559.xmv	317076	a64b0d72b14d175d690f43d2c15665695140739d3817c333af699d0be9a58421
xv/22561.xmv	418089	f8613b53c48b37012b8df938823494f6c738a8dc76e1c99a61fd27135a05f506
xv/22563.xmv	304380	1f7c1a2b5739a7b458d86d4620e640434e6b2a52c92086b20c392a73441099ad
xv/22565.xmv	402556	f7ab81212fed30cdd12d1e570d0ad4f197eb3d8121a36b1ddb093abce7cb7218
xv/22569.xmv	185034	72755f73570c8f7f5410d1fb8ce6bf85f73d163943fe3208de39fb2e5775d700
xv/22571.xmv	440090	ec17b9e65aa5f8641958175496a29bfefd28956fb81b6e7cfddff34ffe446ab3
xv/23099.hot	128	1070896fc3a605de36a3ea442efd6393520be05e648f1b963927d8ab153f9f38
xv/23099.xmv	1708042	20995632c69899338373af70f5977c92ebf06400d323c1c0cb976c6ca58d64f9
xv/23101.hot	128	c229e2aa827ba2f6c9b35eafb7eb906f1886bfdd58539a46531be52366de8437
xv/23101.xmv	3934554	4358c02706f38b1352bfee06276d3a3b3307a1f4b9ee82c17f158054122d5952
xv/23103.hot	208	d03b24e7e0736a8f0f9589017c75861355ca1a2c608d857ef780d561879847a5
xv/23103.xmv	9063907	1e67480182f3fbb795ec273b53f40bb64fec1324244220b9a69fa391669fd26f
xv/23105.hot	28	a8e24b67f93146e10624806c758be7d49dd47a6f39572adf95ebf360871f3a3d
xv/23105.xmv	464928	1b1efbb3e6c6f4fb841b16ecf4e3df5cfb9797e626136c79a13e1d08398cdc2f
xv/23107.xmv	420807	9f7b91c77b400d27667cee05934696febd60544716d75e523459dafe8d564214
xv/23109.hot	28	906a714969f1fc465f190d861bb40acdaf2f0119455304cc7d00a67b3dfd6eae
xv/23109.xmv	2669198	7a58ff28d9b730f5cbcd358282ecc3f332d4eaab67479eb5d8ac2e7bd4838902
xv/23111.hot	28	26577b9548345460e7f60806a5f280fbeecb78bf24d030cd9293e71efb839af7
xv/23111.xmv	360761	7d336b94c3745e4f360e1be87085ac7c6b12afb948ffe0599785ac31648b26dc
xv/23113.hot	28	ce58d796308192915bd756db7e6faf9f4754e451dd09ec255a0c81736cfc877b
xv/23113.xmv	2864227	e8e542dafe389f000fd0d970858d8b94a1f0f95a1127d20d4d0ff8566a7103df
xv/23115.xmv	421067	72c296aed4f4b252f8dc154e65a20128641d536d0aad15e3055b33179a546e26
xv/23117.hot	68	19e9f79071fbbe621314d99ac6399d13476f48641c0ee9d6b6bf8b74afb83908
xv/23117.xmv	3795307	412629af4f9c36937e7f9baa745f8a53cba59feb7ce7ded20baa6416081ed395
xv/23119.xmv	375684	b63cf34e5d6596eb8a2ac1cb4138f5ed775ab87250a2f3889f4e3b15c53012f1
xv/23121.hot	68	694515cd0c5409044d459b262c4af347ef487c73f74ab9ce683fafa220275bc0
xv/23121.xmv	4413300	a5344cc37694874d7fe1465e29568fb45ddf011be3e24325b5069db57aa8a308
xv/23123.hot	48	84f4cbf04e803a3025b63d46b953f0ca9aeac67589fcfecb8168c057a919a05a
xv/23123.xmv	1183630	6737bed91ea1a2e9c0aa8d5416341acfb57b54553acfeb54f32b3c7ef6eac15e
xv/23125.hot	68	2b6d738fcefcebe7c2f1c08352d99d69cfa330f420b7c6ca70244f1224452197
xv/23125.xmv	1115843	08127031ad3ba353a0cbdb2cfdd3bacd1d7c07b33199232364df3e1bd4a1eb29
xv/23127.hot	28	a696f28eebaf99af7eaedb28ebf49a0b6433f58d16715d1e5ecbebdd3498c108
xv/23127.xmv	749749	ba2a2e348e4f1ec7289c66a9d438ade3c903e322a7debb9bf7461ecab3266a11
xv/23129.hot	28	33c8109cedb32685257f67b1b1b900d2a6ed95e4bfd1296c959ff67e41441943
xv/23129.xmv	598951	1fbd96c87785a1677ca8b917b652f2384ce4f49c89f03fabc1873f97e03079b7
xv/23131.hot	48	ebf5f924787227582983b6b73a94722aaa760e57194c4bfb9b02bbe2ba1e9f5e
xv/23131.xmv	1813345	7ebe5863a76072db7972bc0f64180d82d08031409bc10e0a41b86dc09ebb9d23
xv/23153.xmv	390870	01bec5b63d08ff77a3305484dd0318042a323f4f9e0ca4463ba2a1a0e26a70b1
xv/23155.xmv	420408	1b77cc12b6e8d754f13f93dcb056c044376e02cd0e470e3b8bf5ed384fe3b63e
xv/23157.xmv	434920	346f51feb90048a3c1fae90d844926ed8dc0187084101521b97efcf9f706fa9c
xv/23159.xmv	524855	511e0e3c169609429f4408ed2619bbc0b5be7e8db18b3ea40e0cbf423fa70a7a
xv/23161.xmv	479480	210d1f19f4dab56bfe47e262d5fee7c1de2ad1f3e8a4ec5d1df121dc3798e186
xv/23163.xmv	480566	280d5b03af523b655fe1cd731f32e06676f96a697edb0f9ae6d18bd9ff8ea0cb
xv/23165.xmv	405753	ac1b2b37f78e1934203aefdf8e216649286417a27d2d4835d91f31b0707b3b54
xv/23167.xmv	449959	9982b4da610d1c995b39300df3e37a90e3bcb83e8cf29f53c50f29dd16cec81c
xv/23169.hot	88	a8ea1f2b6bd628f40df99fd65adf583387468429780524a5abdb53b5f4e55f50
xv/23169.xmv	3243631	bfc44dd84e4ab45e012a80ea91904aa8061836387b8a8ecc44d53edc88dcff1b
xv/23171.hot	88	e4073f4c1a2017fdbe2d90618fa557857a4c5ba37d6f8a3e7a2fb5bd68516ede
xv/23171.xmv	2567608	4d9e9ce9eed68fcab1ad90b665b04d8fda4557bb2b1a86883f9552f5c4a489f7
xv/23173.hot	148	8fc2afc7af2216d28e0d13ae41fe91ad5d649c331546ee94e0d9c69bd53589b0
xv/23173.xmv	15272079	6c6ae91cdf9a15930dcb6592383277fd27a235855267bab3dfd2d842cd8526ec
xv/23175.hot	108	e9fc68baefabb37af3d4f564e19c1ab9cddeea0dabe4c799a28a244969730c29
xv/23175.xmv	6193209	7081fb17dbb715f49cb729b391ee15dc391dde6578622326e844b89cfe94c116
xv/23177.hot	68	f037a8834cd595cb11ec74465a0eadeee9a85a8b43b29480642fb5176257e63b
xv/23177.xmv	2346688	6fad919b72a7f5b8546d57f24d560e45abc8c5615dd29a943f1a18d43765f4fd
xv/23179.hot	68	7fb4d79c2c9d4eccee31eca3d056c01cacb8fb01026905b3b718e6ba1f4592dd
xv/23179.xmv	1622412	d498cbe4b4f4afc9578233140542ac58072516e1ff1f810ae67d52909cd56902
xv/23183.hot	88	e80ae58fcec7fdf3d23cd2f1bb831e5bf11ff8009f9ce16b4b786a1bd585ee42
xv/23183.xmv	5799685	75358f2d3526af95b4d877b452486fa380105c30282890fea9d43f0bd37899b2
xv/23185.xmv	672185	49ebd255ce5d797f8613fa54ea6737ff6eecbfbb4c531dc9dfa2a334a97018c2
xv/23187.xmv	540380	e95733e902241ad6238d6522cc5e9a0fdf9091954aeee253633e6ed569237a4f
xv/23191.xmv	328866	275dd5321c375b9c922a31b57c0f9faaf1bad658fea5516a82d7a442aa086e87
xv/23193.xmv	432094	ebcd21a386161bd993a6fb95120b73e6a4aee7fd211bcf89cef8a534efc3ad21
xv/23195.xmv	462531	43d5280783d877ddf6617303d688e679ba3924da6ddca50295741cec3e2b42c3
xv/23197.xmv	676036	f947e8d29c4ec9d710971d82e6651b4e3c6919e30e7de1ae8f96f873790835cc
xv/23203.hot	468	88a9c56ea24333438a46fb15f4dc42be0b087df409ef145b07ed2e42ef7e20cb
xv/23203.xmv	15627098	90362ba391e7cc9066b38076d8ced8748c184554c0b2cbc2085ec146168597a2
xv/23205.hot	88	0aa39e9757d4203eb1d6f1cee0cc969279ef30e733201137de15e0c0f721e779
xv/23205.xmv	4158997	a6926f86dcf2af19385f4046494279cef5177522ae9031fe1d0216d3c3616e14
xv/23207.hot	88	a95431d481fdca5654d0fdb97cd4a4abccde71a44a34ed11a477de1645108a3d
xv/23207.xmv	2031536	4d489cb46e6021f271af1918c577584b259e7815760eb4fc76d084d98cfe56eb
xv/23209.hot	68	ae1783bca952f68c33adcbd372c3b85212c133139508bbcceb6f0aa3dde55c42
xv/23209.xmv	2310460	e0b9e7135a764d6701646754eda838ed8419e7b41c22f8e58d338f5175a0153b
xv/23211.xmv	542171	a49aaf7226c59873b4c481c29ec700f9429fb876ad5a78046ff19fe66019d7d7
xv/23213.hot	68	00a945ff63ff383e6c95821e5707c0dd89546251c9a9904349cac1d678a1c425
xv/23213.xmv	2026389	55a94509ab2fa5b833e0bd2c676d7e8c2875a120da72e9a0b4b7ddc51471c1b0
xv/23215.hot	28	d0cd21c8113a10a5d9ee81356a866e6c0f62d3862b71ba3c2fae88cd62545941
xv/23215.xmv	1722216	e5805cb9db86676dbc863f274baca47b352b3083e1d4c322fbfb6d18fceda2b3
xv/23217.hot	28	a2eb8a97ed58ceb016f80c7baadfbf17ef0cd619ae23426b30585ac1668bd120
xv/23217.xmv	1121125	d953d9b18945ab94c8d6babaab8e4f28b8bf5277763b64fe4ed75031a37ad8d7
xv/23219.hot	48	34a9cc6e5acdbf8209ad7cef490b45df981119d919d6736d85c533aaf9836e99
xv/23219.xmv	1686947	190e925f1855064193a46d7d8e05b2096304a058e43ac75bc4c3480d1f768bcb
xv/23221.hot	48	5ec2db186d6d3778b51d6ef5ed673ec12bddeaac1571eccbb859217b70777aaa
xv/23221.xmv	1855864	ec2174a2dd9bb1d8ee2ff286e54f35783089092fcf462dd19cb62fa6c0df196e
xv/23223.hot	48	599aea8ffa82a36e9056e7fac32928688cca1ef0d3e558873f3c6cccf9c69251
xv/23223.xmv	2062036	50abb88c6fe87ffc86dd14cba7d9ccae3da2e78443d89135c937208050f20732
xv/23225.hot	48	63dc35df93685c959bdc218cde1261b1b78bdc5e689918fb2fc6fc9e68bee84f
xv/23225.xmv	4489237	a86fa8b2d3bcb9c3be898dde99c193b59437967fb320f391bbad955a6af9490d
xv/23227.hot	48	204edfad854cee5c9e392df2c04206b9869412de9dd5b78426c67e3241407ac7
xv/23227.xmv	3403784	2de533326b7335b156929298640af71144918149c2d42ff47f27961c839a60b2
xv/23229.hot	88	8662d6dec4e03c10f48e7dd4993a8dae3431ecf045219228dddcd53f368ba5e4
xv/23229.xmv	1885546	cddf5fbba936cf01228dea518fe363abce3f1eec4c4a741867a3b060deed402a
xv/23231.hot	28	ddecb7a92e69b5cc6d20bdc8a4c22c1e8c088293c2462bced53b17abe76a1c7c
xv/23231.xmv	694608	9ef274932005c9f03605561e36ad59d6d69c9c5cedac7d1684a97f59a876bf56
xv/23233.hot	108	ccf9c86c256582aadfa960836eb32fef3dc1c21834a3c75f340e845edc339b00
xv/23233.xmv	4967221	f2fba3a958cf8cd04ef9b041875232b73161c79e56ee4881b264119b49f573d1
xv/23237.hot	68	8663a3ae8714508e669b09a92dfde06a22684837d9a6ead3b547c5ba216b7360
xv/23237.xmv	4000596	e41260ce6f2bf19624bd389fee62a698b69fa02983607e354073438df5a51409
xv/23241.hot	28	9603fc1ffae1321c444b0ba0c1c0b35979dda0937c5ea084aacabe4af641123e
xv/23241.xmv	4111603	03926b94442c6ce68528afea4be184d454ecf6c1dd9b4c56b0726530e02215b1
xv/23243.hot	108	20fecbcac257aa99025b0f13763639912891d9d99a0455a11fd739fb70930f20
xv/23243.xmv	8376559	9beafb4981b6901a9495ae1e2475fd945c769ed37c89cf3cdc19196862c0fda1
xv/23245.hot	28	274f108a045ff90051d88e8999c8e38b07215d4461d99993b5cd63b5d1ac7540
xv/23245.xmv	2877108	bed221e2b935c3fe9bbc5210791bfd55bc331c73b6b113f5e514e3ab0a451f47
xv/23247.hot	68	f3c69f1003b8a84db2821677487d13ac32b89fe1fa05bbcf1b08fccae19691eb
xv/23247.xmv	3481282	c49be71afea2ba4f946e4b86d8fa8ad60813b38baa3a754d4ac32a8eb8f814db
xv/23251.hot	588	19c60fffaaf7f8379a8a15bd46c43615799aba295b38aa2c128a81045b1d85f8
xv/23251.xmv	33275796	9b7db5b3dbf8df557d855fcf5e99c0ae0b755646341b46ab003418de9a47634b
xv/23253.xmv	590837	efe14c046d0f6ae1686e16ceebff07b4b7131bcb1a3d707f7b754b9c2f60bb50
xv/23257.xmv	595723	53c5d6aae269b93d5dc368b10254b65008255ac83039065f6340e6ba2f636d35
xv/23259.xmv	698186	01d1e1922c8aa652cdaabea36b798929b189e7086f70bc6aa278f6c7bc374175
xv/23261.xmv	545199	9bdf50cfd696f3e477aad6510656c0bd4cd6252ae1f1e8e16078f656ada75c13
xv/23263.xmv	637790	94b97ad13e4e5ffd286536f04e7164ad35c2ad24fe0672c4af1dd6936e111e05
xv/23269.xmv	1748536	0aac659b012e0beb66c77fbca110399c268ca022aabb3ef72af6f5932a0a7e2c
xv/23271.xmv	1632873	49ccdb2f69f8a11d48e25a66a3fa877fe7f22b0575e1a7afd5d3b8e7e16e254e
xv/23294.hot	48	4a5f5823056a836f39d5bd7fed1fb51c4a785e3cc49dac4aff9cfb8cb72b5434
xv/23294.xmv	1376081	4f14f5166ddd740285d42a70f31e792fc9804e2d27c23df74532732d14d01030
xv/23296.hot	68	8f4e2e5dc9691e4f7400bb23246f66fe1cb75b050b5347bec7d4d897cae3f8c6
xv/23296.xmv	1888209	6ac41a0fea3001741ebe9958e9df11eb49940450d32e40a04abd7253c24fbd3b
xv/23298.xmv	564569	409ff3fe3f6f8ad054d80ab3c1906f4be57f483b52da97e3e5ad4a60503df670
xv/23300.hot	28	9b5fff4e790b5dfa16808c17b7a9a61cebf74cfb07543d1179b0f093dbd2abb9
xv/23300.xmv	2714207	8b10e3144d0c35fadc0d3fc05ec629191d009050a08afe55e174c15195cb26fe
xv/23302.xmv	3589779	9ccfb60894d68250cc0f3d5c779aecd970d3b8ab06231a727a816109bb69c487
xv/23304.xmv	1355634	6972b9fa364044a9f9946d40440652d12bd8356554a496dbe77a4f371750133f
xv/23306.hot	108	919ec24378ba9f8615dfa87c07305f8215c978b63e48e907daa757fa276bbc8b
xv/23306.xmv	4439518	f6d2b691012f73ae44c3a1b798ee11a1b00975809e3d3fc73c852dd755790eb2
xv/23308.xmv	550359	0491bbcea57a72ee04a6ad8492c4b661c6ed7094074d8683de04161568e2bc5c
xv/23310.hot	48	7f7b41dbb672d0caf29126957ad14e56370d7bb379537b63959689808e6112c1
xv/23310.xmv	2364690	40d4902a76966613d4f098863b9989a992ae8c3e008d53624254bd6636d0e344
xv/23312.hot	48	5aab407ce8f5c79608cceee67037d57a4276da98c6c6f9bf15226e1d94dafcb4
xv/23312.xmv	2420000	20cb52078c6c4e4dff6453c9fa4a2f5c431b92f5dc3eb441352ff5bcc726e530
xv/23314.hot	48	9a14a18232463e0eba94dd0c5c228bbc3e031e8e56066db58024221a0241f0d1
xv/23314.xmv	2189942	f4534d5edca41faf2f0786fea5713db4ac0af9eb71fc786c9c8accc72876175c
xv/23316.hot	128	8accdc0dd9afccfc0c567247c3d9ebe4ef09f4196696b7fc14c6f57344e5d635
xv/23316.xmv	3245450	9b1c68659723c75e6253bc1c47401b9b96e9777fa9d5f1561684e2a5199471f0
xv/23318.hot	128	014d27ffdf59e9e7fbc5c710ae50ed367cf86a21470db20080c9f620786bdc1a
xv/23318.xmv	3923551	6f9d6059e97f905cf86d9ac9e6f979edf26592bd6cb3b482f5dd3139c8711937
xv/23320.hot	28	472668aa6a461e5a3239200adc02f3ed46c60baa552f138cb9342460219f4298
xv/23320.xmv	919040	dc4c2defec7c757319167eead21dbad95cacb5b61df72832c7deb41a3ec439e6
xv/23322.hot	28	14a2b45beaa6a138a81cba1a91f503e3abac818a450348ab4290c51c0aba46fd
xv/23322.xmv	1079279	94967409f3966c9d6c4af864bb733a1eb09e2a7ca3422a9859d786f695c97857
xv/23324.hot	28	110e285758517accac8eba55c88293236c461682f12f42467ac05d0ecd292ca4
xv/23324.xmv	850446	bed9c117b01a06eac2c59e8b9d9768d527460b28db916aa5d15c5cca58cec485
xv/23326.hot	28	436cc8a3a45b96cf244f19a8f2188d32fc8699e751ce26a94202a218dd9ac472
xv/23326.xmv	2600022	7315d5520ce39d93e20ff3c106a7d59cf16966652f0fa5e7d06aec712cd20d22
xv/23328.hot	28	cc9a7056f9735b9110723425e71e391eacf128c9d095450f7c39088722b9d2c9
xv/23328.xmv	1958241	92c7449fe947eb2b03588256c57475ea812a07d4e556cdab45c7fe84d979b6a8
xv/23332.hot	108	c928392f3a5ee44133802df9802cff5fb32f5ef251693706cfbcbaf4faf6f9d7
xv/23332.xmv	7727108	e4c69d47aa51945655c244b3481a250c8bd82655646cde133502f47122d7ef78
xv/23334.hot	88	2d8f89c7e8318dac6cabe7777c6b37445338e4b61ec8083af1881deba2bd2849
xv/23334.xmv	2526108	1e6496a7e3d2e15806d394d2c29866b82434ab5d14f3be7727d04a9fe28fab89
xv/23336.hot	88	c4c98d3c33891de6a9541b7e18aefa3ceaec15323286bb998fdd9b00e1d24576
xv/23336.xmv	2903740	339dd5ac8e93d17b3b51cda337e2f71a4f7197eebb95d6b3688b2f729fb77f5a
xv/23338.hot	68	ed94c6df450dc8fdf13f3799570f0aaf58c0e0f3f404a23116b87e28b999b8e6
xv/23338.xmv	2627254	03690b59d7883b93980fde08d13f0c920f84dc136c76fb5590fc87b1eb5f522c
xv/23342.xmv	398211	10e13787ce84db608b0149e52804a32465325771bb4c70267c9f2d7c274a20c0
xv/23344.xmv	337280	836c7d94ba3712e9be3423789b00930dda4b3dd68754943257eca4da1d93d8f8
xv/23346.xmv	271139	b06ad11cd20edb143dc02f6159c5b64d2940087bac3037c804957011cadcbdd8
xv/23348.xmv	256263	b771d426467bc6ccb8929925015183a00f2de9df5fbf70b47f704ebcd3c09276
xv/23350.xmv	409352	043ed01fbdacbd440789da64ca69fffb989d22eb8901051c283e097cc0467b52
xv/23352.xmv	297770	b87c9a6f94bc0871f5efa37407e0b10eb2c3e81faaac956f9b58bead40a39ae7
xv/23354.xmv	334110	d3f65345a81fb63fb33ee57e4809797b7c1db4850a388ee64294c37fe024bd4c
xv/23358.hot	388	7296f84578bce79a735ed1fec84ded0ea58f345d74b4f3bca7e57d871e1c46c2
xv/23358.xmv	10989487	7eadd5600aacfec30db7bde792b379fd5697800df76db9877c7a759f9a1debc7
xv/23360.hot	308	83b8beb91703d889e095b1b16fb3761169936eef9093a39e8e31cec2b701173d
xv/23360.xmv	18520548	65fb4bc1122e511a8d21ccc8850683018a9730dd916ed8a397280f9c93ffbb38
xv/23362.hot	128	1b6de0c53cf27eb7d1d58e25b1f8532df728a99ff6409f967805a38fd85c9a65
xv/23362.xmv	7660880	6304e3a5a868dd9d3fce877b560a74d0a390b0ea6a8d098357f1ee7a3ba4b34d
xv/23364.hot	48	aadd669e50809b54851ec95b22ec80a2c64dd934823c5e5c51538060f48a2eba
xv/23364.xmv	5468185	65735fdf904f934aa04726cf2cab7a96fa27b9d1d0eba8ff77078d7868c4098c
xv/23366.hot	108	6fb3300d2a498c1f467324da8a103c02d2feca0ffcb838140039bd646d4632fb
xv/23366.xmv	1980514	b4037ced99c2f14e761dfe6138454ca41a269e511bdfb86b1ae3bc85cd68ff33
xv/23368.xmv	512684	b2d707230d4eedb0657d2699e168633bea3702720c087d8350852ef4794896ca
xv/23370.xmv	579388	1911639e49b6e6d0c00bf518c27f7a86033adbc0c371b146b5dbe0362bd4fbb2
xv/23372.hot	68	ba40e862cfec92dabf8d28403f616b8d657afb83b75a97a368deb1d3c4c7ac4f
xv/23372.xmv	12690084	6089292ed8f0a2f682b7cd19e594351e7690b70918ed6d892e3d6f8c56a09852
xv/23374.hot	48	dc027fc21d9982ec80ba298300513038644a1a5e91e61c4a2dd837937b7f0862
xv/23374.xmv	1669120	547ee20c1e28ad4823faadf2f2b13056bb96813d206d9d1041a0d8cfd6d9b680
xv/23378.hot	168	d9f9a6dc99d9fb39b17b68a10599e70b83938ffb6c23572a65c44df00d195bd5
xv/23378.xmv	12971635	b9a312d3715bab01d69b03e738005e81c761719c6e0c2e7d3337c161c3f2cca9
xv/23380.hot	48	ddbd457a6b62adb94f46d489b881744f821c0477ec34ce0a71e766bce188c969
xv/23380.xmv	4667471	ff78a251cf280f5ea3f44aafc172551aade2de852f2de4483d78982e5d1b6c8e
xv/23382.hot	48	b6084950b992755974e1a935c746829cb6cdd3f67d56f7401577a76b71f8dff3
xv/23382.xmv	4772919	2bdb7707de7eec81606ca7e0a760b2803f94e25a412ce5e01671e96816a27a1c
xv/23384.hot	48	4c3d8804f7fbdff06cce6fbe311333da2616f64fdab40948fb7367325bca2345
xv/23384.xmv	2605071	3f47bc08b93ff76cff86c19447bd658455de416b4824e2c86e95f0267453ca8a
xv/23386.xmv	1922241	32420a01eff9fe704b5e64c62db7ed2d24bc098eb57b07b8a2ca41a129a5ea95
xv/23388.xmv	320951	168e4fb9684d5de8314c86ef148ab02757cfc6d7d334207f21331b92764ad03b
xv/23390.hot	48	b8b72535c0a34e30be591595f13f32d1eb5d34d24ad56502a5d66f1d30d0c1d0
xv/23390.xmv	2448772	37ef731300d9458dd339ae1eafaac8f043eea314dd2d3f5c430e66caa5688e3e
xv/23392.xmv	681624	b92332a220e09acbd2a097a0ec5a33c961114a7b5f74a1ce94f72a79c5f0739d
xv/23394.xmv	389733	f6803a75b239ae1086725de0ade11bd0eef402d7e590d48c2eab642bb80a59cf
xv/23396.xmv	399863	32b989c1367fb77c51b3c38840ddcc99845320f7da0d36cbfbe12028b0916159
xv/23398.xmv	431776	e5f5fde06a7b217dd8ab049082f3747da9bac5d852fbb3f2c8b1db8720f3db02
xv/23400.xmv	574648	d01d3abe174f45bd63f03ab53f09ed6ec61a93d357e1a97d2c5ddeadaac5edad
xv/23402.xmv	446762	d2e75476c62b56b2281451e4a7471dc0a1f8bd0a35681e48d841293fd48d7b08
xv/23404.xmv	603301	bb9d09a08725ca2ad684d8a5ad56c6f764a427440292dd9048c88c3d25ad5a88
xv/23406.xmv	383956	396495f72f332cb55b0f35e8e4736ad2d48ecc056be6a5b058980fd90af1a31e
xv/23408.xmv	329458	14bfd82b319766e9ccc45e017f37f9890b926a83fc6f8d4a71da300a771868bd
xv/23410.xmv	366259	84e8a9dd14a6595c6b5648413f0e61d7821cef32b0f6a5990152a8588600d93d
xv/23412.xmv	6593494	00c6afa082b4434a8e90dc1e06d6d7c3790feedf286d2ee6ebe795fcd9893659
xv/23414.xmv	12651977	506889d8567c4cbef6c620810f12135a2c1d4b6ad5757e11ce6e12433c427d04
xv/23428.hot	208	26f3f9b1ae4348dfe6b4b04cc58dc1ec30de57d5d667871340ff5ebc3fd3e496
xv/23428.xmv	11242748	0aefe48f37bbc26563c1e549259dcd9eb630d7a72fadf8145dd1886b93d3edf8
xv/23430.xmv	7676697	66506268702906d371b46018982a8b985a090ef3ffc60b8366725a381bbd8047
xv/23434.xmv	14044932	01682a921e7fecafc3a7b1bb81f5d996bdb81ded48fb73ef45b9d09eada79af9
xv/23436.xmv	8789010	d6c5f1b8c496084ebfc78b68e9ee67b7b7f2122eb1dcd6428ed033ba05c4f159
xv/23440.xmv	37735761	4e7b62aedd72e4d421a589accfb36da54d8d62792ca7f58addaa6f9c26a06e64
xv/23444.xmv	312324	110b682dd05f075a24458302bdeebc5fa1e33b6ddff0b92860d95fe0cd0d4f13
xv/23446.xmv	151302	b0b22e1669c73102bd9058ad73a6ec51e36866fcff674ee951f5b494e69a8915
xv/23448.xmv	277440	803ca5d34a88a8021565d52d992c46a24ef5f4b8bbfbac32b2579a685dc1c65a
xv/23450.xmv	186288	0426fea91b0ec07f355334321874fc4cfac5ed424a8630f7ba259d0fa4d6b9b5
xv/23452.xmv	267314	9724d8708e79bd6dea195aa6f85b818008aee5ff827fe21c894880d9c38e791b
xv/23454.xmv	262508	5137e177f6344c421c208d4aff1a5d83269771182bbb27e377aa4ff53e0849fa
xv/23456.xmv	224974	41b0cf154c7caad220a625d4ca9a244dffe9c29b0f24c3f45355f63812ba90e0
xv/23458.xmv	178581	42a4617ea928810938edbaf97983a7f51873b26d131443ac9738de1f3e673cb2
xv/23460.xmv	89259	2160b1230273ee83017ce667ced0437239913f8db8301324b7051b77bc1431c3
xv/23462.xmv	111574	3baf6c8f7aafa814b52ac1f550a36416b245a471e30584141a147b59d9042779
xv/23464.xmv	2995970	b8557d6f51237cea089d16ea061ad02fde7a0f3dc6be5784d9e5455c013a84a0
xv/23468.xmv	1146709	213c88695ce016f40f6fb99343b39dfa32497c480ac4732de9f6a38419f118bc
xv/23470.xmv	17368665	4be06f5cac71c8f34d0df596e3884ad93a29920fc6e3f5c878b583095fc44eb8
xv/23478.xmv	1094988	1c18d8d66613e284805870dd2642e5f46e01812cff6ac84aae9335af4e4329c8
xv/23480.xmv	403198	b954436b2a50fafccd8d5e05c746dec0fbae00389edb5a530959458ec330d85b
xv/23482.xmv	403243	c3951464fac30a6fa7c7ff23f14bfad7a69303c9a93241514e505b01088a2dd7
xv/23486.xmv	2444511	cad7366425cfae9f38f9cd713a183527d49d6a60d4a504a50197598364cd505f
xv/23488.xmv	2932656	69e9d8d0944e6d3684a92af21d02c95342d812201639310eb1d6570d8d5993bc
xv/23624.hot	48	df8c08943512eb17f64512bace7c10f52c1ca1aee24af2dc27c87866b73fecbd
xv/23624.xmv	868902	f833d06c2e4f61a1102fb62e6ed5e51b0e4f6910617bcd00151238c1bd69ba68
xv/23628.hot	268	7cd1cbefe2ce7977555f242d068ee4a38ef34de6341f4696b96f0dff367cd9b9
xv/23628.xmv	8056631	85c1cb5c741bc2e9b2b095f0c847bf813973122547797600395ebe4cd9d11306
xv/23630.hot	68	c1d4a8c3ddb2601829484c98defe92b0329c633ba950cb9e22709893ef41e018
xv/23630.xmv	1971622	dbe276ead7d16ca9469e19c3864327958d73ed26f07beb6d2d1b6d978864fbb5
xv/23634.hot	88	ad69862efd61dda40816916024ef04939e42f0060692c3b0702d62f7c0120143
xv/23634.xmv	1809300	91862f5bdabe5a0f41861acc0943d7de2e513e6dd74a61a9d97620c310bf1ce0
xv/23636.xmv	693849	0bb2cfd452f0a2755b38f141ba18c93e812726c99abee124d430b9d21877ecf2
xv/23638.hot	28	a7e3b11e58add7af3ac7ff4efe6438d1ae82d508ec00b799f8b9f664b79d4ff8
xv/23638.xmv	1003941	c2f64f6b6313b1bb72bcbea48d78c39cf05a5f1dd7fa35c849f63803cbf5a9c8
xv/23640.xmv	869163	c89900f914fafd76c87f37398abe60764db766d02e124b4f16ec1f24a393a951
xv/23658.xmv	481486	b63fac125c7d1750dec31aa44c8a2d0a365d757b5c95d38949e115cf59b10601
xv/23660.xmv	496062	ab6095663a9d34166ce42cf21c1f4850ce49b19d169ac2d855bf7226fbb38f82
xv/23664.xmv	482060	efd0eebdd1315ac0ab7c9748f76bf836f5e18ce9721d8f93c87f6581e46e05bb
xv/23666.xmv	586850	716d064711358c46175fba1ca8ac81a70323bf4140dcd34319c65d6965b1fbb9
xv/23668.xmv	571485	ecaa558621e61c5bea4a24027a1e7763cf7170e497a7b2fd920a9cd603129bb0
xv/23670.xmv	587472	6f0e4d4437f59507c5b6e2f18e69293df4b2647042015e0731d5f54669a7973c
xv/23672.xmv	346030	f87ef3eaef66405d8ce7faddab75e28bc07a87b218b8fd0419e3d961d7dbca3e
xv/25230.hot	448	63520e4d4799c23c3273ee668eaa7cfd73f445d3ccb4863bc8682a5d802823fa
xv/25230.xmv	17349610	0fd1d5ba5f8d461cae06a94860a38837b061dcbc78be83434fdf2eac50e89814
xv/25232.hot	208	4e3aa7fea6827e55d60b195d2c8c00f0fafee7b0fe64ef3e82e0d7bb6e09f547
xv/25232.xmv	8910220	261cc476a1deaac0cb0f6173403fca2e5a110c76059f3a923a913d4d31766704
xv/25234.hot	28	9e1dd03da12765a60ef4e9a6f4154c850cc4b668359bfdd4d4740c8a86886ef7
xv/25234.xmv	1156774	39f5e730db69f20549a9e1ac2b3894784b97b5abdf0f9830f989dd8ded0b4994
xv/25236.hot	508	e302ba29d9d954bf2675195e85a0eda82ac54ef9cb91efa77a27949f20871c79
xv/25236.xmv	12083777	f9444db442b41c8628b8a351a68b36a815eee60af14449aec6ed571e5ac3ccc8
xv/28398.xmv	1063717	e9db6f21d7bf394981305307002b35211ad734a626616d94c217b7f9ba70a69e
xv/28400.xmv	1053707	a32d7e66ccf5dd8d617238393f6b62ec0d9cc2d488e4462f2428ba98c1e13a5c
xv/28402.xmv	1294552	2d36b15c144e3df58fc355b7eaa89519bffc43f4375da29980436ebc692839de
xv/28404.xmv	1278046	0d0e9002fd599ed16ba348bc4eb54ec30e2157fdfd3fe2f772d595b3192da80b
xv/28444.xmv	726262	8af52292180a08532095fc4949facbe8aee019aea74e3878dd7d1711380fb3f1
xv/28450.xmv	780348	395d7db4464aa294d092e7e849eeddd3a5ee9e1d25783cce298b1f7b66e6d6be
xv/28456.xmv	4208495	05b0689744eb066cca8ebe4b02cf0c7e46c1ff753b0051f21f1127f985036edd
xv/29078.xmv	2171571	5921bd88d6c505c65434eb1e00878bcf9d1b20ae56e445a8927b8794c6be9f2c
xv/29080.xmv	2076846	adaf656b659e997e58eb620c4a2f7c5b29708157f22ca28d3268f3abb7c0aeb7
xv/29082.xmv	1935170	34d0c36c1ec904b619892ab01233a3b4158fa253f159ffb09f6fb7800897fbfe
xv/29084.xmv	2059039	53c60e0f36fec852d049c6ff2e6707d069b45a5fa23e02f7f6bad5aa7f2e5d79
xv/29166.xmv	2250171	09968e5ac7279e742712030ccfaa0fa315ca33dc562d5f7b5533ad5d054240b6
xv/29168.xmv	2134414	2e0eab2ad4a5eb818257b143ca106344ec24ea9517df6d84205b45be7fe77dc0
xv/29811.hot	28	27e5814735a4840d29b28d5cde7dc44dd3d86c10830536a0b6c9b74d21079a84
xv/29811.xmv	822056	9a828a10e66229bd5b0030d08905510723d1599739189d28cc47ba328c1437dc
xv/29927.hot	408	0ebaf0506613b89bfa80ba0d2a8266a98219cb3561d2be9de4cb391c4962e841
xv/29927.xmv	8326098	64b790bafe82387475e0406fb6eb6719b8f30820c3de5d1f4533dd16c80dada3
xv/29929.xmv	683664	2d69f6e22474bba83dc481133971f42c78b6cbcd0bb7f42bea5fb7436c2fd8c9
xv/29931.xmv	690651	5021b0675e337a10753f8126adb9c5f0ac7e618765cca3fe443caa266693164e
xv/29933.xmv	488977	f95d32739778d4a950c21bcb618be7015e82896ec13a4cad12941920f37394c0
xv/29935.hot	28	0f59411e80afca4246918a9c9b6b4eda8e2e3f271f4818428a45550e879208f6
xv/29935.xmv	781133	1d071054411b3026611cd470298112d2cc5ffc7856fb9df3d722290debdf4ed9
xv/29937.hot	28	7b95adac347f7390b5ae0199daa31f21691cbe9bcfb831710a62793b9b7786e8
xv/29937.xmv	736870	647d7e60929807098965a49caac832fe558dbbc48dadf842e61fab78644f91ce
xv/31042.xmv	556766	17e83a69c56a156877a86cd1f8a1ecd9437594dd6dec67fead3290620978c272
xv/31280.xmv	249830	22db5c4d89f68f34fb2a3dce33e5c7c23a987fc924e0d3bca385a233dc714e82
xv/33308.xmv	477813	f93589a5d9720f5a3621c26d6b7b7ad7c7afa98e961818d9154767ab2183a3f4
xv/33401.xmv	527836	05f998d687dc65a1bf78f784b9d5f7f6221a04d6154631c7c7c69a28753fc393
xv/35990.xmv	914812	7438da967b9605973975f1a7ecc82f837e9f20dec5f7ee8aa166d135d269b48b
xv/35994.xmv	719950	4a2383be9e1e59290e5918b18c3d652c6d3426d21e2f6354e46b11dae8475a6f
xv/38448.xmv	12179132	ec2dd7488354523beda301064a561b432be0b00de1981bffe0739b66b13fb619
xv/38767.hot	48	c507a80be5d78ab6f60437326efe1ca141ee91cc66b1964bda4bb9ab2246a0cf
xv/38767.xmv	3346599	8af3298aad5da3fe43e621e01815540f446422ec954d9c00cfd154fe4837b91d
xv/38792.xmv	4936683	9b87c5eef43b9599da8e59d8ff9112c6b57f4f55808860e52dc606c178d161fc
xv/41314.xmv	12030662	17b702771d247b55dc2066e78a4b38d0f20b398d956e239904643c5a190dad13
xv/41316.xmv	6239374	48fe2eef70a1da80d66a7661f7b8549bacac6b41526606b2c1b9a94b7972628d
xv/41319.xmv	6668619	df54854a3cc85e97a4915d340260ca8e9c6be0762f17c7617901aaecdcf5b59d
xv/42912.xmv	401724	ee05ae01ffe6290fbe4552c032a2d7aca498b05e4d4cad697751a9fc6163e9e4
xv/42914.xmv	671917	3421d7f40e4cb77b08ed93368ec02fa5c5dbccabb273282be5dbc0356d8fa936
xv/42918.xmv	396821	7fcb0b0edda891707bf4fae24e5cfea5731e22757cf16f0cec98c8b603af6bbe
xv/42920.xmv	515358	54493583f70e089b92c964682f68c26062d4b3f98bebf73c053af8664edb96f0
xv/42922.xmv	322906	68efa7555d15c328b32ed3a62516639543283efb68446c68f95522a87b45784d
xv/42924.xmv	335926	8be254627998b1e2a5eb9e5668eec7bf7d8bbdfdb9cc5e135fd5db7280106c13
xv/43070.xmv	2136297	79adffaaa481c20dd8b925a2986efbf3a60ac6f922a962f7885f0bfede60f21c
xv/43085.xmv	310321	30376b044142e5e57089b78786b3a6f846d432e68d7faf68ce5e7f6b0d341b57
xv/43088.xmv	950773	0d82ddf482854f2f5244266e0fee67c9b84b5189790de5db479e024eb14229bf
xv/44099.xmv	9109022	9df550cb12814d8a77c8ab434aad6ba314315a2f6530ed7df786aacdfaa605a7
xv/44104.hot	248	3a80f54b7a43ba9ac2e790bf79c4206ccf121c00b16d34ebc53ad4805aa89445
xv/44104.xmv	9091272	974712adb9a460ab4e47f8a94ad4eacc511172d2dc415fe50fd718e3aa1c6e46
xv/44483.xmv	2116468	d60ddfb358538ee3a9319fbdbbe675d52dc4e7db6e9e48b7730bfe5cb62919be
xv/45858.xmv	15735434	18981f355a5d1ecb9c7941e1545b31e3dd2333f62ea9f15fb1bdc33054e4d233
xv/47536.hot	208	9bf5e7fcb4814d01e13e7557b2627843687f600bf22d90d6e8f3f441137ff04c
xv/47536.xmv	1980981	06b6d7b5ae54ee557d7a6d466bbba6bb21a40dc024a41f5ea1accbae24e7aa70
xv/47538.hot	28	a5b51b33fd65b3c37088e7c26cafd8a2160e9427dd16b434f9aa69d60184f5f2
xv/47538.xmv	1143703	0f08bd8f05810c36aedeb63ffc87f055b22478d285cf913af9329ed91a0a7b76
xv/47540.hot	28	10f1249b606a34150293865e76c2e790b949e422f4c676bef28df63d0a22df52
xv/47540.xmv	1433673	397dca6b238526991d7e6be54412d6bb2e89339e2750e66b7dba0585c292af15
xv/47749.hot	28	88ab85679ececd3aaec6eff31be36debe95c30a95748cad7a65deb35f261f791
xv/47749.xmv	2302248	14542eb49cd650dd5bb15aa20b53512043fd26e988ff2d58455dad9cc1625ff0
xv/47750.hot	28	0f45215f550a2e3012e7171f7fbc45910d6273b5caf61896768abef7ef3858d7
xv/47750.xmv	2837802	5885a4643d712cedb1ee8d6150b075227b4ae3b16b5b708fcdfd647277a213b1
xv/47751.hot	28	dfec852242c9fdc787726777d1fb9877e5ae7e0cc416481527130156e3fabde2
xv/47751.xmv	1712745	178057d383dad506b1416e646c4c957b576110af715bf645dbb5fb24715e8ffb
xv/47752.hot	28	cdbd7c687173d0f9a555ee8deb9bd7d39c947ec5f50e9f9a8244186fe26e7cd8
xv/47752.xmv	1539989	89b66fdf1dc1a923f576aa06f9f79cf584a2eb72295b7d89f5fd23e6d95546dd
xv/47753.hot	28	9e5d2b07d2576960a3243347679f49fd0be6f0b49b2d4c580977c25f13f192aa
xv/47753.xmv	1752038	a7ed33786b3d8168e730eb230e1384ea5116439a635015d3efeb8ac212a468b8
xv/47754.hot	28	f5d836ce30f76095017c8046dafd0624acbfd8b3077fe0ecd2869d300e6dbbac
xv/47754.xmv	2145234	8991e4bcb4218ca410d4afaf55f7823d48b17a222dd6f5f04e24b9b7c3bd00dd
xv/47793.hot	28	58e901e67d0f0f5bd2291b1bbc8b412b81010d5357c6df6724efa5cca22889c1
xv/47793.xmv	2188922	3dddb1460a92fdae9d0483295dbc1b3aea25c69701838e026ebaeb0e1c5f4403
xv/47794.hot	28	09e2876404e112f3cc1505444b660294e001dd189e6aa4161b4a589d316074d6
xv/47794.xmv	1605447	db1d37cef6e061ead79eaf20ce1e0d600c3c64b24bfbf7cfb01e852625c9e065
xv/47795.hot	28	adaa24197a8739135bbb93067fa06671e635553594c042edc0aac8ae3cf32926
xv/47795.xmv	1405296	349fee56e0e8d953420568fa813fb6932f32bb8a8c07cf7f2d96ba6bcc7cb65a
xv/47799.xmv	358609	3b7b1e126559a01c36cf42a8e3f2642267964d866329224b1bc7bbcc91fdcfe3
xv/47801.hot	28	02b1c4ce35e45543913e5f72450a2e20f57f6135d922049d231e1980583db104
xv/47801.xmv	551076	11f8c7569b9e1c10d2dfb6551325c8b067f6db17828fd9b33102629ae99f2a72
xv/47805.hot	28	1f16f0d3676d3311d0c083a5634728ecf7805b944ceb9eb60649283fdd56626c
xv/47805.xmv	806294	b59c5b7628e9c47c2fdc7935fa77a212919c674fbb3f1f6ae44826dc18fa0f42
xv/49013.xmv	6682586	8b11cd8a1bf15ccd73f409deb6072225af60d0f7be8ad9235b89a2e7eda5cd42
xv/49014.xmv	760411	b5205394dd6a319c08039384b32431557333679899fb75c9d47cb73181e9793d
xv/49015.hot	128	09f0cc9b58446638c36f89ac15de0212673544411fc0074d59fbbec44ad05117
xv/49015.xmv	2668673	9c8dfc21616bce23742fbbcb1bdd6c23ad3cc74efed5b3c675382ae1f1359798
xv/49017.hot	148	f8c860302fbed17b6ef8246e4e67e3684d779b7d8ebc50eeac78c5b9b2dc6476
xv/49017.xmv	10711637	729d24242a99af031ade4c68c01b9c9ae4ee49ca971a53a8ff36b2b773f2686c
xv/49022.xmv	314062	f929608751649a24585f4b74b12f33b913ad54453138582f83eb624e369b143e
xv/49024.hot	88	bd4880626ab1f67dee0c61f687d099029a10570e2acaf377e5e7ecc1411d3cc5
xv/49024.xmv	1761117	212109a3af3ba36cecebc37aab600ac88c61039629e60d2a80b05105b7a9b3c4
xv/49025.xmv	6477305	e827668234a7f9a9c76322eb67107151a68c553efccff7dcb74bc58dbd8a95cd
xv/50405.xmv	24598	af4c22be1c2b6ff0b5a1da13d0f98d1bf1353b724977ae72389b078253d33174
xv/51167.xmv	1137146	330e2f0b9b11781256621fd2a541e017fe430702de5fc93e9d93f2d3b775d7ea
xv/51222.hot	28	4b436799e0704b80ddd7e6fefe27e5d5b78b902985c50211a4c4233dfba5048f
xv/51222.xmv	1053747	124566e9da2065c906122bbd29a2ab6228e6b2bec77647277d9674df743527dd
xv/51224.hot	28	a681785f6019db6cc18649c012ae5c13dea103bd0f6ab557d99ec460e62dc906
xv/51224.xmv	1020513	f1e8485a8af433f07a94f7f7d503abd21a5c03b7f466a312711d98f1aed68b38
xv/51226.hot	28	e575dbacea9766336c76b33d5bf58fde473713f1d5c59ffdaa4dfdd1fca3f3b8
xv/51226.xmv	2685322	2e62aae4f65ed5f5bfdb46cdf291cd0714b5c21e864e809dc614f57f89b58fbd
xv/51238.xmv	139550	c6cd1ad826385bc3af0a6d95c40931549697130d7f12177f30fab35e7a6b1955
xv/51240.hot	28	02bf665750bbbacf43f93b0edd50cd385a9465fd53c9c80e03aee72b92606452
xv/51240.xmv	914261	ae26c53377f43a3a9edf4d4ee64d467ada2f8c4cc3aa238fe9c38dff570e7593
xv/51242.hot	68	34b763a55454c899719e3e582b561bb42872e44c5008f73c5ab556df65aefe57
xv/51242.xmv	1409795	1dcb0ce3880fc82af1930d68b8d473cbd72fa5375306314245646cc0c65cff05
xv/51295.hot	28	a1f94f024b87afba30ac7f4987e1124b941f5ce9e1a636201a9ec1b7e135a54d
xv/51295.xmv	1643076	3cf806b85727957212ba2ca3c7d2d0aa426cfc21444f2ffc7592afb7c1a884cb
xv/51301.hot	148	8255eb2d2efc9862550a0bbb727d97966decd400ba7b74eded85793566ee6f0a
xv/51301.xmv	5113307	70bfe343a4bc3aceaec4ff4f1a7343b798c0bcd9641a4d9c115dc6d1b084b1dd
xv/51304.xmv	291129	9aa823e9cbb566793afdcbbc369030253be0aee0d61d436bfdaccb2c2419337c
xv/51310.xmv	2045439	026accd7398e4b8bb708fd3f27544024e7e86ebf2e2d85f193f5884a4de3f47e
xv/51312.hot	28	1b27a28d99b965532f59860225452469ccda4b3f996e3825d13a956950a58db3
xv/51312.xmv	2109202	c99f9a43f334115d8717fb0caf8bcdf37022bae1405ad29879af3378f460605a
xv/51314.hot	28	f36d261598a4178f09915ad835e620049d8513c7a90760437b4c72e6333a959c
xv/51314.xmv	1467734	a3d385bba572e09d148cd89bd9e0b83e55cae9caa244ebf78549ebd7d5e72cfb
xv/51316.hot	108	75a48867524e1a3c6c41ca4edfa09abe0df4ed42b4ba50b30a20b66f45436a32
xv/51316.xmv	1966593	299d14de4025b1bcfb647ea75be20353eecba484469372db6918a5c397dac501
xv/51318.xmv	1446614	c5f21b1109d78395c9807c1f6726a8ddfee6d22818eb36d3342189d9250cf9b7
xv/51320.xmv	4057336	bc3c8945ed5e9d0e8f7835c4514ff6dbf5c8432e75c6f08de3aee9a956e4f32e
xv/51324.xmv	588940	2520a8e5234291d07e8985c0074a9602f5659e912540c864fbc5d960c51ba144
xv/51326.xmv	416702	cc5ed2fd014ad0a33f3227245dcd0ef50e39e41ca48d4c71f122b7c17a7a1048
xv/51330.hot	108	ba8b6a0a67cd93e5141918fee756a88c2f001f4586667b6b349cf7496133261d
xv/51330.xmv	5826588	0cfbd362d4ef559a1b3b7a5b0939780f8cec0fea11fd11328e6e23799032655a
xv/51333.hot	68	a1977222bd90fec19c77d39302b0f1718e61633a096911e08e3f41d3bdc0a2f7
xv/51333.xmv	2581328	e30c3e5737788bb2e2bbe90a6116317f52ad438a1e3e9873c662746f86f09f67
xv/51460.hot	28	34e2f53b2dbbc66af7e30ab35f83bb2690b1d113311b6a2f8c84749d96397565
xv/51460.xmv	689575	1d4f87d761b1fb076243bc91fcfe20496136fbff9789a2f6ef1238efe14a146a
xv/51462.hot	28	e727af4e43287020d3012ba6dfd2145a06da367b5cf355866b2507f5349460af
xv/51462.xmv	1609846	e75533e42f597d1bf6ab435f27e000e50c5a6d9c07ab5f599f6e6513a48fd59c
xv/51464.xmv	360870	51c29617d0873ddcaa55b9e41e658a6ca317d87ce82e70602e893ea66c203bd9
xv/51466.hot	248	5f4c9a7622b26b665a5c9c55130a8787bf88f7c36ba3eb46d3ed4281600d0539
xv/51466.xmv	1525708	c8f075a1ac7c6a0c0066940f196247c560b67c96ebfdb8c8de28dea25d295702
xv/51468.hot	88	1ba563cd701545e465b4e392188ac7356e8eb1e01a70d17818c5812fe5a4a367
xv/51468.xmv	4722626	645ad5df6e09ca9432430b2bfc61ce31fad16fd145d67a2f4189ff6b2e8a57b2
xv/51472.hot	148	4eaa2138a8594f15fc1803d3a77f5623bbe91e8c5fa9c9d947c75066c512360d
xv/51472.xmv	1077718	9a3f18add464f84f22e41bbb5a21175ea8009a09d80d9fab327ae13348006aa1
xv/51497.xmv	230039	6833e19ad8af503278bf8a68f1384fda4248823951c29100abbf976c416de116
xv/51501.xmv	190068	6e142ff7d0ac94ebfff4e7355d957054a504ee16e046879a6f7e793c303cc30c
xv/51503.xmv	344209	2dbf7a0bb8a82542e4b087fd390c97070ed05d29895203d65c319489b983177e
xv/51505.xmv	252189	c0bda195f1d72098159e76a42fa605fb22a304062fd741079d04692a2abe7695
xv/51507.xmv	224478	bc31d92c4756ac24f1eedfb8c4bd89fb79ea0a5def6b7da2d2624745d630c874
xv/51513.hot	48	cdcc63c26e704ed22aad20ab3348054f5f66a5778df96d08563b4c64cf65f45c
xv/51513.xmv	1267606	5c54f2d419a80e187a1dc0fb4f721479659c2f8d3f9a27e66c3579e01c1df769
xv/51515.hot	28	af7f3d9a791e9be5de56a4e25e4cc42f86af2fcde46ff97fa43152c71c0731b0
xv/51515.xmv	901412	e900ff417e2234553abe0e5140cb677562bd3fe4b83797d0dd1661bc4fd6ac73
xv/51517.xmv	341788	b0e39a53189bb1f2d37d40c564524200b8e24cb153c81dd6871dc4199ac2bd0b
xv/51519.xmv	334539	c23559042afebc5d9c942d11953a610a6a3da01417fafe0fcabe3679ea8405a6
xv/51523.hot	28	0f2cf2d8fc8e21692ee1da39cbb95de4403b6749220b5053fcf730e7e87d4fe2
xv/51523.xmv	1069064	2ebdb173d5d14589d0c22ec5bc9e89ac830e444e702e8aee68ca691fc3bfedc1
xv/51525.hot	28	4e5193ef2d18f4ef6c7b2fd9def93627aabaca32ba71426e3c3bb5b89f427901
xv/51525.xmv	526493	4937c4eaa2d16b4d5d3b4fe1ca564514382c27a10e0bf38f54721ce0ecc50570
xv/51527.xmv	4894596	b454e033d368e7fded5d6a217219a09eaf41ecbd7173640ac63639cf2342e547
xv/51531.xmv	571019	9bedbedcb470bf6c237d37a287419374020e61cf40c0049aeb9e6e5e6c4e7099
xv/51533.xmv	694477	c031fc6e4f61dc6be1e650602534e0c5aeb8f2bc33771db447a6344737f15c77
xv/51538.xmv	5232708	9a953108766de02f6889f8903ede45befd9144d7a9194a9f0077592f087fac13
xv/51541.xmv	480508	b68f75d69531efc77bf54a0bc8db4b697cc76321fda062302dbf045e64d054ed
xv/51543.hot	28	0dfab3f729f9b627a4591dcd0d1385181c4e24dc60660aadd2260095f2e2e4e4
xv/51543.xmv	1556901	2727017d93c823315e939e45d8449ea52cfedf5026f84a5752a5405b6bae63f2
xv/51546.hot	28	25bc9c30b007d091ce4e6c377f067d0215e79563a56980beff1cff17cc382097
xv/51546.xmv	1513616	06e0fbfc33f9c3ded225cddcbd2eb746580df99241ca826e79e3b7261a1eb30f
xv/51548.hot	68	22af5e8baf8fcdc3ddcaaaef97394981615ef45feb0dac7d0de5cee1e1246bf7
xv/51548.xmv	3317297	020dca6b43f3245b271df48924d1dc922008f460f204ba23b15f5d2cea9280e0
xv/51550.hot	28	20cf744390f962d908a0828bc9bf01222f15caa9af374a5aea519f358d40e8e7
xv/51550.xmv	1061019	750d381f3c5164c8b9e1edf235b05450a726f20a14f0c24a5f0165a018aec028
xv/51552.hot	28	1b489e80cbe5a857598223fd8750820b11b7be1e9377bca20f077d0c81ad0ae1
xv/51552.xmv	1538942	6000372f98460bcacc16c03f481e35d4eac860475de2b199cf33867de9426d94
xv/51554.xmv	644357	3497dd04892d7517838bcd4536bbe01a3ddf58f8eee3dcd3c81564d20e634842
xv/51602.hot	68	06be9c9786451c37eb39e1eda73bb2c9db91339ca62437e7c418a2530547d92f
xv/51602.xmv	2565554	b868ad1da95e7f9ecbfda67228729af40ef76a0f7f0bebdee1706045ceec86a0
xv/51604.xmv	677180	ec22cd058e3f3059158177a558e4ae84b0283dc7512642906f186c7e37bf362e
xv/51606.hot	108	cd393e99f75ba68a2c4f4cebe88b1bf8d7002eadd79a106ad8338d9f3e690275
xv/51606.xmv	5686692	6c8d2472341a85216768f3213d0778faa48bf2beba46e3edb334ef1b21592d1b
xv/51608.xmv	612713	b0094ac3de5176ad3c15a476a0f458ee296796103d1b02662a6d14be93a272d4
xv/51611.hot	28	93f05f2cb68e70d968064bc479cd8dae16cf4e696770402018fe568eb3780b64
xv/51611.xmv	1243751	fc600a19287903336c7fe1d1c1c8debfba2af3aee942432c318a7e818a1c19aa
xv/51613.hot	68	2f5cf98c8e8b7d0950c3ef7ed254eec60b420ed72e599cd54325d88e9528d0c3
xv/51613.xmv	2509939	d3fdb2410cd9b7e770381bd6e4069959ad971749f4d26a5fb2a4b278251726fa
xv/51965.xmv	3441369	3ea6bd8fcf49604b40cbafd08cbf530f2dca79e3c1e188a65962c0f5f50575da
xv/51967.xmv	4449004	9b8470ac997dc4498f4da2bea57ecb1f6e87ace8d13081284bf765514e7e21f0
xv/51969.xmv	3411053	0dc4c56cd28008a9b5586f61b19a2c06cd7df5f9653a1478f97f0b741cdc7bb9
xv/52547.hot	48	bcff2a10d82e6bbece2ac60bc70d6722b1525c93a29ca13ed39c9d1555a2064b
xv/52547.xmv	1835271	625cfc2777085e713c34e32c8a1ad668b7448e9aec6b505e51613a886b4667bd
xv/54108.xmv	1239372	54682b189712616c572c7b331d494af5da0194b895099d2129925ab0af21933d
xv/54663.hot	28	cb0c3ab7a936c634ea9b8015a803d0aaeadddde55af6aed9bb7878f8c9910b51
xv/54663.xmv	1760275	618c46e49fa088a8069bd2b3f2d70a120d8be4ebab8f86e45b8ee5cca498a4d7
xv/54665.hot	68	27aafd9a180ea76a6b7ab8a7fce1bac8600d23512eb684841b72f7e73de99fd8
xv/54665.xmv	1540345	a3eeb171b06ee6e8f7ab2a2af299d879c34a28aab094c0b7a1abaf3b41815375
xv/54667.hot	28	388fe9cdff183cbca688d41887c5b1a6f442a9177b36039a75c0728698b9bb43
xv/54667.xmv	1811743	6f670bd5163bbf7f402d0726bce5f5c2b676151894457895a31af29e3b99ca61
xv/54669.hot	68	54692e987363f5b08cf7a7daf3bdf19b197a0039fd61e1b55f1cec0452071018
xv/54669.xmv	7560312	b3cbb585d9d4c41a3976569d0ddd3087e88c985ff37368d3ba3c8403794d01fd
xv/54671.hot	28	93755cb33685e6dbfe398eed2d63e7a34ac29e1c7caf338b8b09c431a4a89d29
xv/54671.xmv	1015178	92da59abe39bacabb7d234728b1c6d3e80ae3ad8f3feda3f7688a2afe2b8b252
xv/54673.hot	28	68786991f72281baac430623ca53dfd827cf02480c5eb249dbc668da43421987
xv/54673.xmv	2411292	00802b0b0d8141079f6e2ab514811c80636f92ecfba3da18ef715e9ffbfdcd53
xv/54681.hot	48	6b9e225594d24ec8ad9377dddefe7198cae428db414caaf345ab75525424b2f5
xv/54681.xmv	3150659	56649e15590849ff4dc7e015e54444787b0d74e66cb1024d39518409076de692
xv/54683.hot	128	590cefd92a2978f56b1362f1167c91ac543b27052361ae1963f39bbd28c73de9
xv/54683.xmv	5142709	2ee1c5fd1c4c0c92cee195e4fb725a4ece317c96fe3880a9363fb74295f445fd
xv/54685.hot	108	b11b1546dc7c90c71836c521c76f5b124f4676695bf803f1927856b44a387690
xv/54685.xmv	3037747	51256288d33a573557c506eeaae655b0944397b587e12a0aacbfa756d0d5d6e5
xv/54687.hot	28	76f77fc4ac6fb0145c0645a7394f50323be082a763ff67bcd55867d6620c75df
xv/54687.xmv	2264041	a3f02d810abcb2b40403869b78ee6e3c25130f5f65f49b6db744e330b9ebb7e4
xv/54689.hot	48	ef5b3e282cb817adfea57dc5262dc8eaa2447409d5b51720f1c7865757bdc591
xv/54689.xmv	2368158	d10c10baf029e2456c736074868e154b9e32e587b5a19af6942153c3f39008c3
xv/54691.hot	28	e601f639668e988978386442e6865ab8ff8712cce4a15ace43ba8a83cd6aee35
xv/54691.xmv	1465806	d2080fbfd3dd70a04e0f1bee2f9a8ae35b3acdf3ac7ca75e15ad5bc702ce4024
xv/54735.hot	128	7148e0f1de84e28da4582803880b4a8de94ae94a34855e12cbdce230120fa167
xv/54735.xmv	5473665	32897322351a35fc52d2de094379249f0ec9b28dbbc68ddeb8d7b5f2723e38af
xv/55043.hot	88	f955292c238a48a7f4414b4f845f4d64ff7bc90311687f69a1f277b5ea465610
xv/55043.xmv	5347917	dd0239ad2898b1172e923a1e895a1145129cffbabebe47322965a1a10e795f53
xv/55109.xmv	485526	b9112e56d08176bedefefef04d9386cab118cf592011214450b740ce880942f1
xv/55114.xmv	3594238	d72caaacba2b7bdacd592e654cca4cecbe7c772c6f6ea24c41e9c2b232ad0f69
xv/55247.hot	28	873877ddc6b82802998209609277881db07e627d81cae0b78ed429192c183e23
xv/55247.xmv	1005437	9f00c7c84ca1679aa2d907d221640bb813a27ef85635ee82268cd802a455cdf2
xv/55256.hot	48	c849b923a360d2cceee78800c352ceac91798a5556fdba3c7e56d44485c04860
xv/55256.xmv	1663979	8d422bc012d4c0204622431b5e96732f93a2856c3cb2c5a54986360633996cdb
xv/56001.xmv	23391173	d9682c66fbb3cb576a951553d46b667973ab786110b52d3763d294b686e32868
xv/56002.xmv	5238054	cdeebcd62eba22ee8de887426bbbed36d2ddb5e6ee1bde629a387a9a1638a4ce
xv/56003.xmv	1402599	b57830209161dc56006956d564a351413af9c334533cb644ea3302a50720e754
xv/56110.hot	28	868788ac8a5fe2d8f30251a5d18b5476687f1657f644ead25eb12a60fd35e3ab
xv/56110.xmv	1172687	0e325401abbf69fa18af67f9784da5883844c1ebed59bed9950229ff897bcd7a
xv/56543.hot	48	70238196e5b64b06477e36c97176298f421567b3bb80199056fdd7e3756d989e
xv/56543.xmv	1526723	5538429ac6dbfb1cdc70300be30eb68cf6341c4ac19779a05a5696741f4ca071
xv/58151.hot	88	e8a80fff6af0314d89ac91880b0d361e0f8d859d0671674403ad93982732c0e5
xv/58151.xmv	2754493	4cd5313e8c31a1f51cb63d47379c4998695ab896b2a8926f0004d6b1dea7b6a6
xv/58615.xmv	6749514	fc9365ba57eb579029b34d70d28ea7538555419734ad1e317a976ed9105e20d2
xv/58617.hot	48	a0771bd3cb33ea9eb686ed27b6c004194fd637451c545d1aad3066666f678ac7
xv/58617.xmv	1623282	27ae51e907e4eb7c191185857641bf52cbb2cbb430a8bbd94b4d18a876cc859a
xv/58618.hot	28	72272ef0459432716a4fe06f4df26722adf3e7d1e6d0bd1064ecd4d76c506a8e
xv/58618.xmv	1718686	64883bdb68facd44403f5da0257b914700af6928270d629e0009e6db508d25a5
xv/58619.hot	148	265868903c1c496ea578a44a7f1f8a7366065942888a849cd2fa1613392da459
xv/58619.xmv	1877114	ecd0c01fb63efe2af187d83dbb7013c3b6dd56ac28501a49e452863d4774c948
xv/61126.hot	28	756d15beb67a3704aa89748a54c10b7d19ac2afeabdd6c3874edb20c92ed7066
xv/61126.xmv	1474883	e0fbb0d0621603bcb1e5e6819264fa27e8e6dceb3b0d2cd2dba44fbcd4658e78
xv/61851.xmv	2346679	4410d4c4ade2a5accb169ee6dcfcfbb7486a6fbe12d553f06d3c2eb97468c51b
xv/63750.xmv	2301007	0fe12eb06cec6f5b02b34bfcc3dc81736ce03a25f8268416e4adb252816a22c8
xv/63751.xmv	2134740	b998a6511a6ccdaae8ed917de5f8977c73bf4118a89646dd9d2fffaab93564c1
xv/64421.xmv	119961	6e7c764449166b5f652202368e81c550a1bed40f63df1899aced9e5fd6c6c9bd
xv/64422.xmv	92693	814f0d5809bf34e37a146ffdec3e5598237bb66d59cfca76e94715e71a3f1560
xv/64432.xmv	104629	f9fa737f5586b376fb815b84b51abca22472b4f8cf2a8e00818499dc3a25a460
xv/64437.xmv	112359	afe0f50d5c1af778cdf2248b650c5fd0300ab4ddf4aeb1c7a0544a2640cbfc98
xv/64623.xmv	2359303	49cc5bf9a1d3d33b75174941a81bbf2cf403205313fd448b8946ce786b2bbee4
xv/64657.xmv	164454	bf6274d79cfe29be2f8b08a27fc76a09c2a04dc56dc0bb52dc985043401002fd
xv/64661.xmv	3401825	bf39df316272aa301156b41bb7f0350026c51b4e329fe0139a88b64a9a58e0b9
xv/64665.xmv	103368	e98d6b06c1c30b611ebf6b43d747b5c591bbea798559bf60c8307d9ce3f71016
xv/64666.xmv	96702	f9a216d70529080107c9895a966358ac4a59a4106ea49dcebd996c239d5fc66e
xv/64700.xmv	3143413	80e3121eda15abb7297e27de1c8c238f4be2bd8f178828334fcaccd55ab1032e
xv/64701.xmv	3109123	bcca5e0e55b5e6b1ad7c2aba6ae8089c367dd1459c33aa3e37ab869ce00d4397
xv/66733.hot	28	7851a960b06b07dff0781f26f6fdf35824e5ace2d7cdf600898fd1574dc28b4e
xv/66733.xmv	3205525	d6808e38d50915602d9dfef00bf4fc46f7458f8523ecccb88f5d900a60edff5e
xv/67749.xmv	89862	04f0d86d383eb30b7b0d0763121ac48a342c7112386f13e39b04f78b82423a03
xv/67753.xmv	80145	535e0f508df1b035780e60101094272985eaa5c8fe222490cf645c766271d14f
xv/68459.hot	548	0a08f48ced4ff9f99ae019b73fa6ff305b15874ee155fbae6f6afbfb6a51da39
xv/68459.xmv	11578655	5133f24c6d209676e33fe3d45f60443f719f7648e2b5b98b214d4bb0df6d89ac
xv/68809.xmv	953051	093a2c86dcfedea0d0cdf19bd0318523ecda70c8c500e6b646a932e3266870b4
xv/69212.xmv	125963	1c219e95a72076741a3fa7b9ba1074c15526d3073ac56b751f9763782df1256f
xv/69214.hot	28	5ce03c24b683c0d266a2c234ab70be9f47ea7d67ac25fe85b79e322d3ec27f56
xv/69214.xmv	771877	6fcc321b969106e0d954ce3ad5c3df0d737b5a10d5b7e4d42cf42a1c8dc99932
xv/70387.hot	28	c20991a8b6662a944f929bb14094ab7cae2e845245df12907a9e1cf168a9cc0a
xv/70387.xmv	1832591	b05d47ab92f57a57f7295098fd9d3ac4654ea4d4d711db1f110a62d92651544e
xv/70515.hot	188	50ea9e81d84c06e9a3ed8926ee04083933251e7e1731516da82dee833b90c441
xv/70515.xmv	9872776	e673c7c2e5117ad831920918af3c29c95f1456eaad1d7d9e4af6192a4b7c80eb
xv/70706.xmv	2001870	703a03f20788fdf38a42fdedbe8bdc7a3e75405a12dcdbba6c3911842bed59c7
xv/70710.xmv	7911573	4549399b422bbc2ae1c85e71f4a2559387cda810ac75b5d2dc04ee064795eba9
xv/70712.xmv	10024035	83118e8052d140446bca92b557d938940b67e74460def1cdd3328a7c65287217
xv/71003.xmv	3594240	1fdd5338db50cc5bbfd9f49afe4226e13d86e47f5db6b4d02a36b4940218bbc4
xv/71213.xmv	1515350	568d909566e5057e362402f46dd8c34b910fd660554589b71f5804065cfddedf
xv/71855.xmv	15085423	dbbf85484e11bd8eb7396f3f79f1ca4dd8e8312459709e8381aa515bc3bfaaf4
xv/71914.xmv	12715986	4f889981518715d50f0666e191e4e8fe4f96f737d1d087359db754ccd48d0e63
xv/73994.xmv	488341	8f4eb251da971dba5b883cc25f8b5da8c749b6e2083e2122a3f6f539617b1917
xv/73996.xmv	579928	f1e48436177a45da92fd143d751aa86b61e8c4245a8881b1f478e91d49ef88a6
xv/73997.xmv	699352	3973f5f641f5a54df72d8c66cbe737e5d890386235e27cde3e7b8536a9b9d788
xv/73998.xmv	535755	4bc475003b9eff90c7528ea20d5caa7db28c851d464aa28c42c5797acca43cc0
xv/73999.xmv	488119	c7a50d0474564948550602e9384a3309c3f04dfae0254f03067e0008a73dfb6f
xv/74000.xmv	531247	d9f0150400c4f1b4624d4b2ca84f01edc389c85032e3888aa244d86aa023f2c8
xv/74129.hot	68	8f38cbc72938c87b4b1bfe1d20db66b2bdc847e9386eaeec3fc4fe31e04d2fdc
xv/74129.xmv	9039811	56775057c5cd67a2bd7315f676a247a95487cbb453d73d721c7cd9f53103fd79
xv/75210.hot	68	13b42100e22cd17ec5a284b3f9c2ac4a36c69dfdb8968568e85fad4622c4d13a
xv/75210.xmv	3548601	4a45dc291151434184e026fa965e9818fbb12a484e2245b30264433d2bd33401
xv/75213.hot	108	7dfb7100b3a873f2c75264dbd6a3c11dc7495b56bb9bda29185d940250986af3
xv/75213.xmv	4863614	9df32eb9253cd16af153fa2d96d956f2e6b9dc7c7d8bc1a2f58ee0ae14e9c25c
xv/77995.hot	88	ed59e15045426691eca050da83fbb7eefe9907c1296411182ba0b58a14ac9ec2
xv/77995.xmv	4651096	c8ee970f6908e9e2473615f8983218328769a6b1c8550d784bf48910067f85a3
xv/78767.hot	28	68702f462cf59306065751974cfe54cdeef309d05b3d1afb027edb1012ae2c23
xv/78767.xmv	670341	8a5e8fda29f4fc6cb99a8d6035c200a8705647bf074064ef4d3409ae7318c876
xv/78768.hot	28	4f81f676f4a7a3c75724824a3f5fd4a3554cf4a86784bd3b0dba5a902a18c67c
xv/78768.xmv	745576	95f22e40a2ddf0a498b7ffa079a1b3b5b05e0b241aa4b9a58b959a2f91731fc0
xv/79653.xmv	583685	b3a254174db34e36f6505c70524724aabb0b2ab1e57da66df077228c7902f992
xv/80829.hot	68	b0abf75e35b7e60c1f3acbe2365b4c9af3dd8aedd3952f34898d35eaa1503167
xv/80829.xmv	3144829	c314dc1b3b52ad1b508a17e25a46d979287e5dcb1798310ea088100e397003c3
xv/81407.xmv	2968259	0c219d41240b1ef6c6c343811f275d432a6f8a0da2fa3629d66c71ed149379ab
xv/82220.hot	28	7c4df639edb6076f27eebc43d734b594ad63ead8bcada22ddff941e763d0d217
xv/82220.xmv	2092468	9017faa8dee076bdc5e06b2caf41e2ba171eca912c93fc12cef677b3d8046829
xv/82222.xmv	2484040	0ad77552374a38753c6d3924467158746e1db67f7f3a9240eb1748872246eb21
xv/82367.hot	48	dfd3c3feb2c47454909e2187cea4804e648a310a00c6e532add51f0da5a9f9fd
xv/82367.xmv	3015403	8126060371be33029a1a7ecae63b0a8460184c0cde882762f4ca178c2848e476
xv/82995.hot	68	f56d8ef724241620b27fd7785700eda59bddbe02d64719d92370cc780d930d61
xv/82995.xmv	1620241	a2c56567733378f33a33e8b7e59c60cf56be2d3b2d7527331d647c423e6297b0
xv/83176.xmv	3258613	e64d06e797d988b053eb29b44ccce90cc4e8b0d7e9d4731dd2f388f2c644fa7d
xv/83290.hot	68	39991f331b58d2228cf5dc9c51c39a29170d780e4123ef4201f9d73fe64a4b91
xv/83290.xmv	5742036	47622b6699eaa53e5033a2f128130fb0cf3866755e7c265f0d498db5ad289a9e
xv/83845.hot	128	5859054ddbb4d25aef4e0c492b64e7134dabfb9125bd5b21f6f966db9f4253e5
xv/83845.xmv	11813080	17262afbd855f542ed051348926a80fa2d4623396eb30376e065312bb994a8a8
xv/84459.hot	148	9ed03b445fae9028f5722b966c4ce03d1ab26211563da940843ecce75982d06c
xv/84459.xmv	5120352	c008e34b671a8a08057773ca677e237fd0146a03655af9fc109022c19cb4b1fa
xv/85229.hot	48	347c6aa40dfa616658f8692ee2d2173b8a1d4519ca2a5084d5e3d50a730ac294
xv/85229.xmv	5607889	20cdd34dfe9aebed2fca546faa47180fa86aee07bab953ad4e6976967d9e2610
xv/87260.xmv	12990340	bf438b696b43dd7c8bc8f26c617ae04d49c520d2eba2f861fc1214e332b82883
xv/87296.xmv	176293	ff6ce6d3122513a25a58e823c5067a1e6a7c18f5dc853c0763e26b145d8fc744
xv/87297.xmv	183914	df0b22f9ad4fcfd4211a2aabd3f94e09b2b3756050eda9675dd6fdbe4aea8c70
xv/87298.xmv	204954	c1550d60bb52fedab52cdf7fbd1740c524f98467e869431f4d2a74a0c5371728
xv/87345.xmv	357802	16be7a35d893452af3af2d29ea3190f5678581eb173de8f5e500f7c270e69438
xv/87579.xmv	2468149	7212b4758b1b6628a41ec1374d84ef8899365a5a4fd2dc78ab8299e364f63240
xv/87863.xmv	39641	fcea01c89fe0c31a713d39cabf173d8f8245f4a76201359bff29e7da700c24d1
xv/87864.xmv	2780824	2e1930e514abc066ae4cb15a30e69c80e4fe3c7c2c50952e38e87ee0142735d4
xv/88316.xmv	4148891	7a653e55d7769e10554012874d509cfc110dc4b53d02ce76d49f16bce7b920e8
xv/88908.xmv	247398	9ac59fd8a0ca3ce9b6191f57718e0022b57d0e046d27e7140ef408ae83c7c250
xv/88909.xmv	268181	71342b160c63fe10fbd6ed261c13225de23b6226280d268830ea1a9bf513545a
xv/88910.xmv	366010	75c991271ed39154be8574e47aaca285fc78ca4f43c6d29ae561edadcd7a25aa
xv/88916.xmv	495110	8b99704b7a2a735ff4cefbb65803592a7eeb988a03464a00c691c2be16ee15e9
xv/88917.xmv	300534	f2bc7800205ddfc41dd3f972f9011d7312c3488de0a05cd81947e1647f3843d0
xv/88919.xmv	315867	dd37ca4fa128bfad98d3696b1c5bc55956df6b3989204a9914a1e6e425260390
xv/89520.hot	48	cd622d0cdde2222681534c2653c9bb617669a060c091aa001586299df700a136
xv/89520.xmv	1514619	f41027717d7e2297365ab9f839c753cde77688ca5ec2478d7d572b28689f7f32
xv/89529.hot	28	0ec8a9a713836311efe42b9defa8783f25499b97a33109b326f880cf1cb5fff2
xv/89529.xmv	986860	25b14e31c54d32fa8c2f65ba1dea969d82c79e5e77cf2883c05435f144aebf64
xv/90178.hot	628	4f6270b3a625efc3ffcd9f79cc50b02106cc9b79941dcf21f1f5df998f564945
xv/90178.xmv	31496975	4becee51fb7e16cd64cce0d87d94c1c8c04b15d65078070003c8eb5a47ed8259
xv/90740.hot	128	d3793b3a74d0573df6b2630e683377952ff790a7e5a96ab5d075806cae739b77
xv/90740.xmv	4160019	f82a5786ebf596fae2983dd4268744574dfe332c261f168bf322a8463daea0e0
xv/90830.hot	88	76a84b5d177b05689d939836449b52e146b503cc78cec8a8a3e2e499168c790d
xv/90830.xmv	2811977	814474ff1be91b289f2174a53af7af363516a4435c56ea7d5ffc3b291aa94a88
xv/90897.xmv	327241	805051f82ce3f141680c47c4de8c6a4bc056a96faee7832e068e618fa1c9ca15
xv/91298.xmv	1862396	62a0b900ba02270c123a74d40cd685c5d86719be7fd1756dda49ac836d2c4398
xv/91379.hot	68	d6e65c213b9b094f88d36ddb53177d214245f7ac5b402b9ef7b919b0e881be3b
xv/91379.xmv	4879473	79333a401ffedb06d78f8a6831a75d61820eca119fb884bb38239b01cc61a88c
xv/93405.hot	128	288671ccbbca7698311e59c45210eb17180506667dd789473721d50c7895302b
xv/93405.xmv	4524863	d48b4dce30d6e72e6b2c014fb119d1465a5b4ccb735ccc970f980ef5a755e2d3
xv/93472.hot	168	9d6448a2811eb1bbcc1092dcd2d9397fb8e6cc076d83f1bc347f5c28a89c6b7a
xv/93472.xmv	5579643	c1a26ba3b90785c3a50d690525d486c088c6b7b19615db0812d225305cee6a64
xv/93475.xmv	1655053	1c8bb0498c23d32a9a4f7f8f471894cd0d0dd16fba5ee2a367f256aa95a44280
xv/93573.xmv	822922	24ed5b41fb66a7ad32fbe5c72500bf66ae8bc019acaac679b9d665bdead3ae50
