dlg.ttr	108776	e7a0aad7a63850c381239ed9ea32e5346847ee39ccbf818f6db80940da7b5e50
hcd.ttr	53472	1965d766053f9b461068e1d008c1bbae532579e7c518a18da9c3c757e0926e70
jrn.ttr	46996	ce1175a2a17ed67012cbf43f3198727a93947df6ad404228f602b6f48c31f8d3
nav1.nmv	6143233	cbeab0681536bc2765f3d5b3ed6757bad4f9ec409201de7f21414cbb6d622d96
nav2.nmv	13081138	7b66daabd3811e041850d450f5e40294716d3ba6f19bc598f876dc7af242b006
nav3.nmv	17939839	80fb0d2def6c4076e3245d6c70c4cfa02fb4917df1ebeebda1267c435211e3c6
nav4.nmv	19376762	9bffc154075d256f9a490bda9f6f942bb8c99a8961074a3a2e8e97da729f8e12
nav5.nmv	21660305	430eb7e5534fd420e0aee5dca810fc9ff4ea3109fa7ae5791a6dfe7bb1d8818f
nav6.nmv	25534643	b81f350a3828cc51285d583f634228f0df8bbfa466f01999fa3b161ff1bf48c9
nav7.nmv	9567585	c1286ecdef195025f5b87682540b594e226bb767473d04d5f1c21697dcf6b1e9
navm.nmv	6671771	88cbd52a9fa657f4d5d2e8e5d7284af2080f7e6b27a37894c605b500a83499d2
phn.ttr	42624	872370a64622a6692103d26854b3d0ae9a8ca5f94053431246c01ccc991d8e2d
x.pff	43811862	18b3d0b9b1b1d607d49a46a7fa35d2a2686f3ee59bbde84be203686312bf7436
x7.pff	649398	1c162c406335092c2f746a3d456b5a0b91f636fa8833175e35d00b587ba62f4c
xfiles.exe	3376128	d1cfec26c69c03a41d3a0e81783a11b7892bc6846f6326b306f99f2ed534e1d6
xfiles.gam	155544	cb105b2b1c79b890102bdd0fa36434d0a24ad67018df24808c32b3f2d051f9eb
xfiles.hdb	6074064	1839dc35011f55d7d32ff4929c3a365e3176934898677942fd88546981cdd591
xfilesc.dll	22528	a1a0f51d93c29aadbab32491abb539626bb1bd3949481443d88d0b73cedbd7a7
xfilese.dll	27648	c0100559a6534b774ddc9a008998f54299f3a64b0055b467cdae5b9922a71af4
xfiless.dll	28160	e3fb18852fc2c34b8b3b6e0810c37a68e80d5885c1b17aa3d16be2a8ab70c44b
xfilest.dll	82432	72968559eba7ed1b37fe7974a21057f333f95e9ea464b1feb8b68b567de53d09
xg/01556.xmv	174007	8f66f18b5fa9abdbdfb581eebdace72b89575b1a97cab61c71be8473d54b1f41
xg/01557.xmv	169300	60f7d09f1a1481e9c22bb44b8baf4e24199964c84a993eab2f8f8a9269bb252e
xg/07093.pff	4940	cc7e9a7a7a2ac82628470bcb7330ab3febf88820d9335be5610484a0e8369316
xg/17477.pff	20746	498e06177fafbf4ee931f206f01980f664f32a2f1c8c5a58f101f41a2b6f3eb1
xg/24465.xmv	84745	17fc1b715daa5af5fbdfdc84c9a0864746acf00f5f6a0e3af403a40a8023c31d
xg/24467.xmv	91645	7df07b5144c74bb212b34683b5afb68afa76371495dcee7769dcaa7f17a0cb39
xg/24469.xmv	94285	c298b9eabfc9bb31fb8c4cfb9ff61f4eea1472fc261989c8f12ac57eaf97998a
xg/24471.xmv	91577	79bde02a6eb850f4c710e4724ad6d4d0cc7fc811acabc5f57a35d35e7bd66d63
xg/24473.xmv	78761	51ee6f271264aa57560305d029e857eb927c18139fac02331916b8e88ec90919
xg/24475.xmv	94425	fedcf5dc4ede65fa466ab18172ab9b49c943b12373629d220c824bbedeca47b7
xg/24477.xmv	118969	1a9dc68333549ebf40fab7b45229044497a3a9de9b558c678362d321e1fb5eae
xg/24479.xmv	90757	8ee58764df4bda485e48acf38aeff1173100582ea512f6b8c5842a73fff562f8
xg/24481.xmv	99357	03e107858cda71fdf5bce09db30df8dd54f24ea39e01ebad6d59c1eb3673e9c6
xg/24483.xmv	101389	b2f6c17e8878d2338d0229b34b9a39ed164f73d55a756065e0cf3f4b31835806
xg/24485.xmv	118697	139ea3fa91af2b4ab51f9518adf6f1484bb99d6ad36d8a82b07b520bd972d6a2
xg/24487.xmv	152805	5d748d918306291b2ad643a4aad1b94ac740ea8bf290964f967e6b2b8e26d48d
xg/24489.xmv	148649	53a98d345716714ac8caa3aa7fe1dbfc9fbfbd934863ee834c5989936d85e347
xg/24491.xmv	74637	1c8a6b3519e1eca667d6fdcb0606cfb12aeaa4513f62e044bd421d37a1e70a0a
xg/24493.xmv	80273	c21e4fd5f7fd4e22c0a553d4e5f826787ac8b6e6935fee111ef707a725c20b0c
xg/24495.xmv	96869	fdd305f4f623de9fb553b440f2878d142cdec25c328bc99362f12bf332af053b
xg/24497.xmv	102017	894c4f1875f84912604133a1efccba4c1780dd42145dbb51eac8d88b54d5def6
xg/24505.xmv	140745	ec3978b5c70915d0c7865a3bc221631b1cd705b02fcab38ea755ae5838ff60ad
xg/24509.xmv	91469	f77d51672868a38cac53925dc262f2853851eca45a0611933623ea92d5fabc5d
xg/24511.xmv	98349	4c8603735d499f56a100b0fb06804e67f424980bd29e7d717d6eae297dd2c211
xg/24513.xmv	52497	50e9fe31be11550b5a0b31a192f7b9f9ea077abbb95c7a014e243ac086ec017d
xg/24515.xmv	114105	d68707735e51c091ac8fb578de2ce714d91a167ab9ef510b3949ef1317fa1e67
xg/24517.xmv	94233	d93d72b2669391d8c1c94fec2bfa7394937a46548b2afab06f8146454ceb9e2e
xg/24521.xmv	142785	2e2bd2a84d35f8c303e2984165a26e6f87d77de1856752be0383dbca109da26d
xg/24523.xmv	75497	8e72dfa10ed705230fc49db359f80d9a633929ef4c33c91313a35b65fb312197
xg/24525.xmv	103777	2f8fbb82716a3bfe5d1c6734a34888914a341bf15fed2707c831749485f01ecc
xg/24529.xmv	84117	aca833f9dee4c6c0928ae009f3f95b066d5b4b1555e16ce19c36313be3250544
xg/24531.xmv	42797	d10c2a454c9fb6b77398583ca42011fef935fee788c1bb0f771ae0e6257cc5ab
xg/24533.xmv	95633	f41059be175bcff571343771de014e8691c9eaefe534426a966d00df393a391c
xg/24535.xmv	112241	58d013076c67cadfcd88f094b9285678119ebda88435402620a7740e8c93ca3a
xg/25538.pff	35158	0c00d8fca2450f7e01073b3962705fb73ef49b429ea3537eb0b68d7369ac22ab
xg/27684.xmv	139477	afcf1ddd0e5a3aea61d1f4538218285ee7385c5150ce82106cb7c2b53104e309
xg/27686.xmv	135569	1f0be6b62d01da297f77608a9f3e21a99c5d866d7db355fde544375724b20b28
xg/27690.xmv	181824	a63af01779119b82cd1dbd311e3bdd195a67c0a689f14978e423d9581db0fe25
xg/27692.xmv	149443	ec95853ead34b1e4f98bdd21f954ed055c638628314234c102a8461082ed0c35
xg/27694.xmv	557115	42a83c4301e762baf9deb28eebc6e51bbfcf170b92e4e72bcf1b441043054d62
xg/27696.xmv	162820	3d7628117735aaea18a47b7170afa6521812818752fa8c49a67ed77f70e7b47f
xg/27698.xmv	132887	cc0bffa1a643fc82f681395d01c1516bb636a05c7800e38788d0b490f73f84c4
xg/27700.xmv	201317	520becc32afff66f5d5e3a3af216c8c55c1064ddb940eac93f06c1188ff8f890
xg/27702.xmv	183413	89126dd3786bbedfee8ba6ad9ac84bf60becd8b16eaca67b820b466f43bd653e
xg/27704.xmv	117978	2feb021d3353122efeede5ef2fe185de1bed0a11e174b103d73adf208d07fd21
xg/27706.xmv	224188	6861688895d91bae1f5a40d0d0b2a8d8a1022850abeca0f5e14b47bf0db8bccd
xg/28647.xmv	131618	bf8eff25b7b650480ea84137755a85cf844fcb95f4c525d28503d151a7b7839a
xg/28649.xmv	154864	ebfeed3e700586b49afe1885725a6c0ea0f03a6dca2c8a164dee0af9fd4a33bb
xg/49071.xmv	3147283	1eaa69614d5515114ddb6f57e98b2ddb6be92100c074ed5d89923d58b9398bf5
xg/49583.xmv	2242210	0d5616334b919ab8fef0f495bed65af055432ce479ca0a41cb3ce93ee3bf307e
xg/49585.xmv	1511131	1e2132707fc4f8d85ed564541184641c9d32ba7a50485cf1722171a348e2b7ca
xg/49587.xmv	2208814	b928d919d3c500513b5389e2e5c80dfc63cb502ae9c2708e355d33826f50328e
xg/49589.xmv	312108	48d466251926fbe0c171e68633c5d688c59be50b8c87f436ce6394b484fb1b1a
xg/52248.pff	1680	e01c4e98ebe83dc579bc8159161f7d0960acfe5df1d2d37faee6947449c91196
xg/52250.pff	7664	02fa8fc4c9e19366dd7f86a5389806553242cf86e744f18f82f3510ec3ac29fc
xg/52648.pff	9446	2a493f847f088ce5e68c5d5d1dc8b82bf54f493869e3ec99efe323bcbcdd146b
xg/52651.pff	486	458bc09c3555afc3b474ab6d888b3d684bc35becb7a1a97c4669705f4b3df082
xg/52655.xmv	221874	50a8ec3c5c8c155c7958addb60c306718bae9e27fb5c6c91d8bf46c113073085
xg/54200.xmv	325933	b2332c52f1e70d3c58ee762c2f0d004ed39c6c574b90ad747cce7724e24f5160
xg/55395.xmv	31749	f6a7f94ce3793321767e168c2f67232101c216ef31466624c4ceccc8270bf0ba
xg/56700.pff	34772	fe2b9b51a08b7d886d6bf2fff7254171e3092292b6b596b0ff859174fc1de990
xg/58092.pff	21290	cd14bef70e991ae6da1e8fdcd50475956f6051b3977bd9a6f3e067c94ba5c08d
xg/58907.pff	24924	8e1adbc46afbdc7f4854ba7bffe9295faa054f5d5c5591153471cbcaf572bae2
xg/58908.pff	4576	3ba30e8d1e1226a1fed3ab4d0f10de4f9862e8748ae54bfa4e3cc010df9c7df2
xg/58909.pff	9422	481013f33a93cf86075c1aa73de5c164948c7c09fceda5fc230bd2919c09a9da
xg/58910.pff	28176	31d069acbb6702efd49c6446634d1a294e4f85e92524bdc2d7a2cb7594fefa21
xg/58911.pff	19932	c5d69431efb47552256a4c88c3abd5dbec431f54ac35feb9f36b750d78866a34
xg/58912.pff	13780	a6a0eec6d0e39b56461b1236f0c0b8369299be66323d76d9a87b30747a084559
xg/61046.xmv	905866	320821af4538f88e83df5765549b19cfd45a3f19ecbe79d840b61fc644b65997
xg/63457.xmv	112482	8ad684856a09806e6a12038867eee14e8b5cfc3d40a50b175839463e2ff279f3
xg/69328.pff	570	fd24fc3c848bcaa1f15b2f91bd034e2362e1a1c13da96f834a9cf489a0d6d804
xg/72706.pff	2800	13df74f3a2d05ec89159c8c35394da16a63792da7ebb31bd009aa93e15901c06
xg/72736.pff	2558	41d79bf2d451d46cbe2dffaa052a8c870b846fd091b24fd1266cdf69dded0fea
xg/73725.xmv	58699	f3d56f7d7df730cc7ba80097d455b6e59668c658ec26109548828f0544f5431f
xg/73726.xmv	115381	82d445c9312d3b9395df7602e6184e786c83468f518ea0a2c0fd29eed6161a37
xg/73727.xmv	87167	7c892bf14c795970e026fd40c977ece2241d10da4f22b8a42b8109f42594d31d
xg/73728.xmv	215287	ad6ef9cf48a42d95d2cff86fc32b65c75da675aa0e5dc9a78cd97adb6ae660b1
xg/74096.xmv	124928	fa6db3469251d70d76e67bbf9e7e4e2b6c9309370d664bc7737139d636e0c08c
xg/82524.pff	532	ef729c1dcd7d2f2f5320037a8a0c462d3214dec954526c3e780047949e40f99a
xg/87598.xmv	91840	83e1c570803cb230296b47dac90620f41b63374057d4a896c1dd9b244c1aeb88
xg/93779.xmv	147799	8074f7f9a130e851f13ff6fa9e5ea5131e3da8b7ddb445e038dc82e4f4540399
xg/94122.xmv	108738	f1346b1a19a58a93a57a829b199ec4ff9cda8d82ebcababdea2c129994852062
xg/94215.xmv	150893	0490bc04369d610d46d8693f58b75e04a44c4c68e2d14da9270562a9cd83cb61
xn/02522.xmv	756808	1071b2beeba0821d2538a6596c36562a6392c44ca0db751b39d5a5e2e45ecf9e
xn/02532.xmv	672081	bc6f3914f1978061ed304e392cdbbaa107b02814c25d661792001bd8e086b76d
xn/04237.xmv	493619	5b456afe86b5cfb9f5e6cb6531402148b6598c8fdc5e787d673556787b8d75fb
xn/04793.xmv	418397	e405f8908c1e8624d17c7eab0e5bfd8c86cedbef5506ddeefcc84e23d7a2c4e1
xn/04832.xmv	249545	5471006fc2bd95fcc7b40deb3e8ecf4cecca8c3a3c4a62a0fd02bb0af17be5f1
xn/06328.xmv	1016807	bbf5ae02d5ca5b9b46f8ced3c2d0be9a85ea8d6dc2ac5e6c40f9b6413f543615
xn/07170.xmv	887136	e537d7c7d4baa3d081e8e7cdeeef9a9939283e6040a3cc22e84fcf65e11c0e0a
xn/07364.xmv	339729	8f52bb6041b1b24972af81725d0df47236523a74b130eea6c11194ddb9dce0a9
xn/09620.xmv	307368	2b415924ecf2730c093b8b3915f6d943bbc43ee4c29c320ed62596bc3bc62079
xn/09628.xmv	300895	5d5e15af67c83420594a0549f94271b0fb21ae503e6b0a49fd3690641275ca7e
xn/09651.xmv	228197	8f479b49e5f4eea8923868af31fc8ec3a391437e3a21fc4f15f974fedc60be45
xn/25653.xmv	131692	c0ac3ee62451ce38c5c93ebcdd6c6d2a5c495ea365dd9e286ad31f99d1979c83
xn/25655.xmv	246765	5847685a86e4d769d78a14c25820ce11c3e89e7e938b2466b87050ac184a2853
xn/25659.xmv	667444	feb1910ee9066f6c5f472dcbf29332e1470ca4a1d7a358202646df89a714cf19
xn/25683.xmv	258476	767bffd6fed502f2cef700b7e53da8b427e1a40d7d53f22d273edec695a03799
xn/25709.xmv	703505	800fdaf3ef408dce3d32a1be52727ed72a1716509c200713ad0c6d0d762b0692
xn/25713.xmv	890127	d0b40545c51460c9b6d3ace522899ad2a1884e17482f042c0b46c197d645f0d8
xn/25715.xmv	40162	737099ae73a16baa4e6299f8150b6ddeee52ce932f47fbccffe97d32140f82e9
xn/25745.xmv	381350	39b91de33e58e06f48f9992e4687335f7cad403803020a86d42356b7cb75596e
xn/25755.xmv	789177	cbb93d13cf193710c0b2d3bc6e155fa08f333492c36624e7956719d65f1a70c3
xn/25763.xmv	391990	9c3c95b13ff452bc16d036ef372bf82d34ceb02f95e5d766e83bb66675922943
xn/25787.xmv	1271734	a3748090f639c9fc4dfa021b6bf25d9aacb096af707681062840453c05ff418e
xn/25793.xmv	412603	c8bab32958b3a9f5a506a6dd89d7b9974835a6dfac3b1ef2a7f55ad702f4f336
xn/25795.xmv	186694	e7c6a801a818129287dba8af4768ccdbde0d63e06c9b350255d1d9ec5f1c5a26
xn/25797.xmv	505808	e732738fe113236fd5ff4bac7f3d615d5955f548982db786c1db555677a8c695
xn/25807.xmv	434551	71188db4d026833db1af2ab898546673f5151e3321a5320cbbf1b943d851f22a
xn/25809.xmv	564581	a341ac2063d7721ff43caaa54da47009bcb071e0ba12154771bf471e794a1205
xn/25841.xmv	979453	5d1a3344ebc94b9879fb193a500140fe746c1afe460c54426e12c77affb6fa49
xn/25843.xmv	221281	4fb72af1d1972ab7250fdb04d7124419254dadbea2a011b21c826facce3b720b
xn/25853.xmv	766476	1d7b2047f8f3f1ec5cd166539d8765ea50668a59c2f5877035c68992673244a8
xn/25867.xmv	1194249	850d8b850f784bf4aadf09399d4a54bcc2e9e7ea03894c0b0db95fe4df7dd575
xn/25909.xmv	2015884	6fe55e59793b9ed27f161b54606d1c22931b605f71782f11438750f9645ac349
xn/25911.xmv	315366	1c1ecf1b930ffb0463ab972e9ea657bc7efe9ceb22e72e66b359c6b660f793ab
xn/25917.xmv	756807	5a0fec872e2cb983343efa01cfe1986699b3dd180bfe92894b17f8357e89aa1c
xn/25923.xmv	287203	a9eef5141ca0ec7b505ad2bf6fcc2f7ea232895eb3f2667e20813164539060cc
xn/25927.xmv	192235	33692cd7aaec0bce5dff411f77b25c2eb3a7994392f74c670fa4bec487c5b50c
xn/25929.xmv	134395	c3de6592a1df8b3211d03c0b7525cc14ec3f9dca0ed6af471073528c9b25fe81
xn/25931.xmv	496570	9d97eda8d6aa1781f5e02659b0165c26c99aa7d643a50a2ccb37711e00bac72a
xn/25933.xmv	366487	7959bbdf7ae7f9dca93219ba9f9e1a1e365ea95bde7f287e50daaa7b010a449c
xn/25935.xmv	1951698	e709bb69d343950480c809dfc3db971067ad1ec37c4d0ecf1a8fb805eed3e330
xn/25947.xmv	474968	203283cfd100b3262543abe4843011d332728fed93fe35f55fb9ec322c30c340
xn/25949.xmv	980615	bcac2d59fda39731cf1d12ccd87b47a2001a524159f334e353c3b29c8e0839af
xn/25951.xmv	1922990	aa35464444d7d6310b803532456c9ef780fb10fb42852f9f2d21c57ccb144f98
xn/25961.xmv	429798	02eee216670b629c42e3e9a205b7efdf503091fded072ccd551f03c4900b8308
xn/25963.xmv	142182	59acdf315bbd11b6682713f982a4f54a080d35470bddb5cfa756d9b75134a918
xn/25965.xmv	476371	73fe54e8890935f25b22895aabb85b3e443f1ea884384ee05a9bd4d868b2ecd3
xn/25967.xmv	1543700	a621d294cfe925052b75af22045e1c132a5247de58912cc322620881ff403303
xn/25969.xmv	787388	8b9755f2aaef2ff66e119fa4a582a445ed4b9dea5def5e2b59d2e7cd911ee604
xn/25975.xmv	487814	27d720bfdc25d236c0a64800fdff7848f48a63b8f8b74aa8113ae98f635785fd
xn/25979.xmv	1413851	06cacf5de81074844c23e45492771d4c520624e16d07af1875bb707673b58abf
xn/25983.xmv	180288	33ac847df14242af571c8890bdc7cab587af7f1594317f24d2164fbaeb8dd155
xn/25985.xmv	213037	4419c6257d9585337c8de74e8a0510058e32223dac5f563bae8a5ecbaf1a16e6
xn/25989.xmv	132601	5a6aa856429cc31366ccd1ac522ab621854e942d8dcf90d5824ae9f0a47704c8
xn/25991.xmv	776311	09dc5e4ed3a83738f9aa559574263decedb1e523d6d464d2d0df083cbdc4e946
xn/25997.xmv	838119	1ccc40718c56fd52d721ac491cb22110847ffd2ff8d8742920f0aae037a63a72
xn/26001.xmv	1376307	f7e84e217bd58651f71b97d3473e7116a9b2fb38342515fcd15920795dc9b8cd
xn/26240.xmv	510295	69553fa44047baa5fd33b3a3d84c07ba6d2155f2a268a5517c86964dc8352933
xn/26246.xmv	583327	4c46ab1e043ab4958f59f70df486335e5ce950eead17ded992825036e814a2b0
xn/26252.xmv	699503	e89a39ea64ad0c786967f543664366f88a94a53b44a8b4994cafe1ac64c17509
xn/26256.xmv	388410	4c0b8025a55a7c55a0207ad2ede09393deb1e7601cac31960e34d9f6706df528
xn/26260.xmv	355678	4d23f5926fe898d981c4fb122b9ac4f7c77977a1ff7dab9c6c025f30e5d1e487
xn/26262.xmv	424921	e1f4c4405c97b1f4ac11e7108de868cd3d388e4b80e5d023c40a751b06849f58
xn/27271.xmv	196945	712c81bdbd2b5f708ab9c67e406fda0b6d277d29b4f1ad6c33fca24c2839ee9e
xn/28751.xmv	495473	a9369950b6729ef81f2e2434aa21c163224266c97c7e3e0f32b3b187b1e285d9
xn/28757.xmv	373578	a674a9c7bbffde0fd6fb05ef310f3ea0040af65bbe633ff4efb2b362583e6f54
xn/28765.xmv	520899	135b48715c9075122bbb07acabf59ac286d0706d2ee4092d6b1a1e0f023d6841
xn/28767.xmv	385697	5ab43deafafe2f81e62d4cf8cceb71cec694337ed1e023881387e5d21a0e3635
xn/28771.xmv	524167	d7032f18746b76bee6a814938a39594e9ead74b4ed1d64b843721cea9cb27dc3
xn/28777.xmv	444283	89f77cb143fa91b0ee8e23039e04faa93edc5f9418c3dfb2afdf887852344055
xn/28795.xmv	498561	105c32ed3a7b8630d5a7c51fb17aea5ed6595bb364212234251031dea8c966e1
xn/28799.xmv	633215	7f4504908c09441aec7a95ec292f3a134f7ed0e01484b37cccfe7d6b389ecb48
xn/28801.xmv	582033	439df895f5cf92c79071bf8a570deb47b8e5e9ea48bfaa1df611487d7eee3a0d
xn/28809.xmv	556813	ed43aca8206142ee5d1a221cef35e9ff425c37b7edaa453ac48db0dff5c8ec95
xn/28815.xmv	294292	60f0b558adeeb8221ed32aff4f6546d36f72512d4d05147209011684645ebabc
xn/28817.xmv	453691	b896ed3bef821c2ea9a344cc875187c47f4f34202e3eea53484f1d3b4491a066
xn/28823.xmv	426301	5fbdae26d48ce0a1ff125769852c34b379756a26cbedc0378309469367fdc690
xn/28827.xmv	657426	660635f0ba708dfad3b8fbad09e4ff61e86da167e982d58d86b7cc61c93efa1d
xn/28833.xmv	416559	947efab3e0215b70053a280a2c19bc8ba6387ae3dcf284f845fd50c9885bcfe3
xn/28835.xmv	374027	ef8ccddab2a8595b4fbc43e8b487ca910a946b7ab9d9c2718702a04c80139f12
xn/28843.xmv	588956	5fb764ca057a60ef5ffdbd6578b2b7feb03dec6ab1f45ffde9eb03c616a1f1b2
xn/28845.xmv	375655	7fde45cd868a0df83971a94e63725a06240f191ced6b7b6d7c8f3cfd21378b4c
xn/28847.xmv	396802	6d601fc76897fe53a0b581374c0c7c64be97010695eea7c790f8fc33f180c70e
xn/28849.xmv	200390	387546dac970d2fd52ef9cd5673e28353d016512889b157892dd2dcbedb7bfbf
xn/28851.xmv	395038	2f5213bf27d0396e1a5a9e4d44d6ca3cd0feef10d64b8361a189fd3f021e2f70
xn/28853.xmv	1232099	f5da7b5a943b9fcc1abe074ae743ad84d26b17c1ee2fb1ab6fb06c270a758cc2
xn/28875.xmv	931529	2fe316227709e4666848bd7bc802e1edc51f8cc21d3e3bdd1abdfeb143a3387d
xn/28885.xmv	476030	27083895afa89baa49c617fa02e66d9454ba783eb6de0c0a9030e93b76a74a24
xn/28921.xmv	344246	0ef38f7a853a7cba7d7ecc4634a5a6ebcf3cd304f57518c2f602fcc2bac735ee
xn/28983.xmv	778116	f7ee99aac71af6f7ad9c9895b36acbbca074228e8b0e63082099c36fec8f5f9a
xn/28991.xmv	583534	8c49e68131b7a6f7285244a1893f4d3930333d7b0e81145660606b363a8e6ab9
xn/29010.xmv	879944	04bfeff5c885b758e0d42391a4479ab3d37ade19fed9f8526892a3fd16a6dbd4
xn/29018.xmv	647720	3fea2a23d961344c3e9d6de8a873703b8d3ee358923ba9197c1cd8f242191775
xn/29026.xmv	228308	ebb0c271cb598dd34000860bea74a0aab15f224df41bbad0c4763d95935761a8
xn/29036.xmv	813743	a244fd382dd3d83f78fc9f27e64a99105c6ec76389f6214137913ac48157af40
xn/29044.xmv	795307	ea1f61a0075a89c88fb25693addfd62e15b2690626c7f580f126392892e82023
xn/29052.xmv	450162	ef197e7c9571170daf863f1aa090090df8105346dddef4358e6fa62a00bd418d
xn/29060.xmv	488704	a3188e7d3b55d916b5b246802bd1d574bd8c0957bd27902833815d172cb0d403
xn/29066.xmv	379789	8fd712981fba0c9495bece19b75464cb979b3db01f77edae84deb3ba4a86f999
xn/29076.xmv	774217	9fb7c5f6b04db9ba054a5b6a2a02b3876f8bb970e7b8f830bead7790bf050560
xn/29090.xmv	380620	0cae3abc1e944b8360f72a4fce5f2ce25f92c9abaa90ffad5d05b46abcdd3f33
xn/29096.xmv	626347	4d8d5aa484a4e1706a0ff2444a58c037c12865da32156b8c748217f030024218
xn/29108.xmv	393730	b25fae00be9364996266fac1f256f6aeb7cbf0c3fd42b7278cbb505f6d95d33e
xn/29194.xmv	585619	3d130cb7d367d3785676c4b39c2f1b310f969a7b6f981d99ecbd2629bc81e1d1
xn/29198.xmv	910571	2bcfbf197204d6b9428797a9371a2934f05f5486db84068be954a62420b9daf6
xn/29200.xmv	641190	19447acea988d2025660982509118253e7fee493df7ae51ed533c7b83c83dce7
xn/29252.xmv	590205	ae77dd75606ae03f1baa20b44d036335990b4cba0d23d27a846f7bcf801bceec
xn/29260.xmv	509821	dd4d8a0433ed395f6109fc614ecf378fae7152b7fa68ceda4d4f114be54ec2d7
xn/29739.xmv	33503	362901e354378e6383a963c92651c0364a3b8d20492209a6b1528efe7a906103
xn/32168.xmv	297887	f57308ac4e68a7717352cd2b2737064bb08ca08ff65f8b170cac3133c8836383
xn/32365.xmv	428896	9192d15bab578183bbb8d4955b7356dd5d532466869a1b926a3bec2cd358d568
xn/32373.xmv	226791	bb3402109724d55c00f1c9b626701b309c742d6d43f4401edf0a23f8b26c2c00
xn/32375.xmv	183990	2d03752f9bfbb83664b290482d72c86d0a99efbb3c6d0c4abf5a57d886b3b366
xn/32377.xmv	296434	62a309ebb646b97858e84c65f2215a4b8467585e0ed10d91fb291f4f1f197f27
xn/32381.xmv	510202	68bf9169c2490cf3dee0d27ed2d41227585715a68544ef8e7c4751ac35389fa5
xn/32385.xmv	405881	de6b3e7af2fafd70ac02f7ef62ff7b6b775a415c2134fd7346ba2cd6f2c310d7
xn/32387.xmv	206556	60571518c388cbb78e7118246c47abd9de339effe555f122348de2bc5a477d5c
xn/32389.xmv	1763776	d8fcde930b44dee957b82dc7da11bb3e72d92275aafdc43ae875329e1c48c5bb
xn/32391.xmv	1010577	f6695c61845cc59ecaf3580fc12c5795892ba759e40f77e153a9f37635276327
xn/32399.xmv	609800	aa90efa9efbd0183efc5a8a0e0c906fce862d7c1093357d896fb0277aa7d8bc7
xn/32411.xmv	677257	5bffa02aa85152d5de17b28f0998843a55a5f6fdf0016103c83e8a5c714dda44
xn/32417.xmv	261529	29ce52c760377e932bff5b064d09fc76c22050ab05c7823dd7dec2f537bfcc8e
xn/32419.xmv	394844	c2bdb0ad5dea712ff87cfd0d230eddb9f221fa04149938762bd290e3286eb3ff
xn/32423.xmv	39675	a1931952c6d80047d1cc46fa6554af773d44d87d210cec8975b80410af7eb02d
xn/32425.xmv	411587	797be78d73033948853f9f79c51b4500e4715741bc325d04f5efd26bf3631320
xn/32427.xmv	607539	9f83ed4a5b4c20fafb80f443ae3768c5276d5e08522c95084cfa2c793c488484
xn/32429.xmv	519635	bf1029697a1ce089743e37806abe6f4b40157826d7b388b6ad4baa5846a44115
xn/32431.xmv	216943	b406e034619a214758f479d600b4f698b2d24f57a7e0a18b8a14c25c50f8b7cf
xn/32433.xmv	366491	2c5ecdce0cce7c5e14634879af275e2da7e02875a9c59f74cccc09618d1683de
xn/32435.xmv	370114	295d0dc10835eae7b0cc51247047da9480c4216749e1cecf68bacf17ef31b2bf
xn/32437.xmv	840728	8c5994605936cfa7175db6dce827f45f37c4861e68901ffa8c19fd17cdb495a8
xn/32441.xmv	303703	15c3eed511ee64b41ed9abcf00cbcf13d3b831c52abe2d4824df12e29e5276ff
xn/32443.xmv	553910	dc0c3b2fe187376f84f4904d462d463565eb31fd62cd8bc4b671faa9f874fdc3
xn/32445.xmv	388084	ab7cce4d7805fc6889e2cf852e09e3250d800a30ecb78df0b2261f83c3b0e938
xn/32447.xmv	1703855	21a52990e67ea100601d51e4f52172761784896f269f1f657debf60c1a1c0e55
xn/32451.xmv	387116	2facfd4c1f6ab0657bc8ed1f1d529a93178e55e8f9e3a9c0fae15c8f9a6ddaf7
xn/32455.xmv	1023223	608542991cc907d00a3bafcc05a2d3ad49f58f817a7d4c282a327bf598211e4e
xn/32457.xmv	214513	c006b458d81143995ba90e31f22ac355048eec06bc5005911805f3febee47786
xn/32459.xmv	297827	b2fb2179183670b85b08e8d407b4d343bc7f1a1534bc4bfd85a35fa9287816f1
xn/32461.xmv	785279	56df753d196361e469ddc202baa9dd445b1d604b7dd81093fee3e971cd6ab02e
xn/32463.xmv	565339	de26865e6e10f298d68f4335b3e3c24ac920582c1af0b57f3f00780a8e17a4b5
xn/32465.xmv	989923	f28b98f56752022a5e4289b3905abe5afc22f1868756410ac686c06387cc0552
xn/32467.xmv	401718	7ad1216b1291a314662d33a26f08f10aff1a7f0028dbd30b16d5d1a5090398e2
xn/32469.xmv	380453	5c106d8e023dd646b756c15852cb07bbf6d9056f86dc77e7961e867b5d8f380d
xn/32471.xmv	424212	d87978da1b70d2ca76a2c7529d49af4bed4b1de9abd9d4be48b53c5a34e9040e
xn/32473.xmv	209913	dfc49ab8e14f5d0237b3420aa5cea298c2c77a89b5f0623e703a660d8f45aa1c
xn/32477.xmv	821604	1ee97ce4423853604900779f687cd3488b73e56ed6f07cd5bb6e94d4ccd9942f
xn/32479.xmv	738725	12f3c2368001ebd5ce52eff10bee7b83e7eb71ec610077b48c619df08e02c0b4
xn/32483.xmv	438024	02657e2c3780488252d0657e8a43da6888a97b58e9733932ed1cbf2cc3afe524
xn/32485.xmv	425211	e95592f2b1099426370b7eb1acf4e84c733dd65c5e031b0fc4feb1fee90caaa6
xn/32487.xmv	881932	a80937fec90819ee6eff21b9fd331e32af404660ee6ad22f811badf62213247f
xn/32489.xmv	409162	83bc2a8dc1b8ccfb55b2750f6bd295064a8a4ad53b19adb4a6695c6544e7f139
xn/32491.xmv	326625	79899351887b17a274636cf60c6e2cdff469aeceec79f34b75eeeacff392d76a
xn/32493.xmv	364448	a9dbe259245c1297377940196e4c5a9e526af3f6f860dd971a75bce5c82dcb8d
xn/32495.xmv	1681032	e60880c3edc58186c3fa7322300aaafb799a26d703d0788119a66d6a58778ebb
xn/32499.xmv	189609	b214940568c59125a0c00b0f83a9ccc9233cbcb1db12421be99a2741dba6aecb
xn/32501.xmv	406494	4127d4a10844845a07ac634aa2c619baa8ce109a9372fa06b97bf8dc81da0e52
xn/32503.xmv	750852	03c5705a35d06b71ed62ff706c37cb906e8e8d72a1f3d44a8cc5ac9502538859
xn/32505.xmv	701655	eb9d27562298b424461e91bb1a3a91891852c27da532e059f95bcd0605b928cc
xn/32507.xmv	724626	ad2d622f3314fa23fcc9f43c47dc4768cf4d213b6cacfa924d9553c248cc919a
xn/32509.xmv	1262191	6103fd9eaa4142370caabeed6a8cda3063088078f4c3fe7a8f51a2b19a54c7df
xn/32511.xmv	662669	0eb80e79f81b2b34b8345095a80e7414c1b452df0aaa6a1e7182cb7f6e7e5ef6
xn/32515.xmv	279518	dd91019788c5236be8c55fac304acd3d945a5ed7dd272ed6df50c247942d1d61
xn/32517.xmv	528362	e49c7426a1f6eee433daec8a4e3307b810b9f141b1eb54c8ebaedf278d4b037a
xn/32519.xmv	262081	4fc141b2af9a84244ab5892434fbe8ab69829c437e7e9036c00bb43c6c0fffb3
xn/32521.xmv	671277	99c82b50ff27e79f3d4508c02eee23892eb0303fa4ec27c6176f71fddbe0ba99
xn/32523.xmv	604206	54c94a5d29b2af7ebfafec0fa097bcf207cf0566aedb2fc3f224f5f17f9b6862
xn/32525.xmv	327044	d9b31ff601f73da7686a357487ba3c34f4cad5c0f08a60419ae643657ffb04a7
xn/32529.xmv	1018815	7a0f247d9dfb82a3fde4dd54e74e2256094333a1ddfcacc222afdad7210ccfaa
xn/33426.xmv	437421	4f6f3921ce69476568c009527f346b3bc94d139aa28d2a97d3b6058ecf33e0d7
xn/33432.xmv	392299	d5ecf7005a60afee89e81d0a4284fb4b8c09592e90932bf12c8cfac584a31a13
xn/33436.xmv	392007	670f7e3264b4200424906e6017ae7ebfe9a6e7df9552b750c20fc82172036cb6
xn/33438.xmv	223732	4677b35872322f3a9b3e9447d30c3abb10314a875b7f828d4080bafa7adc909f
xn/33440.xmv	387502	f2b3b00ac7a97374d467b586f55aa959040c1833abfcc1f446c326dd56c55d26
xn/33442.xmv	436609	88c50c8dbaff4885b07e4bdb848990f42dee34892ea237d06398d903408d5579
xn/33444.xmv	404931	7d3558fd03ad8454bea8625de4627bd26834b646fb9ea58a57b46b81ac1cd1b7
xn/33450.xmv	372263	161eb5139f591715c681b7d1f83f8339c09c0220734ae54e85afa2939888a47e
xn/33452.xmv	33339	6161058a91405eaaac02e9cfc71e24d9b0a9dda40434a520f9f65f3953b7cac8
xn/33454.xmv	257787	bd6d2444259b52f4f67b183359c978a107b9dcfe20fd995f787b5fe7f18679c5
xn/33456.xmv	405818	0bb98966021e2e73dbba3ed09a3374f036b64c98d376d41d9b70b1e1b20c431a
xn/33458.xmv	376908	ea18f6873326a157caab9e8b1b978062314d5efffa8ac358710d653d0e89d784
xn/33460.xmv	242313	9f91c91a8330e5518e28ed3cca3c6de051708a08b69f33ff08c7fb531a83bd12
xn/33464.xmv	312433	a92168d7d54aad5287973ee84fdb5aa7f9190bd7d0970788a3b55958794b1b1e
xn/33466.xmv	200471	279d8964342c1af40b8093e7105180f31a47102c5c2525b1a14428bde3d65c6e
xn/33468.xmv	204077	2e5fcd3e36b2ac01fdd28b04da0fc97573fab621d548fa858cfadd4e3e5391a0
xn/33470.xmv	349060	c0b1df311d621a2910c6dc49e725ccf40e644bff81fd3a13b883af31a12a66e1
xn/33472.xmv	284605	6c63f500c58e010e41dadc53f8027bfdd02dd59a5ca863be364ec07fe50fddbb
xn/33476.xmv	768619	22a194900b99e8c440e4dfa9fbdd3ba44873fe957d30f0e83f99b6ed1d23fd67
xn/33478.xmv	358370	dcc80800af2e006d2bd8eebee7fffe9681ff270951a474b9014b9fb65b0a5d6e
xn/33480.xmv	536552	fef6727e53a48aede4bf46f7fd7a41efd40af0f67c5c36d3a7200a432d83aa49
xn/33490.xmv	933151	4671435ef279f2f9214b1d278fc1a4f27656f75d89cb37da9d4a9faa9a2507a5
xn/33492.xmv	554394	40e1299d64ee3134968438059ad815674f16933f6421e0e061d988d89f206a04
xn/33500.xmv	420035	08d9c06f847325e6ad978ceee2ddb2c0fe3f0d65f5b3992099ba6b4cdfcb327c
xn/33502.xmv	425228	6c64408adbb3107be57c5b25446c562b538813f5b2c2e2b2d4961ee36d888963
xn/33504.xmv	427131	8d9deedd7917b77c1d58fbffc272cced0cf078f0228c0e9c27dff18cca6c8a3b
xn/33506.xmv	444958	5edd9ee761ba2119c57a6a2d67944d42a6c2fb737bb079df4de47f8f68a561c0
xn/33512.xmv	198724	a70ba53f44f86d4e380d9c5d03c507f2116ae78546ba6521080ab17b3358856e
xn/33514.xmv	417992	8747c1c6a3c0f57f51b9d3e6d17c486c315c621785b626e56d602af6374ec423
xn/33520.xmv	750816	84894cdcf82c0d10d1d44f42455cd6485448a15c6397e0a2a4e95026add598ee
xn/33522.xmv	490817	03bd267502b8528648b8aabe94d505e78e1f43584343e2b995f10adb5415048a
xn/33968.xmv	205400	ef93c7a438d4f778eaaacccb7fb2cb6e155eb7746eedd8b43a8d01de9533e6e9
xn/33970.xmv	313556	0574c99f63d893cf7c21de7ae21555d7123fa425cc5ecbb24961e839596804cb
xn/33972.xmv	236060	a7780835643a10f24990d6d568bd530ad0c8b3763e41744e1d56bfb8e2435767
xn/33974.xmv	540124	3f0ee11ada97d1a79b0c7f29acf4763933e9fd89e194541b6591e1c9c8aff375
xn/33978.xmv	1163776	cb7ef61ef22b07e538c18702fa38242469f5c952ac41b89b177458a0fcec6ff3
xn/38796.xmv	839261	912e64b8074743f82fe0dd5f949addc843d72c840147727a906b43de20598c81
xn/38798.xmv	1223785	85fd6ed15ce7ab13c3d292a4aacc5a83839849f3546f29f77e42c1e4fdbfdd56
xn/38800.xmv	1628279	6e28cca4c8ec9c3f33f812872ec79b037042f5d06434666c07a31683e5e8a73f
xn/38802.xmv	1164064	f14dd3a0caeae60431e728945420e23ed3d9b19159f6b361794e7cc9958a2f30
xn/38804.xmv	2230386	49573aaaa83d67ce5c1a2b9e63527598ab2ee82258350cd438dd5f0512d749b9
xn/38806.xmv	618579	9521ba4cda09ff26383519168583c8cb4ff8433aecf00d3eb052b9cf299143db
xn/38808.xmv	1505517	5a92a55d54d9d0d8a4ebfb523af8db31d0fb931b13d43f10bfb9ec2ad393f4d7
xn/38810.xmv	1221058	89fe87d3c06228c7ca9793774e26669eb06e939af8338e4741f1f3013f573445
xn/38812.xmv	317071	d99ca848bf06770cdc6aadc509eae08091f9fef0d8c2aa8225799a2678108db4
xn/38814.xmv	305026	ce309bf5a731b1dd4bbfda6aaa6d4e247a414b16b96825762644565c634c1937
xn/38816.xmv	298560	24aea0d5128b45c61cee11feff0a762a5f181a86d22cc5b6d6a8b8cb8caef9fe
xn/38818.xmv	899601	a760e47e0427a0ec4afa3e2a39b0789b01c6549b604efa3192f1a9b2b90661b5
xn/38820.xmv	729119	5e11c5602d0f332acb073a6523bdaaa18292d2fd729514f25a76b1a8d4033337
xn/38824.xmv	771696	340690ddec4fae0f2ea1fefe8870a413d3982b039901bda0ff62e5eefa218517
xn/38826.xmv	825006	4af01b470b3512a7c8d24a9845cbf1584f5b0061ff5cf8639dc270c1c1e710ce
xn/38830.xmv	172469	6846d307ed2a5057cf8e7d7f9ec5d31b01b8d5879713724ad8491ba81fe99f31
xn/38836.xmv	2166062	b08d49dfec8a27bd997cc8b79eacd12dba7e2b2142b47ab75f69703459ab40bf
xn/38838.xmv	1685050	5908679defaf40a301dc86e3bbb1ec152c3696086d3dd92c3b61d721ac28bc66
xn/38840.xmv	2319909	bfb7f42783753024f5776f17a0c9f7fa82a889c4767f42d8ef6efb4fa8eff38a
xn/38842.xmv	710104	455e77c5b3872eacde5b7a4781b08316b8cb60cb93162b440825da63e8eab46f
xn/38844.xmv	655414	e41fa1c3fb0bedf22a46771cb88edc9ef57193170bd5834481dde1bffcb13cff
xn/39044.xmv	1760676	59de7ee4691ae580e580ace65ad7efec1a11c751c3bc092a75754f1f3c2fb13c
xn/41323.xmv	511612	17fd0dfa008c30711d9d5e38ee1c9ac3b54baed85ff6dd147eb2db27f9504dd3
xn/41325.xmv	213677	b8ba11af796e1c4759a85851195e21c425f856a731b137ac49dd7067234cfc9a
xn/41331.xmv	397034	6623d40d21a14989edab4753e4b52a053343d540ab9e34ae0d9235772164e61d
xn/41354.xmv	1598769	68cbc8ee3c010ba2f1fa7bb1d9ce315a6a6421dbd2648e509c0486cd9629ee51
xn/41620.xmv	1560522	0c6db3ff7c5f596ab526ef52dc5a0427806b28330002808335737bf56350feb6
xn/42378.xmv	1195812	3d5575582486e1fc70cfbb061464d6bcb63bd02b492d395a4d78db9a29a5f001
xn/43855.xmv	301739	347148a24f52761115aa811553b2f3a38d01d0b6fd757d21f781111baad8a333
xn/44874.xmv	406972	3ca764261645c53d2c15425b1071d917dddc10381a4ed1b9b3ffc2e3bb286f01
xn/44878.xmv	942488	50d1e75e61f8e5f7f02328362fa204b688963c37c55166880af4c05e658626be
xn/44954.xmv	756281	244091909c959df1afba86f9f382de60b148d3f84918c2b870312edb594e870d
xn/44962.xmv	351821	b060be922e903abd441959f997cd6dfe96c1e42d17d08bf910c43b2df75af44f
xn/44964.xmv	474749	c0762bcda18dcc62c79853a0c585358d4b24bb2d162a97b02e0556ebd669c676
xn/44968.xmv	241577	7944e314fe340e0a6fec7c3ffd1cb00495eff66da665b06064f7de5dd11c04e8
xn/45072.xmv	449379	97fbc66e899c2c65825d5f72c4ca53fb8a8c98eda250d48c7fbb146cbd0ab51b
xn/47251.xmv	1505633	ccc2764d0539b6c8d98823d4b17f0593ea8e559cf88b45eec8e33052c393a840
xn/47255.xmv	109364	fffa5d15f8b942ed940db5f81545e975b1c4a3cb4bea35a970cf228d2f121a37
xn/49069.xmv	913538	79e138959850aca400418195f0193371f51491bcce3922e3393cc17b5102e041
xn/49630.xmv	420103	51c2b8cc234a27497d516dae02c79b99c398f0c31b8add566b3874c86e76611c
xn/49632.xmv	813588	d9ba702bf900e6b205e39b781668a7d94e6d12aa9813db102223cde93970cf13
xn/49634.xmv	253512	fc8ebbafc006837c647f67ae8f21ddcc000129cf126f04d4de5472315b690134
xn/49640.xmv	414225	3002a6b7990f25c289be71afee9c301ded8b8ebf8db53ee4d82041616c1435dc
xn/49642.xmv	313016	89a9c329b5acbde85f9f241c2e5a7acdeff346c29df1ad9cdfd7d6c5749c8719
xn/49644.xmv	606205	2c72fb9bd3a3052da7de4e42aa3891f7ccc6d8abcc28e6e30d3b09835311e34f
xn/49646.xmv	288035	e3758ce4e44c7f768dd37b21b09a270f99e0528f163c86f0929ca85550de6522
xn/49648.xmv	579018	036b490186588af042b8530f5f920f53e31262d262d62da6cbbc0e327d4339bd
xn/49650.xmv	388327	3cf031e4ae919ddd8335f7c081d7ef355d2f2bf0ff3585983b41c45fc25fd3da
xn/49652.xmv	604780	7f97eb38fb89f8b36a8946eee238fbedd381874ffbb6a5758f62fd38a8c0cf55
xn/49654.xmv	454585	6ced6eaac2c9fa1d77bdf6f1c2d831b8af511402ea6f4de0297f911528ce5f98
xn/49656.xmv	195144	6f5fdbe5ecbb92e2f7a04b234d0f543cd2f77e8f111fc7283da5d26f84143222
xn/49660.xmv	188776	15c7f419a39ea14e9fedf87d2c126907587bd62b3d81aef2a00dd64b4c1f7b8e
xn/49662.xmv	330652	1edf0db8713f082cac7eda7a5b013eefb885b7b240c4597192119a7bc0a6bce8
xn/49664.xmv	343964	d91ddaffbcd59cf0275cee88b3cc6e3f71c40c41da243006ede29193d0d9ac2b
xn/49666.xmv	49949	5cc41cebe211bf0d93add7610ea68eb5cf7e56c64f42a322ebc08d1404527268
xn/49668.xmv	470761	b2070cb874e9cc1a36b1666350a4a1c02ba07db91cfdbdf6b0ef0f5e7764bde4
xn/49670.xmv	770635	8a4587735f39940701fdb2047ce405ee322bfdff13554023fe5e93953f308ff8
xn/49672.xmv	239884	f888acf6407a1e763817a20dd6d3486da67b134d50825d7925d12304e315e8ed
xn/49674.xmv	561905	7b11f1bd81c0d670e579e25d0678297110f4502c3e0759c840eecc1af71161a8
xn/49676.xmv	467244	17e782b428f9cca382817bad2961bec00447b49441cf406a4f849a7a88d5fc08
xn/49678.xmv	501096	844d9e3f0e25bc0390d04ef13638e0c0bc0bc1491a798da2ef5d6a2892922eb6
xn/49680.xmv	261875	e155a600471e86c269f3b05eb1dc1d22dd2bf42baeefe3ac4351b129e65aa276
xn/49688.xmv	76878	69af75525d80e6c09bad65be3e3858a10f9f7338403b3d5c6b7118acba469a7b
xn/49692.xmv	209596	17ef66ee9a55cdc5ffa498e5d2f32a20fda461b4b781e0cb714c22b646043fcc
xn/49694.xmv	230899	cba1a2f13c4b6475144ef8ed54383b1b2380e89c6d3818b11b624cc20113e811
xn/49698.xmv	754506	bb073f56b89461c799b709352cfbdd2873fe63ef3be2c1dbd06202929a0e01b6
xn/49700.xmv	220392	ba25ed17a74863b25d5cb884a99681354f73f40742813fef1da5ecd73588abf9
xn/49702.xmv	410015	ece4e72e2a7cfd32a060ce373a63311de4cee52725c3372b4eacfbaf3a3e38fa
xn/49704.xmv	691533	1510d283effc578d648c9301f643043eb657a199101e477a393f64cdf488527f
xn/49706.xmv	227318	4e8eb1f17899bc9eefb9d4bef357b909eb361276eb544f5b18ef8ee078d6243d
xn/49708.xmv	509243	0215a97ac40ba31f3e44d0a17d0a681df6cb3e12ce2f95ab34e7768a0df74583
xn/49710.xmv	437082	07473011badd59e118b8535aca4126578463df3b657bf63fea5c2275b34e0e63
xn/49712.xmv	335460	8e507a6f01ff5a7cb54d78bd6cdb75da4275efb00fcd970eb5063c260b9e4d3d
xn/49714.xmv	661706	ea3fd95902d36999c9354cf19e1bdd572e28a55ce34f6f147aa3c148b5bf274e
xn/49716.xmv	345763	fab60e9235c9e62a73d0913c406f784264e4f6b27962288697aac7328ab37cd0
xn/49718.xmv	317640	c886bd329d30582ee87cf99568cbae3846776d0af3d5446e9bfa1301879f6b56
xn/49728.xmv	169604	e88c391adf3a3b6cd2a06ec8eb187190372aba533e90a8d79c82dcab0dc60086
xn/49734.xmv	261832	275336c91cec513476d6450d066fcc7f79c5587fe93e65a5970ec243cd92047e
xn/56053.xmv	2134307	61c15e87b30b5cd8c12347197b54a648f289d28bfc69ee10fde06e386adfa94a
xn/56182.xmv	1727534	c8ddffd0561cf9a9c2ea99b117364863c2517e6e905787d516bebaf5bd0783c3
xn/56742.xmv	317809	7e99e2938cb85ff64e86d04853712dc4c85b69d2d8c1db9e4189ba6096ff1a60
xn/58239.xmv	850274	e69b7b451fbb3746eb7464e3a9b86d1eefe8cb4c1f3bc7f5d8d56d1f7243dc1a
xn/62750.xmv	374958	9718d54b63f20b5181f3222048d49fbf19be010b620ec5ef5bd5a9b75efc3660
xn/64958.xmv	287569	88b03fdd936948255513f22cfe6f4e0ae9231efcb6ee3c365ad9d089ffc27de2
xn/70513.xmv	412266	c70cbb608cb45bdf8fb6da8ebc8d6077028768891bfd4912e67a6d9625ec5a77
xn/71100.xmv	2585495	9b5753052879462aef02affad1e1610e0670fdf2b442e1461d8b7d9d0759cc33
xn/71225.xmv	414632	1a0c200135dfc7db5f6a8890285274d3dcb33b0fea1e26cab51aadd667fe359f
xn/71853.xmv	839623	4e5af210063ee89d9b5ac6409b86f14d841b5c7f2023e7e5d5d68e164b663e5b
xn/72288.xmv	5174431	f309bcaaaab84c590c2bfe11faf90146fef4533841247d2d139b484ddac8d7f7
xn/77806.xmv	1380991	2a3be15a843df6af5991e3366be3b37b9e210ff779237fdd725002125b003305
xn/78779.xmv	1341055	f55759b7937f9300ea05265c46600396887773bb3a908a24b324831ddaefa47a
xn/78894.xmv	300747	532dd074ea6930730711be65986a282fff588a82d5bf390453ee61afe6a671b7
xn/80614.xmv	46279	a1de53a21c3a8d6309892ca0f7d1ee19da18d6d6c17edb3c8bc8f71e17063a98
xn/81332.xmv	621827	2ca9dd695f07401f3b9a9f8b37d35d64438ecd6e4b56ab111b5eef810399f3e7
xn/81336.xmv	224279	d68f6e9d8fab1d6cb6ad866c35d706dcbe4a74cbde90244342770b226dbed45b
xn/81339.xmv	304789	180906bf1ba2602632fd1e48be3a2abfc888f4453a7ed1dc361cd16ac510c8d0
xn/81343.xmv	622789	6b2e0000a2f0f0d69b96dbdce84b677768df65fa9c1acb54daf9158e9ea8315d
xn/81348.xmv	584895	d2699d3573b4bc34e7eb3213558b3cbb4536979d9300840ef8c969c47fbaead1
xn/83438.xmv	690788	a063b9a7689ee3b4fd97b2e1d5d9f647844ff68eb277ca706c2970d65c730e9e
xn/87415.xmv	445721	a2272a5878deefb7488b67506ad35e0d49a807b40a673ed7388e0383f4f8406d
xn/87416.xmv	474540	668447463336b1577a14aeec40a09dfc59b3baf9c900f6a1c30982ca9230ded1
xn/87419.xmv	492484	8b179de014da3da8fde4b2609db8c1fc461ca8fac5de7949f7807648cd08fff7
xn/88831.xmv	305581	dea2efed28b3498f9be186588d544e741cad0342d2ebd3bc8ac45dd3de478c98
xn/90533.xmv	4156598	e9b6460876949868456ff6668007d29be97dd1c12dd5ed797433ec04a484196a
xn/91831.xmv	635097	75ae8133529d82a2265851350ae684ab743f8a241f2323ba998a9828dce58839
xs/20962.dmv	614751	ef885695fdaf0cc9ba835c297aa47fc7030416accc5d245fbfdd034d988906da
xs/26274.amv	108005	45125d4451b22c29f4e8d7a2c3170f23c52689bbfbf17ee8eb3cadcd317a649b
xs/26282.amv	113891	8b404f27186891e9fe4391aaaee716fba8e24dd3a4b717d9d2ebe415dad7fc47
xs/26284.amv	126139	eda5faff03d055bd70db4f3e333e776bc8f9431f6156b413ab7885f868e01be0
xs/26292.amv	52282	0314bd363e30f1c1b8ef218ae0aaeef6e3ba6b961ee3c3e91a92d0f92d375a38
xs/26296.amv	307459	c4010a4558e005ecdc715041794bdc146bcc4e107e711847a6fc0f969605baa1
xs/28464.amv	56415	052e6f475a19cc05cd115f4e8eacd8f7c1e6de39899c3a46148704bb69c598d8
xs/28468.amv	45379	40433bf47b0f724e16877c78e6caabe4887e4582ae2576297939d629d39bde03
xs/28470.amv	29103	d665124e9c26e95a8ade5972b9d7bd3bb8e5d2db022d1a8197fbfe189e421cc4
xs/28472.amv	103003	e82e1af859da358bb1c9deb1d7253af2584a15d395ab751a4c81ff9dd70e3ad1
xs/28476.amv	262250	4367a10612c948474dad4222123444cc2ecdc3ed144f8350e2484b810e2b8842
xs/28480.amv	138951	d87dd3d94ccc3cd10d045f3b6b87603fcdb73a236a400a5c07d45da6bae5d050
xs/28506.amv	27803	d99c62e6b144b9f1f3d6e594c3df26fb5294b646b46dacbd44aa11d04a1fd9be
xs/28508.amv	58737	84050810b9281ccf9307ef1d389cc9077ad2139761e28cfc3dc674c5685a89bd
xs/28510.amv	460395	546d7872e0126eef7ddeea9e2b674e7ecfc9cbb4d1872cbbb3586dd5e86be245
xs/28512.amv	474063	213f73d0f53205ec1e805ecd8ed7bd8474bfb4ec54c4105723d9ed56a9e03250
xs/28514.amv	591651	8a045d0342a5ce1f726ef618afd91efba1e3b5c9ee6684968deff9c9c805687b
xs/28516.amv	62174	2245373b38f1a1c5d266d7a33a65370075dcf41fa6c902e0887bac3add71142f
xs/28518.amv	23655	3b38f4a0a6538cfb9a0b3d808dde4a48cd4a94775593a820df44384f7e760abe
xs/28520.amv	25767	b4b97ac2d2fcc1f82e5ab0dd8e24cb70c36e295e57483253a52f2327ffd527ee
xs/28522.amv	234463	cbeedd0a1cd45da2816313c325eb67fc65d903d9a3e6d09fecf8eebd0bc708f2
xs/28524.amv	153541	dcc9ecc120130c86369e022e3d526515bb7eb299da6afe366e2a467808d5e2c8
xs/28526.amv	44681	c0838fa8f051079acefcce31fcd923952b8e3080a69080b944ed599205704300
xs/28528.amv	245605	601771ab54b7aa6bfe53aaa3a858d46c47cd254db9fd3cb7d7f4900d5a73e25c
xs/28530.amv	140643	c8932c42c74ee593603f33bd7a788917150225a86688a2f05436195b55005978
xs/28532.amv	140643	a448273312d15bd6818c0b4c8b22e21e4fa47aa9a2f4701ffd4439e705e017c1
xs/30399.amv	704375	51832eae03406bd634ab6e16d930aa6b511eb03386c3246a4daee8e9476ded7d
xs/30401.mus	2340519	abb98d2d3b72ab4295c9746aa6e235d172fdf16512546ac513b6be272311ed8b
xs/30403.mus	2358495	2b8a3efc7068dd08d7ec8c4996bc52fba0c73f37f564b83f1baca41d90344b32
xs/30405.mus	1631623	a4551aeef8f92e249573ea75c44c4b59edc8d6a641b260321383047cb363baf5
xs/34747.amv	15343	2d7b2268e9edd6e6957df30154fca4a6ac2bf09a09dec9cf4a1886500f21bd35
xs/36395.mus	1711443	5b1bac25074c43a78b97a8803bd5bbb3a1eb2befe9a661df9809b40ed3441169
xs/36399.mus	2065607	4874a802b8df3d90a28d3ee440a5816e8f6b97a58adb279a93531bdcc80f82a6
xs/36406.mus	3176723	4bede8e4dca7ac33c308d40ee6e3b4751de44c0f5152e6931f1eac11c69a9e88
xs/36433.mus	2247055	04467561bef5c40b350787950c764f9155c1226b4fcaabfc098c8c41dd6fe2e4
xs/36436.mus	75691	fc751eb490ae3730359f0e417b8830081c580ec3628d168465d15912446eb89c
xs/36448.mus	64331	259a854a50dcbfa0c02f12f4e0b81236c2fd493ebd2398e63260ddd0f21084c3
xs/36946.mus	306903	e42382a28d89b8a113d106d0a0c1b62200cfb653e756dd4505688610e2488ce7
xs/36953.mus	515731	d52fd6adc3166a873c504886a00267926110ab9bda79cd4e9b330b3853e955c2
xs/36956.mus	1455011	181a3f02655e6c3c0ecf810394443d0dd9235b46a37e43aa8c7a9ad19f777214
xs/36968.mus	2270283	0e693e163ac71025261b091e63b8fd092f1c309d3aca0ce451f91c13abe4fe57
xs/52289.amv	63161	b057192de29e5929080a0240c7f53fadb1395781a83dcb63fb568fbe07ca4258
xs/52293.mus	525391	519b76e19465a41424c049071edd62075b348a3186a0ff6e95d24b8e938dc3d6
xs/52295.mus	645259	ac2544441432b5e0adb4b560c23e6c4c158b77b4ce213b3a6ce686d8fe676b02
xs/52297.mus	303438	169fa7de88a40a471eacf44c50c84bb2d767c7388ab8c6d6ac24a1ec09c80661
xs/52301.mus	1015035	cf1dc4675de76b73140b842bdf2b90e07dbd7aa6b6824712cd0ec12b8e67d573
xs/52303.mus	2186107	fdeee13a77c5ef0f33eb48745c810801fd7262407207052108571b5b4f7d027b
xs/52305.mus	331527	ac0cbf96f4f557b80994e6ccd51964f40e3a7807abe749dc65e99c0109f30f1f
xs/52307.mus	291763	be82c08790f1f6390949b51cde2a79f81b93b84e5c12ee682a33ba00299d0b5b
xs/52309.mus	2658219	488545e9f1084e44b50bc51a95a0a7766165c317f7b3b26e9a64ff4b9788a13a
xs/52311.mus	4422231	6a2c2e45641a16b1c0b4b4d626c6f90cfdb3d9bc1083b00586d4a791616f632f
xs/52313.mus	2188011	d2092c936af3bd02c207558fa979bebc1a4703dffdd25b6038d1532976b15a13
xs/52315.mus	2645539	99a3ed49e896daa45807b0f387b23a2ae55bb528eb63362532ca0dcf33e47e1c
xs/52317.mus	2702187	1bde29467864ee03968d2c10e41adab235acdf319c9e7ccff2d262765429d2c8
xs/52319.mus	892851	ad4c0a7a1f6d5849dc201a96f638f87fbfad33b8a0ad0fb3050c563fe003e768
xs/52321.mus	1880515	7d67d859e447bdbd14fe96205e55d09b8b9c8bfb94559fd8c796fc581bb9ab0b
xs/52323.mus	1279561	091c6ae2c6165b8f7323842ecc95a1b38bad49f1a7ba79a01a2612caeaf895c2
xs/52325.mus	1040955	a085517ddf68b04a427cebeb3b3f8f6ece6ea249349f58296d7bf6ff12c54e90
xs/52327.mus	1585327	43a023501072b8ca6beb36d0379d2ebfe304f0148af1bc98f1b46c60da0107f0
xs/52329.mus	2255763	fc8e7e05d37922192358592a61bb165088a54f9395aa71312f5f4f5d33f25256
xs/52331.mus	2058307	26e4afd8d7dcf52d2a0af06cc74eb75ae6777265b6e5085ce84a3dc9bd4b696c
xs/52333.mus	2061847	2f319a598688d17777010cd75a810b6c4dd8e110d301cfa072c9df4d126e1464
xs/52335.mus	968559	3cc5ab5c51a3ab3a31268f24b6c4eabba6f3bbf4a11c4eeee2418e33440ed92f
xs/52337.mus	658035	d44f3f7be7d07bb117f1ca286a80fa32253f879ce993167f445c227eaae796b4
xs/52339.mus	1377447	93a6f221332467f08aa10acf50184fab8ff5e955bc0d9471bb0f7873af6cfe99
xs/52341.mus	1801915	5e0e5b945e35b65cb607c2710744db9667d906b7cbd05fdde331e3528a537299
xs/55932.mus	928359	0f0095891afcd11a9a93f3922fbd592efafc2d5ebfae88b38075b7f488e15220
xs/55934.mus	5056979	544f836d64723323b903cf477b892f1cca363b998be7c66d5bfc6517102a9cac
xs/55936.mus	560555	a8159acac401da6125e80d981ab441f779d1820ee9cf5c1f97c2bd08f961fce7
xs/55938.mus	2338547	6a1f2ecf8fb41489108a3eb677c955fb64ff4570742672869f2aa732fb2f6de6
xs/55941.mus	132965	453a9f5a20ea1fd368d6913bfd523d1d5f2049833ddb151e6d40a61d6399f2fa
xs/55948.mus	156311	a89229270ea294bccd3c72ca74c22fcdff1464e78a90398207d6d7683aca32ca
xs/55951.mus	96983	d7fdf9e97d2f35dafe22648f3d2777d95fe632fb11d12c533349979d24c606b4
xs/55955.mus	1155831	e6608cdf4afce1d50e428271e052db986d81ed0d65c17c05376c64190e63118e
xs/57104.amv	11071	52f6b80dc9bf99aee2a702a82c2433d24d8ebfac59a471800546e6eedf565c79
xs/58625.amv	7535	911af29c43b3c0d47f6b7865942feeb79519af4fb2847a2702d5b529e46c3dfc
xs/58626.amv	28671	64b4e5f784a338d478a9c1583ac70ae9ae27b965b9fb171e99e2bb3244a808c7
xs/58627.amv	11513	ae498ba1a8c5584736371b4950a53ec888d8ac00153a24edafa97a20fc6503ee
xs/58629.amv	2691	9105f125a43c8929eacbbaa49d1cf3bd62748f52a53086cb4a7b0e2fb7413e88
xs/58630.amv	3371	ec78779dbf349f14cc6800d9be1a4dca4f8a50c0594b02c3df835e693d9a556c
xs/58631.amv	3303	d92d294b67f7607815173cf280ed39dc25eac60141d6d4e6628df82069e2e283
xs/58632.amv	2981	0eac04d71f2720258bc19b9a2f300d6a779b92cc99ba6183866b4057e4dd3589
xs/58633.amv	3863	2a4a98cfaa27ef9c17aadb27fea6f137d23f2fbe7d640936ced51a4899c1aa75
xs/58634.amv	3647	0e1730e8e9d5a4bdfdbb51fa6f897d4d82f6afdc8ef7dfd1c305bc496837dbdb
xs/58635.amv	11219	db8aef57038f55af393087976f7dc36b41d63122ffbbce88f35dac7628e2c67c
xs/58636.amv	3235	03833d95b7729828621cd8db5a5cd4114e014f3ecf7cc084a6133373f8360ec0
xs/58637.amv	2981	9c805464ed45ca62b8bb7ed54cb498df7fb1e08db8cee7eb3da2f73fc87eccbc
xs/58638.amv	3439	86db68aa7883e7fe25e571d977729e53fc9a578900744ae35ba2f96e99215a0f
xs/58639.amv	5853	1337a39245b2db7b5d747cb99712146c01a61a53a71d0cd119ba705f2340824c
xs/58641.amv	3201	a305af8403c70d0bc373574119be918487103a41f45363797fbb90862db86974
xs/59824.amv	334686	156a1af5094b147c3572f205c796f267608b0732690e7a1a41f8ac9561fef9a6
xs/62422.amv	6091	8ace6241b2416acffadeaac3682847da91fc79ba46a12a183f2fbcf822a35596
xs/67038.amv	26811	92cdfe4b5d45d156c927d22262f8277abd967eff11b2403ab57e3eefc898a63c
xs/67043.amv	67993	d66d6bd8bfbb0839c32bd0ffdf76cefc9df772bbb6e6c59b948a1d2c0a86eca8
xs/67044.amv	6481	13b7ede93e574ee5d81fc14bc9e881cdb128d69542b4d651fcc07ef3d4d8a617
xs/67045.amv	69235	4fd52eee92dfc757001d9a83cf5225a4200f3692518503709d897e4b47370bb1
xs/67046.amv	68895	e21c0bdd1a6ca3e51266c6a8fcaa12e21a0222469be3de91f40142635ca72c77
xs/67047.amv	72167	74d19ab2e691e074ef02f32704dd9314a2f38c66a4af99a773b6edd34cfb4700
xs/67048.amv	71075	56b5b01cffa982093f84cba5519bbf7ef81c43bfa9dd43af376cc19bb5aa5a9c
xs/67049.amv	147107	8d044fafda68a4a7cd14a9d330c54ac889833cd66428c5d4a2d06d912d369ea0
xs/67050.amv	103915	04d999b1b0afef1a7ac2d68e19fd34bf4a046e8d1c9ae0950bf487febfa15272
xs/67051.amv	101511	7edefaecdc36b12986160a07a5dda73a6a72abf23ad45458f450a1d8d5a9f753
xs/67052.amv	113467	25554d2f9d3fd004d3d01627fcf025975196a770c50075cb5345a9240a8abdfe
xs/67053.amv	115035	dcdac8b2e7860814c746020c6934363db5937359b3492399b632a9c6c661ea3b
xs/67054.amv	80929	bf6b65185e09739a765a258455fce39c9861c76c76beaedf78e6d560110681e8
xs/67055.amv	26231	e1ede4030812c85362ce42cf8f988ea8824fd72f9d23f77cb848ad32c95d7b84
xs/67056.amv	26231	8933d5da30bc7f30e6014d3b23dff92f2d0fe1d39da428aece8ab4af3f5d02bb
xs/67057.amv	91215	e8f16667bc9852871ee75c7a2dbbe2afa700f634f59d54f74af5245b315717c8
xs/67518.amv	2283	a89b7ebf950c99414110678235f23d4115582222cfe2dc56197a5c6c58f7cd1a
xs/69313.amv	125643	3e713cd5798ea1a9c8a15da88c3d9defa3b6cb4b178b1a9e466c9f91fdd929b0
xs/71740.mus	1280599	21af209a1bfc5f774e7153772e339f3682cc9c3d77a5f2a9104de8582aa624e4
xs/71746.mus	69363	1dbbc5a805e4f6420f5d282f7c82c81599fdaf784fc75fc194fd9dbf5b77e65e
xs/72106.mus	2086373	e28c09badb6d26f7b99fb20b7473ab3c379c412f2b97d703ba4bc076b3331d0d
xs/72107.mus	1323751	3517d8261e78229efc47b2702b08595d59376edaf0826dc6771926cc22d91443
xs/72108.mus	1391151	f02b0be0eddfae2c44f48a7741cf03477cb9ed7a041ea3ab5ccf5ae9f8b17517
xs/74632.amv	167167	70d80230e19728155dfe6abbe61ef6a02c0034de28ae52800d4bd8a5b578f2a9
xs/75407.dmv	37256	59db407827bcd2c524bbb55ee413045d30784dcad71285d5a9ece4e29a7e71ea
xs/75683.amv	19231	4975234edf4f585743e93d665743de0fc575299c11717529dba6714bb4717c1f
xs/75684.amv	15001	1a86e2be32d7dab56e00b53a2291f49ab06bec8fbc8dac2ad3a65fae4398e833
xs/75685.amv	21251	dc657bdf8086bae08442c09de3ea70424a22c2ec035772ad8f444fa58b644f6b
xs/75686.amv	18899	fb65441c5427e4408c79816642974687342d022156179e28e4eab3a80d645918
xs/75687.amv	28819	a2d843d1abf2224564f6d1e671f561ede40fe255b7bf0341f03da22e284c4a6d
xs/75688.amv	14597	9da8d007a6476bb95d054ce4f8a5513d4efe24bcc8b43f220f985e76706f5cf6
xs/77666.mus	285314	c3e5f4865705cea2d752b8cd48d841b643b7f945193fad59e9b567c1f026a964
xs/77751.mus	457778	a05aa40c7a8691cb75566f7225faa132d989842587a62c8c4d5c3806a688a3b7
xs/77753.amv	19602	5ece30800505112d2f123512f2956e9473b1b4be0b41e5e6f99c7d28c3e2454c
xs/77764.mus	93715	b4525b1fcb73613b5ffabe39ea34c886cdc6fe3288ffd07d951d5e298f88704d
xs/78281.amv	55269	92c286503c63509d6df0fc63d237524ec5257d3faa3dcfc538310199837d590a
xs/80310.dmv	157337	6247239ad89f21696df6b5397c5c6dfdf05bee06ff0a23cc0ff730d98cf329d5
xs/80373.amv	2803	877290c2f97cd8a32a8ae6c06a234b4bb473dae5aff798ac681bd77133291baa
xs/80476.mus	208683	ee629fc2cf5a20247ddfe8f8fe6db034e9258a46c7623077044ca302b734952f
xs/80487.mus	1524619	d7c4d7e0b5906b7a2f0a1a0c7480fa29f701ef9926274b74946a16434b4ef554
xs/80746.mus	897850	556cbe97b5e45eafa969ab83ae4b0f975aa4f3fb245e2c91caf9e95af8493fc8
xs/80748.mus	374419	97d52b7bdeaebd32223d7614b514081b71e11cd814366176f378deb2a62eddaf
xs/80788.mus	586983	c5f29658063ab3cd7068bab596bbb4c0730e693441c90ddeb435184079051eb1
xs/82291.amv	61878	7540d8d51af49a4c4cabee84ae8aa61bb563b5f36e91cafee5a7bfd5d4e8cf68
xs/82298.dmv	56970	8a9e43657c54cf65dd5a390e7b6c390e1b65bd6e5af6906492e0d5fd219c9021
xs/82299.dmv	77175	266697e5b6b88c7b2b5e743a3e350c93c645f84233b0ddb1da712499ccbe0205
xs/83299.amv	26231	8933d5da30bc7f30e6014d3b23dff92f2d0fe1d39da428aece8ab4af3f5d02bb
xs/83861.amv	111297	9a2ec5680c96ea1233b2f83751c276172f8da249ab189bd3850403d4be5b485e
xs/83871.amv	52307	277d52e8757cc7e23c10adfdcf5b79b4bfb61aad9367fec2e8bc1c80c70a371a
xs/83873.amv	25091	9488f53a69a3a042aca69af29580d7f4aeda848a0ff1689a78d3f10d79da77b1
xs/86303.dmv	33211	b9950092d5bd389f333d5b0cd07267f676bca61a99553758a3dd534495929ac3
xs/86304.dmv	33211	89f4886993a3e95c338d963142814cc7bf2116a699919dd22c05c74642981c30
xs/87413.amv	47266	2222c4b458eb02896ca765dba89b611ee19a9c4050fbed02d06b995814108bdb
xs/88892.mus	927412	547659249cea880d47610a9c368d47160002ee0349b2ca16befda1e498764d34
xs/88900.dmv	22275	b97743c532745e06baf5c6b553c645dd2294508124088765b80b6069ac23235b
xs/88943.amv	80008	f18ec4ad6860a70f607515a199c6822a0e8f8e1689122b79d51eb2f1eccba61d
xs/88945.amv	135468	ab0bad28db8aef174000c4e53bc79e214f1649bf6f4e6ba74a135c281278c8d3
xs/88947.amv	147388	484de902746dd50d7f6e66e005d83a3cc4e213c47741b57e4749f0eb4bbc6cfd
xs/89487.amv	17557	b37d8eac3a4be7907fd96e32bd05b272a6cc2485b2c76c093db3f491946bebdb
xs/89660.amv	11123	96c2223be8db8e9a9e4f38226be0c86eaf582f87c3ac2e0864525c9e3785aca9
xs/89819.amv	124434	6c052a93636ae004ff7a55258432976b6e562959d7f5c13c63b171cdc77e759f
xs/90634.mus	453682	1139e0de35a19dd0714d7d301b1a979b09706a3591e89f7e6e816998b748547f
xs/90643.mus	1040955	d5f2fa10e9073c9b5d08bc8bccb502be482845e2c9c29521e760a27aac19efaf
xs/90691.amv	12385	9a8df8b9aa4614390e6e94e52fbeffb9412929ba55c142c7ed9be16c3b61e023
xs/91270.amv	7447	2c6413e8075b067fbacc5df426e55cad8a734bf01ad14189949e9e81c3ae15f3
xs/91328.amv	103065	bc637aa2d7eb6d034d1dcbf253e060b6f5a8f121b29369964dc7ab1c7c8ce861
xs/91606.amv	58566	de85b45849c5785c10ae158bf76ef06de6c0bc09ec7e84208d97076af00dae6c
xs/91988.amv	233026	ad571a9a2827091538b1e182285ffcd7ad00eafc2985b407aaad684e9155031f
xs/92148.amv	22095	990d3c709c2309a1341211fd1fcdfba1c7accd4de76a3fd4dd1e224ba3eb542d
xs/92289.dmv	125527	cbfaa19fc92cdae8045a635e603a123c233b6194bd89805daed18432bdbf1fbc
xs/92450.amv	25723	ac0673c7c87e18e15e1eecc85a4628f4b2fcc05e86597b6c9985f3e1e98457dc
xs/92452.amv	22443	4ebdea2d5b5244d9110300a33ec225b62d8a762ba630944514cec4104bb9ae43
xs/92456.amv	18083	624384e9b214075ac488e7e2f3f5927e97ea4f9be2639b0777f98e69c4a16d53
xs/92460.amv	13727	79fdfa1d5aa5421c0d8578e2e37650c79c33cdf6e7d313b0701dc96e12646922
xs/93608.amv	34494	25c5e3276be8b3821fc829f35efcb26aa83730a73112fb1cad7fce639d951e2e
xs/93610.amv	162624	eb285e4f4d3a86a8a745a13059ab8244fc2a0fa11ea1798c9757356454a49430
xs/94320.amv	230149	76ebc221eb37f432961049eecf3a8f19d756e8cc8e8c7f4a8aa289100f02433a
xt/49526.xtx	252	66ef441da9552804e5700d923c45e065df5ea979978d169e325d5cd19ae8ead7
xt/49528.xtx	254	f6458ae34188deb17ef54eb79c6ab9f0922a4cfd5242eb9c8dadb2d89441b16e
xt/49530.xtx	259	66b2159c850685016c0621fb889f8671f198f74fa78adc829e77e4def10d8340
xt/49532.xtx	256	a93c2f1b29d8392ee59097c0075cfc9df87dea698541c22765198fdfc6cbd9ae
xt/49534.xtx	257	aefb26876e8575dcef406c72b8c588442c17921492b3fe4117e08c9fed334314
xt/49536.xtx	256	702eccdaec3e4d2416fabc000cefb4562142705fd322c740e71ef2a3eb27c6be
xt/49538.xtx	249	f4754fcccfff7eda9f364f0b877329d307029cec676db7ef36de9ff0b0f36b52
xt/49540.xtx	255	198d1f40083edc5cf1ea23a58c268455432237e2a32ced8f54ea188652fe945d
xt/49542.xtx	250	6bb359b9067bd08051e92e754a48e47dcb7f0f44cb5aeaad06b8423467b8b69f
xt/49544.xtx	254	84c27329371dd929eeb53b11f3ff443e89d2d9eb9d8b7f8f374634e1fda46b1d
xt/49546.xtx	249	da65b81e5fcc8248440c8a1368eae2149ddb249c9cb3f96ed4c775def8ffa580
xt/49548.xtx	260	5f9bfb127af92ca2daab29c3cc6df639eae0375427b2134e5df0a1e5909a872e
xt/49550.xtx	256	e8d22feafb415548cbba301e8a75f375fb8aaf45a5feb50b7c33508e3e89bd15
xt/50312.xtx	258	45df5af7ead9caafa9fe6e7c40966ed4c99d107455709824091bfab3377c54f6
xt/50314.xtx	249	a8a13867ab58d6d535bcfc0f46d4ecbe3e6a457c023f77a04331503edbcead0e
xt/50316.xtx	258	7354569c5d63e7f8292f9c6e547fcb3c79d931527e98df485c6bd249bdb3432c
xt/50318.xtx	253	9732f3f6c86b352b6405f2f27887c85b86f3168e96dafa46713298255aac9fc2
xt/50320.xtx	141	aba2ca7c9074a7811f0a4c4c7c6bd704d1829f59a3a3100ed727433e471ea3c3
xt/50322.xtx	257	02a7713cee5dec65263d8dc8234061941ae6f904113b0ff40cc49f62b451580d
xt/50324.xtx	260	60d9d2002876e9af7e092d129557bfeefc3c04087af30d28c1aa4758054e5278
xt/50326.xtx	256	af1356998327d0d9cd9c97903184fdfe1b1f4a87b22252b228273a37eb8cd9e9
xt/50328.xtx	262	288b6d2b5e1d60a09f74ad6fbda69a271f6c20a15e8b6c7e17a632ed70d0e04c
xt/50330.xtx	253	acf14d66b2900ac065c8896ac9dbff2a44e82c936e650e37511dbb20a70bd168
xt/50332.xtx	262	b0054ee8751c2102308742ef5560b7e62425b86f2e0172b62fda5e44d07ff313
xt/50334.xtx	252	0fd47f4145f86c8e1e36f1f3a5dc75431ec5a2a6c9b4223e504fa62aa172f637
xt/50336.xtx	254	41bed86ff95d6e2fc164e816b5bcadfef60fa06df85977a25b770d940656efb6
xt/50338.xtx	119	5b0c7b29bfe9af743b1b75b629219e8e5d49369935c2a952e6da1a1867467b02
xt/50340.xtx	260	c1f58844c5342870c33d1de86f0e3f86f3125f4b732b8f151307ad08d992964c
xt/50342.xtx	261	c7412b84f798b70d438b0628cd5efbb8510560d449d2be440179de24ff29a4c2
xt/50344.xtx	258	321c14b21ff974359ff19b7516bdcd6a3a151e9ec0c6b7cadf67d995ce49ffbd
xt/50346.xtx	254	b445d9fb7dfdae1312b7c0c8db128713f76a4981db3329dd6964cbe27ec9de06
xt/50348.xtx	259	ce56b71908fe9344fa8898e9dc5e2fb032d30fce81515ab4c379908ee0009fd4
xt/50350.xtx	167	5be19163285aefa4579a8fd392aad0afc27a88d0ebb9f39f120e5cee18c293e8
xt/50352.xtx	256	a5e89939376925bac4cc75deb032d42f99b98a4c5f4675101fdc97f490af78b1
xt/50354.xtx	256	f911979afabca39748100d36f46381586f62cefb351f7f339fcfc3bcd30a64a1
xt/50356.xtx	158	f63fcb84a056bcb4713d9ee9425e18ee2775363b35df176af57005ba362c2810
xt/50358.xtx	258	011769880472d439cd06c4023e15d3d20ccc54ad1e546a039d1968d4bb54ddfc
xt/50360.xtx	255	a0840d596f647cd38ac93612c6a68a3a75c0cb37eef173a4efba3d8270914e85
xt/50362.xtx	259	53f210ff7509296751c0f09319c83904ce05c526896650e598456daf7d962c3b
xt/50364.xtx	126	8475449861e08842b2fd89da3a763acff065f89929eb048bf5faa94bee1aac81
xt/50366.xtx	257	6964c07e8d7be65d4cba6f372588acec555cb9b21dc26ea4c136cd09dd62a3e7
xt/50368.xtx	152	de6b8f87d22379ed600477ba17ae38a5978c59bb592985ee5bc423b01e399c2e
xt/51070.xtx	202	4d3046ccc9a3a961f299b79a2d92c9509d4737b2eeed4c95a48dc3562fffb701
xt/51072.xtx	327	21eb25a07787927d2d18510a7985799752f248d67953210f2ca52cd4dff4ff66
xt/51074.xtx	193	73b8371d37bd1aa92fac128ef2d803ce36565f6ffdb4aef969bd39493ae01435
xt/51076.xtx	341	e05eadfcc291fc8755852782d4ff096cbf27cb4a222efff372d04d30b47c791e
xt/51078.xtx	133	6ece28d20f5af522c51412b89ea75ebd16c9f7896615d332811b3b8d0610ce60
xt/51080.xtx	234	5c81ec3714a5316663184726cbda4391d7c67f8b61716bdfb3d0e69472753c9b
xt/51082.xtx	270	f3fc955d544f80d0749f34a87e5245a5db60b49bc1ad5d6a5a15b523b2c0dc5e
xt/51084.xtx	282	6ba9f7418ea9dbb555d273adaea1ff7102cee5dee363c6ae12a532b9c63d9718
xt/51086.xtx	280	d2eaa4829f1b534fb6d818034411b609c4bf015805e86fff34c2b487e4b50cc6
xt/51088.xtx	171	0e59cd74d636a563dc7f60349f6b4a7813b27fec51ad41ffabf3c62c2a68ff66
xt/55583.xtx	2199	23ddaa9510c43baa1cdd848eac8dfe79cddf1da1cdf6af0786c850301e40a576
xt/55584.xtx	2335	2421f211ea745823880cb86498998b043f6a4b1f1031f167635ab3d04401a001
xt/55585.xtx	2818	a0330bd4fe7c544a87f98ac3130e9e13ea3d8e3af91e45aacb2c05911ffa2943
xt/55586.xtx	2038	78f4a1454a71672ed4ada1609a08d6df9d0dd443cd1736e5da65342515460ca3
xt/55587.xtx	4038	35feb0274e25b3d832eced949bcf47d4228a8782aceb08d26c0fa71fc1fc1bd5
xt/55588.xtx	2208	43c7acbd569a29bb728b76c452344e32458bf10fb5597a24d18158a810344c4e
xt/55589.xtx	1609	d926a71c5b7856c89cea52d365c8d8c8871d6363a62d0c752b693d911596e271
xt/55590.xtx	3734	eb283a58750a931e3988857e8e9144712dfa53cbffccde7e78a81c6b0a177612
xt/55591.xtx	1309	ef0a4334c1a15c6594a71fa0dee00235281f39217f438b1bfc043556162ad0d5
xt/55592.xtx	4623	76968f7b97d179671227177df2fb852bc65e1493c3713ca713221a8cc062fff1
xt/55615.xtx	577	ca6209415fe6319fcce6992d6b9a8d21b176ddbe48658bc946cc24b930093e03
xt/61137.xtx	258	39429f876f6c4030f7f5107a403e12661f90dcc99ecfa2f36374df9e3b76ee4d
xt/61138.xtx	257	aa55115e59bcff7817cbf564adfb4e993e0ddc061b46854cb719b50b327b4349
xt/61139.xtx	200	ffae9e0b1dff57c875051b5feee5f8aeabdbdc46197e543eb70122566f4b2bfe
xt/61140.xtx	176	abf2fb8edd18e6c19efe4c77ad590d39f76da5bcc5602483626890080f8edef6
xt/61141.xtx	195	bd3e361d7337b4b2594cdf3620787094ece0316fe8f8289ca8b882ed1d21c7f3
xt/61142.xtx	193	76fccefcb32c706e1dd4ffa9a32d011576d4fb70cedddd9aafbc659e9e329063
xt/61143.xtx	283	90075b149e8320b6682fa5ced547e0e3a0c634884c83eec67da7a80760be859f
xt/61144.xtx	336	02728ee9e80e945bc44c1b2070acaa78ccf84d3c853d96dc5f9e6b662d409c64
xt/61145.xtx	375	bb9de6cf7dbf5dc5ed9088e0f6c86b07791df1eeb6c72c2e3462ba1654d618ac
xt/61146.xtx	149	cdfa975df3ca76dbe83112862ced3c8663060eae07d0e9390bc1e12630441041
xt/61147.xtx	241	3dbf0d5936e2b906a1c0c2cccd95c73175010ae82065b16606b0f1d1649a39c1
xt/61148.xtx	218	efd639952f7b40e11df4412b9245f578bd89920d4d906aa4636b117a1cce544a
xt/61149.xtx	307	c170d01ada3777cd4422e1e6813f256d149f8d283f5736760d45ab8cb4e3c218
xt/61150.xtx	257	df1e4ae159fa3ca39ae9279d8d95e6863af3dfab4316cfb3b08e058367279498
xt/61151.xtx	280	300c2f34876b89d8410a9d14c0cbdf4fc101d26f0712837677391d0153a8e187
xt/61152.xtx	184	b25cbf6be6ed977eff833222518675b2cfb2950a7ed3d2ecf7657c24295beb0c
xt/61153.xtx	185	09bac77426c122095d8dc466af85bdc0dc45eff85d8e6e20a62ebc3d3709574b
xt/61154.xtx	178	d8c31fa80673b7c9867a1fbd5319ce754e629065d811afde15448af469900c3f
xt/61155.xtx	189	4cba0f37dfaa27c2dae8b952097c41062d6ee6139d072658b54f9ae9db74a4bb
xt/61156.xtx	208	6e0e431208bcf3ae24810e49e0cabb9a5b3ae9a20c74b7750d391932029ef5e6
xt/61157.xtx	173	ab1be8df47d7e0e789da3f684bed57de7b8a1ede126365282d0a1649fe3e8448
xt/61158.xtx	215	2de0343e948dafe3eb55c13cb52e951b0b79967d7dcf142773d61c532c3b190b
xt/61159.xtx	208	ac28f0c3b5dec821f52786955f42c394f625ae3e8a7de00296399cfcb1f85568
xt/61160.xtx	178	a5bbf21ee62743b3a896901bdfcf2f0e4debadb38549a75c268140e89ec0f2de
xt/61161.xtx	191	6f16be73cf674457660a46cb20ca2429ef991a1540ef5929d895cfe261a81dac
xt/61162.xtx	176	8e9a4f923ada8101237b1cfc18e0a9aefc9e81bf619a1cf11f9aa1ceb809ff0e
xt/61164.xtx	289	c4a687ca032547456a3ee708e27ad07d29a45a23661b56a91029bfc448950427
xt/61165.xtx	361	c69403687668be028f776c160c939b7bb402e94c8c4cc22bd1fc8cfb5ca0538a
xt/61166.xtx	313	12e8f622b65c40c96c0e73e79b578bf5ccd87b07561e262fcbc6aa791c2721f5
xt/61167.xtx	433	bd80f18495f9d41b69c7517b164ee81beaab1f9ae4aeee159bdea997a1544a54
xt/61168.xtx	360	14cc761598ef6e8dc2084bdb14e28ce7fdc56a07205791524fa1caabff17a345
xt/61169.xtx	273	7a9a1acfef027249bd3ab2f2a43896af8661670f73fedc3d7b1ea8c620077de3
xt/61170.xtx	289	f9b7e4cd954e14129315bf20c660226db39df8b5559815abfddafbc6f327b4f3
xt/61171.xtx	259	56fcf014143f27f1f38d9b3211f6a85e6543034f090b769fd398af520a68ca01
xt/61172.xtx	414	ea7cd6edf42b6e906be557c2473e3a06c67c36a5830c290ceba308890c88f3a2
xt/61173.xtx	174	1f8f5341cb28ae4fed040d0aacfee946bf38739e57b1489f14e937ccb6ef4a12
xt/61174.xtx	422	3ba4613e7dd3d043a3425c995b5e73b96d8c90d13f2eb14cc35768d25d18c5f4
xt/61175.xtx	207	8e7c2c35ed586bf36516237e1df52cc44a95ac8028a3c861e5251753fb514c86
xt/61176.xtx	384	443fbf0a79a47158072a7dd94c28520ae07b43d1a8cb35cde319cdd78d8ced7f
xt/61177.xtx	243	ff25c964241f85f06ac1d908c5d8b1a655e44e9929ad5b4e98dddbc0bf4358e2
xt/61178.xtx	211	c182b74e616b9d25fa26a6a3a545f8f8e15cc095a11f1201cca3b6a625e38a57
xt/61179.xtx	266	c3391550f3f714fc2251ce4b1866af1b800c6a65c3ba1d3eb7e8069313eb212c
xt/61223.xtx	210	5c51175591282b9c182de0c6d41dc0ab20365b05877158376151e8181eaa7cfa
xt/61224.xtx	433	dc8bb667eff1a9f525a5a75d2bbe57d9143f9dde8384e48d31f5aacdf54a74d9
xt/61225.xtx	182	10944680a02a718a03ed7282e426c06d8ab235064362eb9e9890b89640cea0a3
xt/61226.xtx	210	262c37b05c009dca45c57a4f313b72cd411ea2533cb06a4719349951385049b3
xt/61227.xtx	453	03ce16ba052169b3c92e5c6eaf49d147b81d06f05ee08a6d5bb916eff8ad7f7a
xt/61228.xtx	202	a0985c0784998cecd66da4cb72aeb0286ab1bbab1d62a24a329c30c770c1f277
xt/61229.xtx	232	000d577127cef01a0555eb534fe98887db31ee73d6dec8b0fde6035577389c86
xt/61230.xtx	349	3b2a174e9d9c18ac81e6d1d49369539df375c3a030673243345fd015a6167918
xt/61231.xtx	155	55e833b286a16c80e39c6c7f2a3394623b7f2567bb2aa2a2ed7a21874cb91394
xt/61232.xtx	311	6b016abb8cc26e99b8351e26b5da447f09e25eb11d5ca750daa104328fa85a65
xt/61233.xtx	159	a92e881ac66ec11b52b791cf6dd6488935abc969b6b63b1fc898e235b878f5ef
xt/61234.xtx	182	025beed3a356b2e02573d0ed0b43914ab3ae607216d5fc3c2bacf63bcd81f9db
xt/61235.xtx	265	333a76e738ad574747a27f7a4942f32e22fb95ea917707d39f5adfaf491cf04b
xt/61236.xtx	300	2c85ac64a8ef88ff4c0ac721ac4d6769b69f3da6972847a76d39b682609af43e
xt/61237.xtx	196	2e971f8431358761e208859a1654278b6f081f7674b954b0c799246d72e25e6c
xt/61238.xtx	220	36f8d70211cc85c183d137d492b5a24fc54b36fe98c3cba0a32cae6bc01c749d
xt/61239.xtx	204	20ef309bfe373244a8000fe2cb2e5bcf17b8380db2dfba7d6e837a95bff10996
xt/61240.xtx	174	a81ee3042c48ae80568e6550935b7e690f70eccc108794478c66315008a8995e
xt/61241.xtx	160	3dea475c4ee2f579be9a9ce7f199823a511f4b395b4fc66e8661841096f82502
xt/61242.xtx	279	38302aa5ecb8896e10bc3642b45c07b7d6f3c962c71bed99db12613be955ae38
xt/61243.xtx	167	8ccd0b2a7dc8f62de62d8a2378531adc091f0bfd744d24d25643d690509a62db
xt/61244.xtx	227	b52a2be4c7b2571cfd82862ed56e80d99a9ccb74728249982dab9fa4449a5520
xt/61245.xtx	186	147bb74b5703c6e35b981d1933b994ee895137555a1a0f6e131df821426501d6
xt/61246.xtx	197	6f6ce72be7357ba7d1f324eabec677b5ec96cb6e6034b9944e971c7c579f1202
xt/61247.xtx	158	bf49427dc217866f184c6739faa9da42533782075dd7dbf3ba6440bbd11179c5
xt/61248.xtx	250	7f61bd1ecb2e42c883bcc334d3c16b70b225f24a7bf74506bce650ebc4a99792
xt/61249.xtx	221	2532b09253945d0bd79a8854c7664e9c77c1b7007a29387042433e399112df1a
xt/61250.xtx	184	a3273ebf9e04b23c7e46100b9f0165c416434de5aefb3c0dbd10fba52eefbc06
xt/61251.xtx	239	1c64423f3eadf4cd3b868f06e18f9d60aa15f6a29be9d7a50eb34f62de936728
xt/61252.xtx	410	0c030c64ae023dc3e9b90f307fddb225427e9cb2cc79b3642c6e55c416384f65
xt/61253.xtx	150	44b6d452e850edfb8589be411296537511bc431f02fd2b86d749bfb8a59380c5
xt/61254.xtx	240	db6386df53c65181d8ead441839e50912270e1047f70951bddc21f941916c3fa
xt/61255.xtx	340	73bda77620ded8ab85d5e73706fded9b798a65f47e55b2c0dc8f6ee736afdc68
xt/61256.xtx	200	0de8381ab1ed08b78e527e5c2641458e48fc24bc9cf035f6e758d9a6205021f0
xt/61257.xtx	321	5ea731f20c23183c2b9f1f58084ab6416cb745eb7d9ef54e180da366cf5b0315
xt/61258.xtx	318	e84fecb36d825d5c63142efaf75045ec72e9d748d616d724a757ed46bb3e52bf
xt/61259.xtx	285	d9c8b82ee54fcf1ad990ca956d21ce9d75610aa0d9893894f24bac984a5392ce
xt/61260.xtx	295	5b5d7c141bf6882307dcfd0d804dde3f6623a032efa94e48e0c0ba65c0dad39d
xt/61261.xtx	284	b7f5211e67e26ca3511daab61462f46211e82121f948327012105fe8aaf1ebea
xt/61262.xtx	172	0f5e62a920ce1391f22d7dafd1c81d5216916f5d0b0a6a7393b49984129a15e3
xt/61263.xtx	176	0bc55494f488c1a56ec8d922d29503955640d4613bbceb7f22dd415122b97895
xt/61264.xtx	199	8d11e4d8ca9d7fbe688659c5fc5f406f3c5ceb76561f7396124e9c78834b59d4
xt/61265.xtx	279	ed120292b2726c10c9f13152c042df91e4ccb9f5b3086deabc9e5c9eccdf7356
xt/61266.xtx	241	58b5fd0439b6411d8fd39fd1eaf6858607da1017f158de32f6cbcf4848a7fc2a
xt/61267.xtx	295	9dd47078d022f01cc4817b2385890ad5e8b0282d4bab29f607f0594265a9abc0
xt/61268.xtx	265	deb17a64b89d25f8fb7a635995eb4a84fc7c398082fe833a6701800f5883b09d
xt/61269.xtx	335	6d8f27430b9734cdda97ee9ef60568de222300e46dc523773e75de8cc8581190
xt/61317.xtx	230	1963c7244f82963c81ce0082b7899917d065ffb0e238be395039912f994020e3
xt/61318.xtx	180	0a39198ca2ddede31d84f10438432da97792397d3be21e56438aef694130294a
xt/61320.xtx	418	2ab898abfcbf9c8ad9b14787ac0e08993c8dea110273bbcfabeb88eadb97ef73
xt/61321.xtx	302	71e18dd6a39bd10eb2696c83c0d974048a05132ea67793f66684a48db495b023
xt/61322.xtx	226	95b81666cce79ef6e8c812b952264281f5310a645327dd459f16a9f3330cdc9b
xt/61323.xtx	246	0094aa74e95be38182ca8cfbf6d14a50037e62ec4d3512df02ae69d295360be9
xt/61324.xtx	318	aaaef5fc3f9b6c1109bda6069256ba55c2fe6fd79f6b260537c47ebd8c54ce52
xt/61325.xtx	370	d0400f876b8274e940d296f386dc1a0d563e5c2fba0fd8eef0b66be4a0a64000
xt/61326.xtx	305	6e33bbc0454fe1c8938091a998d95a516b9cb506c422f8e2ff12aa81940ca631
xt/61327.xtx	526	7d4223cd758a53d59c4f7f6a14606139f679f26fc536654e4a50655405f1ccb3
xt/61328.xtx	339	bb887485b752700b4966a35a563419f0b5876ddf8b841d9d1c468c5a600c5c69
xt/61329.xtx	318	02806ae2e6becd0613534a621d4fd9957d562fb4086c77b823428517e583ad25
xt/61330.xtx	239	4620cd67083c62caa89a20b7602563f602c6ce99f523854e55437643a1d87707
xt/61331.xtx	256	3cbec4acda1bb96d626c642d871252bf2cbf2cfd4cc37f4f59abd8a020e34ad0
xt/61347.xtx	263	0fea799ef01c3b61e87c680b4d54013886f0d8b29f9ca90f2c174a4c03c77d12
xt/61348.xtx	228	d3164867cde215a31809170d5286c7a5bad7c86aa01c4ca97b02cfd7e80718c5
xt/61349.xtx	234	72b4e8773341e6b2196237681fb6e3abb0cd0d82a5907a7d8ceb35394780f19d
xt/61350.xtx	197	2676748a4add9e0f8448877965e02f8623be83707d6516741a91ee7868d6ddc0
xt/61351.xtx	340	c1b4272cc076e6bdd31af6d5d616cdf538345633d00f104cdb09f0adb6ed883a
xt/61352.xtx	293	a58dc867a87820719faef91a7934d107027cb7ad269c9c72ccd73a06e770dc74
xt/61353.xtx	382	6eee00cf41ceca44ccc7ad5fb59fcb3f33755e105b6961b18d35df8cc914eea7
xt/61354.xtx	218	a7371d8b8801dd2e89d4834fcde5527334e86c35c1202c0bfc00f67811e0e371
xt/61355.xtx	542	eab444ee375ddeaae46589a9b09cc43bf475ad4e3e23644829d9378c024867c4
xt/61356.xtx	1058	51b13ef94037e971275fc04a7f2712e01069d8ae942cc88880a1ec45e0774cf2
xt/61357.xtx	393	7f7f2aeb0c7010c2f4f3b44be5da4599ce7eb55314a96e1b912e58c199693849
xt/61358.xtx	464	4d7e6edc06ff048a4a84d9017398f0bb2862ae511eec4c64bb16dc90e6339450
xt/61359.xtx	391	3083d77efdb079cf915e8aecd6cef1d3c362c0a10298b0fc1be8cb25a247dfe2
xt/61360.xtx	283	5cab651959fe41570f4150c355050d4efe3be9715b19c56f98203f4223be3520
xt/61361.xtx	212	e5bb494340d30d676233e3c4a1ba568081ca2dbb7b1933680307010d8adab332
xt/61362.xtx	280	440ebe9b9a42b2a512e7789638f0e979902b7ffa590babdfd1aad3246eeef68d
xt/61363.xtx	207	037859855b8cc03d2bd67bfc5259e0c5d093f5f640c997d1d3f80a438ddcba91
xt/61364.xtx	264	9967cea0348f8c058b09aa222d0424187f7658c8ca4265df4ac5937e0acf45d6
xt/61365.xtx	251	4c3191e07f6c10e5ebd4596248b6527530264d49464781b33fb96f3701ea0e9a
xt/61366.xtx	214	add249a194e40c661d0381d66be7b3d65c89e6e209348479a10824760d157a0d
xt/61367.xtx	215	0fe977570906ad0fa025d4decc9b2d4b79f60ed865df718f09891f730da2296a
xt/61368.xtx	349	ff8140b7b4715b23c17a9885f64a1c2318158a9ddc862c64af11a1c3e507b5de
xt/61369.xtx	216	4a439ae2050d39ba042789cc07bbcce0570122afb14baddbd8a2fb07f991754f
xt/61370.xtx	321	c49038920dd9d32e712cf17ab3b3137e3a895e772d785b73bbab99ea0483ba74
xt/61371.xtx	265	6817b654d11c4a278cf97e85b9081bbc18eeb6427bfb38f051319374c4c025f5
xt/61372.xtx	253	abc2d82c868fecb8b9b46e4a2fd8cdb27fd1205da6047399115cf864bb021a2c
xt/61373.xtx	216	5d6f03055cbdef12bee1f5d42e724c74d93aa649cd975678fd7d102eb9f6f270
xt/61374.xtx	233	14367fb3406bd51d9cdbea7fc67025c49914ddc15634b226e835afc9c772a86c
xt/61375.xtx	232	eb43d4b89b9db2826e1ad28b8bdde49fa167957c19b46d8bb6f4414e2a0cd725
xt/61376.xtx	209	a02b162affabf273f2681504f0c632f64750f990af2bb01d5369b0300df4a40c
xt/61377.xtx	249	13c3caa773c57d452f62a2c6e776cf36346ecdf61ccf06ad40415b37ed881621
xt/61378.xtx	604	26dd2f89dbc244e55cadd6b681a2a5f2611a385801a360e0d488f1dff781a42c
xt/61379.xtx	447	1555291627e48c53b3446ab489110ffa15e35f9a6e1c00a1ca84398824a8ff97
xt/61380.xtx	353	e6ad586328e34aacaee830258c8ab2f5e0aa7168b3c226e268a2270364e64894
xt/61381.xtx	360	67850ef01a6408fc85200a580b01009eede73608816d55f58086d52aa636f19d
xt/61382.xtx	238	c0ff0f811004040f0a61755e518f7a199cc0ae810600f4a604b0e1f961bb7ea1
xt/61383.xtx	635	aa04395697f0dc742121e2a1341d702fab9438e6c7910c9eaa55e508a33dc014
xt/61384.xtx	438	b954387d286b4be109a9127279e73494e233919acee8a6c6b29161f0caeb7d07
xt/61385.xtx	535	69ccb0160d8559c7a7cbf69b5019aaf5a689ddbbf0099d2aac8d45290ef00e68
xt/61386.xtx	504	acccae7b5711463bb9a6564e0a827fa4d921a03ff861392fd5f3af334251b2b6
xt/61387.xtx	266	993bb9d24cf66db84a107151980c66b66660aee8aa9497de7ec0beeee8210417
xt/61388.xtx	206	9108f8fcd368bd08800187617c3b71d144db682d9c8b9735f3940f88aa583625
xt/61431.xtx	171	283e20f72ef7e4ea26acaa1d34afc68e250df02d39c7b477558b96cdefde1025
xt/61432.xtx	285	57df91e938a8f199d9f517591f403a1b596a0b711ad22018a9a9e0af053ae7ba
xt/61433.xtx	228	8660c45f41f2dddc4adf5aa0f181af2d4d14ee795d7eeb466e5587c32725c86c
xt/61434.xtx	315	5c8cea49689074088d04a25dc8a4b334d3876aa59766daf96e918f5f119b7b74
xt/61435.xtx	230	661c376244a4b3d44928ed04425d99a86dd97d8dd20a2a7ecff4ca21c71832f7
xt/61436.xtx	341	da175176ccdad80c58ac142fd2c2de947817ed2b42573dde99075de10a533c5d
xt/61437.xtx	258	6babba880d29205d76fde33799124112f78cbe8b161372ec071c51e512f9a871
xt/61438.xtx	228	59679ed1d6900f1467a2c74673b3f0243814e984633ca8666bdf7467410e8960
xt/61439.xtx	262	a8b96ad6fc07dd89f269c0ab4a6767bb4ad63a3da2c673e0f465c933985468a8
xt/61440.xtx	224	6af8d5606a9ae416b121f9528b653b2dcd20db1b40ab9da4c95916b43d63c713
xt/61441.xtx	195	b02200581e85e129e7ccdbc66753213ceb2c8a34b4bf593b97c064053b4c3681
xt/61442.xtx	303	ade7c79ab422adfa075410b33be23005a8acf0f1e4b033811d22e878f7ea35e5
xt/61443.xtx	213	8b87b584accce854f17028eef9a936f7f22fb6fddec21e0b7c50da9cfd4b66f8
xt/61444.xtx	202	d5634d21fa5c20d96b9fc0c12806f301911917b8eb0dbac4776e424fe3b6be4f
xt/61445.xtx	293	e0b769973b2e81935e0053698ca81e5de86e3998e436c0f5c0f252892d4405f6
xt/61446.xtx	233	512e1df415faaa4e4372767a3bac99adfec5217f0516ecef9d44f94830064fd4
xt/61447.xtx	232	ca34855df7a2978e69f7ba58486a21737c82557a42e0a5c45c7335c1dea8434a
xt/61448.xtx	229	beb8ea7b2723e253c7cd4748feb1c65ade78411fe32d0126cb5be8f0a8d34b79
xt/61449.xtx	201	b26077a57e775e8a9f23855d0421973fa2d1cfb3c9e5c6da41043cd4a9aabdbc
xt/61450.xtx	202	55d330e6c774d32676492daf9a8067f311ea9fcbb67869dfe02db79903446928
xt/61451.xtx	214	73c8d3bdd582470b45d9e94ecb330b979642e43e8926c43ae7e13d263f5ad674
xt/61452.xtx	232	1255ddaf00d8c9e3cfa8535924c0603c250566afe93461ef7d29ef892cf1a6c4
xt/61453.xtx	217	221c79094da313c723c73d39bb03e16ec191035b737c12b3f9377168da9f0bba
xt/61454.xtx	213	f26c904e90e12a178acddd258fbd5c1c74dcf03de270b0151e577ce775a322b4
xt/61455.xtx	221	38269afe274732ef9c47a40d7cbcd5784314a067cb18c911296b95d087d307e2
xt/61456.xtx	236	39527149f6296c1b22a1a389266522be135f56ffb1361039ef009d80d7227814
xt/61457.xtx	209	25224796ee5e5a25304ad22cfbe0b8424c8834d25393ee822e687cbfd7e7bcdf
xt/61458.xtx	222	cb09f3fe31ebf6027afad63e818ef17609324d26d332791900539ed5fbda3cb3
xt/61459.xtx	481	8692cb92e00b692fd8679be4061cca8e126cec7efe36662afc97c40524987482
xt/61460.xtx	152	d509a3f23d837a5b375d7e54342b814692ace19c5b4ade242b836d286ed209dc
xt/61461.xtx	420	1575074ff33150d8eb40e43a4c318a8e07f26c1588b65985298ed842bb4c6799
xt/61462.xtx	409	989bd74131c80b89682bd4de777810e00fc7b3e53d95f4367fb82bdcea9ed550
xt/61463.xtx	326	91a2b756fa48c11a4321906ae665e8bdaad9c90ec917c5382fdf5c93bd076bd7
xt/61464.xtx	292	00ff0530527dc8d68d376a46ac80442f0a5c50e3279bcebe84615de81910cb28
xt/61465.xtx	310	80a45c525146bbda86ae9d9c1d6fd96917779f225ea4a633fa662a0d36f57c2b
xt/61466.xtx	571	56951e8d312bf7ba6a7b6e4b3ff2ec696b6a8f725f4fd5de622d11e5a5194cd6
xt/61467.xtx	301	eea7aa9ad88ad6b6846c6ca6611d75de0d474226170e97cb1992f39bbc94a9a9
xt/61468.xtx	233	1d6024f2fa2015147e56f82c9027e678f4e185af96dc21e6de6776522bc01faf
xt/61470.xtx	387	fb4e2ae284bc81bd54c14031a8824704bd5d91a3e305cf30041215500d12fa67
xt/61471.xtx	277	35364d6d3c8bb7c71c2fa277594d53809c072bc99b24d82c66e1291fe59b4e06
xt/61513.xtx	296	a6d6c7c2d50b37f5201b62a6116d327801183681d44e68a7a13c79f16dc00190
xt/61514.xtx	327	98e458204ad461c25fd3128b9e4489f44ab2ba2cd5f58b8efaf2f985abb7733b
xt/61515.xtx	288	f26a0deafdde3f8e62dd12012a4227b9afff2041238d30042459764f0e0eb26f
xt/61516.xtx	277	c6426d50276fa88772dc44eeb5041fe7e76992d34044b4336cb88c6a356d60f3
xt/61517.xtx	376	390f40ff9faf70b21a20f55be430d71455ecfa504fa765576feb77dd2185c9fc
xt/61518.xtx	353	89192a9ef01c21cca98be2c80d347613b374f18a6196b6b3936c6ba517e65a62
xt/61519.xtx	251	d4cec46985bab0e94566e8ab37a3e3011543cbb9d3635942df153a9b209dd5f7
xt/61520.xtx	367	6e695216ace7af9746106a336dae75397f75fb7ab956b802e21619c387bc6040
xt/61521.xtx	227	5dcb37d9c9bc0c0b8710674da0b8a57a472bbd0d665f91ed067795c9eb059790
xt/61522.xtx	464	f5db8460dacbbeb117cba0e72a95d85c93e9cf9c7d8f61ce4c321f04c7acb75a
xt/61523.xtx	339	adf811029f661b75b26ddc0358079f9b8d80a29b0c97ae79c9e9ddc8f66fbfec
xt/61524.xtx	282	0318eda7a3ad622493735f26bc7d0d5bc21dddad04a3bbe0759f1a8ec757b77e
xt/61525.xtx	284	909cb2ac3a8a3c0a9a7622d182dc93f8ccf3bac6afcbe211e0a18cd3363df510
xt/61526.xtx	312	85f8729d33e39af374622bc659ef2eb1e9f7874010bf6ba8b4d5cb76b0497523
xt/61527.xtx	395	5ad884881eb14c40caebfb1ffd79725185c3a4c4f190e743bf56476ba2e79b1a
xt/61528.xtx	374	309c8d4f6f979e9619be8e37f31b271be6a3dfff01424e1962d76fc9e10add40
xt/61529.xtx	343	4fd64eb9d24b68c45c3bc36833960401df9edf96cf671b731eddc7090608f6d6
xt/61530.xtx	385	64acb4e923fdf2046979492fe4813898dd23ab3f09f191abee5f2fd19fd444db
xt/61531.xtx	238	fa4128f35c7c055c5520215d58b970ef605322320d94cdec9058101d3711f1c2
xt/61532.xtx	367	6a1b03ad3c4e4f140c5cb1ba6a893da2e475d9f10734617aa1c8b2168a52c826
xt/61533.xtx	229	895beb2ff35b1836afc5483f15dde1948e4b5394cabf9b80f8a9347e49665c88
xt/61534.xtx	288	f9089a8686f9fc37754b6ecdf2105907cf4637306676c68d40b6613d4879d3cc
xt/61535.xtx	258	6b3e9d69da77da18862c359afca070824890df11656fe6e7b1da874b8968c76f
xt/61536.xtx	367	5d4cbc1b050f27225c54c643cb1f5fabae3ec4f3edaa2a0bc96e37edbe000146
xt/61537.xtx	214	558e56b6525f170c018382a303e7f13f3a8931027195792d4b7c7b46a6eb510e
xt/61538.xtx	225	71519bfae61176dd4602ce5828836bd330edc9fdcdd8b889f79f5ce2588f7826
xt/61539.xtx	254	a1b00e0729efe7885563cbd323f75bf5a659ef6e5d010198009584ccd48489c5
xt/61540.xtx	223	59349e60c35cfb396ff06afa97b65d44e598f9342b1b36e948c332d5f6b1bf2f
xt/61541.xtx	252	0d3ec08692214b02c764123f2b6354ef457fce25a595aac99828ba0c0d904c6f
xt/61542.xtx	415	fbb6a0d5fbdcc108fca424a80c78363e312fe29806afc96eefd461e5869e024c
xt/61543.xtx	433	86167e82ddb406b0fc6bf54a526971489afb7aafb12d32ebbc57dfe9cff814f5
xt/61544.xtx	444	25a95b5ebf59b1dddeb919f1af978139bcd028c5ec8a2e66f7b8893332ea9ebd
xt/61545.xtx	408	324cbbacb25cd0fa6f19c37d40bf58da8d1635f4c1a6d551b8a1f10da4ecb6d3
xt/61546.xtx	437	7f0eb7b815b320521dd6f8fb7327806ae0b283564a350776fdbcad6eec7004d9
xt/61547.xtx	446	25f6d212789ae8945d25d4a2639f9b6064cbefe29e9368b953e6caa8ac092b36
xt/61548.xtx	283	b4d58a3f5c4c707e582c6a2739a860b095d78ca3e81bce4682ce69c7eb08124b
xt/61549.xtx	320	c172f75ca05dc7855aee87ea0a360fa2054110f1b4abe70fae84ac8d2b1ad3f7
xt/61550.xtx	426	42d9dccdefaa2710305e0a8afbb84d5b738d3e4c13045f0234ca4d98c8176040
xt/61551.xtx	262	a1b402c3b73f83e175b9fe6f05b82c675e63d0a22008150e0e9553c4b77d3176
xt/61552.xtx	257	14d98d4c6296ffa6f0eb810de6947ce9ba8eaff5aa73a24df6c67efb7c766670
xt/61553.xtx	324	51d8c4d152bbd44d43adf93cabd3a60b8f8ff4bb44f2ade1d7c7ec9a684050cf
xt/61554.xtx	274	8fcc94d653ce9bf04750248acb43f259fbd2c22a8637c7f33695a3bc88065bf3
xt/61555.xtx	533	480e679696d88a65f0f205137334376c178255f3bbbd94e7b7959a0a2d84515c
xt/61556.xtx	292	f9a81b6dc4405f09b99f09b8a8bcf8359b452451595a256a93d12ed7da4ff1f8
xt/61557.xtx	375	11c136794c7022f655e5af728f2eef2876bbc831e51529bfc359d6c092182430
xt/61558.xtx	342	565944dd5308266324fe5102d824e0f61569829c58f060b8cf55fc0ac21373ca
xt/61559.xtx	342	977276136b499c14181ee01abae6478fbb89ff800b066abfb8776fbd028cd701
xt/61607.xtx	301	136477e64aa3bacc347387b0d28fc232c8fa3b8fe907544c2cee8922e0216d33
xt/61608.xtx	490	46e7d620d102f0a48e2e1c2f95fcaa5ebeef43d062f1ee06e14a3dd42da790fd
xt/61609.xtx	301	136477e64aa3bacc347387b0d28fc232c8fa3b8fe907544c2cee8922e0216d33
xt/61610.xtx	374	7f51ee202486764a10bb3697a14194ee6233e57757da7eff8197f6daccb7b2e3
xt/61611.xtx	257	f9b4fa05e5ad81f4a58339a6c84e383c2ecb6692c59adf5f3d9e0fefbd04a3fa
xt/61612.xtx	315	fcfa4a29911659d6e2e6a1f2f9cffba381add08b14884de3bc74d32f4e6c9438
xt/61613.xtx	583	c7247d7c0758526f3bf67e533bbd927d3cab07fdf666d2dcf38a0c6d1be6c2d8
xt/61614.xtx	255	433757496011b575d0104474f3687993a8bb16b97b70b8030a45b1a5c3082e1d
xt/61615.xtx	292	6f4bd4154815aaa73aadb0e03c2240b75b2821d4e262ffbc9692e6f45811f38e
xt/61616.xtx	293	a28cb3f8e34f52e895bd53fc5763ffe5d7a42518729bedcac70e22c064a58015
xt/61617.xtx	246	1da9db85ed2ecf688e7e2d0958958ad7ed20eb874283e8116fc626cba830a7ab
xt/61618.xtx	271	4171e40adb12cbcfb1b293e46b7535fcaa1dba5fb00c7d3cc9b6e95e14a835e5
xt/61619.xtx	391	1426497316c7e8deef8188f9f66e76a152715cff9c6be217a24985887c82d00a
xt/61620.xtx	234	437e4ba4772273b6b1a11e3dc23b062030754217453c22119e693c2c194704d0
xt/61621.xtx	195	995cd5c3e3c5987d1f07a4894d83524cf1bd02d7bba0c2fcf6b9bf05e2312586
xt/61622.xtx	200	40e0c33cc91209c1798bf4c3cfeaeb53fb04f52d0e5441d93380966d9ffa06f8
xt/61623.xtx	258	af2749c21ccb6d3ddbbebd205efe707a4d1b3cd216e912ec909a0ffd0f43cd5e
xt/61624.xtx	200	5a02cf70c55210c9b54b2c49b4b268d4c945d7b3912b2fa07e9e7c10d8e41539
xt/61625.xtx	202	c39a789bfc5967781eb1f427cc3a55e670817437ec5066895ce0e74f157cdad3
xt/61626.xtx	257	edde89276255866a58d04c15a404378ae549a18e364bdb9077d9231ea960f89c
xt/61627.xtx	281	901a52ee9ab3f695c120c2dc4158305365d950bd2d509142652c31add1edafae
xt/61628.xtx	216	9744c7e490ad4a65ad00c8d317e2c02e7fc5c42202881da1e95484c60ff72c11
xt/61629.xtx	198	ea4403a691bf655b3d2116dfed3af8b7ecaecb8963afe06becd24cea694508d6
xt/61630.xtx	201	2250f2528304c5b940c2c33f53d3a44ed5b23438e9c36ac075e70ebe615b0e49
xt/61631.xtx	210	b913e40163046fe1da2a6fce8eee2f770d4a456d11ffbd7eb29415c626241485
xt/61632.xtx	236	004d1be68a5da7428bf6e3cc0e930b920fb00b87a2c99ae2f837c523a580f0cb
xt/61633.xtx	282	5de44c6db9b28ef10b64fc8eaf3e4cf57e532a646714906028c23d08cf8ad399
xt/61634.xtx	250	6116385ce3bf1f794517cd90028be7bc5c525750774dda640ed700f6ba6bbf95
xt/61635.xtx	325	4cdf32d94a9e8d0c0287b0762f137feb6ec78112e508772d7f33516ef51b8a4d
xt/61636.xtx	258	6d6b2be0034d20826ae86a1b096c8ef18a3b20d042ed75ba929d805a781d8b14
xt/61637.xtx	297	f77d4e0fe88d4be852152adf86008f542edd0b049ece0c62d45d866579292b5f
xt/61638.xtx	260	69bd7474576b3812150277127b0b92449a5a813089f81fee2b9e1b5cbdc2e984
xt/61639.xtx	259	01fa794007c6348dfaf6bad98117f63d0cb53beab75185667baf4b259069a2e4
xt/61640.xtx	298	5066780c5fc55a8ec6506dd8df9178bbb991222ea62b847706704058b2bcf214
xt/61641.xtx	330	b420fce260e4af0a7a945ac5d115c4bc6c4e6cdafe7f85d8b1a006d887062f96
xt/61642.xtx	289	4fa57397177212edf9266b4b870f307a9608d7beebbda383088b09ac9048c739
xt/61643.xtx	342	48e02df3f590ec0e2afb5e3346273578257fbac0b466374e4fe5365b6b817c2f
xt/61644.xtx	222	69ae56267d976f29ddf1e5fbb2fa085c789fffe14ecaf06b915044e80984234d
xt/61645.xtx	267	48042e78b7e43241dcbecb47e242bc8ba48b38ac367c3f65396af93c9ace9a11
xt/61646.xtx	261	aecc685e5dd03cdecb952a9156bc0546588c3e58e1bbe055c2fe7b9530ff8568
xt/61647.xtx	236	b0b69143c97d4839bd6880a245c8032748accb2ddec95b519a75b0a78b866361
xt/61648.xtx	217	d74fdc0acc91e01a44d4c130e4177605cbc2629e14be0af4a520c6c21b2fadf1
xt/61649.xtx	294	348b49919e8933735f43264f4ecd28931b51a6a6ea4fc30565ab541017e42587
xt/61650.xtx	266	bc640db227694cc79d2bd0791b305c6dd2f6b596641f0350f8053283e8cb6304
xt/61651.xtx	247	575ec7f053bab608107717836ca3fa36ddedebfde2c3a3bd800e111ba6ff4fdd
xt/61652.xtx	252	fc61bc7158ed057f14a649e0588873c7cff442cba40513dad945b633a1cf9843
xt/61765.xtx	343	6e39410745c50c72ae9c96f8c0529710b98cc234537bdab9b17b5f1846e5db42
xt/61766.xtx	742	55981911e5aabe6a54de550fbe03e98daa32530eebfdb3410f4f3b885ac953dc
xt/61767.xtx	1022	8af65aa5b03cb7f958cfed6f3aaa882bcd55aabe3e451e1f1ae162992beea5d1
xt/61768.xtx	654	95c4781c36d985c5cca2232daae2a6833ad74d61311eb9450c025cc0259adfc0
xt/61769.xtx	706	2f0278c040de10c6741fe862670c33c4c4fa46338d0473386c592875d0dda29a
xt/61770.xtx	732	53c2118c9c961a6dbe7aab1bb60c82e550b6d07c1d58a7a1d3abb0af125dffd8
xt/61771.xtx	439	fa716da46368584dc837af4d9ccdf19ff97e795d344554f6bcb9918b98bd1094
xt/61772.xtx	692	4ceb9744ecec2e684a83eb42cac94b323c9e08560b1f4eb0864477ace9223c18
xt/61773.xtx	254	98dd7f6a2b2edc024bc3f68d030edb881504a6304c89f0631470ced703b6a867
xt/61774.xtx	1666	d92f05b66ea452e3155a294d5bc80efb501d3025aaa2383f31f1a0189bd9f2ae
xt/61775.xtx	668	08f92053bb9b4208a16086b86e47602f260cff6f4972437cf59a655e126489e1
xt/61776.xtx	229	bcf549d588e0b96fa88d6f4af46842f2f2edac3afb95cd148924f2ee7c8ad3d6
xt/62868.xtx	274	903d170ea2f2a1f0668ce34c4c36662730f4f45239b9c0e5e6b6e1ca679348de
xt/62870.xtx	195	f4de8431086ca093c40c5487d21400ffc6a6d41278cfd09cf2bfd3cc9f4a0e09
xt/62872.xtx	281	aa03c8c87cb4ffaa44e0c121dd889cf974cab487501038a96665e32ef74dba7d
xt/63271.xtx	270	5416707b76919450045135429ef66b4bfadb86458630033e85edf008027139e1
xt/63302.xtx	311	07fc523c8bfa1a91c2a64f64b2716a72f400b06610a7e4d45a5e98c9545e84d7
xt/63326.xtx	384	892af018ab749dca795fa78ded8e56f8904a74f396c751a37eaf331743886b78
xt/63329.xtx	407	8e6721e3327aab94a98ca100f67cd4678e6148c79de8e379059d7d3ec3fe1c66
xt/63332.xtx	523	de7b42c818956a297cb9db22b60541f05efabc8ae3a369777dcf86dda201e38a
xt/63338.xtx	392	0efbf9ea0f29656e153e79667e9798333b4247034154050c85c1269143a2c3d8
xt/63340.xtx	275	e417fc0ead2de434b9ce047ecb4e4729a5210643f9583150107a447260a9e7e0
xt/63344.xtx	474	a952d1f2f72ebcfe608e55857f1ad96a605bb9fe948078e9de39c31dd32d2d8f
xt/63354.xtx	292	484d25b6a1af18bf3a767efbf3d3216d41c82ae3086d1005130e4cc7202aa0a4
xt/63356.xtx	432	dbbdc63b0f5725406eb4ee6bae5bc9211d2a6ef56ac8cb0a4af2ad3851a0d6b6
xt/63360.xtx	322	6e15e64f226f825b24eef1ac82703948a10af6022f7a2f1fc83997d902c827ab
xt/63364.xtx	530	8598fc6532838c1763fed34cba1ef85fa5f53d12a572554fbe2ccb87c174e81d
xt/63366.xtx	646	f124e9fef40d793a6aa93caa47d09decd86223310e1eee27a09351d203438abd
xt/63372.xtx	281	cde8908f0b9c13584616ba3f46dad370a0fe723336e58be2a6a1bf3a2e0a74db
xt/63377.xtx	356	5e5de98da73d3aed4aa7ce0d02e314c83da1e939b4e33bf52c1a6c5ec3411b59
xt/63383.xtx	516	91547f66853600f176f5b9d48b041bfbd296f5903067d7beaa1d021785bbb150
xt/63385.xtx	206	6f9b43a64e72b37eca5c5b18a7b2f8d941fe164f8229d153e134a9e0aab6123d
xt/63672.xtx	225	9f2cb93e2b9d42a01d95856042a32f368dc91a70aad1c43e579c326079e547cb
xt/63682.xtx	216	5b981fbc8fb74a8bf918e46e4e9fa5cce31cae0c6054420951648b67817fcb6a
xt/64497.xtx	170	2b32fb3873a57adddd2d70cc4bdc6263592e3c44a28bfe89051cd3472e1f84a9
xt/64498.xtx	237	3b4a665ccf170d7b6e981936387050a5d8a10277eb5e2e926d72914f5b706a99
xt/64499.xtx	183	a3f600c687b696d4f7763bd20b65e718447c1f4084afd2824f6af1e2c990d789
xt/64500.xtx	178	0f2a183e59bc347ae0cd0dd43d29bef86c8f5e5f1ce358d4ba7c0dd384864e27
xt/64501.xtx	203	d2fb734eb58163ad6df8d15ca364d513f33f2f09be4972c312d70b856cfb8c6b
xt/64502.xtx	214	add249a194e40c661d0381d66be7b3d65c89e6e209348479a10824760d157a0d
xt/64503.xtx	214	add249a194e40c661d0381d66be7b3d65c89e6e209348479a10824760d157a0d
xt/64504.xtx	208	b832727dafb0bd161e1b0ef2b457a09e68c26cc404a910ef0f18fbac39cf31fa
xt/64505.xtx	207	c755d72e3b7003889b0259f86d00ac80becdd2e1c820aa01e90dbaa0aa485873
xt/64506.xtx	207	6da4b8951c585594a05e81acd804b98c80cb2a03311332d1ab0f44528d8ee090
xt/64507.xtx	240	995fd9fce2dd0d2f58a75079a02ab4bd96b9b995a0821df07d068e9884077814
xt/64508.xtx	251	348f4c28ef715aecd780a84511e5ef5c4dda347bccf5e4711e8d2c3e80fec4b9
xt/64509.xtx	174	1259763ccd74ee07ff13e9130aff2fdc7c35be3c37a3d35a8ef3642a8cec8a37
xt/64524.xtx	638	1755141d9ce41fc086fddd10ba5e1aa5d27fc06dbc3dd868b16754ab20b4baee
xt/64525.xtx	339	409492e2a8b1d3c5e24ec4384c543af455fa35904ba3d830425ca0eb94950085
xt/64526.xtx	950	bf2bfb9ed67396c6b772cb45311e3ba43a00a5ace74e9d5264e8189428583b73
xt/64527.xtx	294	a1b71338fb912bbb5b12c075c9101bc24d25cd69165cb4adc9308203fcea2230
xt/64528.xtx	2396	f38d3549a6ab47934b14775f77afe3db682832acc20e5f2d5f51bcd96237b8ef
xt/64529.xtx	577	6a9690680f3e2038f7449ed2ffe8adbf22904af571d818884dd146d3abcc4652
xt/64530.xtx	423	a9fa5d5ec5ff25c922cd7a2826fb6b635cd98cc9c5b0bed1cd127994daffbb7a
xt/64531.xtx	1163	dc603448182591ffe6feac9f3419cc1892be34c52e23a95ab52722a7e2d6eec2
xt/64540.xtx	397	ff360bf6c694d08e470487d0fdc4a66523afd3a418e9ecd2590d631f24a4bce9
xt/64541.xtx	612	658765b79bae9a3df42b56712de4f3602503819c7914aba0b168a50636551156
xt/64543.xtx	458	9a05770a578c08a6279f0013201e62b44de610aaeba794a80156c074cdb2eea1
xt/64544.xtx	420	39d9f1789dbfa2e6feefbf7b699e94df7ae96ac85c9fa528f9c878fc598f786c
xt/64546.xtx	389	ba0f19d1c6b818f51f93de14b287afc26d218ffa02304b96a4afc751124ab79b
xt/64548.xtx	511	b33f9a4c145a73f933336e2a5a2f0226129da6945a3541cc0211c88efb330ca8
xt/64549.xtx	452	16b0b1e5e923ace88d4db924c3efb8691e48ef541416b0fcf1a1835abe2e1cfd
xt/64551.xtx	678	e7cd8de145840a7934f53953fc7e8f381e58d21cfbeb83dfb15a693655dc04f9
xt/64552.xtx	382	91d2765f5522168739cc30b1ef74c55d47143c489e039d064152c7196145d2e0
xt/64553.xtx	496	a127aa31990198873a2a0dbc49e23831ec503c14375eca9eb77febc5d556aa14
xt/64554.xtx	109	9d17a5a6f520b76db36abf39611dcef3977967ff8bac51c51e1f1ca688aff874
xt/64555.xtx	392	0b54a33c87f4e919583057bbbf7c6db283c06ae5e22b48cc322010a28897a379
xt/64556.xtx	592	7606e0f17115771124de285129b3e160fb01e1e97f283e9d95eb416807f19aa1
xt/64557.xtx	439	ce56532539c50798835c259987198acc62c843a3da2da4cbbfd27c810ae99c90
xt/64558.xtx	439	ce56532539c50798835c259987198acc62c843a3da2da4cbbfd27c810ae99c90
xt/64559.xtx	438	7c014c61acd3a72e07c8c008190d4aef65ea6750e326652c651e3fb4e77a0cad
xt/64560.xtx	289	c9ae8ff7bafb65b3a397810d77223f8d6e33b5a4f2feb7742cf7c7e47c18d8de
xt/64586.xtx	237	3b4a665ccf170d7b6e981936387050a5d8a10277eb5e2e926d72914f5b706a99
xt/64587.xtx	235	b10e6b696262c3451bb3635204f89eaccdcee44d326123c2fb8dd445572c2a21
xt/64588.xtx	218	df973c62caf35a74401f745a00008dcd2b54100fda0b07a94a0c1fdd273bd3ca
xt/80249.xtx	258	d52f599bb97deb9beef647c41af07f9c070fe4c3c4cdd4c60a921772f1bbc5ed
xt/80887.xtx	688	0e063d42df1fb022f2c6b311686bcd68c78e810d456c813a7579f4b1c362afc4
xt/80889.xtx	693	eed99784c6ed3e52534e1c54201d47729cc3e228e7df72c8ff8017292779c972
xt/80891.xtx	706	d5fd7b2d5a50e136716b1d1415975da4638c8ecaffa28a688c1d692615d929bf
xt/80893.xtx	717	8bad1591226f9c28d6b43bae26185b64e0969ffd95ab71a3f1a3ff72fb0d0622
xt/80895.xtx	659	5ae09accb63459a4a8b52d068046bdaddcbd065bc0066f97906639574bcce30c
xt/80897.xtx	712	bd0890e58bf01b8716df6b8d8c14234885d8037e306d9dd9d211586cc24f236c
xt/80900.xtx	702	c6f0e0b3373a0472ae83f227d1c0bf3f42f840c9dbd04f2ef4674d7bc75129d0
xt/80902.xtx	740	d3306955bcfabc39b67a9ee6985172457c9ef88e98671dc0673cf889c1642d42
xt/80910.xtx	609	63a236176a8545b5f129e0ba2f7ce98e45eaf01df831b6aec4e6da74c8bc6abd
xt/80912.xtx	465	c685d02df200d0466083101ff9b7b1625c21b256ace62a314af17469995ed3eb
xt/81279.xtx	453	0c71d92a8b2011cc32aea0612bf3bb53777d85d350868054080fa49073cea48f
xt/81280.xtx	478	e0bc902c4251866bf49ce5488419a2c041a9c34f514d317a358ded06dc12f8ef
xt/81304.xtx	492	5786171f4a52ff311631bc115ddadfa06695e4d8f02bfb0df1b1bb279451ba44
xt/81305.xtx	251	ab62e10b1cc57624514eb8e1d8d13388e1480c56c6341431d1e235b794ab63a5
xt/81306.xtx	356	032dce7c92ce805913c4eb03642a82631ed5ded357c16fe0902d4e1186b02458
xt/81307.xtx	356	7b936ccabc9ee2722fde5985416efdc9db5e1e231e24ad0062708696c62006f8
xt/81308.xtx	247	eea0c51d4c4ccfb62fd3dc29b18033948b5a3841b328efefb4ae517fac14ac74
xt/81309.xtx	195	a5b838eb3a1f9f680960df0a9f17785ab29a9171edb2888b9463138df0037378
xt/81310.xtx	648	d93ef503885c060b432a7c15f31c99a13e718b6ffe63128d58c312af0b7795a2
xt/81311.xtx	786	2147f6e0efc0331df07d3a0db3869d70018ba34f9eb955a1896deb418aeecc30
xt/81320.xtx	1429	46541187080a17b24b2572e29ba2ac76c94c081a805557f19d58765abc5e41a7
xt/81321.xtx	1481	b490828947024e09126de8cd364010fbcd690cd158a4dbf40eaff0f91f98ee2d
xt/83891.xtx	838	9671c12c34595d30c82c8633594bd9928afc62952ee00f8414723eae4540214b
xt/86072.xtx	254	54d960d1bcc460ed75eb53598ab11c66486198f9f4e6a338f3c06cd1fd9754c3
xt/86074.xtx	96	38c61d7bd97479381aa6c42372b530adc2ae9ee63b006951f79516c8777c956c
xt/86076.xtx	378	90e3cb64392cb92daa33018a76e382a768d78fc32c62257123b00babc4c9d780
xt/86078.xtx	284	7df2d7c473b833471a6e55ed32623980a29d6b884396b7051982854ce43d806b
xt/86080.xtx	616	507ade972e121829d05c42c7b50917ab1efc8144043161f135a4073697f1f3a0
xt/86082.xtx	13	2ab64517020b392a9fc812ab964a92701d227470faa4b5a000f005f65df742f3
xt/86084.xtx	13	2ab64517020b392a9fc812ab964a92701d227470faa4b5a000f005f65df742f3
xt/86086.xtx	249	2a8b6cf26461a5c523f72d506a3c1446531e57967925be241d99f8dc3d76111f
xt/86088.xtx	486	87db48a42dd50e3ed93e380d380e1d34f5dbf1152a191a479ff85dd6d372f060
xt/86090.xtx	14	a7d6fc2c8a9bc1f9958929d73424e5d1bca8b4cd1bde40d86262d2f2618ad4ba
xt/86092.xtx	13	2ab64517020b392a9fc812ab964a92701d227470faa4b5a000f005f65df742f3
xt/86094.xtx	257	a34442370cc9f42d9515e5a3582bcfd23b575c048695e7c29cb4a6acb15eafdc
xt/86096.xtx	1099	a46ed74067b8f662af91b3b560eca916d491eab1b3592cb6c3f5dd7e4623dbd8
xt/86098.xtx	106	dbb605bbc19e1e7ef641947a539dc4a429810ef6d566d44189f8a0fe84591e89
xt/86100.xtx	385	a94eb0ff9441ac0ec91d99bf9237de1fcf8b660c7d4c7e6e3a0e707e996bd066
xt/86102.xtx	403	67a1eaa1dec64883fb6c64af0be134b1ed85a5cf921960ff35bf3e7f9e7e0842
xt/86104.xtx	269	325cb5b294a68e7a6b17b28978c232f0e34679489568c7b23af7c4ae0d7ea55b
xt/86106.xtx	51	dd6066a3774402578191ccd352791dd767aee38042a0dea527b81296b6dcfeaa
xt/86108.xtx	413	4a78e725bfaecef98198358c5d595966b068e2109e48f3e8e3aa609cdd517f76
xt/86110.xtx	298	3637538707960b210d4da74faa684bf76b2b267b50e9301a48b87b6531c14633
xt/86112.xtx	14	a7d6fc2c8a9bc1f9958929d73424e5d1bca8b4cd1bde40d86262d2f2618ad4ba
xt/86247.xtx	532	2606b41a7fb452bcd055af670156b3321c9e22deefeb473182a956d08e47b83c
xt/87887.xtx	409	d8afa2502f26a69581344a4d4a8ab0cfbf7c95e5d75884633abce9b540daaf74
xt/88440.xtx	384	ceb6097507ec81b588e43956ad0450c33bcdf98137076f65e10bbfc91e2f2a53
xt/88643.xtx	618	e56fbcec9a64e50ccfc0cd84cacc8dea71db2b637e8c712043b6992b2a5ae052
xt/88652.xtx	127	dc06cf9b1c59e48ba699c3426e9d7c4e5bac055347f2a50fc8e41742942d7b48
xt/89077.xtx	221	d8d570c37a1144d1630002628778babb373eaeea6065f20242d0afddeb3e37b0
xt/90727.xtx	1701	d3619c99330a622d87d90d921f6b12d2bbb158efccb6b55a3f6947819abecdd0
xt/91101.xtx	1611	b0b8ad1fe26e6c4932ad68a1fe8488b3df310bc71bb97800b23a799724a3a3ef
xt/91103.xtx	861	cae1987209370ecbb63baf06dcfa224c821d459673fc2d179d4b2edf4d6e6ed3
xt/91105.xtx	880	60784f7b66208e3400f90799f1eb0e7789acb7b3c2780e1c23599530f834c8ec
xt/91107.xtx	2092	482533ae251dbb661048b7a8e86bebfcc3ace91987a4b1de30ed1fab441a3025
xt/91109.xtx	856	b788361a0cb171d0fe30768938c09b59f20df0291f97effbbe9ebaf599a43edd
xt/91111.xtx	802	a5e516fa52b5b2cad913e9719f4d9d85b04baff7f0cc61cc549f958a674d760c
xv/17923.xmv	8554329	ae7b57dbd4353c7b0afb62ce8cbeef372e54d374b2a6e6283ea0f2d6902448b3
xv/19650.xmv	8779529	11133cb89629659cad602cad422969d4db2f42dba901f608f3592953f94b464a
xv/19652.xmv	19530357	d4b05960679e185586e59fc53bad266e7acf546b481b0942b38d9d8dc2a65f0a
xv/19654.xmv	5543885	88f859ed29a879f0b2dda5661305beb0ac16f0eb7ea6a586a793a1d64c13ab90
xv/19656.xmv	2087958	d4c59ae6b01a1c53afc720b369ef03857dd7f8d41023ad80fded48c28fc8247c
xv/19666.xmv	6410994	b50648e8559dcc1a5fd08d7f41b1745f2d941eb5e3f065cff94bf39b4b3a4a5d
xv/19668.xmv	34838727	8a51c34225acfae84f43f62c752961dd24ae6a31f32b1fcc5756d4b0d77c09ce
xv/19672.hot	188	2103f976e0fad4e6321f31020bc3e03739fe37741b12fd0cd1bfcc25463efcc5
xv/19672.xmv	5377858	9d4c166f3b31c0d872e347a24b7f61721e5a843e8d6a283289354461d7024408
xv/19674.hot	168	365537fce88f7f907ddf6c7a12cc022319358a7ab9705a329c82ad7e55e52547
xv/19674.xmv	3235755	584a331085dbf0e69e0b4f3265c60e7a9ae432ce7f68e35ed9381cd7ee6648e7
xv/19676.hot	48	dffb424c19f9a7f0298c112a78a3b36655abd9eca7a4b245bd66dd53d9df8273
xv/19676.xmv	2872272	bb484ce8e0b21fc3e292fb7b6a5262b58a5c1403199964c51e6c350d776e05e1
xv/19678.hot	48	2f794e11a910bd617a7b0c8da5789363338df772be545f8631589e4d73a1bcc2
xv/19678.xmv	2957108	c58e14b448f16edf82de9a23654d1025a8d8a93dc866ee60408fbe6c7512ab7f
xv/19680.hot	48	d2462ef861fac15562a1d72058068d7c5465520a4eecb0a2043ac1e078ba36c0
xv/19680.xmv	2172819	179d3554c30b1e89a037b185525a43124fc5e84d839d0e521c5028b2591fb7c4
xv/19682.xmv	2807586	7a9a7bb77df0504c6ce059fcf009237a2cb1322697b75bca77e0ae9b77f99b58
xv/19684.xmv	12231117	57c218626a6cad489f063fc819b42fdae65da0226a80e85c419d86a137a835c6
xv/19688.xmv	7236854	8a3725243ebf9f56a2a97159b25d424fa82203aca0e532d0a5fba2d8e4e650e6
xv/19698.hot	28	0879b544adfad2502d1d0169a6cae3e85e27947b32c60c3eae9f89f90659559a
xv/19698.xmv	2329875	6b83688b259584f135da24ad278c0d702b63b9acdd43ce015264214c10d4fcbc
xv/19702.xmv	941193	25a82f829e26440cfd9f781538d03b0461732fa46e713396abc82d552ec1bf36
xv/19706.hot	48	d931a1d8fcbf1cd66ee0b39c9a819abd54a73441510401cb07a0affa5017cbba
xv/19706.xmv	4458804	7b272e4d29bd1a172cad18dad65fa40e39183459c9dda60e83690d8159fa3a19
xv/19708.hot	48	619f369b1b6e64f4682905365723247b045bd941a0f84c2e76f5cb98e82c3517
xv/19708.xmv	4232267	6833e0f26b7ecac418cc7e0b476ac68f51f24883be35ec03de62a10b4e37f158
xv/19710.hot	88	e72dc3c0fbf4e287cd8944a34ab72f20c4a8bdfde1523b39314c6a1823923522
xv/19710.xmv	2382984	5966310cd008a0758448522587daac25c4df8e0d39aaed7a1d62b4a0a51aafc7
xv/19712.hot	28	f236a61b9ff1448be9ac845e026f3d226321f75090cee7f4d087a3ccbbd5e107
xv/19712.xmv	1059564	2c3fa2178dfbd7c734b7d8114d6b16dbacb6901a46162f5aee80ce3c70b97293
xv/19714.hot	48	dccd344b112df20d7f2c041e902e63513672fd84fdf5e28d65a7ba7d44686ed1
xv/19714.xmv	2821931	4e51c973d1e4d6f334055ae38cd36abe6ecc917edd6cfb5014589e9764bd5ab2
xv/19716.hot	68	2743badbc47eacaf60e12cb80a8b88e0b54bd78de60f6657dde9c14fccac2703
xv/19716.xmv	1850281	8463b14994ae5f594a38b3754fe908b9ea07f5a9bee73c87722903e276d6f47c
xv/19718.hot	48	c50726d03948f2e5e54bc8d460cc135eea937a64c1deaac101877b3a11f928a2
xv/19718.xmv	2325054	cc4322f56cd9c2037bd70770f27f4846616b74dd1f9bf6a6f392d1a82da69da8
xv/19720.hot	28	e6d36429a37a118306feb5e086ee8cc6dbb15ac4567b2ae7dc6d7f52e181432a
xv/19720.xmv	1092714	d94d73b6b2eec0f8530a25c4fc8cccace8ef9386eeaaed7d0c7d993b7f3b815f
xv/19722.hot	28	d922d18df9ea7a6599d30bd3b1a02019783f0e9dfa57bf25e6b416091c7ad5b1
xv/19722.xmv	1265641	be3f860a6d96419cb2f3eddaa3cc423687be0e6b43b45ce1e58fa51151077bd7
xv/19724.hot	88	8d6e94bfd537e4b23204e288d840f9a5f97a4a3129d06810e373f72ba248f5f7
xv/19724.xmv	3450830	5df2b75539429cf786778f070472e2cb44ea043b7af293f285c78a3201e93def
xv/19726.hot	28	9a7be8d3a803d0967c966b79d9a9da4bf59274d7dbb974443a3b2160dfaa116f
xv/19726.xmv	899803	b7e62aabcf7bbb7da5cd8984fcece32d24e2527971f68eb20f57985472d0a37e
xv/19728.hot	128	24204eb68db98dad5562da0ab46fd81a0d4ce73a54fbd3872c277423d08e889b
xv/19728.xmv	3711562	ee3de84a4ee19961fbcce2a755c8f2c763fd9267e057bd9bab8d75466a8d3ff8
xv/19730.hot	88	a00e26fa6a2d6ceec7879a72ca76f46371c2b9a3cc4173ae46b2060431cf4db4
xv/19730.xmv	4948945	9aac5c98e165d9585e1ac00b9ea3c766f6b750eec573ecd61913cf13e37fc4f9
xv/19732.hot	88	42fde25b318edb8369457fc54e3d08408b83602b53a261bee0da28630992d458
xv/19732.xmv	6429432	420474b07e802d059a81f9d608f917a578f1f13d0b220ff5a22e98a074e9d36d
xv/19734.hot	228	75f7402c0d43960a35864e0b27ff01c56921ef6e5a1a44db5419943ae8e62d1d
xv/19734.xmv	16089937	43c0c6d15e9921dd90a4025dae15f89f743bcdfd4acb9b176712be877fbbb674
xv/19736.hot	28	6a14153bd0d12e395bbaed0f87263522598914ba8ce652cf9abdeab052aad4d7
xv/19736.xmv	2177415	9b7edf79ec3b246cd0b8ca436286d78a7bce1d0ddd0ef1ad1fddada4c87b6f66
xv/19738.xmv	598148	4ef845c7ad1e8c50c5f7d648bc7b4e03b265390a98301c409719cc516715c967
xv/19740.xmv	446397	a5d1b6ddd4c94c9e5a1681a1eb59ebd11f4aa7e66bc7c0a682f15bfcdb318ddc
xv/19744.xmv	669482	3c2dd743ae01dbf5ae4d29ceabc4291d25fcc69fd59996bbf4cb14e743427df7
xv/19746.hot	28	eae35acdece450409637c7c3349822a6bf2f1f2b218b58b9cb0397d23ebf2570
xv/19746.xmv	938047	20cd709fa742224b1332933db950f0ee5304c5296e2f4aaf333e767723d3912b
xv/19748.hot	28	77c74aadf11020702e3729d6ce684d09fcde73a4b1132d504affc9561abdf8a4
xv/19748.xmv	1333591	1df3eda338e585e87a17251d968a3e4c217cc16f5134a304254fb0d8b14c0535
xv/19750.hot	28	a515f7a7019c019d4414ea08bc0833e7585b10855b81e540f148220135929725
xv/19750.xmv	635046	2c6436c668498160b4724f8f489f9f46146bebf3b5a05de5e593165b494b3af1
xv/19752.hot	28	622e0968e7b8c5deb06dc805940880689ca59a6a7b0a516a93e46416c300e4fe
xv/19752.xmv	1645969	2dc644e8bb640e991b166294b26ef8202130ac26ecf32cee69623975bcdf9e02
xv/19754.hot	68	4e85753d5e158aa9e1a97cb4cc17f10b90224cebf230dfda38dc35455c7e4944
xv/19754.xmv	2188780	9d9d262bfa5eb2369e515a9656307e99c225d2c50df7c23a1e2ea3e86c20dd0f
xv/19756.hot	28	1db585059045c93a720e29114ccce38c9a30fff5f9c2dd929871c7b54a1df2e3
xv/19756.xmv	748916	888d48e9b289fd360d3eb064938db8aa96a376b9526d178c38e88ad03645725d
xv/19758.hot	28	9b7f39909b9d426c3f91af8a7a7348709c31cfc0e69310598c968ddbfda9ea1c
xv/19758.xmv	3081612	58a015f0d0654779e8d8891ab2f92422a79994cd43daf6f7b0bdf93dc0e324d0
xv/19760.hot	28	6cdadd72f9e1730511be506aca81efdf9de4dabaf0990b33879d03a22ccea092
xv/19760.xmv	982699	3676c9af780c309f6932125841856810a03b88d23fabefbe9b7c29d2935e8eb9
xv/19762.hot	28	11449bc2b901dbf8b8d60ace18404d5b50a88dd4505fb46569bc00fecb5ab4dd
xv/19762.xmv	1353875	ee245b4bdb007c413b393a1591b401682bf25af09d77450b7c23b9c5f91ac98a
xv/19764.hot	28	7a94e6be9cb2407eb34e6e5fc910524af326e1f28160e13d1215a8a62dbee2b1
xv/19764.xmv	464783	a0910637d3bcf5fedb961959931f6ee0db44033c82f87c9f9938cc430a5b8cbe
xv/19766.hot	48	7a098858e99ccece1b5b7ed5bed28953505de8189e291ffd0b25bb45e672ce5a
xv/19766.xmv	2235955	6190e6a86cebb4eef7a1dba6c64b9bc62ceb5b980094d59058c3d7eb124c325e
xv/19768.hot	28	74f873edf238667d2b1e6e849e22ac4e7a35dfe251242a64b31e80888dfb0e6a
xv/19768.xmv	1341351	8acdd6477767df153129f62990f4b08eab4e615225dd6088c66b723c4b42fa97
xv/19770.hot	28	871d7e9179977874e5a1a2ad3ad7fc9f3d50a91929024349c8ab07ef2229b9a2
xv/19770.xmv	949705	2ea95a8567196655ed87b97d00c0b98b88e955ece374b3f4592e0cdeddc93fcd
xv/19772.hot	28	67c197fefb08eb61002f41b5437bd7ddf31d40dd4fa6d4217f1b9595b4ee3e7c
xv/19772.xmv	606648	7b4115a36a89656ce4becb5c87e03e610c91fe363311482d9393132ef3522d18
xv/19774.hot	28	070f5733aa39dfdd5a107596bb5ae3fd568b228401f403ba8259f9ef4a903afb
xv/19774.xmv	784110	7c148c50c93ace17a953f592d35ed38800c41596e7518f399faa0305b1cd53a5
xv/19778.hot	28	d57d37e57523b0642803472aec8281a2b816ccbc6951cfa38bd900476b7be262
xv/19778.xmv	1691115	7066332173afab55dd93b225b7d33d5f39745fb4cd1d355eb8ee4f7d28014a61
xv/19780.hot	28	ffeac672a8116c578e6f48d3ddb3b8966dc662ebc6e9fbd3dbf64c57da02fcd2
xv/19780.xmv	759899	53bbe2129398daebcb17682708f7fcf217a2a42c84974f7120bc580e3476a558
xv/19782.hot	28	0401e2b120b8dff81a757ff246140660ab746b3db51a4ed2e355d867d494841a
xv/19782.xmv	1525612	6cc25ff498d41ee93a3420353bff83b2b9e338dcc1cdc6aee40fc776346f0d5f
xv/19784.xmv	363783	41465801e5ee8eaddb75cc9e8053f94d4aa8f73275c61685b5841c7c00993ae3
xv/19786.xmv	541702	42e957420912a6a903e85a7d8faf44a43e16b18937e21f0a52cb75ffc1d0acc8
xv/19790.xmv	576635	cdc035c6e8d750a95542c5f9973b0606d0112d66059f6adb96142a9190d7753a
xv/19792.xmv	595823	d363b72c529faf3f9d4e89fe562882556351a8e28ea57a8c35c40012fb7456f5
xv/19794.xmv	675382	bff2203485485de9bca9798ebb98efc41442eacc5302c42a55893c210e837ab7
xv/19796.hot	148	cfbd7b8b39611edfda83db5428fd32dd1ed2c0049b76a9dfc9df07aca80f5af5
xv/19796.xmv	2506367	f3975e975922b7eac3866883c4ea05351dbc841df224bd768c47d4cb5fda3d4a
xv/19798.hot	28	4b35dcf649b2d701855f6a85880416aa77d214376b010962ffe459393dba1543
xv/19798.xmv	735302	3a96cd3e483a8e044b8a3039c9145084dbef2bdd4e060af76ac8da0b48f54325
xv/19800.hot	68	882405bcdb4dc8ab08ae58ca12ffc015159cbf978cab16ef6467f543f988a2f7
xv/19800.xmv	2458834	efd8cca482f9304d258b1a740f015ee453642cf286c5619c164f731e76241493
xv/19802.hot	48	06425118b7379c7dbde69242fe65b689850f29897b8fc205d5bb84abbc55410b
xv/19802.xmv	2153638	be1c7b4b63ffda4ffbb539ab4418286b29428154c98aa558ffb1d93968eb29c9
xv/19804.hot	28	26f2c8ded3e751e54b9c00940c728b773d49398760b0278c909426e439338dc3
xv/19804.xmv	1908919	1f9822a1684a56c4eeec8cb9bb83e3e1a8181c12525106e03f4168aab834f577
xv/19806.hot	88	a65372b60c492a106d3b88f32270564efc7014a7baa95b24b47c7aefdea7164d
xv/19806.xmv	959752	11355e2920b319c59d6eabdb485169004056ea7a3990f0ff0def62174de5637d
xv/19808.xmv	1209749	e115f3d7eee404b682afc6f4546d03e38fac4819a59f950a09fe8e3bd3305c36
xv/19812.xmv	4138994	90c9c090c7da45b28437772cf4d17817e00be523c6dc272a4429da51fe197599
xv/19814.xmv	721176	d3aa24107cec77be03c4fa8a20713c5c043d9cb5305a6514553ac2fbabb85626
xv/19816.xmv	1623422	64a05352a4ff8b49f2bad2b77f79e3d515f34fba9987b5e8e38a31861416f659
xv/19818.xmv	545650	46b49fcd61bd78a10bf31fc9f65a7511c86369c02ab9d89970a8a710720cf11b
xv/19820.xmv	2227449	d44bbebaa8ad3c9fe32d9873246d25703ae8cf06a1e23dfaf44a349ad1bdd2ce
xv/19838.xmv	732600	acb49cb0609a86018f80fe46217bb7119d85be8f82a274db8fa8e92d83b74f50
xv/19840.xmv	336101	c4807dcd17c58718b2c3f739f3c27a7eb31884a4851d0776241c181da80a4ffb
xv/19842.xmv	1089629	75027ee9b8dbcd9549b6446630c686bcedc891daac81f4646f0dafd4cea5098b
xv/19844.xmv	395951	73ccb5a92ed3c6fa088df57429e3b766228e5531d213d483291f3a0c74849df6
xv/19846.xmv	633337	6a15e22bb636ab63ee50b381125602cafb0853d1331da1dba6dffc9904dd590d
xv/19848.xmv	453403	2b9b862104a613db94e881c1dbfac7306fc7c95bd2c47656425889afe3b9b5c4
xv/19850.xmv	895991	55761a0c590390307c72fdfd864860aed55bd4614ff1aa587f9eea1802f05da0
xv/19852.xmv	415609	349647dfc323b4bbc43421f4b4d87b95c0694405e97e5f063e2452470d0d7680
xv/19854.xmv	366737	6bcc1ce96ac6d0611394ed4d905f8a1d70eecc9a5fb5436b14836eac0607e458
xv/19856.xmv	450939	f8813cd5733cf6ea54f8ee9fdadb1878e88b7fded0eb7b9a0e7ed109d696c90e
xv/19858.xmv	353884	fa7df1a413308fafa743042fc5f39c4c9bbef7808cae86f67a625faed6669990
xv/19860.xmv	511590	df074bf79afadac5b626004d5526c09dd161ffb18ba1c81564fa512bf2095bbc
xv/19862.xmv	480392	951601c4e3a8de4f0ac3c5ba554230d738dcd4e0cd7ff13538ce4b76bd7f89b8
xv/19864.xmv	637087	3aa5c072a4a50a4073f89b35f53251726ee5c2e63bbc489097f3cd6741dce89e
xv/19868.xmv	400775	269d9376b696e913ee6ee96e37ea3d6f655997fb4307c0c3aa243544ab5322ea
xv/19870.xmv	477378	8b351d4e559b506c382048e2fff4c0f597605e0af7ef2b79eb9aee3b7d150a06
xv/19872.xmv	169415	ec84dc2d5770f48b716325dd274b9fe39e4cf5dec8e6704c475b9b95a20405b2
xv/19874.xmv	213343	1b8d62c0c4c4e62fd434c5c44924a45004e6d15647f1ddc1aaaef0339270c37e
xv/19878.xmv	869764	53b9cf8cf4ec59bdde03b600febb116d7a056a5c58b47c45c65da775b869988c
xv/19884.hot	448	83f92c0c6acd446165331cb8a0eb2f9cba5277609b1376bbd9c519ac5d73d0c4
xv/19884.xmv	6516093	8a1c701cd8f8813c615e99933a6ffb4ee00350405594b5858df54281bb6abf26
xv/19886.hot	28	5fa3587b8785d444bdf6c38100322a3bb45a32772effc7c91112308d42235e5d
xv/19886.xmv	533182	7b5cf0da02eaabd6870d00308fd0386027d6191246df2d1f78e70930896d050c
xv/19888.hot	28	f166f2e0d31a4e6415b0fe74cf1f2e0b63748ebf447c4df9fbb8ddf692289a5c
xv/19888.xmv	1225336	16c1e0b931526a84ed6d7589031dc03af84d9be0fbd32b73eb217e2c2733e391
xv/19890.hot	28	37dd58941601a5519b7014108a9c6c9f3704fe16055f92f91c898b3b8c0b92a5
xv/19890.xmv	471530	c4d7a2c5a43a3196691504aa2e0f3e8491d60c0db7566e5d15a5192022918820
xv/19892.hot	28	da3f853e5e5241a24be97906eabd1cc87b82694efd408a99226386e7fdd2abf2
xv/19892.xmv	1202873	2787ff7996c8f2f2abdd2719280af73ba0efb76e89085a2e79a21c8064c806f7
xv/19894.hot	28	4e075e50901b1352a09049b999db39a730ce08141fb991350fde6a8d313d217b
xv/19894.xmv	716939	587a6fc69ed02dae7734cd76ab8cca89a8f5dffaabe93dc12cab8b7a348126e7
xv/19896.hot	188	d282658603c155393f3724f1517245f37db589c6c314b0287d75bc7201939c70
xv/19896.xmv	5305381	63868ec36fb9cb8185b7909da7e682440a3885777e0d694f97b0ccede1d49afb
xv/19898.hot	28	3b1705beb3a172e16097c6d4af3ef35fad54d22e62688d95948a4d0185c7f62b
xv/19898.xmv	602500	ce53b190e5f28f2316925b0bc384223306b6d32ff0bcec3deba2fc2e3a48e05c
xv/19902.hot	28	4d5463ae5695ac99d1124a7aa14940dbcba6690def1a4d19fddc6f5912478718
xv/19902.xmv	1326704	2cc66c66818869636265e8ec1b859c08052759646b9799ba373f7a57589ec2d1
xv/19904.hot	28	3e51a6d0fae5da84155447a5b3caaaff45b9a0297598c49f91df8ff1bc1dabc5
xv/19904.xmv	662424	a1a2284037f7b9aa4d25647f0ae16e03c2050f05538d9d5411e9e18da7016f81
xv/19908.hot	28	3f09f7cde98db86ed178426afb8c3a274bc55a6bb8f0304cfce012464b9c6a1b
xv/19908.xmv	2535888	e20fe266b5cd9aa576018c7b795b0dc913afec4d78521679dba377f476cbcd1e
xv/19912.hot	28	d6927dd866e66cf4da9f0512b722173addec2a38fc7e181e9fff257886b0b800
xv/19912.xmv	590974	781a056c6fe8d8f6862ed1c72c9be7722d6c8ff965debb0a2af706ca4ce318b5
xv/19914.hot	28	f125b73c2ad02c4f809c41bd747f4620a9663694b58282fb37019b6cdcd1bf6a
xv/19914.xmv	741584	34c3f949e580a169329ae62e64016bc200acc623f89383cb09e37b606c1e2bf1
xv/19916.hot	28	1eaaa3d3b6f6257385b5e268108e511222a71ced841252aad33f4d4f0bcc12b5
xv/19916.xmv	856353	38ef0476b3b6ce65200083361bf9f264b6d74bab73ac6712c055af23995eadc6
xv/19918.xmv	728977	af74c74c73c21ba592d5d5464e656764be928a9d3b3afad08b99efd3f294d444
xv/19920.hot	28	0dd98e0491bf1ca61362374f32fc684597c80572d1d674ade00045bafefde6ac
xv/19920.xmv	581556	515bde1bcba63bfc63547ddc46204650792067c113c4574243626082f98eedbb
xv/19922.hot	28	4d234263b54751725cb410f01eb32ed1b838feae607c5d5a0f338917a6e07dad
xv/19922.xmv	927699	90c9df11dc07d34e6f51142db078ac4d0ef3c5c566578372642baaed66df73ef
xv/19924.hot	28	8d3b484eb125bb95fa8d9423e03021a3eff4f23d256d5c0f67c2edf3eff38bf0
xv/19924.xmv	693996	fa7d3c16160e3dd876e662235bb8a9b1f5bb9eb6ac7858213cc5ebe4d50e71c7
xv/19926.hot	28	428c72046151acf94cb37e81cad085ac314f11417ca3ef0af78f5763bde3a5cc
xv/19926.xmv	888207	a1788f7daca50b420dcf1b8f71555ba3375a130b36913847427f65a150aa0849
xv/19928.hot	28	5997fe3f2e6c17192d7eee3983e8093669f25388eb38a1807ee858c2e108c77f
xv/19928.xmv	1131384	a7a21ac4b135b76679590e951bfd7ced3c8b8cedb971116a834877ce31702e46
xv/19930.hot	28	f85cee3b8e2ec9a7ccb1c6b64f36814a762c014fbefa39bb3228d1d074fd0557
xv/19930.xmv	2408160	7a813d980e0d83d7fc2dd4605700b19bcd665c9e63d4dcdbf2205dcbf460ea6f
xv/19937.hot	528	7e7280fd3cac1bd0a2aad8ab77652bd4913822b0fef3ec24ecdef6d79093b38d
xv/19937.xmv	16516741	6af9807b6b4064fd7608da7aee6cb75a8c4bdb7cb6c8d6859a7adee9f8893fbc
xv/19941.xmv	452280	69d48b15627d90ac9647200ea9b1791a30ec30329ce6b5d7d4b47e23d45ddd83
xv/19943.hot	48	4e983ade7d6106965aebe2b9fafb1705394733e3ce0892d4229de34724416f2a
xv/19943.xmv	1149876	3818b26f2d32ba184895cabfd01fe6a22ffb4f79ee3e9cb613d65a4a6a87e5c1
xv/19945.hot	48	d00c73eb0be3bb71fcab135f1fb98871dc57562b3195893abf6e622d274466ce
xv/19945.xmv	1363641	2da10258145b221ed57d1aa7a27e65bb8b7b2a070c060978414876c54201f36b
xv/19947.hot	28	5a0e2afc6d721f8f098fbc7b79196f1b22f81965636ff460783c9c3f521074d6
xv/19947.xmv	1541943	d1248793d48f0bb9dbd7a6f0deb08ae71339fea103e14ecf84aeec77ec858ea3
xv/19949.xmv	514655	b6df8bc39586053d86a59fd4a675396b240305c64f3f8365aa5ab4ae3ca3314a
xv/19951.hot	48	26fbe371589fa8e6f4643f78efb6f8bb25cc993b3e0da67b1d526a71e255935d
xv/19951.xmv	2434364	d814c54e23b15d58651da6f2b855ca9467a936f950a54ba8e1afbda8f788d63a
xv/19953.hot	48	8b57f544d8503214eae0c52b1120b6decff16ad8220689c89cff619714f68c99
xv/19953.xmv	582990	0a5ddc7db6d9a38a86c5828b52ee90b1b4e4d4a2cf3963f0ebef6bae629fdc7f
xv/19955.hot	48	90e4f9177c525da186d0d30cb029e66b116bd1bed7ca8e20ed68724ca958c2fe
xv/19955.xmv	2555113	b7a0fb3438cc6f2d5afdfdd84046ed2c06764340705655a2e36708e41dbadafa
xv/19957.xmv	478117	9aeb11ba77db87233373becf76c538f50e8d80f4fdfe8eb833b61c841d2987d8
xv/19959.hot	48	25081c8217015bbf8e7807e9279313b1632f85e61aa3369bab8d4037643833f1
xv/19959.xmv	2028217	a99be420d484111fae9ef25e25a9af8368e96d87a3bbd5e2449510ed76b4eab0
xv/19961.hot	48	84bd757af32620fff5ed1c82efd4eaee3bfc3b1119b8199252253a926acf0bad
xv/19961.xmv	855457	c6c6e9e8a4c56cb7c4e5f39a4f5682651b83cf413f39265d3120283afabf44a8
xv/19963.hot	48	23a06f9e7da11379a6362472b8085b72ea54dd87d8743aa33ba8e32b4bca8f86
xv/19963.xmv	2893052	a66ada1d82863aedee497fe41788520b14bb9c3820d9b2219bf19a0d1dda12b7
xv/19967.xmv	551272	035de40a10b83201eff7a79c3b4d35c5fef940594c7cf070150cebb6f25d1359
xv/19969.xmv	721634	9bf53c67dafc5485c3507ebd16f957f70598e20db9eec474805eacc239c7c157
xv/19971.xmv	645946	8d3ebda44d27ab777e1681faace76a77ac2325ecab8562a6c2fde3aa092c2b58
xv/19973.xmv	690017	466c1c592e820036be174bc712fe674f12cf4319fd47e43e43fafd2b18660487
xv/19975.xmv	650207	08159374ab09805cf0bb97a8802908d2fc2345229c497d552bd19e44b1934be7
xv/19977.xmv	759323	f89c0b2f94b86dae9f27329c704c841f09d51e85914a17305f98cd54599a0675
xv/19979.xmv	634046	7a7bb9fb67eb34438bbd629755d3634421a367ad909684f6a8209df500e2f9f7
xv/19981.xmv	3810368	679c5cafb4c68f3b8c9becd83ac51047995984e13a6d152a167e599bd28a2190
xv/19983.xmv	291679	9092eb06587e760570dc7a6ca1ee2e5e2a02d9bd725fab18208a211c9b71d2d2
xv/19985.xmv	461963	ad0fe4c8dec450c1837f3f5ae5701e0e41318b418d32b459dae8350c3a572550
xv/19987.xmv	411558	79097ecbb34562312cc5cef959260b5d8e620d44627c260c0972b8bb308deb76
xv/19989.xmv	263602	9e2ad00bedd5357cceb00386387a5b4e0ae287d7067599134d7b184af5d7206c
xv/19991.xmv	195125	77c44040a953953d3e8477f4f8d593bbef0d7d7531d9f1ffd8e7ee0a1097f81e
xv/19993.xmv	239182	8d42cf67579b38ec2d3eed8b975b2c21ed8b7fc2891699747950781faee1c51a
xv/19995.xmv	365426	366202918549448a9531fe04ff5a3428035cfa4ef9ccf7ee73496960eecf0dff
xv/19997.xmv	203275	a90ce1f4b602e28cabf10f48ca9092be90cf4689c33bbd106b4cc6a32d63b2d8
xv/19999.xmv	276803	189051093bbbbb417d1811462c57a86fb1600056f3eb1bb297df51c299c6f947
xv/20001.xmv	439050	da37c931cadf36e0b54326163532942b932322e96d9b8cff9345021283aed49a
xv/20003.xmv	263188	dc48c388ec2725818a4ad64eda6e140fcc1f729c0101067787a0bd74e0b15dec
xv/20005.xmv	262281	e17231ddda1b3fcfb120bea614dc0bd12a68a2daa361fdbe0e43cb1c3104fd4c
xv/20007.xmv	215542	b43b49ff798b18cfa707d188982343959118d819d4e1d3906d38c9abd895b48d
xv/20009.xmv	242030	e564ae0335c1804026d4fc0701352d840ee0320fa4a2c263ae8af61849e04ec0
xv/20011.xmv	259964	0ea9c349b0c2197c9a7f82a7a38bd16f8c6c3468cf621df617bd5cf407d81e7c
xv/20013.hot	48	7c3e24bb188d52218f1c26c9491f836dfb55ba617c211dc5e18bad957ad77529
xv/20013.xmv	1662367	571b76ef207cf02daaafb6e44e5989b130688f2991d861951adabc2ad295c412
xv/20015.hot	48	f44343d142cb926b57aecbc38a3e976974c0989f8c7bf24538b4610fa0fec94c
xv/20015.xmv	1727690	ee7468cc6c3208e57c080127baf546c817fe986d4469d9506952cdd8c43d6d7d
xv/20017.hot	48	3cd22162b736c7c62e26cc50b42ca20564b5ac1c716180908f2c12880e3353df
xv/20017.xmv	1165051	3284ee932b0c696707ee31e82952eed314ffe2853bed086f214b94a129f6e66e
xv/20019.hot	48	61b74ea0b03dc2647fb240f9a24e91e53cf0dcfc799dc22eb2d7d24feb463a87
xv/20019.xmv	1493953	73f0ea1b35899fa1e6d9cbaa04ce7ac5156e202337a058321cd7913e34537fc5
xv/20023.hot	28	8671a676569be2c69d397907926105b4c9dd2e97589d8eb563db31978d1457d2
xv/20023.xmv	1698099	5fc3ae4b3c50f7afbf7ee77a84a1ed8fa82a2a177ea67d0a9e1ff53077d7707b
xv/20025.hot	68	2639ef1ae33bdab5a56cbf244d55274184aa2ef605177e79f25443d5eeeba232
xv/20025.xmv	2196066	f123de3d8aa64ec46a9a62c272e7a16c47c4a68d863fea7a0fff078031b79f7f
xv/20027.hot	68	eabef734ef8f97b228e8f37553bec3eab30e555e6e44cefd406e515835121f80
xv/20027.xmv	4681340	23c05192d4fd82150271e542b2a0a5fc89edfd683e920158e15ed818cdc17ae4
xv/20031.xmv	422964	ca09f450b10168a73f24582de78e05c86bb23ba2f220ecde4380297b48f0ac9d
xv/20033.hot	28	476a853248591b193418ce4f8ae51a40a4d8c0e8c872225468e9bf61132b4b0d
xv/20033.xmv	666415	62babd98b36988c5f1c869db137b5c13b7a18c1d24f83094b1f06b5194a904d1
xv/20035.hot	28	366510161c883ecb83747a6e6d367d910c290939f5ea4d86a3f3ddfc58360987
xv/20035.xmv	601436	adb23950a64ceb8bfca04e24e821a1d03f5afd97ee6d0c2e424ffceead0bfeee
xv/20037.xmv	437640	5e49a2485e59262a274c7cf2b0c0c89a01e5428f9d7fb2a0272cc0d1d900a156
xv/20039.hot	28	04c8e241e27e6e0ec889a58c40c01f223998993a3cc854f39f5c6b99ab4c19fd
xv/20039.xmv	682198	4c20299c597d7019dc3bb147b79ecebdd02a1eba2cfe6aea807f0920c4e78cc6
xv/20041.xmv	356329	d535429d40ee05ed0fdff96c59672b925765ce5c458c91d776057d1b41d078b8
xv/20043.xmv	478388	e952fdf8c86450571327d7873d1a94ce71c28acf71434eddc7899ae52eb7b5f8
xv/20045.xmv	238286	4e952e30b0710a89b1558a9a0798476b3f45eda8cf499c9001fd517a480121ac
xv/20047.xmv	292839	276f08a01bb45e1756388810528d712f5bfa362560d07f8c9997be5029079fec
xv/20049.hot	28	3f42b8be130314fdee7868323f2a041384f243bab32299c0efa49ae22e237d34
xv/20049.xmv	873687	7bf5adc2b26d2d0fe6db987ba8497958d593a8ca94bebe695fcc9a7754e61e3c
xv/20053.xmv	548542	f62e779d5a6f108b58c66ff58eac6ac282dc8ed1d589584fbe14ae164711c433
xv/20055.xmv	501663	344ba195c5a4596528aff630ef19630f5d60cd658915cb5475c9e25e9d28c7a9
xv/20057.hot	88	95e4500b9fc0a6a14829b3476f925b5e2030b256603e98a83e8069832b946961
xv/20057.xmv	3248617	45f3bb46eaaf0d7760eff8a7e5d0c13106fa644cea298716e82c4a0f21d72880
xv/20059.xmv	202703	a86b720ac80477d295cead1b8452570949a1355787535bc92066a822978dc7d2
xv/20061.xmv	1165150	d229351fe648c4f206a4a4babbabbfb35e35a2f50be29981b97fda45695bc26c
xv/20063.xmv	250041	b6d335b858ceccacce15ee8172c14751592dd2908e2ca7a3d012ed39b9917b74
xv/20065.xmv	151090	bda5db0d3478842354c3d945a342e3dad024962f9fcdb22730ed2bbda2ffab0a
xv/20067.hot	128	6ca758093ba483bc68b1d20bec268b4fff44776be54a921d1684695c56ee3de2
xv/20067.xmv	3145227	a71cd1bf0332577ba5825237ee6c6cbed8cc83cef2bb703ecd00d3252abd0892
xv/20069.hot	28	090503d02eef0ace1445f455b03b332d569e4793926e785e28126a5abc053b99
xv/20069.xmv	541566	498f0e5796292c8cd53bbce771e522c7bcf96cb4f4effd0bd17f41fde902026e
xv/20071.hot	28	a58dfa09779f097892b449ad731deb13e715a1d8faaea77e8a4dee666b17573a
xv/20071.xmv	1356505	6c2a427d6c4f85e474afff1d6dd318623e9a65429ea981d613325ae9c9051892
xv/20075.xmv	285077	e5a501f70bdb3a222809841d15336d2a71a8d524aff59e5d66111698de661cb0
xv/20077.xmv	367628	d5203533c3b83494acba81d7c8e239d9842dbf6f0fed13c42996fbba7d2476ef
xv/20083.hot	28	0cdd5f60e8e767c79f61a55978ff2bd8519288cbf496e7b1f90821c01fbf43b7
xv/20083.xmv	1634050	79d04588a0da98aee790cf8e60b5d00fb9a18ad09944cbd2dc3746e20dbc7960
xv/20085.xmv	399622	c4cebc82fe1b2a0b6f03bc1591e04be4e86467909e00b78ba3897ba0caacacb8
xv/20087.hot	28	e731f8d850fc226547142250f7ff125630c6eb58eb96d573e20d848332d096db
xv/20087.xmv	1690112	de0039cf6b7029444dbef4bd0c9f8072acc1e392f6c009c1c171a195f73b06a2
xv/20089.xmv	365689	e3fe2f7b12f260d17b9d7c0857cb1919ebe70c7e13d84840ca62ec7cf365ba07
xv/20091.hot	128	5f6060d59355279acebc946b8b9c39049617c12ac75d9e51bf2e96f67e5c38f8
xv/20091.xmv	4906985	5c255a97a8874cab0c396556d176d1ca47118e07684cfbfe5df3f6891e79cf11
xv/20093.xmv	520567	3cd70f86701b3cf4b6fed5cfe0474f442e033a65eead4e97a8c4da1a554cb236
xv/20095.hot	68	1290b37a04c1e0e8163299c892d28daf9c64d671fed370a0136fcf9064d07738
xv/20095.xmv	3921614	b1b7fc5911da2912ab7ce910b7ebe6238d640599ba60f39177a88d58e240ed9b
xv/20097.hot	148	e56cc365ca993b714d3c51a5c78854c8a20147aa110c449d32b38a6e6c381e5c
xv/20097.xmv	8310711	04a99eda6be246e2420bbbad74135349e857b986a33a72b69c2ee25a179b3bf8
xv/20099.hot	188	7e9fbc9a7059a467d9d05fbefbd03ca4fc37814046bac107d2b45d5ef700fc67
xv/20099.xmv	10747547	865d4031fbd6189211925b0490a8c9070682fcd614d2fd09626bcc2488e36e8b
xv/20101.hot	68	5d5d04010efade3197cf97f749c82d99766aba9d35875d55f9eee8c1bbc4ff91
xv/20101.xmv	3249819	418e6bfcb1d0d1baea82f79a329884762d0574aa0d1d4cbf9d5b17a3f0740484
xv/20105.hot	28	356f54b21443695a13daf424b7a6cbdf488f85cb10ce756ebdd20767296e1202
xv/20105.xmv	693178	127b5f6022c6b133b12ae1a7566801adf59bc1379b6a96748666b1292ba470e1
xv/20107.xmv	315070	7a229c19f3a5363016ada419a37c497bcb95e1db435303cbaad8c75ddec92313
xv/20109.xmv	466784	e4875ad5a1236339e4c2f3e334924019192afc44f6238b08e44bb7122fedf399
xv/20111.xmv	904543	619421360f1962f587d196faeb698a875ec05a9db846ded20bc89655507cfc04
xv/20113.xmv	336878	8dde89dcd89ad25734b489391ed123fc83283b80df5bb6f6f85762fd51f63a78
xv/20125.xmv	396516	99ad6ff18f9539518f2e1dc350e55b185e7237a9fd876e9391050b5d7141950d
xv/20127.xmv	236451	e6844187edbad3b7faba384214b62c53a3e41039ebde37a0a5df43481431a46f
xv/20129.xmv	510382	3ac02820d051c97b82106f21206f96d19eb93aa79d44fb4230c95ab2cb7d476f
xv/20131.hot	28	30dcd47edd0fbed9c0d8af9b66f68ab3defb22530e4385d464d871b50939d576
xv/20131.xmv	701657	dbd16bc895afa4943fc7febbd879651eb742940657fe32ebdb409ad66c487e4d
xv/20133.xmv	344973	48c24fa23d4cf228b95f7cfb826ae741191b7deaf8c7a2ab7f92c81ad3ac967f
xv/20135.xmv	473866	2e29571170f1f2a65d2bf7ef4ecbfaeb0fcea163411858cd46070ec64d103175
xv/20137.hot	48	5fa474fba15d204233885840637a54875a481dab3f61a87603570fe2bcf77a41
xv/20137.xmv	669004	074612d513beb306d077a6bd5ffcb725827efda15c366723485069d307cd478a
xv/20139.hot	68	3c82d9e176398c8c968cdffa1f1a96109f9e8fd02ffe49d5788c59c51cde96bb
xv/20139.xmv	2189479	bd16bb0661213b6884ec4ecae09165ee9ea745b9569f7fc1563620c7566d1c04
xv/20141.xmv	440022	09a3986365ad29428f5df84a5364811c3332a09ed34b6d242a4d3fe1b7ac2cbe
xv/20143.hot	28	44695f61032d7e5efb12b63bdea5dcf6eb25fb4b9d9618db74c6deb96330cc9d
xv/20143.xmv	1754684	815d11a91063b3225775124314d8e45bdc8c539adfc35cfbdb9f22dadb4a13b3
xv/20145.xmv	604708	33e42bf6bf30817e0dd8db298a0959eff69da7487c2ac4970ad6127ed9bda293
xv/20147.hot	28	1ad51fee5e33868b95a4f73f7e37575165680845f1b63ecddaa44a3fc578ba8d
xv/20147.xmv	2373771	74d1645e1367a1b1ce445427596fd367c081e89d469365782536f79b56fdd3be
xv/20149.hot	48	575ea6e5a86d4e23ea0802cba94b41754ed661d73048ed8e7586c137e75af79b
xv/20149.xmv	912554	80a508fc4a5d36991f00a236a2a1765002aaff03f166e16185298eb4455fca05
xv/20153.hot	28	f7a3c3415d25fde628681edf2172dc294f7328fa6b2d7e8123ff74dd9fedead3
xv/20153.xmv	785451	8f78db9a301ca34452221c9498627bcd7a5fd8dc84b918ebec68f46518738f13
xv/20155.hot	48	b21fe567363644af89c0d4716a19df2bd680d740bebdb87de842f43fce296493
xv/20155.xmv	634303	ac117a78d6ed9e170d2c0601087ff69017b53c09625f245ba674dcf9066df861
xv/20157.hot	68	85fb5f0da4651b9bb39aa5d173658a1c4f88a251444d9185d73a428e2f861163
xv/20157.xmv	1398413	e5c2871377ac7d6744002f4eb7206f282f17af554848462901ed3f71f4e0a49d
xv/20159.xmv	478522	2a55a13e0be4ec6753be5fedee31dd8bb41f13397b2d789257d99db0458fe6cc
xv/20161.hot	28	0e12ca0a15657b631d2b914aa1ec9dd6872be1ba8fdf611054c30abfa4bc8e16
xv/20161.xmv	2140232	c1be1e70104f7cfc8fcb68bbd6ace6adc6dcec27163ee4644916e0fad04d3f3f
xv/20163.xmv	479787	c8e1fa3a671347671250409922f67939fe0e0e9b5fd4b23b5e5670c622e248ed
xv/20165.hot	68	fab4e79c9743f1a8aa891aa3fc800f8f02c371c2f54caa6d79e0868533781f93
xv/20165.xmv	1276875	2277804c5b1eea9553d7804d414e8a55b60063df08abe7b5525527c7a19bd44a
xv/20167.hot	28	56658abeba49bca2efb25f185d65cc14f15dfd0dc2d83318103339f904752dbe
xv/20167.xmv	1865742	a99234128eb9de00863a35fd64b4ec93b506a77683232ace19df4763fe8c37bb
xv/20169.xmv	706286	958407a242edec69d9ed7e1913a6957a109aa1f311c089dc59e60bd476132f34
xv/20171.xmv	533802	755d8883cc720ffc27734fa864f2f488098267c6ade4ac7068b500d869d29d5e
xv/20173.xmv	446579	34eee6c35ce439392993ff0c5d02a23154452448ab8540cd725819d8d5cdf875
xv/20175.xmv	428398	356011ee6e9ac724b2c50faf4f0c789f736eb68f8372a14b5dd4dd9b781f6f8a
xv/20177.xmv	456111	1edeadd7a9e9ccc75fc2c25b3e7d1af48c7056932ed453217efab30111abc365
xv/20179.xmv	471412	e6229ff593b975d32b9c74a969921eae7acec755d5065f6936fee3c0f3f320db
xv/20181.xmv	395972	3e26523500fdf95c74d4d896e944a22a5fdcc65179eb4699a374408d426f358f
xv/20183.xmv	332202	59440a76bc9ae105be4508e54d6186f3aaa7e02dd42b2b56fb2ee0db855c7c1c
xv/20185.xmv	258705	f36998867a31a513a772e6cf95cd69389b5f13960897eb9f583f24fe1d3c36a2
xv/20187.hot	28	39f1cd603bfa720a641841ca72791871bfb6260e3e147106ae736cf905eabc24
xv/20187.xmv	1238816	9dec7ea538575e1a597bebb49e41ae421625be19a29707db2ae4a59bf34ddad5
xv/20189.xmv	520778	f5ca924b4b4202ae1e9d00e8419609a8d11bdae2dac050dbbbed39dbf60fe4dd
xv/20191.hot	48	c98ac6aa8cce26d888d1dfa54e775b56705f9b90ba02c1c3ca1f7284895c91fb
xv/20191.xmv	633716	ee7a83647d8d1285850586f7f4245971ac4bcab4dc44c73437761d34c0db99b9
xv/20193.xmv	298529	4107db3f3c205943cb0c2fa2eb011a16e2d738d5e7420473bde5d59188a50934
xv/20195.hot	48	93f74b02e6908201aac2d017d6107a59c668f0ef267a60785cc410f19cb844fc
xv/20195.xmv	1277900	68d1f83466ecb813faaa2d4cad46fcc1ca63472c77a009dc00fba67cf4c6e3bd
xv/20197.hot	48	f790b65dc85b13e65a13f7b8919f3b5b7fa75bce0e3d067760536101e623ac25
xv/20197.xmv	944161	3b8bd23e653818a2ef57b89ad39457a546ee4e1ee05c6028d14495d6ed840e8c
xv/20199.hot	48	ab64cd1c13ab120ddd08bf54f5602487bd3a74cace7f9e9bd9454851864481c5
xv/20199.xmv	909602	2e2eb390f28529ca3c7d36dccb05fc6192ea68bdd317f26720bffb24312bc242
xv/20201.hot	48	8f843060139e948db7f85c79dcea20abf9c7504c31927ca351ba423f7b003151
xv/20201.xmv	1006843	ab8ac337142a781ecbef83ecafcd5fdb69cde07ed4d9c374e31223ff7a367221
xv/20205.xmv	977161	57db3591a67884eae49ee000c259828890b684f3aef907e282bfcdfbec3bdd08
xv/20207.xmv	1233623	45cb7689df083e21ff942e2194fe17b970dd98da83f9e14fe5ebc93b30d4ce13
xv/20211.hot	28	61fbcfb31bdeb9db0e7fe349cf3480628a53c09a5d8d0909c55880ed3d4fd61f
xv/20211.xmv	1152908	b3fc9ed90a0f90eae5a3ec2383dd298976c3b86f7fd25162b0182fcf14dbca2e
xv/20215.hot	28	1cae26a390df9f166159c7ea8515e76e1ebd5ba220e6466d43b6d2423dbf5bcf
xv/20215.xmv	538830	8ac0c6f2e6135d4909e57c1041e1431bf6da361a513d1640eb87b4b4fd50fd65
xv/20217.hot	28	cb36d1442ad9b1f0e496b9c25dcc5ab0926ef8f9f5d5d762a4e24745ec81cc7a
xv/20217.xmv	926957	1857172d4871d2bd930eb4185b2bfd792c0558f5342e5256b7d341207b9031a9
xv/20221.hot	28	b758fe7ffa894906e0bd5efa880c0aca1e695655ef0dfff9b0bd11a2b1b9fbfd
xv/20221.xmv	1088111	3cb77fca113cde7a3b6a8e4c9b30ef499dbc6381adf7cec8679e90aa5a291f7e
xv/20225.hot	28	fba39b73b770bc17bec864f84342085eaed33b5b03d3513bc85ba98f9f4ec514
xv/20225.xmv	1423489	bede802b563a09424041d8452e19e9a16bc6e06070a401f406880e8133aba9e8
xv/20227.hot	28	75dd0c3b1c53c21578514895cf6e0f5f90a6ff6b093edcdaaade76cc99aee3bd
xv/20227.xmv	1149446	09c90d883857b0b4e96e874e6ba7de6c378326b83635fb8aaf26483ec54cc60d
xv/20229.hot	28	28e3fb66ddb05c53e716182bb34134f6bfd16a535cc7cb47c56942ebb23ef5d2
xv/20229.xmv	1055078	6b37005c516bc212b0003af95048e403115571b85038d6485e03f53500660060
xv/20231.hot	28	b38866b97477310e51ebe7c8a8ed50ea9b419034e1132b773f3c7ec94deffef8
xv/20231.xmv	1169294	a01f1ecfe7a500998391dcb2ac1f27895cb492f299b7757c76b3b5c38f25a690
xv/20233.hot	28	ece736964ab8714fc55c9686804af493e8c67e8e4e8aa539a9d4a0a9a0cd9d76
xv/20233.xmv	1794795	8a9a063a49b2ad478360be3b0d969739c78cd77ab3370b0cc9d83400cf9a78cf
xv/20237.xmv	498408	41469d02fe3c93d32663ed8b1330aa3fb6ff798011c2824b53f13c34957ffbe1
xv/20241.xmv	601238	c70a6ad6c51d08f2e92572dbf59a641ce376499d5317408f545d9e5b16432094
xv/20243.xmv	768612	a29d7195d4a534b633eb982248957b8386a5588f10cb8888192ef69dc6eac322
xv/20245.xmv	472487	2050f2d0793842b4364d120ac0f52df85f6520100dbf1b791df4a0161a64b306
xv/20247.xmv	751479	7233a513bbe7eed9a009cf5729b6a39ce6f7d0025aef5c17ac5c0085dc6e988a
xv/20253.xmv	393953	7e1ddd6d4bbb6d49cb6cb6159ff574f016528243b089621fb6f0c83a7ea18ba7
xv/20255.xmv	562438	fe17100d3608ced60c98467afe8131dd0030f7072b0c91f12638b2a71357734b
xv/20257.xmv	678818	5ad2df63c3b6b6005cbb8b80318c3b41c78a2d2d67f6bdd520a5608a8c1e00c8
xv/20259.hot	168	ba712865a986acf1b792ea8e3a9cee3d73a0ef05d2f8a1f090248c3b01e8626a
xv/20259.xmv	11461260	06f976476f9ee0acbf1b6b2aaa7bb7fb5d354e53b893abe2967a8021b8d4ce8c
xv/20263.hot	28	186b56ca780bf66bad2d38801beee698fdc562516aec4bf9f14878155d92d9f1
xv/20263.xmv	695757	851baf8775eb60883ecd8881961a99b346105bdd570363d00f35e9ad4176f2dd
xv/20265.hot	28	6e608bbcf6340b5d660d3d656371ca1e232635fd6f4d47fd5f7b6e9ac8531cc8
xv/20265.xmv	654078	02b4bced6933c03be42c04c8b286939b9f3a04b992f6b2f296ba0da372b352bd
xv/20269.xmv	410147	fef402440bf9fd0712724a772fa621fb3610f8a5e282eae40a79fbe81f553a1f
xv/20271.hot	28	b8d300996c33352bbe92c500a9c3e56205f7422ed5a4546dc06d566a08f759be
xv/20271.xmv	1516075	c82363ba6c8c2e8aeec689e7d2275fff5c83750560f5d5aa9df51d2797b27e09
xv/20273.hot	68	c36952c15ac413bbc86440e9041c4a946861c4b5a5c47450abbc9fd2c6571f26
xv/20273.xmv	2662163	aed8dda1c07f0aa64708c0e0dc2c5861355630ef3abcb671ce4ebdadc12b9743
xv/20277.hot	88	6092869637fc28e7baa84a28734fbb08e83bae70dd68d7a8bd6922456efff70a
xv/20277.xmv	1986629	fd2d79ffd6aec2d2dc828affd9bae2ef6cfec70a6d3077b5aa5cd07f1b8e7f44
xv/20279.hot	48	d4fb8c11a1b096326e1c34bc7a483ab7ad5fab0f8064e9ee09baec46a54509dd
xv/20279.xmv	1499808	9598fb78bb87a0e4191e4b50b73c7eb55ffbfd58a775a3efaf2cf123383fa816
xv/20281.hot	88	d5da1105c3cce5654d978a1bbd6e1c32ec1451569722be8bd627a82c3dfc7c0e
xv/20281.xmv	2826513	6f18c733db47f362bfa5e099104789eaa40b6ceea1f2422e66e8e18128b092cd
xv/20283.xmv	851687	802555e8f53870232be9640b7888947d91625fecfdded0f5e991b9169897ede3
xv/20287.xmv	237963	2e1435a606e6ad0daf335cecd8b72e90093acce4f6477bb8d784ed5785f1385a
xv/20289.xmv	389357	8dc2e3a05218809484b4d0765cc51dca7dcd33cc6cd43f8a7c8938dcafcf4103
xv/20293.xmv	245661	2cf7d60d76f1ef4858feaf8367ee4849fd6467fa671dc19840894960bf460c99
xv/20297.xmv	148598	9e91af5efa088aa33307be68c7de1031d7e6d488ba77e2909d8f963d87802b9b
xv/20299.xmv	181206	6fcd8f39c7777b9c86ed302338163c7d55a041537229cdc118578341db0aa8b2
xv/20301.hot	28	e49c52a44477f6c46d64c057f3bdbfef650278462ec9ec2295c2a876177c1e17
xv/20301.xmv	1433886	f88c1844ea793a04560bc4bb3eaaf518b77f7a1d6c5b0f2e5f93362fd992dde1
xv/20303.hot	48	52f7b737bb1250588894e9fa8dc344ed8c2d33995f5556c4a8d4713192710037
xv/20303.xmv	1693422	7200d5f92cad80af11fcecfefdc08b3034b0ed8095b2ebb8ccca3192dc5dd07f
xv/20305.xmv	1171206	f00cafeac4a8c565b181fec91bdb9a7982c986f7a3b87183555061b4f462d35c
xv/20307.xmv	905701	2f1fbc09a42cebdb5d255d068d051d6965c8678b329d393d93d98d1cbaed3246
xv/20309.xmv	374070	8eda5d1957be93079532b541eff683aeaba931aa7ed769c03c02e25a17dc469b
xv/20311.hot	28	e4e5f9a967c4edc2a7e8356770008574f4f145352c68a6849a387c758b559b10
xv/20311.xmv	1178195	1c482856b8e5d5ee0ee9442b146b29a0a96286ffb8846cf8e39e82c40512ccd3
xv/20313.hot	28	6ff80d0d2dbe1d75bf11b5691af1289e88e950ddd59620769a9f6b30fa7df2ed
xv/20313.xmv	614412	e18fed9262ed75fd71589f7e0a330bfa85f9fef43664536e42c40c1cba2eb7a0
xv/20315.hot	48	1e633978397fffa51cb5b079c4dda14d9a11b4bb03c8604fb20e8ef1caff368f
xv/20315.xmv	1308380	9316e9064fc36dcf5a1ae28b9cc1dace73f47107de847d7aeb7dcd6869e91648
xv/20317.hot	48	6b306b89055ec342744edffb07b95ca047151f5db956a601c6385eedf1a98e35
xv/20317.xmv	2028201	17544e8a9254555f9ed4e966440a06e26fc8e0de899df292b70d3bc5738f6f89
xv/20319.xmv	792589	e50e67df6374cf89a070ed4a1508e247014f8258b395e45bd6fc366e9db767a7
xv/20321.xmv	589582	4c1a29cd65824bee2b196f375fc2588ae079193fce28a6ca637a81843ad81eb3
xv/20323.hot	48	f38cf07173e8f466a4583ae336b9e007a38836ab783143ae59ca318eea93f356
xv/20323.xmv	1281620	273c6054164001ad4be18cb7a2626a1b4ee6bdae0bd711eff2275d03bed13b33
xv/20325.hot	88	f91f3f1711c31bbbee656dc473851c5438fe348cc0120be31d8e19af1f75a98a
xv/20325.xmv	1586013	0e3afd8d68a2e52138bde770a06b3f2009275c244a0224f974ba2b9e1f0cd3db
xv/20327.hot	68	72999a3ca3bdc5be347bf386e4ac09481e8b12d3ef200d79fd148a67f1d8af09
xv/20327.xmv	3393707	28d2f96f2e4718ee7410088ff9db43b7af282eb1c756611c09179c32ee168441
xv/20329.hot	48	4e9d5428c33f6b7bd9f8d44d4408c9f0604d280f28dcfb3572e90939c6441a98
xv/20329.xmv	2061027	be46357949eae71e6393ff56fa7eca3495c63196ecc0ef2b27bead52818e1d85
xv/20331.hot	108	762ab1727387331c6510e72d919b400afd0b81405a4b44ef32ceebc0f1896335
xv/20331.xmv	3851035	76f0905447ca38ac221b936a3c03022c48b7f3b2c1f1a5c8187abfbb08b62044
xv/20333.hot	48	574197f1924cd736aa0766c38b8618f7a68813fefc62a635e54c6996fa3cfe69
xv/20333.xmv	2683768	c4a66c72589a480f547fc6f058a79bc463657767f2a208cd010465ce488821c9
xv/20335.xmv	853708	e772b6dcb897b8196437980410100d662032ef1a76c72d7cf4a9bd7530734093
xv/20337.xmv	579780	0726b3b275f5719047f40a0ba72c36c935ad7e44ab2a3b91aa086f4420438205
xv/20339.xmv	771767	a6c7923c730b4c279f598d403e1874aae1b234c82b126fd8dd7b1a5f56869bd5
xv/20341.hot	68	f5c2dc46995a06f036d29695c9a0f7731573bc54b23fb51fbd9149340eaa773a
xv/20341.xmv	2063957	bf536316baae87807bd78df11a4f44247509c609dba7c20daadbdbf8a915b2ff
xv/20343.hot	68	daf0145778b426d49794a02f1cd59afcf732198a01a421191293982557540caf
xv/20343.xmv	1707845	3b4afc03fb0c67848c1b009479972c4bf356e3be53eb0f907792c1651a750a49
xv/20345.hot	68	11585385ac2b0e97cc3304dd52f74490a13c57630110380f9edea751b265fb3a
xv/20345.xmv	3070387	bbeebe7f71e95f09260251d95abda84cdc016bb78fc3f08942a182159c95b01d
xv/20347.hot	88	64a3e3510c3e821656049df2c9b696ebba0142f46f08b7bd8d4d1ab763a30851
xv/20347.xmv	1800881	45c913c8ba718ef668c8a85c71223a6640d26923b7596d8163425fe2f7359407
xv/20349.xmv	1484166	74a154786361c627fd4c32e349ffd3821921e3c1f0c9bf38d412822099749a78
xv/20351.hot	28	4caa3bca68963eda5e8c0da8eab1325effa34aa9483438793b15eb3ce21b74f3
xv/20351.xmv	1211999	bcafa25c589c2d19f0237a24760daa1119bcdff6db857c6d6db177023158f993
xv/20353.xmv	471002	b090df5cb168638815179e1dedfa73e04354cca1d2ca8472e9096d90f63aca33
xv/20355.xmv	359882	4a67987779a934785b29680179acf2d9636e60fa654914c0d7f2123b870dac6e
xv/20357.xmv	357910	4d635db8eab9bd77cc7d3ae4e8df3758a2bf296bf60a332b9b2c585f495eff75
xv/20359.xmv	468708	143b24726a8b2184820e7474af300166e04d1e793f2613983b79a15d64a0ab59
xv/20361.xmv	476876	2b6178342b8d1c14b1475df224821ca0f59900793c7504604971b1e28bd5caf6
xv/20365.hot	28	34d162088b8310ccb14b962d063874c39598ac7f2811ab7c5f20545aefe4540c
xv/20365.xmv	811127	6b8175078c6fbff1dbb0aa7b0e4f91036607bd22dcd7713f2af3864ef0924bdc
xv/20367.hot	28	a8dee8a831f11cf434637679595fda63123d873c2c18fbeabeca2bdae968c721
xv/20367.xmv	760673	e9a0d3fbd43e01bd9079a92210b257ff95af880323f3ff4a0261f3bed23a645f
xv/20369.hot	28	60604d536d913595a9626841469b346de03227830fa560fe9325f50051fc9c07
xv/20369.xmv	4240509	86b315df54e5d48c2959aa8e589c9474e1a278fe2a2d98496341afad774b65c8
xv/20371.hot	28	027efb851faaacf4b06fb39cafaa989b4900fee64c17d61b1282356e0e598a04
xv/20371.xmv	5486992	2af4e6336592195f7bfbcf46e8af0969b67ea8d815f54b0ed60434ebc16d99d9
xv/20373.hot	28	68663a3ad007ba8bafb50910718f50351665920c84f11bbd9a1188949952f3db
xv/20373.xmv	5414044	00d98ea541de93f468deae0e5877577a6f6b422c6019c27bd9be6453c2d0ae74
xv/20375.hot	28	1c58f43ababf8cfd85ff6ccdc24f8a5415aa73a8a6ef86dafe9688a886897b0a
xv/20375.xmv	2058498	188ff61a6c0a5075f562ac935a287e5b8cd2528a09e0dd0b84c12650820b300a
xv/20377.xmv	4770226	f5da39cb8bd522804362b7c1caa9a63bab67886d5920dd8958aa9d83124d0336
xv/20379.hot	28	f4cb22f3d8fbf534cb7fd26e5cb8005b71d438af2272bfbe0da6d7ceba47da81
xv/20379.xmv	6457828	1b3a43911a51d0f14e093d10c757e9616f452d284337ea99edd03e8b5048fc8b
xv/20383.hot	308	10925324d9b8828fc581079dedaedbe5085cfb5e4acd9e88909df7afe49442c8
xv/20383.xmv	5922590	e3cb15bc82de333656740ad15cfe64177e0753ee4069115aa6a779915d140dc4
xv/20385.hot	368	f9bee3867e5b68fc1d905ecf9e54aaf69375962ebd13814a94adc1a6e466ac18
xv/20385.xmv	7209824	ca8faedcd6deb2b28fe1c0d670ac8e3d424bd7eb6c4071ae6d5740b7d1adfb08
xv/20387.hot	48	12b1d172ac55639c82c44e46ff6db05d4a785101e52fef963cc73fe5631eeb82
xv/20387.xmv	13429447	75f6a9ec366032bfaa58d8fe017afe32da040701883db2b55321d91daf0aeede
xv/20389.hot	88	f4915e44b6bb885dfe6e1edcc3f9fef2b2baa4fab1ef58b1628ade57a38b95ed
xv/20389.xmv	3343378	391824bca47b5e53fb634909024662a93204ad422d5621a7d6fa7863169ed1f7
xv/20391.xmv	2522173	1129faf0ea2c288412073035262cf07c4b733f4549e1ce0569ad661590773d23
xv/20393.xmv	2881465	b25c90e0c8d20f48aca8eaa9f0c5556c8751586b461493b9d29e4094b3af74d8
xv/20395.hot	88	244d6d9d7eb45409396033bd61a43eedf9778db43e84314e416ef331c8347bc6
xv/20395.xmv	4708174	f8be3fce8053c1458a2e5f4c41abf90e3a7b1c27bd464b5e79d4e4be481ba9bb
xv/20397.hot	28	9d440020fd2649172dc46230449368148b49c5abc8be0b339d6d9a5dfd024494
xv/20397.xmv	659216	208d8f21847bf5867f67227dd99aaff0e61c3ece504f6ed18501f170691474bb
xv/20399.xmv	322817	6bdeb06fcf7c4a027275ba400a6202a3617e003ad4d5cad0c36e5e4631d856f2
xv/20401.hot	28	4cca628d3bff19e64129d36eb74c7d8b3fa5fa0f0721c36019e848a1c1131200
xv/20401.xmv	928973	04ccef87a421580426c9c2509fe805e2ac31bb27083e85f3a6f735f2970a1408
xv/20403.hot	28	9e4181b15884ba30f9331211629d2e486d1fbb33964c532d6fade238a328293d
xv/20403.xmv	833548	b3d0d452c088b9080a76ee81698af3e20bb774ee9c9d66111791416a274f1b75
xv/20405.xmv	458221	46e12d151219073914ad2d3df5309601bc1c4ab921ba4c81c8b1def8e9f68934
xv/20407.xmv	460518	7157f57dd33428d39051f1732fbe0bdb26cf3b1bb1291649e9621414dad2e0aa
xv/20409.xmv	568903	859dcc0b707e2c1fc5ec5def74a14c1a1745fe04941a42b2e3fb71cf4dd126cc
xv/20411.hot	28	fed58d4e95b8bc1c37ee11761de7ed8f0787d9aef55c842a0ff781fca345de90
xv/20411.xmv	1283073	1284c39ddcd1b0afab3858649247f2ab4ee831fb4552e4fd3b4768bead6239d9
xv/20415.hot	28	9087f5b56762cb29597fe5425a9a544d11da241d6ce3eaecfd257fea5e9e554d
xv/20415.xmv	1343738	783cacd9653f8f1ad282e238eaea267e200bd9aa590a3672a4e04fdbbdc9bf4f
xv/20417.xmv	1211300	dd8fdaa71f999b3357dbe0637cae559cfe85c6d1fbdaec0b206824a7082af55a
xv/20419.xmv	929265	7dd3a81ed0ad20f9478a7a5161c2bbe2785d9a17b6f0edc909289c2d35f4a2ef
xv/20421.xmv	944632	82cc67a922b77a780cc2e0f6d13901b0eb8d16c5051d5e39ebaabfce61ee02a4
xv/20423.xmv	910912	5e396a5f69e3c3cc2e71d5be589f83c9fa1b2279fe8f514f8e7ca5d7d78e12b7
xv/20425.xmv	1044816	79c8fcc2a415210b1d30dc407a2faa0243fd61f616dba0dcc08e4de0e0c5a829
xv/20427.xmv	1096719	672b867b5a44fe51c36d5621a0a9629ab895e9324fd57dbd790172d0bb3dd5b0
xv/20429.xmv	1017701	38938db6fc0258ca7116789e0558532a6b93ba48744534bbc52cc0ec6b14c635
xv/20431.xmv	996591	522f398c3ad24216e74ca3adf0319de03abd03bb237d689f2a4a7fe9d1186f70
xv/20433.xmv	1063137	b6900a6f8bae39216231d35a89b55ea833fd97f01c199e0507e36e6929ff177b
xv/20435.xmv	456374	d72cbbfeb08b49da22fdaf786b4e8b96af8f3d095f0462e5bd3c0ac63591b087
xv/20437.xmv	283729	d6452d74180d754002e6ef3ab4b5baf961eb5d54a865bb46be76fe6ea5c34f0b
xv/20439.xmv	282718	84b5cf2ec3c18d93183a691cd1b0a930491e9a69db095de83f08f8e1a818c1fd
xv/20441.xmv	340103	17f58ebdb73724a9566943f6dbe6626c462108090b207ac5cd403da4ef1ae828
xv/20443.xmv	338488	e3ee6be872f4a1516191abb9a598490527222d1cdaa7d40cb35e12f80698c510
xv/20445.xmv	271653	3e65f8b4eb6fda43a805e9da5fa6d718bc6832a6780d8c0d52405f9156b58db2
xv/20447.xmv	398872	aa1fbcedfffc882accc89b37e359d77ae54c1ebd32321672a3e9fd4c8f3ef1b1
xv/20449.xmv	307983	e965cb0af701d22998cbd19e7cdf188e7d0fd2528f725ccbc8b9840811e67d73
xv/20451.xmv	464768	b9b4669aa1976745f82ba6a0c16a250a78aa1e7f086e0d9bd698e8ad85a2c7b8
xv/20453.xmv	319581	bd7306775c5931d5ac49b04566dcc1b8998f5421de0d4f1135c13c265d55e5db
xv/20455.xmv	246889	0b36049f9429695c30bcc206d2bcba17e78dbbc7d6a851600d70824a82dfad44
xv/20459.xmv	231183	3ccd83a761e151319ce6d808f15517e7040d1548ec5e2922a6b32d3022a6407d
xv/20461.hot	28	06c446504af4e28eee3d5b04f1d036409ae3ea4fd083c926de1fcd10e79ac8c1
xv/20461.xmv	744536	a1cef4a67e1aea396e49cc15c3c117e74487b7cad34b284a9126a7513806579b
xv/20463.hot	28	6e145e8825f4d877ee49eebbee23ac18dcdad02f7608960f6fecfafc2116d180
xv/20463.xmv	954469	1f5b21d9267bbcf896970aad3758c16dacc1c491ba5fce19d4a2c22f078c6edf
xv/20465.xmv	342486	ccd259846015aae21efad4184119d0af9acbd4121c4c61f8b6fb03c675af074b
xv/20467.xmv	168466	155eda5ca5a16b633ac991fc3ff91d7de344ac592ca7d0fbf1508c8b2dd10e34
xv/20471.hot	88	3ce8186ffa095b0378a4d5a2d49fbffd24591918ba57e59fe968367da10e75d4
xv/20471.xmv	6113890	e1f5807d4ffe9d721c40857866a31acb4c8fb2f52ee466a7e40776e5483cae45
xv/20473.hot	48	3cef79f2b8347662ee5ef3a57d27ed33d02e444888ca1e9f96d1abd57815bba1
xv/20473.xmv	2030286	d2a86a4a0deb0110fcee7070619e6561e43ba8568b3ce17693c1344327600543
xv/20475.hot	88	cc80d54cfbca85194dec8af9d191582bf739589bed5dcc65dffcffc33bfdec57
xv/20475.xmv	3010528	f2e080e6f93138c35a8277125e10a0a274c7daeb81470e3f14c2aa75cede5f86
xv/20477.xmv	534682	a1d596a37b53e14daf3a80d7364285873b1f0fd9bf44695a144bef38bb691e03
xv/20481.hot	288	dabbaf3998db1213f064eee815752b8f1b45c915f153a775264686d53de3ee11
xv/20481.xmv	9989140	6e50e9ca493511118e8e9676fca065f14da378913e9a5f979394ec5a69d8dcee
xv/20483.hot	48	93bffd8cabc589e3a89f13b9ac116b5f2bf6475e4bcd084716cd72baea366b62
xv/20483.xmv	2315448	02230c1184cf8c20f8de630ab5d9a10113152e8b8e1a7265a098ebb6cb1d7b3a
xv/20485.hot	48	54c979c56cc75b256eb48d0428699956055ae21f1f6f79a816c7545db59c14c2
xv/20485.xmv	1865089	d933d05473a3cef4a735cffa580de5c3a1d226bc206f04bea56ea8f2d4232ea8
xv/20487.hot	28	fb37f1ffe2738f2acff0097011afe830284363ca51b7624d175f1a0ecb21f27e
xv/20487.xmv	1647084	34d58252d6be9749a25d5ad30e844953d4811cc602dba23dc04420a89e880c66
xv/20489.hot	88	1d9ebbc1c538946efcf17bee85d292cc7f29180fa2b154b2868d09222a2fc348
xv/20489.xmv	3789759	106f3569d8bf7f1bffe969168a964bbb6757e0f4b056ab176bab815b998b5b95
xv/20491.xmv	599784	032c6a371c6b4585f4cee77772d8a17fb523aed2a8c44c4f2dab70d2431caefc
xv/20493.xmv	530555	321e2b44ee0d9ece2245f559453186cebbe9824da191df46bb31b15b3a3b9f57
xv/20495.xmv	528589	6a863dc57c0b6c2b88fe061a2c2913986716b77fd2e8dec7f0188d8411279021
xv/20497.xmv	682976	ea6f0e76cd792ec5b6ac3a16e50e406bf52342841de68aaccb9b7a79d3af8287
xv/20499.xmv	588271	8f004015c389a0e4a27ee6e6bacf9d2ff188c83dab8e26e7d22bbdb4902522de
xv/20501.xmv	618556	6458348c218226787fd72b582967c17ffb31773910a64770c1aac44eebb0ddbc
xv/20503.xmv	647119	d04229eacbf9f5a8cfa4df91f85aa6cf720c8639053e6c5e917765ceb60d0773
xv/20505.xmv	731801	9e88d04db8de5261e718223e523cfa5142bcd2bf911bbde478ca2c330ef21ad4
xv/20507.xmv	528038	adccc873edeb4dc0b7bdd50557b9c83fec892f669efbcbb694e62fb820cfcf40
xv/20509.xmv	551467	e7106279de4cac84eefe3a183c10fb503b381cadd171164f0f1413a236f180bd
xv/20513.hot	68	12883f0c3c3adf768c29347bedf9c0d9ddb71e4c914a7420c82ca1c87ec60028
xv/20513.xmv	1533923	b7f5c28deee405fa85dcde36df4fe6c203b24ff1d1985ec678ad726a80963040
xv/20517.xmv	651697	42d958362dd16d6ba411714981dbbbe4d401eadfeba0b6ef31791de6eb1524c2
xv/20525.hot	68	2413fcd8590608e6c0fd0453603c5f3c851430586f62465ded5a4a8b6dafd03a
xv/20525.xmv	1965571	fbd49c64509cf18aafd471d3882352d4f890482ea25cec6d501797e48a6dae14
xv/20527.hot	68	1c749febd0e180027447ade9a5ff4a16b169d91a324633626ca7b6a1ba5f7d2e
xv/20527.xmv	3302668	0b660e1a8934da2c4746754cf8632df4b8e5d10602de73cd440a8d0f6f0243e9
xv/20529.hot	68	4b012d7ffe6d02f98f200f9e1f29381d6eaf3a13672f46c88c8ff7e13fde97cf
xv/20529.xmv	4265602	da2d56737b2519fb3b028ae776d2b9b1409ce729d628aa301b9aedaa1917d08d
xv/20531.hot	148	6d3d0b2b22687c7061905c407230d543e79342218bd3a1f7f3366dd1df63472d
xv/20531.xmv	6528830	71881ddf490a10ca7a2e3a645174a0dc291a681ae1949c6f814893625ba764c5
xv/20533.hot	128	18699267644d79927d67b83b958dba7112a009a8b89297baf7f1a4f7b3ffbbad
xv/20533.xmv	8597492	c55e2c714c53f1c6743650cabdfa4738f8a5bd31e63c2666034d02de58b74636
xv/20535.hot	48	17fa4d2fe4eba8499d7117485f6c18b829c1a271855aeab9e65505db344bca69
xv/20535.xmv	754906	bd2b1b0bb9d11e94a91c2a15218228366b2a0f427feff6b8669b586b348424df
xv/20537.hot	108	178a5012e404afefa6e14ee9f4aff26ef4cfff18106e22a4f75cc717ed800dc2
xv/20537.xmv	3179068	8e8d5b2d48d005c060809c60daee28401489ad90fddf7cfc7d7f4ac0354870b2
xv/20547.hot	928	903c6b0e457ee8447c14c0d61d0d024c2b8ba3d67067703ae13a4daeeaebbe1b
xv/20547.xmv	14321386	2de261bd5d126d966d6f787fb6f09790156efb29a872d72374195fd4942e3e4b
xv/20549.hot	108	68572ad0509dfec463451bd6fe7d74d942ea89f37dc110ffdfb674610056235f
xv/20549.xmv	2694937	0f791562c4094f40c9c27d3bc0974cc5aa352a845bcf833f82ef400aab31ca34
xv/20551.hot	68	83959b24c3c9c92c211cdefd2e973b07fce20cfe8d35392bbf4f371aa9cef2ae
xv/20551.xmv	2256634	bcff08fcf28fe8521baf1838f0a0be83997a4d000cdd91c9044cec5779d23deb
xv/20553.hot	68	686d364e208d2f673154aac76bdb54712534c46575b6bc5cdf3431b68252bb5f
xv/20553.xmv	2376366	97a0f695d8c371d918444df49fc1ce08b4f869ce4486d431c671ad276d0483a1
xv/20555.xmv	330074	ad9a2b127c7e9e7ac7aadbf5bb192d66620088519add7a15ad2441a99fd389e5
xv/20557.hot	28	f6a40fc94571033ce92bf6c8ae76dcca84765876ce2457b976813c0c022a0fb7
xv/20557.xmv	1278243	e9c976046a51f67a86b1d03fc1c5f5cdb372fb721089a7aabdedd0efc4a53e9b
xv/20559.hot	48	9d2ac5d3006a45d92fb5f0f1a099ad4239a4680ce8026cf06c8d937b59de86e4
xv/20559.xmv	1196943	74a17a691a8c60fedecb19bf13d8571d9d9ea77434453cb25683c08ac42b8871
xv/20561.hot	148	c45e457acdb230d1f1e3071be901e2e45151b906bddcce98557c118f92662e2b
xv/20561.xmv	4724663	5ce2e80becf16720d01c15642f1410de3871642f7f04393eaf111870d253f5bc
xv/20563.xmv	371404	76b3de1c47d5743787742c774dee1290deb9a83b472a86e9922b6a661846e0c6
xv/20565.hot	48	f356369ca6fbb4986ed11db0c21e03ebfb15586aeaefa408f85338298528b4ee
xv/20565.xmv	1367358	deb2adcd783c5af33d4949c88668cbfd6b0565910f0ae4beca231e7fb9964ada
xv/20567.xmv	258677	eab4aa908ebad6258e8b162c7758166c5e138da4b4c5ccfa3a161c2f494ef484
xv/20569.hot	28	6b7b5d7c382b73669391cdf3667a573582264b404a3bc43de5bb192fde77db0b
xv/20569.xmv	483731	437692e7d74f087a8eb95ebac6a9621253b90590d95dbf7b0f95e53f7abb1c90
xv/20571.xmv	336851	494225fd37bd56d78de3c12bdf31f8bd32af4233818a9974bce4bd5c34bd79a2
xv/20573.hot	108	8541a87e607e214089ef6f8fc5094d60db51859bd407143dcb8208ec94124229
xv/20573.xmv	3914686	3b97388379b355cebe83a1166190d744974e9f12f4ef01edd9cae68070530efd
xv/20575.hot	28	fd931e5db0d1df7606a94cf65293603606af2780e63bd36e5a2b933813590f18
xv/20575.xmv	694277	3cf48673bb70b74023071c293d806459df191f38dfef1f3d1f28f9421872e830
xv/20577.hot	188	f67f110fbb7b17ddea12cbc72b204f1d45b105ba1e08a1c95bb664624ba9b86f
xv/20577.xmv	14598830	2d6685863bed07cb3cfe48c147ff9cdea2ab274d1d4178c65bc867fe07a74407
xv/20581.xmv	5455142	11e522cdcf5b4280825c21c60b1317cfef05a4cb02e30f2498fa56b6cbbad96d
xv/20585.hot	28	55cfd36e12bda2a060a39eed27c009fb9dbaa4190e295a4f0a4ca5e3dbc01471
xv/20585.xmv	1315330	ef102ecd67e41fd4e03b4e87c8c77ed44231d5c8def67ca49cd121b3297c8d24
xv/20587.hot	28	78610f6a82cb4709b5e921bf1a9e118326554de69a644c8b68a27e2d02397533
xv/20587.xmv	668898	b9018d71342089e80cd70f8774968675a6332afd51e7192a21f4630ff575915d
xv/20589.xmv	363502	b6e9a746482abae0abbc23f46205770086d47c15f7db66d5b7f530e55087d11f
xv/20591.hot	28	f851951c9516c28571adab180bdc0cc3dd98081b9539ed5d8e00f1767149fb0c
xv/20591.xmv	2223480	4fbe0fe375f67ff3fded07bd01f72277d26e644218f9c27a72f1d25adecfabd7
xv/20593.hot	28	d13e3be864e0d646a0c5657d2bb10add6a7f33f542897ecb502956d2e89ab057
xv/20593.xmv	647953	0cde2ea4f234e06dd56ba57dfdd20d0f04a8901bafc523d8235598cb1fef99a1
xv/20595.xmv	1897518	f201a3703285a782199b5d5460e98c6f5d5467827d0d3028cfbd88e0c7c6025e
xv/20599.xmv	504124	19ab457cf7b57a8c08a11c6f4c7cddd36acf53e3aa2f2646764bc12244b46a15
xv/20607.hot	28	73b0d9456e020cc0596905730dc36403e5e4edb59d124926abdea1b009d5e64f
xv/20607.xmv	504564	face832ff250079c9b2c14454b7bb9ef06c262ce7ec65f91ade70d386ddfd6e7
xv/20609.hot	28	ae141610edc634c6c5b438e8efefb277eaf0c57881cb8caf440e538eaff22a2d
xv/20609.xmv	601485	050fb011b63b3f11e04b2dd21c644ee00f8b2ff69c601852d58945b4b1d42820
xv/20611.hot	28	493b3a5c81815898cadabe9ccbc45978ed8ff6a8edd86eeee270dca71dbbc350
xv/20611.xmv	543214	02cb6b302a85833adac50df38818006685cb8bb95802f302f6f021e050deb67f
xv/20613.hot	28	2c7ecfb7e8aa48922b9ba3953a777ffeb559c4cf7e376a6fc6bee6c9705faf66
xv/20613.xmv	683122	9df7bfb170cb4b2c62f01607f0bf8e4a3817280e8c02bb3cece942ad1313c483
xv/20615.hot	28	791c05118ed2fab0ae877dd25e691e2868ba28e801f201c8a9551ff17be3ccef
xv/20615.xmv	653320	c34e3d8c78531ca99ba0e2aa78ff21dd2047f67254ecf9cf2642f3f6a5a00656
xv/20617.hot	28	867d2cc6ac0579a22c38a91d9fee3e2535921b41afa929be3c9708a96169c430
xv/20617.xmv	912046	04bfee5169fee123344c41331cccf14da61a17d8bb6af4a6552f0706af522a83
xv/20619.hot	28	ec538971a34c9fc303b5470edcf96bd8591f26d950d616777ef8db977e049d8d
xv/20619.xmv	706427	4628c318053da18988a5ca30c3cae8878a5a47cf7c2fc91df3aec9aba3d3bdbd
xv/20621.hot	28	8904fd43f90aaede627ebf1f97c8796eae0761903a387919f905f1c93cd22631
xv/20621.xmv	609679	c5bd6c3752089ce1ee88e599958b57272de336c44d8c808e9a5f76d5c25c88ba
xv/20623.hot	28	bd69016eefb443d21fc8152b97958f785ed665daf119d2602c0b4366ebeb742d
xv/20623.xmv	1349527	d37e94cd2decc54f421d0446c8394dea0621b345cc522eac7da0b39b900e613f
xv/20625.xmv	471329	0be29d7b5c97e09487450d587d59b67122fbc80c57f2efc669af2e9ed9c6297d
xv/20627.hot	28	08b4fa5317a8764f2f27a59b4a386ae15a7e3f106964b2f509ee45a13b260632
xv/20627.xmv	1336406	1c72a8ac74be82744e01abd4d744537c8315c4310c64efb65b3c3ac199ff6bd0
xv/20629.hot	28	758717b3376eb770adfde2ff4f7925044d0c5345757636cf8ae2abf37421454a
xv/20629.xmv	631046	d40896b84d548acc229dc6bf8e579c13c242e766eb0c4e0dfa7db806252ed60b
xv/20631.hot	108	53024d9c241914add6eee3f9ba1431509adea81068f58837eeb3319a78e5c56f
xv/20631.xmv	5153888	434dc96ee277942155306c0c22eb915d9c66165dd6a38be50acfd025e4f3c786
xv/20633.xmv	430908	03cfa347ed11ac6f5692e0d9dae88aa7f70251bda266445e7343a94d35884bdf
xv/20635.hot	48	83d734ed17732c5136c18ba170233d62a6d8b599fa84b633a56fca71855d7a98
xv/20635.xmv	894811	ccb4c5e3184e4a68705939324f06b8371e81c74983ae7421ab5f344ebb781b57
xv/20637.hot	28	ac000273d2d28037b4683e8204036c3dd96688dead5837e541168a89710058c0
xv/20637.xmv	1038339	a7bd4fa9b123256166ca203b99d81815987b61a37c97ca994b89edf26a65e517
xv/20639.hot	28	3582328a4a5c0407e8b228f5422ad5b50de6df26417f8ab3c9ac9320d3503e47
xv/20639.xmv	964246	e2df8605c7b85b5b18e161b1e4ac26b95ec0ffbdc3f50b833c43b56af7f091b6
xv/20641.hot	28	0c2ff4da5439effe430c58d07bde1f9db6759afdf6983cf2f7cb1bb4611fbdb6
xv/20641.xmv	1175638	bf0fd9f67079dc1bccfa80b87269425a110ae574affb522306f18cf4241bff1a
xv/20643.hot	48	adc898a774814f71f0bcc72565af6787bae9ab3c11fc353e3d92b836bb4a1fb9
xv/20643.xmv	1404464	14c1458a548540700b9e9911cd143a15029cd34bffb63dab555280ebe47b122d
xv/20645.xmv	186914	82333f264276a31000e1d627fcf975b3c4409046103d61b9652c3d6a1241c127
xv/20647.xmv	189908	bba98f70f95b1c34d4623d38ab015ffbc5a862ff698e09eebcb666a2d38478e3
xv/20649.xmv	331290	47c49e998b26cc04f3feedadde36b952eafc62f417cdd1989594eb569e14c0ee
xv/20651.xmv	278095	20a826bbece4da2073b002acffc9abc0f579f3b508da3424d00a48945b17c270
xv/20653.xmv	238290	25d718b0aef8ff345c226cf97c4d8e983a296bf1b5b59ba2fdbf91ec980a4d2a
xv/20655.xmv	288276	ac0fb1032974a0466e83b62ace99ef58055b98a0348ed3cfd30d63316fc24f3c
xv/20657.xmv	148962	9b15390e5b1c313814368c77c89ba18384a2c38dd6643f0c6e516d4caf662310
xv/20659.xmv	174839	afc49d14584b04235cd40e376016571bfd75e98a26f1b43615b69f1a33f8c919
xv/20663.hot	68	f681e46ba23284210038d8f61f689514ba667f910495f484ce06182ff6a8625f
xv/20663.xmv	2436175	6349cc5b60b552756cb2d8f4f54c0e2397db75a7dee26e1a2807dc097c60c987
xv/20665.hot	88	c3ba6fcf8ee7d6a797c74667896355b662602d953253efb57433e74e7c1cc3b3
xv/20665.xmv	2089665	837e0d22d831c42d9039bdc11402ef41cf4e30719ba667c8387d85eacc98fdf5
xv/20667.hot	68	dd3b8cb9b2d45b57cb3ccb7a88e784267dcdea3ac1b88e580fdffd267c65aa3b
xv/20667.xmv	689818	a45aec09b60dd4f5eb165f5e18dfe89be23edfd6c2157a7878507c3872e2f0f8
xv/20669.hot	28	bb29438d95e3f6bdafd9f7ed0837b0375354a96df8bdba2f4265657b4044fc39
xv/20669.xmv	466678	752ef7cf74326e714b53063f2aa4d8649eb0f7ba8e3cbedcf13b1640ad82a948
xv/20673.hot	28	a12c5fb92658e92f9d9b6ac65247e420032316fcc59e9701174c831f996335ac
xv/20673.xmv	833202	3dad3dc74a8fa00fb2ed6952fefb4326f1c0bb11f01277cc86fdc12565ac876b
xv/20675.hot	48	73a3e681e5b5adc1456251c61e1bf0aeb12e179e1fcde0319efdee955630ca15
xv/20675.xmv	826206	b4fa10b023793e78b536f1070ed31767a4c12063673cd8abb58d9817cb376b83
xv/20677.hot	48	3c1fe9726f832b6f01053d16c230c6c07811f68523580cee152147bc31607c11
xv/20677.xmv	2165678	7ff1b25686d84446e701b1243231e19f88ecb207f42827bbe378ff98f6df3323
xv/20679.hot	28	40263e1e953a94a4660fbf0b639b965a10d787518c63b9cb45b32620d528d6e9
xv/20679.xmv	834418	de24c6dbf03ed1ec4d44b83b1e5dc4607bbfcdb1f008223a97735d0344c11e22
xv/20681.hot	48	97ed978ffbb28505051438f3c1c1a47af09f765d60c046c1727984c306e11bcb
xv/20681.xmv	1499299	efd81a1c1db437f2d42738df9aa782d9df512a8f3a3009b81fe930924ab6f3ca
xv/20683.hot	168	09ac269b7f3cfeb123748b768d0e01d7499fc6af9ad9adf9af9ee5691cbfa42a
xv/20683.xmv	2150923	0c2e28732c5c6fd0b0605bc0c0be4e177940fc0959a29a7c3f56c4dce34e9939
xv/20685.hot	28	1399e3ce6ac7fcce532e5ac249d692ade485d6a2f1ed37c51f86042900658ce6
xv/20685.xmv	841275	96306eb7ac5884a96a0b97da6464a3ad4ab3a8bd248472abcca7a1240433ab87
xv/20687.hot	48	ddbf405459eb24ed8b8c41e250d941dcdc9824aac4274ecb67458d93f42c06de
xv/20687.xmv	2484839	61a1a77520c7305fd41625314d9f0ece30a754a59b827289a7b5602fb75c25cd
xv/20689.hot	48	c10b065d449fbcc0fa0e0a4b9551a410c8969de3f4155b69e8aed1430c776963
xv/20689.xmv	1346868	1d733dd2ebf7f7703fc4c3ab571593b587ce41b756b7da084842e012ef3b3990
xv/20691.hot	68	178b60b6921d5518b7a60b2e84bb65f691c4ee8c07aaf8870a606ece304b448d
xv/20691.xmv	2935921	0d2fcfa137a0fbcc15dda03992d3e0a8fdc4269f339a7ba4f960e2f7d6b784ba
xv/20693.hot	108	d10f3e043f1e3703fa0303d585dfc4aa0c9b0230baa60dfc7131503204786956
xv/20693.xmv	5116093	e42319f289f2a002fbb64e3eaa7002bd6fa177e3ffa33c4545cd21fc3531d2a2
xv/20695.hot	508	55717c2c65d8566eea4445bf423adafac5371fbc1a24f770333007cdbbcbcd2f
xv/20695.xmv	5795156	93c3ceb1079424a2e01f31b7a3baae3cb91bb028ac921401c0932ba500824a44
xv/20697.hot	28	1f29c08c371ad82257e6500fb38ff7ad2a9f2335f0c8a31ca006eeb9599a7919
xv/20697.xmv	484571	caadeab4ed9aeb210e8c2a6522960e51d2e07c3db42a13bea9ff655f6697fd45
xv/20699.hot	28	c50f4d626c6c9cb0053b410021a1370eea3a5e156531ac8af6e6c0e8969695d5
xv/20699.xmv	1088533	acc2e8e3824563e8e45aa8ab6e18c24550f9774ab4acc672ff6ef50ec2981b16
xv/20701.hot	28	24c77f037c9f242fb7687aa31182e2fc63df4913f77a5838a40561e7fb506118
xv/20701.xmv	508427	2fc8486bd5eea1963e6996eb3d1443cd7e2b5373b9ed1ea6dfcf6b22b5a622bb
xv/20703.xmv	412607	1d2a1d662dbc25a95f3fa4ff321ce6134c1fff395a1c89f220f995013f80ced2
xv/20705.hot	28	8c40cdf0034fc0b8938864ee7e610db162631b7fdce4dccbfa36de134ab3f7c0
xv/20705.xmv	1197909	9e62f2fb7bbb1793a8f52c3f96fc9d0561ac542ba58f2c80027927efe4de80f7
xv/20707.hot	28	87950fb06176da5421cc31df338c0d622e674a9087e12b089cd7e1adbf38033e
xv/20707.xmv	690090	1f0d0dca263cbe1c199cce7aa6e16ba4b7604d6316c591feb221f4638f5c77ad
xv/20709.hot	288	18236ba4d5476e9405f1b609088ea56dd5d4d6893ade9c47c4ffe63ed1a38bd9
xv/20709.xmv	6684535	cf11406c239fecc7ff4eeb643f84f807e21f1db5a02a05ce0caa2354a7c41333
xv/20714.hot	88	08ef9d9a29a8df12cb9940faba423faba290276f62640f8103dd65b9fc579ac0
xv/20714.xmv	4134792	c790ea2e02f582751f9873aed7840a2f4871b83c362c803a280182f3fb30a606
xv/20722.xmv	238071	36c3cf6af4b8ed2595490c98aa993a68478f96da26ad34d53a2b601b7ef05ffe
xv/20724.xmv	443358	8e05750b34405307613cc004a4f3c8386c130550fe29f6e7ea25c4c5d3d11439
xv/20726.xmv	352127	e46d686b7ad2c1f337dfcb7e9648b395c85ad9974867e267f3ddc0997b6e8506
xv/20728.xmv	431853	23301911632edc2bc2b80aa68e4dab41dec1bda4f7ce75341a4e609cc4c54b88
xv/20730.xmv	403280	00b72582764600a983d310b7073926258c855a9c1fd2ad2d230671fa4ba85a9a
xv/20732.xmv	208544	dc455968d94d1f6ecc4e25f715d59421ce6d5133f47e8b6dcbca674d74e31b1e
xv/20734.xmv	193535	943b89701dbf6c9a427066b7bc52c8f43ba3e6d99302f927e203146f21331603
xv/20738.xmv	666117	40c4e52772853a92fd1742c6cda20502888b56dd4edec47646ba4756f31e95c1
xv/20744.xmv	231684	044ede71df9448767018adc4f1f78d9743301dca1ad686e44c80abefc4ef9894
xv/20750.xmv	237174	5da67dfd09ef38eb88d0c297c824d35ea669c9d7b9fedb30165c8c53b3c55d9a
xv/20752.xmv	376339	1d240ca5edb51e5f61502201c4ad8ca2e639d502dcd382ec3ec51b0ec78ac140
xv/20754.xmv	205418	ea8c32732baa07525e5cc22d1758baa1f525cb8b77a69110be3414b2f489f006
xv/20756.xmv	354375	f69423a228abe9dd92fb06a53100084e2eee088b4d7ec5adfdd5418808b7480b
xv/20758.xmv	368499	313305ab67e3ce169e71c9274b73edcd1395d8cbcd487b62e33aa6d328ee594d
xv/20760.xmv	238024	a9b59933fbd758a4b9ed3a73540e880fe4180aabbbe0c9891c1ab3d310f2fefd
xv/20762.xmv	144225	e6e5ee6eecd8451965a06564d32d4e32adc538d7a7ceb45497c39df8ef56b3fa
xv/20764.xmv	125717	65456e6f13694bda021aae1e0dac408bf4a8fcabbf56c11b4b7b56fb48bc9823
xv/20766.xmv	239341	fc79831ea614cce5cf9345b80c2c9eb53a697c6c1623dd26fcf43431513676f5
xv/20768.hot	28	f41070d7bf73723a0d1036a0693d3ce5ba34ca43eedddc521f60c810550dd4a2
xv/20768.xmv	1082582	86ab987d527c165d3e690eef70e2243eeaf33c46ab176c29ce86f167bb151b20
xv/20772.hot	28	3a4fcdead550f78eaa9616ac035e5c774cd4417ca9347a84213a671476d2a7df
xv/20772.xmv	671340	51db5a432d6991be261931b20f7b847824fe10b96d3fa4c399975f7b038a1feb
xv/20774.xmv	486764	fb134500c459e6bd9af0df0edfd2b3aad3019cea24adce0d310435c7c75cb056
xv/20776.hot	48	e146c8a60a915249ca5f04f39e4b17a1c090c9c5c09e4ed7ba411921c0018d7e
xv/20776.xmv	1080068	e2309d089acae24649cdadbcd56eb587b992d647ad9e617c4b209be12784b3b6
xv/20778.xmv	248508	293f1e5b4652aed8fe0de1d0c66adab190735fb52845f068511862006853b7f6
xv/20780.hot	88	73187974d9aedb3c6bc63f95964ef6034ee07e6d5c5b262fc77d476d4fbde8cd
xv/20780.xmv	3327960	947c3486dfc34217a8ad1d1b295a1b2a23787fde1d01095aca264d9a592af93f
xv/20782.hot	48	4b3f8b1826c52866517176bab745689f661819c5fab753938953a512e5bb774a
xv/20782.xmv	2188888	c9b78f24d9bb617a857c3c6159ef2cb541d981c1549d02b8554bb8f606e74451
xv/20784.hot	88	af9b8c75f1c78b41a246a6d813ba817c0efc9e6b623da33e03ad4666f8ced7a4
xv/20784.xmv	3814505	ec99c58867624cda133a3d3f62e25b34e5afc73d9b0d590c5b11508587143c4a
xv/20786.xmv	626035	9c690f0bc14a8400da730606bc0c372229317b92fb26b613232d57da939a65eb
xv/20788.hot	48	db2870a8cc3c512e63954e2d3d485a97cf57f03b76e567e0941fc3451fc84f5b
xv/20788.xmv	3390520	ef271e4fad63ef9b25e49d1e9bf53e3f5b090e29204fc2cc89144756670fd3bd
xv/20790.hot	28	b07599b743fd562af44e639e192cf98583dd043898a0243e50d57f992df28038
xv/20790.xmv	1462104	2a0f76dee65e47ff74204a44b7b95586d0dd7b825927e48ddcf4d0b4f00646f4
xv/20792.hot	48	0b6ac2dcd1e3c539b693284cb00cb1259ebe47e2c50f6ebb794f2fadf8717437
xv/20792.xmv	5072105	57bde24915fe99e07b811cc9a07e151e637314bc22cd49732fbd202b7110bcf5
xv/20794.hot	208	6164c4e6c727f139d70da216f2b481da411c9af79761bb172fcbccce56945087
xv/20794.xmv	5394216	626f0934e48cd9b4d4e18cee96bf19ec6f6cccf0f78ea32b2e830271fd361903
xv/20796.xmv	3179929	f349656a5f20fc5aa5d88f7e232284f9f394ad8e4d77ed7d432f085853a56b4f
xv/20798.hot	68	4304ee6eeba154399eb17e7ed4c087418364e775a5e70244052f65b1159c19f0
xv/20798.xmv	1471442	8df57032c4473da4474fe9ca14cb7088419304768d26d6f53b4f443f241c9b0f
xv/20800.hot	48	3424ed015466e910337c7c99e2ba6f2a38cfd4ba0055a4c80f34e6f77a350269
xv/20800.xmv	2384623	bb11b69545feb627d171c1531256c184978f25e84ed656c7a89c2990fc631673
xv/20802.hot	28	77dd713fd4ae0cb4bf16aa50fad3a70757769cb0a18358ebb03da4ae9a4b24a8
xv/20802.xmv	1523344	85992739d427a3c75ad573e39d186a17293c8748dddafdf6914c32cd38bfce60
xv/20804.xmv	497810	7879ab94e588aa104ceb893f1565e87048e7c65141776d8073c74fdd6d4c2e73
xv/20806.hot	28	088be2a0a10bbcb125b583c04e8d34db12fc33131e0d09ff1f1cd8d639028aa3
xv/20806.xmv	1670616	5720ba06a2c3c1c598421344a53d18e8e3fea715b4a46a5454e473b8f062a9c4
xv/20808.hot	28	bb7ab5c0b0c0306f236f9ee7a7a397d302218eb9d75c4c46a644860d94f9f78c
xv/20808.xmv	1372997	089fad7d82480226b5e67280b70db303520c9a19819d5ca9494309d31e2a1fb8
xv/20810.hot	48	6ced1c2803858d6ce9afd57c3c8c73e2bb90b9f4afb0d78f35af6fb3ca03ef07
xv/20810.xmv	2373665	c3250535226663db63c10b76671ef52b8e6e180dfecc5733f726f361e4a8a765
xv/20812.hot	48	fe203d0d1aecb2b3b5eee0a27b61f69393729b918022d454bd267804c948385d
xv/20812.xmv	1754594	79c8bbcc0d988520ba234bc12f1809d22be7ce02812a8ec223d56aa8443d6d20
xv/20816.hot	88	1f77a201dcf9a5f3a2a1fa9fc939dfd7bce1c75b568798b3442d09591cf1301a
xv/20816.xmv	3830988	89aa3ed955003f06a7ff00c03f0763ff8a4a7db781b2a7186daf8c769fc443bb
xv/20820.hot	28	1fb1f15d8ef7adca9d0ba1d8159ee0c0644b2208f38a69eb00b2a888bab0bac1
xv/20820.xmv	2342304	62df1b2cc4d9b8a9054904763137bd5cc3b4e3b759402afb502c90423c391a72
xv/20822.xmv	188746	4aa9cc9e72227f10f7ce0f7c1d6eb247346a77f568e5e3ea67e67a90fdbfe70f
xv/20824.xmv	158511	3e679889197ff1093d9881bf34c2c583693ee6a3ad6481ebc576de715b3f85b0
xv/20826.xmv	262766	a9dfe42d47f41aa843a8a15e9479a9f7a1b6b5175e78b60450be65ab1b22dea7
xv/20828.xmv	313344	8f4c077f750e8d583a7d046a803c9aa65417512e72737c6dac2345a4f8045f5c
xv/20832.xmv	318096	1bb7bbdeed4736ac963b5a2fa03b84f9a791c2a22d90101b4456c4a86dbcad92
xv/20834.xmv	420295	5e6d136f9f70fa3d7f25b44b681349d7795fd82998ac8e34ad81b3ebb1da9ed4
xv/20836.xmv	393938	118cf81ce5ed56de09b999a576c60520e487bf7125d695ec15168418ae53286b
xv/20838.xmv	523551	fe8cf0f540c2cb721a42c0a9252b7096c411775fba0c9cd4b6064b43c81e2abe
xv/20840.hot	28	ea8c2969d6946d904efad4816c1f4d24d151fb7ad465080ff8e42cbc169fa093
xv/20840.xmv	922509	03409df9148baddcb51cc459cf935bacbd74b1bd31b18d102c4c3a39fb094d87
xv/20842.hot	28	58f88d3a1e9ebc6520a3129bba25cf54dff368382b217fe181d830a5680138da
xv/20842.xmv	821035	af7a62324c9090b3f3befc282c61405152a33203d70457a2acaa73dece57f0d4
xv/20844.hot	28	cec3a59923e34cdc22273cdad9dd5ec480a692648cda8822065b9595027df618
xv/20844.xmv	1046276	0e06e1424cd41f0d8f5abb37f01238a8c399edd0d1286c2b37e233456ec60633
xv/20846.hot	28	17153ade533dee422c2ca29c7e971a7da43cb6994f71e0057900e0b7d4b57ec9
xv/20846.xmv	1170338	bedd12ac620a5671c92b70742e6f42d7e50d5de0eeb56342705421e7d76e10a2
xv/20850.hot	348	a3494833b1a4a53075eac12d228b7cee44c8ce6a6423850208dd3074b5570453
xv/20850.xmv	5278947	eaac4ee371f09abe341eb9746cee7482f2327ecac18b0837bf7e277a12b115cc
xv/20852.hot	88	10c9e5c89acf5ea09da98a0d0bfbb872f030db4633a2a7a666a0728b70142e51
xv/20852.xmv	5646290	d849ae40ec99af9f1a1693563877e9fd19c14fc184df7580366bdacb170a6ca6
xv/20854.hot	28	72cfabfd55d7273597686c58cb0b294206e7d94ade5df05d2a73479000230a1c
xv/20854.xmv	708346	2b4fe7714c2364d6cc3d4202d2f058e770201fa542c8b2a6b2bea26c8934293a
xv/20856.hot	88	0e580ebccb386883f19adf83eed640d730b09e311e44df04b8c1a39adcbf56e3
xv/20856.xmv	6301602	da457734de6042a25e2024708daed025c47423e86b99fa1a142dced0ba3ccf22
xv/20858.hot	28	b4a689f8dab044b76a17fe2457afbb4d7173aa721ef309f59c0922d6bd4dde81
xv/20858.xmv	708123	08ec65cdfe3e06cc37b63a8610b9431ce7d0abdbbddc68fb9bddbf178770f3a1
xv/20860.hot	48	988eec004e6f575343fd50a1ea7533542186c41bdccaf0bd08d94d9a187b9c6d
xv/20860.xmv	3765659	193c4abfbc498dcb7e4c16bfa9d61d7651455bfd0a5503104317688e460c3e10
xv/20862.xmv	397956	64ddcf2fc90fed0295f497b99f3c137dd0976b57b167fcb13ac16b11cfffe97c
xv/20864.xmv	1552966	900d09f917bc9fa934d507db5b85123ced98e48e6cd4edfeefbe252a2abff853
xv/20866.hot	28	fdbf9290673ca7fbd96d89acaeaf319094feacb3034a1f0e906056cfa45ca765
xv/20866.xmv	824212	fe13e263e8d8e7f2fd25d505293ab4a0142c16d7b07892369f9deff9670cf40d
xv/20868.hot	28	36a2500a5880eaff48ce6f8fd8c1a4df44af55dfe1723490cce277af31964cf4
xv/20868.xmv	889515	fba14e27c093ace7342fa9015f73bb88b2c678f3b0764cb1bb955d4177c6147c
xv/20870.hot	28	6f5b4cefa5295ccb0c7b836a697bbf0981737558e0fbe13b783db39f385be234
xv/20870.xmv	609484	ebfb2acfded043fa2f3abf5510a17f16986ecca44de3b84f64febc0ef6b24786
xv/20872.hot	28	69f1e6149b421772cab18b38ed97e77b21b37b2bf37ea60de176f3ea88685f28
xv/20872.xmv	1951996	ab595abdd21b4a228dd7ec2f70c2c744c359729b3595f7bb2e9c1e22998671ba
xv/20874.hot	28	3d31b32b4683ba3c9a4992c1c1d31cce50bc2493433a832221fa9397d7c53b9a
xv/20874.xmv	889454	40bfd249cc6a2e5cf52879afedf0074e45386f9e675e2f6257f010d5ade3d812
xv/20876.hot	28	8a0e43d65e0dd1f015f67e8e3e2ed91338bb0265c070c130d396c627c504fe5c
xv/20876.xmv	2479367	106f9fdd8e5998995fc4e07aa7caab89db3428a01b13c55052d4228f97171248
xv/20878.xmv	408918	ba8eafcf410aa1831467843099e60503302a1ff1ba186e649a828ee0f9040426
xv/20880.hot	128	b490027d6f5f8975746826aa902336e337b2085e07be7d2f3a0ac392c9dedda6
xv/20880.xmv	6855199	2608bc1a868a27d165c96776372edca02c0548a8ba5a2b143f016db013171c8b
xv/20882.hot	148	6f55b7fa9736e208fe5c9a2f0ed99903ae4e0b05c49c098e16ad2afdef9f61c2
xv/20882.xmv	6743407	88c7265ffdf2b24884d46d9686644c7f17902ce73310992ca69bf082f6a6b67f
xv/20884.hot	188	6bf4cd6f1b0a25287b0e84c5210786d5aa43696b121c9b4745a56bdee0aaa1de
xv/20884.xmv	3854097	1d2ac8ddcf445618c71f7fa1ce1548629ede07ff857ee05503d8a476c969c30d
xv/20886.hot	28	74c7933b306b974551b98fa7a0524ffc14e2f76e5a41d6744ae858f0aa54e420
xv/20886.xmv	738853	f64228af51a8fcf989d265c50feeb2f30bd8baa0eef212d808a4bf84f953708a
xv/20888.hot	28	e74cacd6da7ea1de36c5696b8c4941e9dbe689de5e47efd1d68c8523e5fa268e
xv/20888.xmv	1096078	9b7fdec6ec4777657615de3f4d5585dd5cfeb8fe3ebf875b5cb7344bf18f69a9
xv/20890.hot	48	dba9d3214fa3f7026c48ff2f56be993440637a40cb361fc9d1ce409c578cf196
xv/20890.xmv	909737	841b4f3c9e2a525b9cb038a161ae4cd975c040b6de6fd25a94976b1241cf1856
xv/20892.hot	48	a2514fd49e820dc1c75b868a083959c70d4cefa895d31ad64cbb1b24d3a7d44c
xv/20892.xmv	1747973	5f2a8eab885f7fb64e53174b87706d02113744cac28b11f0ea7ad7ac4f5a1be9
xv/20894.xmv	898571	01a3d99956257b3836b5a2c51854f7bb629d17ae14c9350717724484cf9ea800
xv/20896.xmv	1266091	ab9aa40c8d618a0ea5957da93ec9777ce26c822924aaf799e880578b6c097f08
xv/20898.xmv	685672	886a95da647940ec49b5fafdbd481935391299c1e808003549a7e6b8a22ba895
xv/20900.xmv	282723	7fd694bc7d1192b44ac20f1765fe604f7cd10d5631924042d2367430769d1244
xv/20902.xmv	254924	b6b0e951ab120b6d06a6b47115a1be74e5b446fa989f117afcb48b26703ca125
xv/20904.xmv	254018	8c38e491c760ecdef0e761785ae65268a7ddece808a208647cae2ae88e136759
xv/20906.xmv	411510	19466760625d9592d1d1802f81c14a5e737602dddea48e53002e4cb89fd4df45
xv/20908.xmv	276075	f03b82495b8096f00e2b294a9bba751db94a41c8b0e13d77262a50a1fc7cc371
xv/20910.xmv	489587	45a5156236f56f2d148fb3968a42862311ca4a3fabc3698fa5895d520bff63de
xv/20912.xmv	453133	af530a686cdbee07d7e61f706df2dbc180828c4832f66ca1ce829c6f19305e32
xv/20914.hot	508	33d8416248948a88baab949396eafb3196139910b775252ac143f3b18e1efd5d
xv/20914.xmv	10449892	61857087ba91a951cccee8a21e263fc8ca8fc6f738c8489f612d91ab1fa546a9
xv/20916.hot	28	239ca22fc844c8db3ddeb3f0d199656d1555fafb8f5722278bc0bd0edf4098a7
xv/20916.xmv	845557	2a2bd871dea09c8148e3422491e27af3459c4966656cf4993f0db8e9bb957cc4
xv/20918.hot	28	d381c7c36e5ad85f373d8b8e22d3b9d421b5790ad1292ee90d7a27d0552d7a19
xv/20918.xmv	1068090	e68b1808bf508ee9c7d56133d539ef3e313a897327eb4ccd455e4621a62ee62d
xv/20920.hot	68	e8d5f694b8e5722cb2af1a781f59d3f933f4b35c48003686259bc0b7811c580f
xv/20920.xmv	2512930	21187fc0862cdf2b99995dddbcfe87eb8d3858b2be37ea2811cf0771665f5060
xv/20922.hot	28	0622b65ec838d13b8cf5a2c1031cc30ecc2b25aecbd1ea32716b7bc99af45993
xv/20922.xmv	867702	cccacec42cfc3a570771767c17054f92afa3868fcc49176e0d6dbe86d6d008be
xv/20924.hot	68	cc829ae66281cf37a532f4e1a6b6c895269589607a253f8a98010e82d71262b2
xv/20924.xmv	4293074	9a0fc8ec10392881dad008624ddadaecbf334ae695094858254002fb7f6bfca4
xv/20926.hot	48	8891735bedfc7956a2cbf92f9ffd49f77b037e7add6bc275384ae4d8cdbc689a
xv/20926.xmv	2266489	9f3fed3b83b48142dfc8b361eeeda51d54b52d649f31c79f70193a0f4322d4b7
xv/20928.xmv	534943	31568957a1ff56c6607c4c0aa93e768866081cdd5a1bfbc6c181c35dfddff653
xv/20930.hot	108	937c33ff371af340d1b484e1b17904ae9beee09fea7d02e2c2f33003727aecde
xv/20930.xmv	3245590	c1d32a7af3fe14c3a0f9296c87588b78a0f1c06f9fb7c24323ee9918ba44b0a5
xv/20932.hot	48	871c8c9f90ec73e9e1607d924a8174885184fa116ab0029a9ad6466680563332
xv/20932.xmv	2158118	003238e8c6ff83094fa5259dab4694c8aa060bb8e553b0a6ac23069b8d1627a0
xv/20934.hot	28	67ff7d1b2b8a9251668c6ec31a07616336e6d5d80a4418ead9709cd6c4136851
xv/20934.xmv	1001275	7aaac0ff8349e6d7aafa7087eabcf4bbcc79f680ad127faf27015fd9d5c71412
xv/20936.hot	28	f82e615a83493e94bde44b704d02867e9578b09489ecfce1df0ced9a9978f965
xv/20936.xmv	2671758	5c7b427e5af3597aa01367d4d1225f31a5bbf42ccb47fff4dcd476a3c2eef6bf
xv/20938.hot	168	b789f445c96414fcac79303c289f9380b5565c672ce24f3f96bbb94a078787ca
xv/20938.xmv	4804363	68036b14cf92c8775e01b6c3f49bc9340b24db037e2b6cb81b41932ce22a47b0
xv/20942.xmv	734400	e538a2ba2db57a45a985a7c484aa99a6781bdc11fd074004b29daf9493f7cccf
xv/20944.xmv	556910	1448f44a87fb9bd3b0c9f48bc40d117b142e556e042312640434bdc5c7462c83
xv/20946.xmv	734962	729f22547e1e00df9f48535d3edc9d9ebe6d56bd24c7d06d7f835717b08e559d
xv/20948.xmv	712386	7222a1a3bc6ba5e8e174136b1f49050ec46d79473db82e9aa4af9539bca2a86e
xv/20950.xmv	645227	cf9e899aa54b4e177ebfcbc455bc9dd205f884077b2e6f2c68801b3a1623caa7
xv/20952.xmv	756997	568ced125cba828557df1d9f1a3d65eaadfdf016792a20e331c35d114651d3ce
xv/20954.xmv	534287	a9a0623890f922dc8b656f5721d02e66768865fb15bb4443629ab7c773cb8d55
xv/20956.hot	28	45ce0d1335311e413e326c6a5ce15679bf54e22ff28f926815f327ae40a796b8
xv/20956.xmv	2160178	15545f2a9da1967b7fecfb7622198c8d9b2eb95b598b29e1380e1e79199d9292
xv/20958.hot	28	20837f9959ac5984a7a68efd097e44f4218279b8d7805fbd3297efef5a10e2f0
xv/20958.xmv	4663313	9c2f6d2f05a0864056dd8b304ab2d1123962f9b5c76d94bc14da0bc887004d35
xv/20964.hot	28	be75558eeefa9ae6e849cdc6c45db8e34fdc96139bcf7985c2ef8fdec0ad7ee3
xv/20964.xmv	8159339	9e1fcd23ea9ba5d449dc13a3ab4c73765566c0eddccd2bdb5b55be2c59b6a618
xv/20966.hot	28	ebf101fd4c22c02b70b01b653cd50951819d861439e7305aeee6ca509ab848bd
xv/20966.xmv	3893145	ba85706519619b8d0d4c10a8df67b011872721f7f4c59863fd9303dbdd90ca1d
xv/20968.hot	28	da37ddb3f963d70dd9118ff801dbb2e1d6024bc5baac1fa6064b95ddc51b05d1
xv/20968.xmv	831150	78bebc571a8d6f9c44cfba9fe162bdeac7146fae8a792a5bdd1a66e6a674a3fd
xv/20970.hot	28	cb367536313ee5af0f647f5d4e3f0c03347adbeb10391ab7ced1a40323c90aae
xv/20970.xmv	2348579	8021c76ab6d8b93df47a7167de346c405ebb43cecccea6aa12e3fdfdb5e2d4cf
xv/20972.hot	368	2c6b911a5822badec03f0be601337f7d1cfbaa77ab2746f6b8bf617fe893f12d
xv/20972.xmv	10723591	3b552c27ae02514d4ddfebc607967c523239ea2809191f924f7f0b7490a1c635
xv/20976.xmv	495651	5685b50a39f409f9a5aeb51d4fb8889f8dcbe46eb7590bbc55a29323b1bd47b5
xv/20978.hot	48	f277ff0b16ab07e952589ed911d83dce5c8d305435810af723232d1f213b0629
xv/20978.xmv	1058080	5f04abc7c5906b185aaf66b345d06bc1770d50d391fa1a4a04210ff0f16935e3
xv/20980.xmv	357611	587bfa327a1d46f3f354633ccae306c9fe5658b86e8abfb3c434355630080585
xv/20982.hot	48	0b78bb12ca7ffaf20bc7706852b03f9f73f98d76caff262633dc4a7dfa3a7f60
xv/20982.xmv	1367115	40b37e881be530e44ec1ef27fc4d05b280e0fa4e29811cce2bb82cebb494fd5a
xv/20984.xmv	442510	a6415bdd724c1c2ab319303cb9f2895c6c4880f788a90cb840339741da5750c1
xv/20986.hot	48	7bffc653204ef3471798d35588a471519c008f529261a72508318642f1163051
xv/20986.xmv	3288327	59aa8609d67bb4d512b83d810c8b532b5b04e30893a5aaf7e7628299608b1ab4
xv/20988.xmv	506739	8725a95212d60e2323a9436ff7309d1a281d3c8d0c23ecf0d932c8f8b2d203af
xv/20990.hot	48	dee8a4a363714292c555eb2bb83d35c765fad0dbcc6b79bff8679883f4b29ae1
xv/20990.xmv	847238	e5730b6a573965553ad648cd0d7c4b8e0cbb44309511381b53754ce5907a28c8
xv/20994.hot	48	314335558b4d6c1becbea8c10cc5da8128d0a82e726652fc4619b13f81bf7244
xv/20994.xmv	3385503	702abb1ad78eb96877a194aec01a65a91452f71f909f441ed2c153029af67193
xv/20996.hot	48	8f2b289a4e1d7d791e51ef7f2615f11cdbc20da707a5cf144718858981454510
xv/20996.xmv	1479383	dc4c66e18d600f45930c3682a8a8de4f85714dd093e4c98fb2dfc11df58781da
xv/20998.hot	68	582367259cfac7b1f5f7760773c4e2b8cd03210f35204029f06b1405e391ddbd
xv/20998.xmv	7810185	0e493095160b9060222d406d308dbd42af455405fb57bafbfd315a3173f7dd4a
xv/21002.xmv	142467	f4953c30b4e9770e8cf90eb51ba93af5148eec48437c4ae6c6c4b0d7d3d6455c
xv/21004.xmv	173175	15e9dffda75558d780e840670af13a39c720f258ddb45ddbefbb09b4e97ff352
xv/21006.xmv	271860	54c5fccfd0ba5efab9d36b0bb6603eb04909dd9cce6210e59f249a64e5cafaf7
xv/21008.xmv	193854	c82c5af7d9d9cffbd72265cfb2244aa99a584fb03ff7c34829c1dfa5ab04c925
xv/21010.xmv	310670	5454824cebdd5648d75b667c75b882726c803d54fe814360a1b51350f19be2ea
xv/21012.xmv	258533	c8e9de2fa54a325e6974eccc06554662f95fb509bddbdc8931c82050943988f9
xv/21014.xmv	267890	57d98875dc2088d66514c430eaa9a37a92abe00bc9b8c5d2b8ff048f1a9f3a44
xv/21016.xmv	159572	dda7e8a8d821a8b4db7180eb5dc87552f25d3765d73975d0daa325c11bbb5504
xv/21018.xmv	129858	9222d07ebaa54999e194689559bec509256bca9a6e6d031fc5ef08036e0b13cd
xv/21026.xmv	371943	477c6a8192d53384599875382c81a1b7b9a6ba021f7fb89e87fe6d75e67a63c5
xv/21028.xmv	442070	a90c4e2e4695238df17b6d5f40596508c9b7736a38b533b3b00467b63627c655
xv/21030.xmv	303217	4b56a812fff90373e61fd7a2f8da94a660d2bd58d6aedcad0e2b8960810e1205
xv/21032.xmv	450344	ec49700bb88095d4bdd5a5bf5f3fda8c6af284c7a272b0b9831833b1f31669c8
xv/21034.xmv	267370	573b85c6fe2bc719820edf687eb2c0e58cd0d0ff5694482888cf18091466d4c1
xv/21036.xmv	193870	99a7c6368abdef8ba92e94a5b9e1888a4ffe91fbc28229526c072c2894820019
xv/21040.hot	28	7ee82495754cfd141f2c13cb85b53b8d080031d0ad969125394756c9e1a9f872
xv/21040.xmv	902708	f4c28c6ac33641627d564f241bdc36526f09e425fd10edbcd10ab70351bebcbc
xv/21042.xmv	1612290	4743c9584b47dbbb7185e5cd6d409dcd68330710b1f10ba729684c218ab91626
xv/21044.hot	68	c9b86a66828e4edc845ea77534c47826e89ffcf2ab343b6ffe1da89299f27134
xv/21044.xmv	702825	322c204723b86b341a9949c675fabd443d47acc060a235cfb090de4bcac79fd8
xv/21046.hot	28	deb25c0cc2ba5168bc0484f08b82a17100510c083da9a9f94afff70bca4c7b76
xv/21046.xmv	2202206	2277bfb87c3f4fab8da33684a6a9acc4479fb87cd37cb4c2b02ffafe1a71b93e
xv/21048.hot	48	e36bb066fbfd58123f9ca45a271124e2046f893d189105c61a29923f5ef84a18
xv/21048.xmv	2154964	486aae95066655aca3d5ce562d0dae439daf10cebf61079f076f203611786b8d
xv/21050.hot	48	892f128bf3ff392fa8285d9a430b0e57f1612286eb26f67599a905bd50c23478
xv/21050.xmv	4035208	950b67b27b46f7e83e17107fe935c74de164d6f283f4a734637913425353d3bd
xv/21054.hot	28	78d53a8b61dc0c25a935ec88964803f64fceb5dc8d0ba591b16ad04f6d103333
xv/21054.xmv	1603720	5c73389c6be18b2976ce57b5ac4f7a630e01448558ddb1bdb4268982d794b636
xv/21056.hot	28	2e2085abc9b4e93086ea7e278e373533510155d6942cd761e73573969475328a
xv/21056.xmv	1368245	3404cddbb32ec9730a278e507e57f196d5d686d7a545f02c1cc3492c1043d08e
xv/21058.hot	28	48d8d45bee3199745c76f1e0d96217780e033be1957286c9132eb3cc28d70afd
xv/21058.xmv	1392937	323e43c6be14bc1bcd505d08046b4ee5105f7a88397df760ae5a63a6895c3e62
xv/21060.hot	28	08ae9ea199aefa99d85ad2f74336cfb349a55aece57d6d1647845705abdc4c58
xv/21060.xmv	1860756	46c42a85643f417f6089124ebd0955ee97ba479ef3269cd6ea6e7758937a80c5
xv/21062.hot	28	a5be939c009a08539ead85cc0e1b2b42c4ef494a0ad42174fb1e1608f548fecd
xv/21062.xmv	3395825	98cb3e82840e4518d4634e00790089f63a1f2c17767b716e8bcc9ccfcd0e32d8
xv/21064.hot	28	3e92d4e1b3976bd139b141ab1539c2a8f89385f65db01df5961b0913dab1cc5b
xv/21064.xmv	1510308	278b220b590d57cc7045a2efb6d264b36a673f5e583e3e3a087d2f707e856204
xv/21066.xmv	916103	3b3a28c71744fe5d5a2237a86e0912e5456b8115c98a937d1a932ec4501d21bf
xv/21068.hot	88	c8994abdd4164745af89fbe1ac5b4bca77e02f590084837d8b3afe663b96f9c2
xv/21068.xmv	3924435	8d4bdeafe5358a966159484999791e05d26b3fd75fc15030cd967c63f22c12e9
xv/21070.hot	28	d4cffbfb78b8c29cafecbc73642b11ae52240e2d52279009da11674fb0023a84
xv/21070.xmv	1203198	cd998a1c08b47949631497be4004419f142d30ae5a0d7b8cda3cce15f0b97842
xv/21072.hot	68	515ffc9b90a8f4b74ffaa5283d7cbdd7c0b40885c3ce0616700f89fca7491024
xv/21072.xmv	4420036	e7f7c460c435ef36f87316505c078cc7706b89ff94257a199c639e55606386cd
xv/21074.hot	28	c8e98645b39da48dc78b25fff93ea243dd3ca3359f813fd84439ed9baa27bfa1
xv/21074.xmv	1473307	38613b454ca8694728c662cc3afe4e6fccdfc1c1ed999234d46270a95de8bec5
xv/21076.hot	68	ec8b4aee174cecfe92f638b1797dd61cbc60290acbc39016b8a19f3930bd4ef8
xv/21076.xmv	5833133	f052a7a678022c09fd7203fdf762e32a184173efe6633921601b7dfbba631d7f
xv/21078.hot	108	0d9384244f18afb9199a758efb47702f965df8a9d64a7b20b0ea13dbd3d802b2
xv/21078.xmv	3948567	ed777ff3a543be470e9d8b9f91a5e45746fb84b7f964761a72e52a5ed15d0cab
xv/21080.xmv	814774	a014c908e2248dc36dc95c832768eee37a964ac674971a51f653c779ec8a44c2
xv/21082.hot	88	784f85ef6ee8a6043df911a459925bf091650a1b5f34c90d634944b29a178d7c
xv/21082.xmv	7606090	6d5ae77408659a44b6c058e715339fa97086d8cb449440ecfaf82717bbc1f61d
xv/21084.hot	88	f3d6d6e388dc25a24c6310b9e7b0f2e5e2d0706104bb26156d11940cae5ab487
xv/21084.xmv	5138595	d8e877a4bb0eddeca38603ad5c23853c27786544ab3dbf2c20523b1ac062d998
xv/21086.hot	88	6903283e80e94f953a6501c14ee1c653bd6f33c03c436f66926d0c5360fd4d74
xv/21086.xmv	6470814	724644696abfb010f6d4267ea2ee1f789ca0aaf6c19bce388cd42de8a924a2fe
xv/21088.hot	268	244746ea560a4c540997f1693e700a94b5530c61b0ea50036b8d36f61cca19c3
xv/21088.xmv	6699697	24aee01df33538bb127b50dd2a23cda05489ed4bfc002e9ef2af94c518f9e2e6
xv/21094.hot	28	19d460fec63164c9ffbb328b99f7db929621e9fe98093de60340eaf6c104c3ee
xv/21094.xmv	2461046	f5d51c668ec7f268979f341aca8381bca4604bb2a28dea3c5d64eff78d53010e
xv/21096.hot	88	c4557b4e30d788a5d0d50756e085d6dd70b8db6240d9eb36095cac36f69bf7af
xv/21096.xmv	1108845	0e616da12e973151d429715e55dafbf23a847978ff04cf983920913adcf6e8b3
xv/21098.hot	48	7e0758cc3600b875fafb6c4c8d52e70bbb18ddb66c25e3846cc93d9609718ce5
xv/21098.xmv	1243997	62f45c074f0eec6b71d64ffbfab17f2d542a5a58a92e9a5ff8fe53b44330b661
xv/21100.hot	28	38eb9fca45e62fa8ed511496aca490a20d1b23b4ea1ebd37666f4ddd27add590
xv/21100.xmv	1089622	c9a77d18200ae7573a8ce2c1a6c894c0b9d203d3f3f6fd6055adf64937f7ae6b
xv/21104.hot	28	8ae8b338e3059f41cace7694bd9d8aa6d7f28327a414d09a45e025a609df5565
xv/21104.xmv	2324957	09f0722147a3c2a45f9782e4e330fa4688c042f38d89179c1f194bf30cfafd4f
xv/21106.hot	48	0050ef90458f51619d9854aab8608b5eed5d3b2c6f7dd42abccf8a7a1ecc70b5
xv/21106.xmv	1594433	156df01aad9e20ea23ccef6003c70ed9568436b9fd93ea6a121081b3a02b2559
xv/21110.hot	28	7faa3da3007121699750450410d4ae90332e1967090d88bdc9dbf120ae4822da
xv/21110.xmv	690372	993dddcf647e621613b020bdd15270d1b8b21915bd67a4c86ae3b2ed470191d5
xv/21112.xmv	583792	af61cc64346da07984526e50e25833767153fa8f92257d1ea4bc91a2e45435de
xv/21116.xmv	23305148	82e95e3184faa6cd982e26b923cbcd2628d6789c01137753838832b907df650d
xv/21118.xmv	25266505	9ac0d472d6c79f0d66ba3d167de4ee79d0f1db7a62f52db5dcefc3cbf9742463
xv/21120.xmv	7421090	9521ced1f6c5994a85f0e0e782a7b93449b1d0944850542e2a492eb6fc40c124
xv/21124.hot	168	4a171ee09bf800dd941d01bf3cd297362f64a8950328d7c20b8a2e967349385a
xv/21124.xmv	6117050	210d3baebd4a9f9eae206335906e7a3e7855074592c4d843e17114563bb05124
xv/21128.hot	28	4597b4344b7e27a26b4e95e4233fded0d2f77f97053db64a541bdd39810af00b
xv/21128.xmv	2629078	a64266c9eab1d249998778ad19cfbe37b728360c3fcfa74de0b443e9eccbc100
xv/21130.hot	28	07980c26c2abb3e65a36654f1b9eae05503d8e0e83a9e6e9c8766b8a1fc637dc
xv/21130.xmv	942294	b2562383e2051021c15a594fada6c83f430f4b0399532a3622d2100408396dc8
xv/21132.xmv	332332	1d36614cc30c65046d78739fcfe7e17530c203c99e6955158585b740fbb4183a
xv/21134.xmv	317686	5b72293e6cdb6c0d907f2a98b7de48e8b68c570b68493f4305a45eed226c9b68
xv/21136.xmv	268993	8ee0d3ab6854533828f8d290b774c4876070a4099bd0d36e599fd2b3421e5845
xv/21138.xmv	459856	17f3e73ef027d0b86c921fd55d049a4c84bc7bc0d578b5161606089712fa4afc
xv/21140.xmv	363692	6350eaeb4244dc7d14981cc0c6d1c01a51ba65c5f1156b831c2f995654e46333
xv/21142.xmv	331656	48d211dbdcab8d5a98be05d63a1f09c5977a091c9cd859156a8bf2b87aabb119
xv/21146.xmv	311621	a22e562ae7509d8d6809a5800bfa1a75b79765216b939e40ce0826f9dd474485
xv/21148.xmv	270653	a97a69e95eb8d1d8c8b49103fe1a34d400ee520536db896573f79825005ab013
xv/21150.hot	28	9c093a3522c2b1d5cdef4a3cef66c214c49079bff8b53c08403327651a6eb491
xv/21150.xmv	1464364	92b7daf78371ef4498c69247177695cb126d4649836844005b1169bee7d9f37c
xv/21152.hot	28	fc085706f013acda7749c2389e41dedf034dd83d431cace844077f1e097ffcb6
xv/21152.xmv	1295134	2b6b586ea5c40be4e557dc993ab4a45a452416b65bb26cabf9eaeefe7408b2f3
xv/21154.hot	28	c9be8b51f94a316cfb1fd323b4ba1e4a3ea9581761c3d87c77499f6256da125e
xv/21154.xmv	1885068	a22fbed96ba051a9969f1d62a90b7d875fbf49dfcf746a4098b4385b4f373649
xv/21156.hot	28	dd53612845ba494643a347350c189a71fb270f828f742e4ae73ae7f200386573
xv/21156.xmv	788618	a2e6a38bbb42ea177cfa1dcd4f809d5a799501fe27076e40c2703c1ea71aeb54
xv/21158.hot	408	7e2aaaabcae044a1c7d64a1b7a4ed779789b789368de7fd12cd8c447da5ddc61
xv/21158.xmv	13322925	172affd6e1cece98c8c3c80531554331bde6fa4cebf71dd736475a221e4e6d65
xv/21160.xmv	2711381	2d64ead57c6b5d28741b260f7c04c439758425801bae8dad0efcf884c5ff396e
xv/21166.xmv	1097297	ca1f70b7146c8d492cad2892146e18d440e5325e90e16f8e47601510ae544354
xv/21168.xmv	857181	c8251fea06ecf04dc1bfe4b3b0dda9ca2c6767ab0b1041b38e8a1e7e0451cf88
xv/21170.hot	408	728bcd53a39d1f36fa0c7aa8665527168da646c9eb1ae9438075fbe654c8fb6a
xv/21170.xmv	13635211	50e65b69d4aefd37638820417bf2110940e9c80dcb4804794b29b77480074ea6
xv/21172.xmv	353253	96d5e28c54bda23c61f6398e1e1d205de1e51035d8493f33fe7272a68e0ceea0
xv/21178.hot	48	875dc813ab6dafe2416870ef98732aef211b8309a79ad909eaf6abf2cffa8b98
xv/21178.xmv	3375137	62ab59f5d1d43d924c326fbc5e049adbdcf76cbb7078601969a61c961cd87462
xv/21180.hot	48	030a1901c72017b526e46da0a5bdbe264bfcfe6840f1d1acd92dc077be9fc10a
xv/21180.xmv	4221792	89ca90a26bc5ea974d7e024e0a41884047ce27ede977805a11d5d426dcf3a6c6
xv/21182.hot	48	b03d540a78e73828f36aa905abec085a96801d4ce72f8c5c0f6875d34da92c1f
xv/21182.xmv	4297282	43106ac39fb12854385ce83b9f216f195bbc943d091b99b92bb32021841e4c2e
xv/21184.xmv	585054	a8a8fbbbde6ef2fb43fd9a9813e1705c3a0f9cb1b1f45c99ed8d127e0838a8b9
xv/21186.hot	48	56b8717f31e8a6eaa909239f0c2ca8a2c628cd4293204c01d9b7e0e080d47250
xv/21186.xmv	7195431	af05948e44505560c568c4cdeaafed22c4d2d59f17a914a5cc1d0cabe435ab11
xv/21188.hot	48	548081dcfd71254b5aa8b6ed2dbbc9bb4277f47490fa373cb1ada21920560395
xv/21188.xmv	3127725	77b7bcda733d8c9649bb8271cf52dc318c5d20e225806e45cd0263aced00f0ff
xv/21190.hot	108	cc6013af202431a344137d112bb0a1fa3a459b2fda7e8f8c07767307959ed8bb
xv/21190.xmv	1417880	e619ce68f09a4611dc92cff5d61141e10dd1de04751c1ab72af09e3164601df0
xv/21192.hot	28	17130bc3af70ce971632669b5f5398b8da694b2a7796de098419f7f8f71d0191
xv/21192.xmv	2862009	6d3b4a8556187687e83b9cef7f2c0ff74f347346188f138a03e17316bb1e8683
xv/21194.hot	48	68302f585724e807640a10c6873af0e5ee5a7f82de6e4499689b694050d9367b
xv/21194.xmv	4057689	5f49e1665743321d68704e6a0820bc2181cbdab69b6bb037ed1e4c60e78a7b0d
xv/21200.hot	248	ede3038b90429f8ea178ca7d56c080f2e18280f4ebf8f4ee7aa3c04fbe6c803f
xv/21200.xmv	4907298	f3fc09ba9d50f39b8504aee2c5102bc78ecb98c21d46c7742e86b3716a44698a
xv/21202.xmv	291540	f9d86047f494116896632e891ca54d5a0d78e0635475316d0c43631336d7f38c
xv/21204.xmv	402845	650c80de2019734f8727d837ce8c8d87ab049559f298ba94b775b38a962ac57e
xv/21206.xmv	304408	488e621e97dd945380af6553f5c3194f6530aa81c4dd331ff54a1da7e9146120
xv/21208.xmv	558047	5a24595a9ed162f03b2a81aab506764482d654eaee5e473009c4d8058381f146
xv/21210.xmv	539275	faf3dc64fc1ae3c36b5b869968d5a743fafb8ecfb9724e92f2b7a56189cc90be
xv/21216.xmv	405833	6a307fde48e0c6fe8f5476b5caf2f450226641d0e7e626a931ab2949d08f2b9d
xv/21218.xmv	307179	d9e3dcd6369f78c5039efc6578201a7e3e1f5f63bf14557938306e8e83c99246
xv/21222.xmv	309321	ff5ad0de09304dd39b247397e6424e27f3b2b6d03ae15905cbf867d3432bbd10
xv/21224.xmv	561318	a760fa8bdaeafb2986aa0829a05b7f285024ef8d5aaa2d9d35aa0980ae994f3d
xv/21226.xmv	448117	0aa3a1dc50fd675ac18a9461a507b2ba712a7c5655537671fb8aa82bf8327030
xv/21230.xmv	627266	a5c4384569941da6db0f3d917a1696987fad1967d05ec9e5f6f0a4e302ee8b78
xv/21232.xmv	675983	9c85098d699a81af635d3ebc6619115653defb8c52a47c74eda3954b56c7449d
xv/21234.xmv	710536	a09488def0b9e4ce3ce7b441ad17d99682b2be3aa6ed8caa7dc46068880f0303
xv/21236.hot	28	14ac00cce7538de2dfda53f817741a52dcb933f4866255ed57db0f3a096bd346
xv/21236.xmv	4588151	d1dfc83056cb1e66fcae2bc484a3fdf3c9c393d75d6a5fe56051870a39b2eaa1
xv/21238.xmv	838373	6535e871bc2ad86d9cf4e4ad1bebcfecd3af39364788310af735a879532c2dde
xv/21242.xmv	1940460	a4e306976e563dad616742928d84b8f73bedae50aaff0ceecfc649cffe13599c
xv/21244.xmv	847628	b107cc0a4cc86f160a67544161e89ba44581117721220f1dae8f42fd0578934b
xv/21246.hot	128	805d93c60c5877c286d09815108bec6c48af900ddd08c54be6c7296884802a34
xv/21246.xmv	1602123	ada9f5c4bd0317f8d370c4a461545ab7bef160e7de7b7cda62001b5873549b86
xv/21248.hot	128	4777266b184c27ab326f17bbbb9eceeee568a22c034a528b5178ef914ad28594
xv/21248.xmv	2710743	0cc77861377b62ece45d3e01de375f857c2f198e3cebb33e4700dc09baf1b25e
xv/21250.hot	48	57a1cd8e22f2641f606baa33bb3f09c08c6b00e59475e7c1a55a40a7e7078b29
xv/21250.xmv	2761543	14050b6581b77b24bb6abd0e01028c3d81898bbbfef8d0f6a545587527a68597
xv/21252.hot	128	68b1a2ddf43a3f6ac9c2aaf34c72a1be5fc37f34cb8a21c177097bfb8ca8b1e0
xv/21252.xmv	2051800	4813c8fbac8fe866514006b3751a553bdbb16e548e3051149d644702706750ba
xv/21268.xmv	837741	aebd1f9c6e02d953c9d6c0704b8595ffffbb198abedc2d901c152af0cc8d6771
xv/21298.xmv	1833893	ac11e1cb2b44f802575cdba0c43fa9e01661c8fcdd31d680f09fdad341c1e0c6
xv/21300.xmv	2981576	2ab19d779bdbfd6b3d25c2dd6e6549505feb1d8958393fada583e175c332e4ed
xv/21302.hot	28	0efced70c9f5fc4a5b1b8c63007d5b30dd9c438fdcee60680bde24902f8b860d
xv/21302.xmv	6240897	9000d797bd5291203d28bf477a6a6028c65b9cb95ac29ebdd1841b5471250699
xv/21304.hot	48	d8127c00451ba16284fbd6bfb4a497fe50c948cdf304c1aed7955df734223a76
xv/21304.xmv	6853171	288aa5de767a9ae784aa646360901e3f2a6df65bca55703599badebab6b90103
xv/21306.hot	88	941220c8fc9f8c81cf9115e193a9b850e7938fa0d93ff7a796fe3f32a5e9953e
xv/21306.xmv	4002466	5533fbcd800a99dfdc52df3bd74519dbc0a07530de5585bdfcb367ad86ae0522
xv/21308.hot	48	7e3cf1c9832abcd932b827ea9518c4b72d1f2721b634ced7f0981961ed9eb7cf
xv/21308.xmv	1856370	30b8d9563909456b62dc9853a9eef9abda7a8fe80ac83b997545cf8885c2d765
xv/21310.hot	348	529cd3454888e267e5bac239ac6f6715e3e23f062cd5682f925cbb36688287f0
xv/21310.xmv	18281698	f51ff333e06e80b00dfb8104ccc4695f43db58b9ba70f6d08b26d849caca7e1c
xv/21312.hot	128	980cb45a9e5ab4cb92bd48ab61892c703b60767dffb3764e52de269d9601b9d1
xv/21312.xmv	5256652	609239d7d9d33138848ce74ef1e1617aa93e91278e443b5d35cc9948cabba700
xv/21314.hot	108	52261b2d95c78b255fff0a7680eae216967d09cb98b20bb0f59e8d73102fddc4
xv/21314.xmv	4154129	42b538119d32a5affd77cd80cc9dbea50febef177ef86ce509eb3d69c158ff0e
xv/21316.hot	168	34eed077493e40e508b90be7fb0c9ee2ced738f9aef9443d5bba7b8dc3e9e574
xv/21316.xmv	1681989	af033d7e23dc74ac17e0ec4991c6ac91eb70be542815365dc3109711db2006e6
xv/21318.hot	168	019550c701a3226d7126c8dc3a05bfd8f6c2983c05c161bf14320af63ffce4a0
xv/21318.xmv	4306110	7b688fedc992acd06d53ba620b4ea7ebd067e28d1ecd3dd78019bc388a108a30
xv/21324.hot	348	76436535fdf3489ef66de4ae1c50127a5f21d08be4e382f90c48b7493331b1b5
xv/21324.xmv	7706099	87d68523487010cdcee40ba2408effdf5af5e0ee76f67f0c0a898c422cff1353
xv/21330.xmv	6497882	f9c09c14368fec2e393b4c0b7aa75964f5a683cfb39d1a19255d6a58c824bcba
xv/21332.hot	28	f5ff43b183efb44785c872941e11d76821aca0aee4589da8166dd815daa97825
xv/21332.xmv	2924739	401ceb567cd2b75a98592d7eb5abae0540968d712a9b26ca501599a6ddd79b69
xv/21334.hot	48	e42ef1a7b2252739da2fa189edcb2919299a5bf0489ca2385e783e3b38e2cbe8
xv/21334.xmv	947034	98d609dd0091a3fdecb8c2531b427fd7da2ba5c23dabf8b92963453ba5914d1d
xv/21336.hot	28	fbf7545c2405818ca264eb64bb5534141b631cd53ba2a77a33bb8cde3705332a
xv/21336.xmv	1190594	8c5a20fefc17e346d31332b31a10ba6afa0b69e5fb632efd7ea153298cef5add
xv/21338.hot	48	8a32534f39cc9ea713589acc88b3a130eab381b0f235ac6495ae7e213486ea39
xv/21338.xmv	658896	7a3b487c38fde5a6189f892ac190c9b90625c3b9e10c8266fc40e4339eb314de
xv/21340.hot	28	ae146978eb89963d6f29f9ea88c8045405c45ef88a215756fb9dd13e1f0438ec
xv/21340.xmv	6179613	141609f9e1904f50230a0d470a88f37675e20900a0806ae52d0fd6cdc383cd70
xv/21342.hot	48	fa519c12ce9b21ef2725661896d5d113df6484e51f30851e9a7f0a6f1c0071c7
xv/21342.xmv	884507	f8484d2ce0cc2802a6ca26e642a3ac81e7d55de2776f9ac1ba7c9b8192aaf959
xv/21344.hot	28	6c5dbc5f418dfab32a99c65f797813141dfdad5121709daede591beb72ee3a4c
xv/21344.xmv	1906606	f9cac4f86cd09fd9c00c6e2a06b5a0979584ebce94e8423d42687d94c7a8575b
xv/21346.hot	48	a9c673845704d148423dc9891245087332941380def992bebb57d67745209f4b
xv/21346.xmv	802141	19587fc339f7cc4c6b349b18274f04af7618f7096ad87772b60ab4c1bf1d506e
xv/21348.hot	88	fb6f296914f5c56e024b3c4c85e04bb0d1d2bdf143899ee8beb187594af97471
xv/21348.xmv	6576821	45c502084b2970728102e8574e239ed151def5c8041b0a834cff9925aca7cced
xv/21352.hot	48	898664a28854a50c47b482b4232d74d8b142f6632eae15d7b3d99b6742200c65
xv/21352.xmv	740784	9eddc0fcd4e310fa632a90e13e8fe2cc027a3ce78f079d0be2c3472b97d20df4
xv/21354.hot	88	7d1d625f1e3c35e26dd6c0307531e83ecfd754a5b41852fbdcc56ec64c440fa3
xv/21354.xmv	5245875	f9e6da4df40eb58c50add99cae5b36fa08ca82d504976eb5b13a136df63003e9
xv/21356.hot	88	42f7ea2924b74314e70a624db43796f22d5368ad8b97137efcf2616afae3ad2c
xv/21356.xmv	7675852	ae1a72509bd00a69c650613a7eb82fd3bbb58d4b5d13b7f3222d281e2229c0e8
xv/21358.xmv	618331	9dacb1a3b85244501f39c5500b7b50d146d4af6ffd5b18f3d95bee5e58819ff5
xv/21360.hot	28	9a5c797bf145726cd8921db8a6a8145677abd725d0b2d52ed9bafb53cb11e844
xv/21360.xmv	2030480	6fab89c01082a6b78132b6e35add09c19511176a88c653e4eaa0acec49a01d13
xv/21362.hot	48	ea562d72a91a5848f396ac7644fd72c9de1b87e44bcdb9070d12cd6c21138143
xv/21362.xmv	1130612	60040cda21ba88b3b04a8a6da36b8bff74b01d60f5b6184bfa553ab9148910cb
xv/21364.hot	28	df6834b94cd672bb5596e13350b046c79e0a808f3ce3f174297cee4cfa606ffe
xv/21364.xmv	1924097	75ba506e1cc1825572dfc27e9bd5044b29218d7892834f3285abb1f67fe08d4a
xv/21366.xmv	597194	0d164e7ab83879c6413344e6668922f9293c59630b049f16ff9bd31259429ff2
xv/21368.hot	28	cf13207b36db33481d646e2a1e1d8bfa6dfeb89f136fb33ff3c456de1ca76a8c
xv/21368.xmv	904172	ad3b0be4a7215aa68fe3ec714343200e01b29164133077bf70a522b60bae47cc
xv/21370.hot	188	9823f9af6f3e87c8b90a8b8db5cf1647d188dd40da7a480f940e9b9849dadda1
xv/21370.xmv	9406429	28b1fa2a328817e426407b8d993a34979dc6860ef05c88d93b338555791d2126
xv/21372.xmv	986527	e5c32c63eebb1269a98dd851fb336a25f2e86c36620ff30d5fc17a8688c111a2
xv/21374.xmv	965831	f2dd8204c8b3038d01f1621bbe2d9a28b1c4de19341dbf96a6744ae0f94d642f
xv/21376.xmv	926139	0de66236be14372b84e5b1dbe33cf13ed1c1d7b56b2cd84d64d00e17e872b601
xv/21378.xmv	782027	b4a8079aeb9e10f1e6ea309550416dd5742eb53d568319754eabd10ae0f9d401
xv/21380.xmv	556893	1b8372a8ed41c24497174cb78e8d1af3e352548c317639c42174d63c46f97c37
xv/21382.hot	48	defd89a85bc714931c3a5a1d4d6a28f248c581159ab05ea2a5ce95946bfc1957
xv/21382.xmv	1812081	e182af36f7f23b94fdf9d0bc65386a2bf1e6a2e5c06dd24084272e3cfdbe8281
xv/21384.hot	68	3d0f2090f3d3b7002b67707b9888e782c5840e0e937879f373a52a1c02612c91
xv/21384.xmv	764610	421d8b086ca9782dc313394c6580b42dac9c19e1f7cd84d55ecb82d4a530fb5e
xv/21388.hot	28	c07271350baebb474e46d1767bfec1338d61bc5690643d802bead3e2a2f4d206
xv/21388.xmv	2257587	d2af9a97505b3f35dbddb0deb4f810552d6b72f4b4142991a9549d9f9c41cc92
xv/21390.hot	68	dff1acd30358a2f9ef4863f137ebe8d595030e60a8ecb2042a78fda0e3f4c049
xv/21390.xmv	785007	7009485cf1e127c8799dae70cb0d153101d51e15335b51a6ef4ed659d483d6ba
xv/21392.hot	28	7b1b7799362101e8b8f8937ce12b50255e2ccb8d323ef375e40fa87d29e28fe1
xv/21392.xmv	2690636	ecce8330df89d90ca201a140b70b5d78f927d39fae2da221fde6ed2bc122b021
xv/21396.xmv	229429	f2fd07d7d1100013669738fc61ff6a8c709687f87cd1d351df4cad49f56a136b
xv/21398.xmv	475838	b7abb25d8e5a8b20b6cd83440b804e2a8a1c6eda36b2debe13a47cc9015870d2
xv/21400.xmv	291035	ec312da72caf3c5e60ccf47a80f82579e390858033043d11cc5f3b97118f75a7
xv/21402.hot	48	0feab933e7b540ae733ae9e7c8b53cd4312e531305941af6aa3840a1c25eae69
xv/21402.xmv	925764	f3a2fac24771e638f651518fe77659156bc17c7bacf046091784ecc11eb0c6b7
xv/21404.xmv	208897	90bc3cb3cb0ea3e0ad06649bde268e0ad1c5301768a983a514d3534129851a0e
xv/21406.hot	48	ebd1084914a40720db0acf5933017d3382354e4fad5b74e3b831320dab88ba06
xv/21406.xmv	761964	e039c5145b36cc896a013c090793fad3d722de7cc63e97ebd5b7bcbc23e72b71
xv/21408.hot	188	5dd9211c615e0caf363b525df5fc10270b577a1706ce03945af5584735b6af01
xv/21408.xmv	5013891	749ad8d093a27769be956b8e6a3e77084fca85eb69a1190d5c2e417b66ea1543
xv/21410.xmv	270431	456d77fcfdb7d9253c414557e444381c77e765a31f502c9ab4dd3fa81f1f085f
xv/21412.xmv	229513	04d48ad6f8b510d9831b9afe34fa8d9d9a939443945b5a23e238d7051bc0595a
xv/21414.xmv	250092	dd5db021c350982beacfdda01b26cfbb8ec57b80396fe793f2903b8156d22175
xv/21416.hot	128	26479bb66906f785675ad3d9a13c587a988307dd4e6979865d6db39c24c5523e
xv/21416.xmv	2531085	928cc7ad31a4ba4738cc0d6ec8c8f10de26ab02f316d82cd503e9cc58f7b7202
xv/21418.hot	68	ca55225eeb32c6c6e8ade71d346bf02acaedfd889d7ff75f47a612df83d9a057
xv/21418.xmv	1194493	0cb6b6b15f84c229cb815c8381079140cf0e0a4073c925884743cdfbb6172496
xv/21420.xmv	270169	59e06e45d798f183e27e798627230dc83e0193c609e92a1bf636c5f4b679a474
xv/21422.xmv	331752	2a36295662eb5221b2e678793498c941faa3ea157ece388d3b789dd99b735f82
xv/21424.xmv	393065	efa40e2093dd198b9fdddd3e730acbe909d6acd9a4cb8b15ada4a715b22a785b
xv/21426.xmv	454470	2a551ce42006c1726cadb92ca354b3a2491004419793fdccc39e9f6dfd082982
xv/21440.hot	68	709c3d4ac29f7a8534f83bd9b22b928ff4fa2f333ac06bef4377355d3b86ec05
xv/21440.xmv	1341873	e5e3d933b25b5459a72170b17c97b33145f3b5a4c144b5e40776bfe517dd749f
xv/21442.xmv	431693	5dd6de8789e2a2b4adccfad25098acde59e1fc50d483acd3538eb8bbad0327f9
xv/21444.hot	28	786c117b45d85a5393a5588053d02c062d9d94d4b7997d10ec970fd50c806f59
xv/21444.xmv	1060377	fdff36b3c5b30028cfe65fffe257b794658e7cf3d045b9d9eef17466c4265f9a
xv/21446.xmv	453303	6c0ecdf820302dd03b9d377449c186be518b9f0707d6e8b5e95f76d6e5459912
xv/21450.hot	88	8a35a14bbdd1f60747ee3cee1f5a1856e52db4ece3e857cf7d6f0fceae8db2d3
xv/21450.xmv	1622459	938d3f86e3b4d72bccf5a60a80669eb0076005f746d46cd9d96fa5605ec82802
xv/21452.xmv	615924	ee3719abb7df9eb765a1e3bbca4bb6fdb6a3c66385b71c64e16771d4d2cc989f
xv/21454.xmv	580713	fd39571d725556704f8e650bb439e8efdf7f49dfa9bb36790b8d29f7fc8012d9
xv/21456.xmv	339438	54904cb9c9347710b9a08ccb801ecc3bfdff7d5c1091a4d53c75a59d17b4f785
xv/21458.xmv	462114	c5dfd85e06540923940d146861db2ce669edd36d644e79aa94d334bde26ae0a8
xv/21460.hot	48	7d3d8175e072edfb65fd1a9cd28e8b11015952ed27c5808566b5d978febf47f0
xv/21460.xmv	1090844	a6d0ffa6c8212fedb7aa54890469ce086d408cc5e7195cf82c38f317a5f16db0
xv/21462.hot	48	f5dff28f1031f201eae1ec1d5fabe1dafe8da597e754f534b92067840b33d35c
xv/21462.xmv	1136147	4f42b8fd70bc2c92ada6b2f63524d54eeed989c95351a0222b78bef5513c3204
xv/21464.hot	48	b2853a9e38036dec2dcc004310db5e7c05d476c7b2d4554eb24a5288c0d1706c
xv/21464.xmv	1052048	8d40c479746c305bf2b41db3f1bd255ae0de60a0c5b5f6718efcd2a00a714971
xv/21466.hot	48	93452cfde4ef354826100765c16c037d79d429e1e2be0431f6751d10d2a31c18
xv/21466.xmv	1537754	60ab15d0cfc8247abcf4c8c21c7e9a69edbb8ee6eb2582ddd377f2aac5c4b045
xv/21468.xmv	430714	68e94f3dc477d6d9ac985ab6af9547fda9c307505fe8740f7d7c35dcf59e32bc
xv/21470.hot	108	f0b34cb3916a12ee402aed43af187e4c7765e538469d94fa278dd3c8c0e7139e
xv/21470.xmv	2029988	7abea80da1940ac59fe3751b5d7b7ba9cb84bd88d975f14203eb0375fe3f65f6
xv/21472.hot	48	4f74c4955246e707b5ed2664faa66fc846f5d988b6f483ce718aa74f776e538b
xv/21472.xmv	1104419	ab524edf1f1ed485b9b0d2b4da192b455a68ed9b7acfd7dec91ad102cc98b277
xv/21474.hot	48	4cda7e43206f259733449e0aef1f5ad2e1cede7a5d7c1af950ebabacc0321d87
xv/21474.xmv	1609749	f2a11a764ab4600a888c13a2e266cf1111a7acd5c7d11807787d0e1cdaf702ab
xv/21476.xmv	384009	21777083b97747d3a15992794c465e3f81dcde547d01a9760aff9807520a1e7d
xv/21480.hot	608	8d5202be486082cd6de8019327c91432ba9f142b77916b0c557de3974cc52f49
xv/21480.xmv	15148461	c2a30d2adab6337046a71e7bdf8ea79d8a3430e1b9d3cbbcb966a1f3ac6e1d16
xv/21482.hot	28	882e6ab6dc2ee64e88cbe98111c7ef17ae886eb0bd140c2057a3e91e0b8b3ad4
xv/21482.xmv	756275	c6d49557c8eb3fa0812600720bdea60fcea54ddc57425af2ce2a839cda8907cc
xv/21484.hot	88	b532aca30b00c3181d66976cdef75347b8393b096c64e67bf8553cb519e944a4
xv/21484.xmv	3603584	8fc3b225cbb9f82c99edc60a95769c52272ab877b4d2025cd6e98734e5e808e6
xv/21486.hot	48	0a5e1b29a11090c7f4e2560d32d453fe33b973a07dfea5050e972242788556f4
xv/21486.xmv	1851282	1c0cbe612eea39a24a8e70fcd9b70acc3787c425a7bb776eed119e4683291901
xv/21488.xmv	337858	9adc1dfe981b34b39679a4078960adaf9f0b71743d1593ad00078910696eb346
xv/21492.xmv	678890	cafd458fb2d9e1432e662e13848ee9d51d8e42829cc46570befc67e13f0600c4
xv/21494.xmv	272841	5d3963cf7064b317418e9b4d6d2e21e037fc9573ddb7a9de3cfe7b427cdce290
xv/21496.xmv	562125	5af0b9c9f02dad30f7260953673a219f084b5e1a54015354243df2101821078a
xv/21498.xmv	314500	9f784b262c78b6f2772c830e80e73b487a5c600a8d3a3f986ca9b5b458e672cd
xv/21500.xmv	419097	7278c43b90f4bbdad132c6516790ea285d37581b5d12060a7ba1cfbb40ddbb4b
xv/21502.xmv	361444	6bf799fb99dd640a1e391f96b360771fbcef600a5be28a0ab044a7a38fd904d9
xv/21504.xmv	342465	2d3bb5487e8778f881a04fee773f9e61aeb2e0c61533b01f8753dfed0bea3ccb
xv/21510.hot	28	682c976272667608e1c8a1deae07ad4d65436dba2c7d514a95a7c43d4de5c8ad
xv/21510.xmv	2038308	00e4b181424ec2a3f73d19135990bc6dc469131c03a1344460af16ceb4f46a22
xv/21512.hot	88	44826960c8bacd112740f3163184d33db1f336c55385bdf0c232781486fbdfcc
xv/21512.xmv	1819478	789af4cfd2d5d0ff09eef85e63e1628789ad95985cc0cc228df13017ad3aec91
xv/21514.hot	48	92daad79077383a61badb174867034b0373425a1162bf308f85cafb24cfd5aff
xv/21514.xmv	1133545	12405f75948e97f998b99e7b2a6a639eb5d5276c82e737cdc5b0baaad120d68b
xv/21516.hot	128	6a175111416736656985b398110d63f90fa0cd941cbebb726587ce1208a2e47d
xv/21516.xmv	3251014	6c68cf58b6e7f1cafb86176d06fd475ecc0dc0477d1f1795ada780095465713b
xv/21518.hot	48	b94f806f41d4d2fe3c8c1b2fa66ac93cc81fb6d5d5f3152b68dc30f4b114d53b
xv/21518.xmv	1894359	3c461a0d374d49178d6ecd3d8c7ad562c96c687282af7384d37d4d0a3dc2d6c2
xv/21520.hot	48	ccd9e984971723ecf84df7ed2167c31f64ef3684674aa68397e7db878d54d909
xv/21520.xmv	2659574	8161a843bab752dcccde435d1a177300bb9fdbb7955e4cee9707fbdab2dbd187
xv/21522.xmv	346186	7e9756a0e5e6dbc0e32c3746e716cedc6cfdb753f3f9f57a563c1b8639c16e3f
xv/21524.xmv	416943	eb138f7286dafaa9825df37973c2d81169e55b552120c7597e384552b06f8442
xv/21526.hot	28	7d5d455f660502b328ff20fa45de5d98f42c1035f2b914e277adcce69e0ed230
xv/21526.xmv	1909597	f2901477133412bc37fa88779ba3d05ca123ed20dbbeefa458578c24bb1f532e
xv/21528.hot	28	021c653fce4f20fabe1ecad5bad40f7fd6d913ac3d077c346d43627b7caace06
xv/21528.xmv	4157129	d189fd779805876b701a0f4959e1aede8b994ba3e94911a4bba2ad7dd7a75c73
xv/21530.hot	48	51db9127e7bf2842b1473812114a46a53c9b9d1ad1770d24ff46c82b45c423cb
xv/21530.xmv	2064999	993d8e07bb038629695776c0b5626dfc92835ba8f2a48a65e808e615aed7912b
xv/21532.hot	48	77b2334f8ffe5e1cf27659c13415b8ad0816af5382ec90f8a3dc161e0b0cada7
xv/21532.xmv	1741922	6cd4732df703d072a73504c42eb507deb2dea8049bda8d55a9af3cb22ddac03b
xv/21534.hot	48	e672ecde2615dc9e9dc675fde163a433d307867255d21a2e15139b0ad06e6dd4
xv/21534.xmv	1205598	58778e63f6c55f136617654d921ce89ce01f52416b9c3f188a4af129261d198a
xv/21536.hot	88	ed7491350cb4e3a894808fc90ad86d297e7c86897454491d9c1b1b5f15d8b18c
xv/21536.xmv	1384636	d8846b50aef809f1be917049b9c2a9c8e01b11f1f64c9d9263a9b92b2ea1268c
xv/21538.hot	48	580e3a7d1a2813c623fe4f1313637074a4a70e79ca304694ef219d034596238a
xv/21538.xmv	1008255	fad96319c2d8c1141fb008a8b0206d22bff39b6a86f8c3d975a03610b0997b0c
xv/21540.hot	48	5295593487cbac324404cd13381b5cd6b58ccaea5e81dc01c262083dbba82e38
xv/21540.xmv	1481640	9e7292cea17459e332bf9d7cdd46a81b8c88135e92eaf4419090ed25add4103e
xv/21542.hot	48	0beca4e608349ff8901ca87b20230639e38a05a031f62c7827aea0af1d9f1ff9
xv/21542.xmv	1047133	d8d2da1d0f0edbd1a40305c6683d6aca98e4e0ba060aa74122cea7f66c3b374b
xv/21544.hot	48	bbf0681b7d7863f341d609a932695233bc6b168de0948909c4456ff5c5e4d377
xv/21544.xmv	727874	b0eaa1986bab536aa3f6db68aafd1fffca48f0f43e522bc1ebb775cddc20cecb
xv/21546.hot	48	be6898e03f57094c9484db310ed3e6e6213623d0432e9f0760d6c89cf177fdb8
xv/21546.xmv	1539401	6b2ecb2b757616c0b3000ec033fefced4b2e8e3cce4517aac7505dd906562d34
xv/21548.hot	48	ed67b576ec00501ce700b5c7239b8d4449b7d3754a74b1d691584191001ee0a7
xv/21548.xmv	883283	cb48afb398f463c1c5dbf85b4e5b5d184dcac4d861aac3e05d9db498be65f351
xv/21550.hot	48	5ded8586953f30477cbcab233a6fb85fa3380bac7d1299163c5080f26638a164
xv/21550.xmv	1597246	553d691599499a6acbee57e0fe1e5ebb713e2448ab58f2779e4a8ec6d18a6cfd
xv/21552.hot	48	5eb9499a813c66456793dc7201a4778b2fc529fa983b0aba6209a2d5b9b30a8f
xv/21552.xmv	2193049	82e679921ad92649fe37303587a8c1d482519e00b8658dff09d4f08f03c74df0
xv/21554.hot	48	4f9dee48f28fbafeb6591fb35c4057939c1381870ab1b2687a6539b5c6624d88
xv/21554.xmv	2266063	5d044441bb5bc81865974a8cbb491898c91a9509f3c2fa2b00ed7f5b1551ab84
xv/21556.hot	48	9d90b01cf949766b5095f6163102f75027bf6c47c7f2aca9bdf608e0a34d438e
xv/21556.xmv	2496746	fb81d17a80efd37289e3d35bbbd1d978de4cf701b445f14bbbbbcd0ee18d8224
xv/21558.hot	48	d4c2d99ae914106254a3cf2283966c1680d06b841402b7f4c9c4c91060fb07ec
xv/21558.xmv	2098720	8c9eb7d57a328089e5e15f59b1763096b938b1b2b4c9af7f775baa8e86efc4c2
xv/21560.hot	208	d15864794d631adca6a940ea95c31eff5f3c71758068fff5fb5a165b0a1baa36
xv/21560.xmv	8121117	68086f8d7ab0c9d355c5d53d85828bf19cbbe968a45a02a9a1cfc6f9b4d5b552
xv/21562.xmv	443245	bab0c85875f6fec988801f225eb5d08f7f16269cdcdfbc2325b9e4a0b1054983
xv/21564.xmv	279353	6716b9ac73cb6de5999224d8609b113f4f6a526bab2f1ccb45b1cf471de0d138
xv/21566.xmv	896669	1b2618dd82a09973984d741a775a8e888b905770548ec140e24e62204a1b7197
xv/21568.xmv	323388	a3df0a18075f9ad7230e33f24c62a25ec60a1a675661c9d45086fa9f01a0ec8b
xv/21570.xmv	2991450	c38bcdf1270d62723bffc4a5ea3caa19a5c5c062b22b371bb50fe32720d0e6be
xv/21578.xmv	351936	61b0ab8ea4d893a52083606a08f23420ab75b0e67792a4afadd2ddcfdf1b5098
xv/21580.hot	28	69d12c3535b0d80eda6dc35d7773ed5ac7e6cfd7c06b39d695eae06a0eab5cd2
xv/21580.xmv	651042	0677ef85665401e21c0dff157101973deb776a935eaa8e93d97d23bf7cbcc9ba
xv/21582.hot	28	ff418925a0768575f2eb0efbd710ee6d894083dff84d047233fbc9a013615ddb
xv/21582.xmv	2234519	c6eb03630dc93c796a77153b5f4809d3b391a1644fe76943a3793a34bc6da767
xv/21584.hot	28	46f830e4e2c3584ba10ab742aa01ffaf96b5a7d164ebf221475fad9f4a73d542
xv/21584.xmv	708821	61231f80d23e0c1634748a4893b60308620cc81794e98a6c80908d3428b72698
xv/21586.hot	48	c201174a9cb9043f062bd463bbd3bfcf625f33777872e5cf4d675fdf24108006
xv/21586.xmv	672101	e1240811304c44749d42d9423aaa6e615d815efb8b1ad7870e6571406f968b2b
xv/21588.hot	28	5c77d7460dc96a2319dd18225f97d24e17be2fce8df5a7767809239bfe2befc5
xv/21588.xmv	3110759	a8845e14439f4d3c1e1ad62d851616387ce9205003d7c5cf22e753b5f4f8d322
xv/21590.hot	28	507bec95bfa59cbc16241cc23c688dad3c5ae463f2b1f285de13f070d8308970
xv/21590.xmv	2639533	f0ba2bd80558ec3e97a2a720ebacb6b181a5d995d9a690bab1877650aeba9db8
xv/21592.xmv	469936	8b0d9fc03af20beb6ef4bdc421e89060d6e8fb53dee1485b433392b4250a703d
xv/21594.hot	88	6d6bf313755a55f4e34661c9c5e5a823feb94f3fce0d9310dc79fdbb29b3a779
xv/21594.xmv	4208823	07b7d09f8b94eae0f4efce610b6c129a858c029da3c4384a5b3685f52442e460
xv/21596.hot	28	b496bc932fd2d54df30a69221a23d97058f74957764d4f37b0806126d0a824de
xv/21596.xmv	829741	55ca72ad71c7c2da053125a583529e62d950e2464263c09c935ece3f42c76adf
xv/21598.hot	28	72fe5fee2c1950a9523185a44d26d434c511b2331ec8065e3adf79dee9b62d90
xv/21598.xmv	609162	2ce4d7b2798b5a56f23048f769b200026013e12b05b661d9bbe2845ed067dbb2
xv/21600.hot	48	69e222f16f902b4339da378c936ce0f4661bf366dad1f05a73059f40d5a9ab93
xv/21600.xmv	5275280	40eeabec2b27f401b15e4a98ff7dde5c9123026442d1522d74582a088ec5c39a
xv/21602.hot	28	50acba6b097deba2283c797e3956713bf95ac1f97c0b9116736429054df7f44d
xv/21602.xmv	2520664	7b79e1479ff2757e37d6678727adb8999dabb82f81eadb1db70d62f4d456c328
xv/21604.hot	28	8339a61efcb402b39969cb35085e46ef74861d9375ff47de63534649000368dd
xv/21604.xmv	4594376	605bee164a090d3ca7d0aabe00a47bc8e538cf880dcbea67d7188ff44e097a60
xv/21606.xmv	1799559	45dfe01a4f20d79a8d45e34c1eb4fd4aad18a384d6ad59f456031316f157780e
xv/21608.xmv	1009487	fd68e2f36a046b6c3bd18741c5420276226711789b4cb8556bec3b7589ed3311
xv/21610.xmv	1074638	5d40bc822a2f0ba77aeb1e90433d8c3613a10a71efdf77642ef0c707e696faf6
xv/21612.hot	28	c99b719ca8bc1939525c805d7793ec1b6ea3afea000f53bede8203069165f17f
xv/21612.xmv	747159	7eadb93bef1750265c36b9da1d760f7d7500d4deb063550e43a70c1fb5a3581d
xv/21614.hot	28	2dd46d883c627ee11ad17cfd1b7d67aa7112b6fcf62524cdfed2f7ccdd2082ad
xv/21614.xmv	1256863	f20b156d65bb31a3d772ac3b9eea9666e712285c7d2d64cfedf2e3d4134edcb6
xv/21616.hot	28	68ea16b2e87fd0d5f6143feba4994826194c63f831eff4fc0c441d6626809caa
xv/21616.xmv	4581987	8110ea29d063369e899d7dd3ae027da83143dd72d9cf2bffaf165f50f6e82a52
xv/21618.hot	48	17ddbeacda0140728530b96db4cce8c0a807bff73de044a361d9a95bac732055
xv/21618.xmv	1133023	1e755ae87f2513b18a9acc10b1b407277f384249eb3a992a1d1057caac135d54
xv/21626.hot	288	1d3a3c0292a4dcad139e4a112d7e46cdb920b98cbeb7d62d285975c6b744f806
xv/21626.xmv	9026634	db7d8d3304e954cc805d69886740d5c982ead8366b775d2b8fcc9899a8448bea
xv/21628.xmv	631930	a8ed349c4be112f437a0e7d83aa43a947bdb100593c9afaf9381c2de16745337
xv/21630.xmv	448173	3ea055583b75227e48279c881d7765823dc9919631ba6641aa1909fd6f344c0d
xv/21632.xmv	537402	9baeea38035d84d435f2f831c33cf4614b9203942b2f398e623bd87b4e92f3b9
xv/21634.hot	68	b987d73cf55c62c76e8a490b79e3aa69368c40041f4059c68142aa5018063d80
xv/21634.xmv	3583750	5c5234dd4128bdbf1d2d6fb32af0f26fc3d2074d49e5fdec5e90bd9524003575
xv/21636.hot	68	9e6b80fcfd543c526d0cdec16b37a3dab890296d559e3656fa481a167cb30012
xv/21636.xmv	3083303	0daa885e8f58cc361d56a9f76a9ef9210b3399d92dc313023d2595821628fe2e
xv/21638.xmv	624473	b6569ed3b5396ea59899943c3c3ab4dda7b2d015c8eb7aceb6c8e3e837a4fb4a
xv/21640.hot	68	0398e43c6face20779fa1d34e0f009c6d5ad936684f59138a8a6a61fd3e33a94
xv/21640.xmv	2662973	d5ce2d7bff189a9134ea796950bac120119096d9f60c851d1a370ed0e4eb8c21
xv/21644.hot	28	592b34cdbe176084b94fd0caec3be248dff970efe63429016e54308240b5cb15
xv/21644.xmv	1207618	ee23759febfa791cac3293562391cd3cfc59e5a0b01e05fc8c12444439e6a2fd
xv/21646.hot	28	20a2fb3c8f830e22b7c83df1ac481f06e98e019cb16f3ff1e9765f035d0be83d
xv/21646.xmv	1274487	48e9ae1f31a0c595e1af19593f047ca47e8b02ce30bbea5d3757d149a2fe4365
xv/21652.hot	48	3b6d25319f3e04d3b0fe0ab67ab61e2a59791af80c12dc74289c7bd0faf61f97
xv/21652.xmv	4320600	3e9e9014b5845cbad552894e53644fcfe6d71e15e37e01efc45a5cfdd96922ce
xv/21656.xmv	8115323	265ddc48f4756e500463fa6d4100bca6157334ff4a792e5c28d63543985a9fbc
xv/21658.xmv	6002589	7463fbe37a6b9797a14b5f4efc2177581edb1c2882ce11ae30503d9a4d3df75b
xv/21662.xmv	653099	ce5471d7ead975ae943999718a05102f0f40d8508528f6d36bc5d70471c903a5
xv/21664.xmv	703218	a572be79919ac5ed2f00fe2b059da81533886bbc3bf7a5b95f8dbe083416dd0d
xv/21666.hot	28	8e6000cce0001e7f6f819bed231fae39152eda1e1431e43ad748b62433dde31e
xv/21666.xmv	1325454	9d1abe9c8068db3921fff6f29346a14d505bbe23db485e56295239ad124a09fd
xv/21668.hot	28	af34f85b427c8e2a81adc5cb70e208593e1a8ccc3f2cb5895f378930c58072e3
xv/21668.xmv	1389519	6e41c3103091e7f7cd151e543efcef4006591215663618982c45262842153f77
xv/21672.xmv	760116	848d3fbb367a4d5320f24f1a9c074226de0bdc3970dfdae3265f8ea8f7e9eb69
xv/21680.xmv	7393708	0be6f34df43b5d1a0829dfbc04ac9ae2e1b9de1d9fb27e0f7508b46cb02419e0
xv/21684.xmv	489765	31a76e300690581279a02608774b44829c656c33c75481c07dde129b62d4ad76
xv/21686.xmv	406697	c7be9207eadc6f207cd3146f8d93dba6af134f35c0e2115b737dc88b652aedf2
xv/21688.xmv	358122	dce96de7b19e3766643a187ef280f96870c135eacc771007b26e409191e52204
xv/21690.xmv	3136178	ce99e23b13f87fe84e7ffb895a3d80679848f92793b99db7b86331511425b877
xv/21692.hot	48	451fc1728fa27a9b4b51f13e2042d5ad767d770933a76be60325e1bc8cb0f28e
xv/21692.xmv	6620224	c33da18a98d2db985015aae897fe807ee3532ec5f8b521c0fd2cc9f1032997ff
xv/21694.hot	48	a9bbca15cbdf71e5c6d6d75ed6a647f94686db1a6223d945b8f5db2cdb60735d
xv/21694.xmv	2933693	3fe32d3ce8e4107d5a1a0d62a1ebca7c4feccd694cc7b3ef52ff3bede7245dbc
xv/21696.hot	28	f0fdadf3465cc47ae5b709e8143983cee2667650fc24dbbce8932ad9d9dfa6b2
xv/21696.xmv	888969	25290d58bcf0000cb1a6180b45b072bf7c18c18846b46ef5a9e89b4fdeb2eb20
xv/21698.hot	28	0c9bcf6438035969adac765c5fcc4c64f87828b399d92e1c17064c4ea9e427e2
xv/21698.xmv	820065	b5d409abfd1067ce5498a99e9965cd7c2c08244a5fa25c4eb2907d176309d302
xv/21700.hot	28	d99da5d6aa3092073dd23af304a124ac05ca7cf4c0c280acb2ce5027fd9b28d0
xv/21700.xmv	744024	26d7af5fbe8bd438e3bf742f5612752fb95251dd9d0bfa812c7e1c34e3f4510b
xv/21702.hot	68	3792c21407ca70c171717592e558be16d19cec836cde0636ca059b6acd54de0f
xv/21702.xmv	7042917	f7cbb24c3c0910130d51d88dee2439f1b068ced359b6556f14441d4124fba4f2
xv/21704.hot	268	3c91e5a41fab7a94c73bf7c8a3d7d4135e49c21607ad5a652870e6fb51348e2e
xv/21704.xmv	6832523	5357ad76f4fcda16b6d76204a83b6e09c9a0874ddade1e76bdccca9211ff71fd
xv/21706.hot	148	d51f52574ee4bf0a48b403e4abefc1d48f72ab6e6ccf833f8faa7039d8fd715f
xv/21706.xmv	21909592	3a9d7239e773db6f1002535b8c54015b59b5d1e864a7850e5f4cd6091ded9a5f
xv/21716.xmv	596048	6903c6fd0c08310667416e80da4ab213065396d648c52e9179ab14953ea1c61b
xv/21718.xmv	660944	984cde212ebea3d807ef1506a80555a5951cf54c6efa106e95de4ae99e518bb2
xv/21722.xmv	501257	be82abee32d016b608daae916d0498f907349579b5fae570547c77cc64c4eefa
xv/21724.xmv	1255012	cf0ce171bccc159006aaaf7dc9e7b2be868a2ad59a2b049993973db0bc4521be
xv/21726.xmv	757882	6df6c8a853eaa586620e99799c4ac020ad5a9cffae7288b4d5555d37ffc7c21a
xv/21728.xmv	1185521	9fe03e58ab1a48c4ee6d739537c86c0620924df198328dae341e47e2cc967a1f
xv/21730.xmv	1203942	f161df456a7269b321b8fdf85b789140cad894f66ab6dd29fef2cc856c17c4aa
xv/21738.hot	148	364e37db78ed9c077fee752b38acb6ac2d353042e65d0e565d970483be6eb628
xv/21738.xmv	2072571	fe8991a16938797bdc124fab983cc73e6a317ca8a5b4ed684e753ec9b97046a8
xv/21746.xmv	3940419	e80f943457c819009e384c79a8efc2261531b9bfc116c949dabacb60952ee22c
xv/21748.hot	28	06d9cd32390435a230cc57fd2f2fbcb03a274935bc2c4e713f35396827e401d5
xv/21748.xmv	1268189	57234f05c11e6bfeb72e26e0712a06f5c217f77dd98437a3746631221cfa6578
xv/21750.hot	28	b7f1c8ac3286124eee2702985964c7635b5111bc806901a054a189a6c3a381cb
xv/21750.xmv	1082428	b1ad5e4b439248ac7045bb79187849be2f221c8f84ca8e8fff88479fd9878a5a
xv/21752.hot	268	0c08601fb9570ad4965c9c43ff2b34c8197989e1728e5a62872983e7682cfd16
xv/21752.xmv	5045371	50194607059d7cbc1e65348e036b2243980a4a49abfbb0936fa3bb3724989477
xv/21754.xmv	3508284	b9ee7d50a385397953e08bb164054fc41ae32b315ce6dd3c4caf24ce1b753082
xv/21760.xmv	11053745	32bc1877904fab7faddfd442b33d1b8f88ea45f4b6d10fea9e414e0259f1870e
xv/21782.xmv	1671746	776274a93cef3c966a92079220733204554c93bb7f18ddabccdb7522e613b082
xv/21784.xmv	2357881	cbd33d5d6b0ced630e7519ffe232145306286b801d606f5b242d92df1fad4237
xv/21788.hot	228	bdd47be66a40e3692653c14eb6f1391f79124465900a9dce00eb58c6cf727dbe
xv/21788.xmv	31197260	b7f711672d2a841addb79875d8e7f529798c56548a28f514759c965f963340ba
xv/21790.hot	28	c93d0a82e52d952b1785d5330152e301ef9ab8aa77dfd4328a475202d667e4dc
xv/21790.xmv	2896712	d89b68c048b2497a610b9c86fa4f29b2c2df5eb943b89f64b9f11135b9def33a
xv/21792.hot	188	90b95221e68f591c52a5ece872baeafde349a2dd944080a999e2dfd43549c82e
xv/21792.xmv	7342223	aebf8212798e0d0405d438b3192ea978458fbc08bac94ae022809b7a332e798f
xv/21796.hot	168	129b5dbcc503ad36239bdaa52f3b4008c51d7fbea9e6550c88e693b846470445
xv/21796.xmv	5732126	4110a333bf0869d940958ba62e4b5d727706573b8defde3949b5c927f4d3f8b6
xv/21798.hot	88	388c37f6ef842430bacff63667b85a7d75d45e3d736eb032a54793fe4e848546
xv/21798.xmv	5349835	3d6df7a79ce440dce76cc9505aafc46a39d7c5b552f815c435793dd4a152eae9
xv/21800.hot	168	bd23e8af920a4e88235bba4b3cba3fe1ba4df83d48294e30397f9fe017af3316
xv/21800.xmv	8132379	10b66d01cb564cefd1310af977ddcce21bdbf943a8f8d110f30bddcad29f5d2d
xv/21802.hot	88	f6308c4a46512b412dc2059b510a35d94363cacfa62869734c8f82a92bf6658e
xv/21802.xmv	4311467	278fe7330cd5aadb5dd5fd4018310fcfa0c33a0701decc11080acc302cba7f13
xv/21804.hot	128	7bb341a2c9e510d7d17af9d31a03a9af8ae0b083258835e271ca23c3c218006c
xv/21804.xmv	4462109	1ad8121efd98ac5f5d928688a07ea68f0c2466d1d81e2101951c078e3b135bd3
xv/21806.hot	68	94249d57713e3d78211b2e6878a71d800ff0dce137874f9b364977204390c028
xv/21806.xmv	2427975	9ce12c8bbff1a1652f94662a38f170e26549aa0f67e8a80a9446193c2f808179
xv/21808.xmv	653079	0918a3a7e97d3bbe0a9c0d2fc1207135919bef7baa5e5ecb85896f637c7e19cc
xv/21810.hot	88	330413e468375ddaf51f5cf003fc92f8235377789c2e40ee8c5a6e42e035bb61
xv/21810.xmv	2719521	a2c30ba54e7606774480284dee35be0317e20a17770fa09164764fe8666f2147
xv/21812.xmv	2118824	03dccfcee05d7a2e9b6eae5808d51bc48fbe20b1e43c77fcaf95c04ecd743666
xv/21814.xmv	2824310	bb844c2f9c831f4bb4751e2b2d2d46023ce7b8ef6087c00995ab2657e8448cd7
xv/21816.hot	48	96b3e301fa6f878880400a59af1012106c8bffdb7ec39b2e715497b6233b623b
xv/21816.xmv	2124031	3a9ad43d7e9032c33ef16b94678089f065a4994b6ab9302df6044699de09e710
xv/21818.xmv	2854230	2a395777d2b468471d322a24d0467f1bd219eed827eaecaa5a93686c250fced7
xv/22505.xmv	1869889	3d58e385db6cbba4f2d8eeaf3c4d901615ca5bc41fb33c32e295d87f2dc88691
xv/22514.xmv	1948859	d13f9e98e3870a985e15461d61a96c3f226f601f183f7b520cfa72f0b84125d1
xv/22516.xmv	741956	fa1d0ffe63116f4d8fc46cca10d1f5760a9359405c9c3282af137625cb9e6710
xv/22518.xmv	656254	fab34a041579cffb811a6938a2e04f9ae2bbeae40b9ea81f27dc6e174ad55498
xv/22522.hot	28	ec4c51d4dabba58238b1c5f704bb70498174b5ee9b09b0ecfdd1c27d31814387
xv/22522.xmv	2503769	c58d2d322a5eb217da0a661ca3c9223c2d10c37b42d24518c75bbb20b5683939
xv/22528.xmv	2027895	b917990b1ed61f6abd7ceca407dff912e66a5b2372ff6135ed9123d1c1f01059
xv/22531.hot	268	413708713634de9fa0e71251f9ab8322784263e171928d1084fcf6a82a576f53
xv/22531.xmv	8396879	69ebb02b82efaaaf94a5f6aa201b71aeac929e4168e3179e818467f9cdd3016d
xv/22533.xmv	382785	eff221afa236f9b0e139edc11abd5d290225d6f8d62172550353c7b479721d31
xv/22535.hot	28	8eafabf3111e36fce7c4e43680851f9b0d8b0ceab2cfdc2c220c59bb0f2c2f2b
xv/22535.xmv	1759619	b9c4a9cd289d59c2191cde71fbc01484331060c3e4031d1113840adc56a85bce
xv/22537.xmv	447356	2f42ccf2eaaa97d0c817ede2ca91f4463615cb389fc29c8c43e43414f1ddb86b
xv/22539.hot	88	62f1e221d47f445596388de81130677d4ef9387b9ea27bd3a4117c7d24ddc445
xv/22539.xmv	5353632	0a05526c1826c9363f81ffe9e20d17d8d61f61cb2da820783a4b4a5c0bb6c9c2
xv/22541.hot	48	010e9d0366b7ae4e99f326b52300a9304f2a61da65cf47e48f66dbfc2945de21
xv/22541.xmv	632368	70f26deddfc6cc23fc623101e127fc700c2625aff091fa6570996777c51a6cd2
xv/22543.hot	28	24774f9b134df844b56a765874844ca32cf07873a18a4736902fb074c59889d6
xv/22543.xmv	3139325	6b7513af7cc714bb8956017f64d3fb991893ab7b8bdda539c675146945a7674b
xv/22545.hot	28	8486dedce9084bf3846f615d63718387843f5ecf17998b28f49deb4cf1bf8147
xv/22545.xmv	933404	344472a22d1950a1f8c106d65543bc257631d36f9e2343ac4b0cda4858203495
xv/22547.hot	68	ae9200b6911a74e732449580d1a15236204b8606e33e6ab44c4c8d3ada268743
xv/22547.xmv	2552206	8b42f7a8e8f1b9ef8a3779d392cfbc0e2d884438468520ab408c5ea60813ada5
xv/22549.xmv	361081	5d62115c5b23845875bf4c1a64098d0c2103568a26576bc256aef9912d7ea625
xv/22551.hot	168	d88cedfb4a415b3a2eaf835082d95a4a5d24f40903e0891f3408bf6a43ea3969
xv/22551.xmv	4932973	1cac5353ba2c78696dc0889c7306dd8b360a5ccbedfd773f13e0884d43d7f82e
xv/22553.xmv	508370	9e51b7cc551ede50a9b3fc4acf683dfe09f0f29907bcc285fb7372d1549d281b
xv/22555.hot	68	6214f19f16f817d795543ac4186821f48cea80c110014aed9087d74b0fb0a13d
xv/22555.xmv	2531428	d5a0c3ca612fe69eb635827fb3e11f9ec9a1a7075207fdb5770f7680b0e5cf30
xv/22559.xmv	318805	624f15340cd8151e797b7caa68ce293df4b02822e6662978062209c66fc9e4ac
xv/22561.xmv	431826	72c807fc87d677f0f7e699152b13d39247ce7034625c34bb3d199ca8ccf81f06
xv/22563.xmv	305855	19fbc513b02e1b777e2d481d409499be42b34aedb51e41dc56f799ccba0dd09b
xv/22565.xmv	263607	cb75ecad3e4a52f1f57bd8839ad5168805bccaf9bb06e132d7392be93180baa9
xv/22569.xmv	185102	64bbba61a35d405bd9daab7e0ca97481b05eed42b4d9b3486f2dbb7789150682
xv/22571.xmv	331506	bba73140123fa17a3d5936657493dfb943d9dbdb0e8691a720d214a5537bbf88
xv/23099.hot	128	1070896fc3a605de36a3ea442efd6393520be05e648f1b963927d8ab153f9f38
xv/23099.xmv	1708042	840e8850331976e805fab5cdc9fb603c4c424baa7178a2a7020272a03cbcc13a
xv/23101.hot	128	c229e2aa827ba2f6c9b35eafb7eb906f1886bfdd58539a46531be52366de8437
xv/23101.xmv	3934554	d5e6c45e801bed77a61f8a21965312b6ce1ec8617001a52893fa05d0b31d811e
xv/23103.hot	208	d03b24e7e0736a8f0f9589017c75861355ca1a2c608d857ef780d561879847a5
xv/23103.xmv	9063907	79ec41786e666b1ecb8c67ad259667c1ffc03e6980f1a9146cac687bd9e983c6
xv/23105.hot	28	a8e24b67f93146e10624806c758be7d49dd47a6f39572adf95ebf360871f3a3d
xv/23105.xmv	464928	d8181512480ad702c54bb9de0ea901815b1a99a6d145938a2c93c551572e7a7b
xv/23107.xmv	420807	597db6504f2b4b97dff30d6c34048f9db803786a2c5585a61f90253ae0558fc6
xv/23109.hot	28	906a714969f1fc465f190d861bb40acdaf2f0119455304cc7d00a67b3dfd6eae
xv/23109.xmv	2669198	05e95bf2d8ceda8f439a7e9367f0eba515c42ce51929c939441a9539ee353dac
xv/23111.hot	28	26577b9548345460e7f60806a5f280fbeecb78bf24d030cd9293e71efb839af7
xv/23111.xmv	360761	4cc589427a66333544298b6a5a362d58c5b41183ad3105d7a949509fa30f9df1
xv/23113.hot	28	ce58d796308192915bd756db7e6faf9f4754e451dd09ec255a0c81736cfc877b
xv/23113.xmv	2864227	682aca1f74d991cd775197204f004ba224f02e5891a7da7e003905fc9a03c504
xv/23115.xmv	421067	9f4f6de1463e94eb6559d6f6e019f8c2e33a613a54847b97e57e7c83dca605f7
xv/23117.hot	68	19e9f79071fbbe621314d99ac6399d13476f48641c0ee9d6b6bf8b74afb83908
xv/23117.xmv	3795307	a8f867c9558e563952d7c495e656cb4c5bba972e95d5cfc1c13de7fe082eb2c4
xv/23119.xmv	375684	bb0e4f217b504688a09aa4c2534b0bb37d77a157b50d168cde75f43a3302d234
xv/23121.hot	68	694515cd0c5409044d459b262c4af347ef487c73f74ab9ce683fafa220275bc0
xv/23121.xmv	4413300	80abd57210d853fb10769a8cd22e3e48e6b56edc29d7a2f039b8872bd7ce5e10
xv/23123.hot	48	84f4cbf04e803a3025b63d46b953f0ca9aeac67589fcfecb8168c057a919a05a
xv/23123.xmv	1183630	efe828dbbce121a389e1b047ec00b2ef390f0f4d92aa6d9979fc5506ec0766d6
xv/23125.hot	68	2b6d738fcefcebe7c2f1c08352d99d69cfa330f420b7c6ca70244f1224452197
xv/23125.xmv	1115843	60c6b63f914b237323338d87e407b85bbcbd8cd81e4025c57b4f3824f378d6d7
xv/23127.hot	28	a696f28eebaf99af7eaedb28ebf49a0b6433f58d16715d1e5ecbebdd3498c108
xv/23127.xmv	749749	f16604d5cde013802b97ba1973dabf9fc7d020f5f2b7b2cb08df73f39d627370
xv/23129.hot	28	33c8109cedb32685257f67b1b1b900d2a6ed95e4bfd1296c959ff67e41441943
xv/23129.xmv	598951	b32e3f0a09a81106f2ce92221f60f5ebfb67239a26f9625426029bf1677e62fe
xv/23131.hot	48	ebf5f924787227582983b6b73a94722aaa760e57194c4bfb9b02bbe2ba1e9f5e
xv/23131.xmv	1813345	80cfd324760e80cac91babe8c4f40358033dc944108bce36f77d0f9ee481a784
xv/23153.xmv	390870	d02bbcbbdc56ddb92a71fbf783d954d388b0b714bd891c49cb71d462fa0fa068
xv/23155.xmv	420408	10a5f1426a824bf4ed2225506669bc9685c109684fcc4b912a73178aa27a81ae
xv/23157.xmv	434920	b9403773209375b1ce855e1199e2265fed22f07584682d8ae26c1f0788e16190
xv/23159.xmv	524855	7df7cea60ce4b1eb568e80495a5abbb1931f6d6f874e40dc323c49afd24ef177
xv/23161.xmv	479480	9c0dfc6ca31f2da38080a87871851d2c0d823e6f777dd41eb98d974b7de77d77
xv/23163.xmv	480566	6d981af0cd22423086cf340d5398fa317197f99dce0de7479d6409a131f77919
xv/23165.xmv	405753	e46f0471d254637b862e318df70dbe6b9dfc3a1a425867dba2dc1589ea89064f
xv/23167.xmv	449959	d10a35fa9512d30633aa71937f80bcfbfb7ad7f6e63c889aac0fd9c0f1b29dd8
xv/23169.hot	88	a8ea1f2b6bd628f40df99fd65adf583387468429780524a5abdb53b5f4e55f50
xv/23169.xmv	3243631	c59739ddcc514d9722199d19d3244112dd9b55536b99ea37efe33f549f527a09
xv/23171.hot	88	e4073f4c1a2017fdbe2d90618fa557857a4c5ba37d6f8a3e7a2fb5bd68516ede
xv/23171.xmv	2567608	bb2f567383a52489bfadad9119d0ca5d134e256f5b7b7e10eb624689d4ef3c55
xv/23173.hot	148	8fc2afc7af2216d28e0d13ae41fe91ad5d649c331546ee94e0d9c69bd53589b0
xv/23173.xmv	15272079	136438d8e927d054787d76fa9af0f7ede69f74f99875ff49befd4abb71ff10ce
xv/23175.hot	108	e9fc68baefabb37af3d4f564e19c1ab9cddeea0dabe4c799a28a244969730c29
xv/23175.xmv	6193209	d5be0c74c447cbdb6f0cb6c00e936efc39847749485d5e77be3710cf6db4b2de
xv/23177.hot	68	f037a8834cd595cb11ec74465a0eadeee9a85a8b43b29480642fb5176257e63b
xv/23177.xmv	2346688	68b1ec413db83d3efe0748c4fba26cfdf25f3e2f1e670fa1e94d37f2637acb5d
xv/23179.hot	68	7fb4d79c2c9d4eccee31eca3d056c01cacb8fb01026905b3b718e6ba1f4592dd
xv/23179.xmv	1622412	10e018b35e1c3cf41b98636ced331fd2bfd3bdf6dbdf08a405e9bd999b0feb5d
xv/23183.hot	88	e80ae58fcec7fdf3d23cd2f1bb831e5bf11ff8009f9ce16b4b786a1bd585ee42
xv/23183.xmv	5799685	0cb7642b417b21aae1803491a4399ee327f003965287ad95778d753378254ee9
xv/23185.xmv	672185	d66b0688c926a2955210f691725fdb7d4fcfde5297ce58365f76669aebe6f459
xv/23187.xmv	540380	f86c7ab75260422d3df469dac70d25db8e629f5b4e739deda737751933df1078
xv/23191.xmv	328866	58687ca34c99d5400cca12961914b63bbad450a5fa60ba44ccf4fdd82ec6dc06
xv/23193.xmv	432094	3c10963153990bcbd58a9484401e1fccbd7225a6eae54dfba57ea92f8203f796
xv/23195.xmv	462531	95039b2eddb06fed8e8aa07cbfaad380eadbf930d83e254d0bda0fba9b266f31
xv/23197.xmv	676036	273fd8b904de6609965b061c2a195b4fa0001ceea3ffce3c66493d18e3f62d6d
xv/23203.hot	468	88a9c56ea24333438a46fb15f4dc42be0b087df409ef145b07ed2e42ef7e20cb
xv/23203.xmv	15625783	18280be1a5a3e8c731bd93490781676e7af43223421d8055f37b36f8a6f309d0
xv/23205.hot	88	0aa39e9757d4203eb1d6f1cee0cc969279ef30e733201137de15e0c0f721e779
xv/23205.xmv	4230461	bbac1f015147f7088ea99675e0c0f8dbe3fcc9703ce2d8295e3cf7ba51f7dabe
xv/23207.hot	88	a95431d481fdca5654d0fdb97cd4a4abccde71a44a34ed11a477de1645108a3d
xv/23207.xmv	2050119	e172178a3f970631566cbe50812b2928dce420ddbbbf8a77bcc0985b494b8354
xv/23209.hot	68	ae1783bca952f68c33adcbd372c3b85212c133139508bbcceb6f0aa3dde55c42
xv/23209.xmv	2580162	3673f6fa003d54f0c85d671ceb128bd00f9233d4884d162a1246867a537aea68
xv/23211.xmv	526324	b2a03663cb7aed41c7d6d1a9c72781716fcfa838cab647d383980b39589dc305
xv/23213.hot	68	00a945ff63ff383e6c95821e5707c0dd89546251c9a9904349cac1d678a1c425
xv/23213.xmv	2262782	55235d11da0545573aad21b473fa1d0f19e13cd95ecd31c01ee5c4fd6aed851d
xv/23215.hot	28	d0cd21c8113a10a5d9ee81356a866e6c0f62d3862b71ba3c2fae88cd62545941
xv/23215.xmv	1765442	e69b35ca40c155e9705d59c800cf402b34660cc28c88f406c998c7b70f1414ae
xv/23217.hot	28	a2eb8a97ed58ceb016f80c7baadfbf17ef0cd619ae23426b30585ac1668bd120
xv/23217.xmv	1126055	b954dc3143af721a5bdec0887b92e8ec26ec3b146b166f0e1e01a551fe6bb063
xv/23219.hot	48	34a9cc6e5acdbf8209ad7cef490b45df981119d919d6736d85c533aaf9836e99
xv/23219.xmv	1701146	3e2a9e6786c950804549b90e1712ca971d54e7f2ee30182475ce1adb53fd2425
xv/23221.hot	48	5ec2db186d6d3778b51d6ef5ed673ec12bddeaac1571eccbb859217b70777aaa
xv/23221.xmv	1893176	f47280d618572daa66b6cc30de54c0c7ee32d9c4ba9206a8b337b4b68d6c3139
xv/23223.hot	48	599aea8ffa82a36e9056e7fac32928688cca1ef0d3e558873f3c6cccf9c69251
xv/23223.xmv	2062049	c039046d772101dcdb842a5d21fbcd5e67ea3a794e1ace20074531ba5f9a52d3
xv/23225.hot	48	63dc35df93685c959bdc218cde1261b1b78bdc5e689918fb2fc6fc9e68bee84f
xv/23225.xmv	4489251	0b9cab2b1eb5477d7a76b5eb681ca542c110bc11808428db267acaa8cc66f774
xv/23227.hot	48	204edfad854cee5c9e392df2c04206b9869412de9dd5b78426c67e3241407ac7
xv/23227.xmv	3403797	b0e75223a6d10f58f13d3b570b4b295171e08aa8c793312bbc033711943a7842
xv/23229.hot	88	8662d6dec4e03c10f48e7dd4993a8dae3431ecf045219228dddcd53f368ba5e4
xv/23229.xmv	1885560	35b08eb7b38273dc17281b0d7eb69ed39f3ced3f747b918aa69dd80e0979925b
xv/23231.hot	28	ddecb7a92e69b5cc6d20bdc8a4c22c1e8c088293c2462bced53b17abe76a1c7c
xv/23231.xmv	694621	61ca56fc2383899ed9850ea25100fb11a61a87da7ad5007ff519173c492e5f1e
xv/23233.hot	108	ccf9c86c256582aadfa960836eb32fef3dc1c21834a3c75f340e845edc339b00
xv/23233.xmv	4967235	2a78161074f5ec0eee821a87cac895943a8d88f24841de9d4f00c9099003a03c
xv/23237.hot	68	8663a3ae8714508e669b09a92dfde06a22684837d9a6ead3b547c5ba216b7360
xv/23237.xmv	4000610	17dc8622219a54ea971da409620346974395fb89eb3b2888c1820c821e76a4c8
xv/23241.hot	28	9603fc1ffae1321c444b0ba0c1c0b35979dda0937c5ea084aacabe4af641123e
xv/23241.xmv	4111603	0c261e49e89e52e3f5fd66a4abed6c902611f332bcab04bbd4a475f303c3ae8a
xv/23243.hot	108	20fecbcac257aa99025b0f13763639912891d9d99a0455a11fd739fb70930f20
xv/23243.xmv	8376559	16eccd8a18335e0c86a2583a77b3b1dcdda4d5830b2b177b00785dea58acbbaa
xv/23245.hot	28	274f108a045ff90051d88e8999c8e38b07215d4461d99993b5cd63b5d1ac7540
xv/23245.xmv	2877108	ae122ae3bd4dfdcac30935efa40815ce83379fa669b48cae8c7cff9b7c73dcaa
xv/23247.hot	68	f3c69f1003b8a84db2821677487d13ac32b89fe1fa05bbcf1b08fccae19691eb
xv/23247.xmv	3481282	97d8bbcb7a137be2b397dedbff405af4e846b99a15628d516d98013917112565
xv/23251.hot	588	19c60fffaaf7f8379a8a15bd46c43615799aba295b38aa2c128a81045b1d85f8
xv/23251.xmv	33275796	4358ab80328dcafc6cae5ec7a8cc732c30db685ac101f952f66c3a24ff38e07e
xv/23253.xmv	590837	e0fd116285f774d613ecc0fddfda16f94cf8f43ee47ec5d3ac22cab6a12753e3
xv/23257.xmv	595723	1151a94d4e627d14fcda70630805aa7a844ff723be2d445c2f841f42ce7a9d8b
xv/23259.xmv	698186	f60ded57e78566e44cf61921bcc6f495e073c33daaba23d84bf4c53d2496bf2a
xv/23261.xmv	545199	f6c348eb2368060ce655c3158964abad7439e91961edbfd169c0e89226403570
xv/23263.xmv	637790	73984dde0d2cc161302a91b15c500fe7ea779860104df9e28d74ee09bca7b605
xv/23269.xmv	1748536	f336603c975427362865238957604395d32fb252a45d8640c195ca019e028801
xv/23271.xmv	1632873	95e93b2ba7275f2332f33f2c48d4de10b0c85977461d13bc820bd4f0a60a0603
xv/23294.hot	48	4a5f5823056a836f39d5bd7fed1fb51c4a785e3cc49dac4aff9cfb8cb72b5434
xv/23294.xmv	1398104	912fd25252c0fa1bf07b6f4e7bec370345f8a84bf4ae2b1c53fd633c9067a0ce
xv/23296.hot	68	8f4e2e5dc9691e4f7400bb23246f66fe1cb75b050b5347bec7d4d897cae3f8c6
xv/23296.xmv	1893846	683920b03e28c4f93c9961b13a51695398774832e1dc1294cd66bb30b2dbaeb6
xv/23298.xmv	509764	ae40bdf2d121777a2416453b292156bb31d17f0b714139fcc3a772d1e7059feb
xv/23300.hot	28	9b5fff4e790b5dfa16808c17b7a9a61cebf74cfb07543d1179b0f093dbd2abb9
xv/23300.xmv	2589477	8b5bffb509f4cfb7b85046b3b4ec3cdd25b75fb6a55b4a64ae2c88c85ad8b578
xv/23302.xmv	3594977	28c77a78af6c042558aea269c8618dd4066b8edba505563e63ccd09030bf129d
xv/23304.xmv	1359409	c2e9a369c2b7975df2ffe8621295a943eedabf50a615294f889249cca5adaa15
xv/23306.hot	108	919ec24378ba9f8615dfa87c07305f8215c978b63e48e907daa757fa276bbc8b
xv/23306.xmv	4442065	3b1c8c0a7588bd671118ea09d4c27d74c350bebbddb8d298490ab3dce811a8e6
xv/23308.xmv	550359	2d5064100b2d52c5bd3088003bb78e506ce6d023cd0ad8ee02ae3fb107083111
xv/23310.hot	48	7f7b41dbb672d0caf29126957ad14e56370d7bb379537b63959689808e6112c1
xv/23310.xmv	2364690	3a758e61b863faf30d1de5a2ef6c93fc513f32cf5b9522cd9bd4106b3fb8a562
xv/23312.hot	48	5aab407ce8f5c79608cceee67037d57a4276da98c6c6f9bf15226e1d94dafcb4
xv/23312.xmv	2420000	8d12e9598a067026af06273b2b9e6ccaca3fe8fe0d8ade007149564eda36033e
xv/23314.hot	48	9a14a18232463e0eba94dd0c5c228bbc3e031e8e56066db58024221a0241f0d1
xv/23314.xmv	2189942	fae34e4e956ca29bafa250247b1e8bd0a5cdf33abbb48dbd33b7d844026859be
xv/23316.hot	128	8accdc0dd9afccfc0c567247c3d9ebe4ef09f4196696b7fc14c6f57344e5d635
xv/23316.xmv	3245450	92bb038fa9e1a789109adc978fb39437e5457c4cf58384800d6bd7d966370229
xv/23318.hot	128	014d27ffdf59e9e7fbc5c710ae50ed367cf86a21470db20080c9f620786bdc1a
xv/23318.xmv	3923551	34d20409523159fdc642638922fb466569442caddc9223373654a7c67d8bdf26
xv/23320.hot	28	472668aa6a461e5a3239200adc02f3ed46c60baa552f138cb9342460219f4298
xv/23320.xmv	919040	61971410690913beb3cf22fa264c63a89478a40066b727c3decbbf717710bdaf
xv/23322.hot	28	14a2b45beaa6a138a81cba1a91f503e3abac818a450348ab4290c51c0aba46fd
xv/23322.xmv	1079279	aeffec9dde537b0d1947224c752be3bca51deebb4c05e6c6f86ee5d5915c89a3
xv/23324.hot	28	110e285758517accac8eba55c88293236c461682f12f42467ac05d0ecd292ca4
xv/23324.xmv	850446	1e74484c638a181a7c96d5d8f1aa32f81ad43aac8f07026d97825c99956c5dbe
xv/23326.hot	28	436cc8a3a45b96cf244f19a8f2188d32fc8699e751ce26a94202a218dd9ac472
xv/23326.xmv	2600022	e9a664fea67373ff6fefa9ee4c62e4493e76fe82c511af16b37099bd25c04490
xv/23328.hot	28	cc9a7056f9735b9110723425e71e391eacf128c9d095450f7c39088722b9d2c9
xv/23328.xmv	1958241	0e99f5c914d73677e2d7b0d922321cb9c094a8438dab39e19fcb9dc7831269d3
xv/23332.hot	108	c928392f3a5ee44133802df9802cff5fb32f5ef251693706cfbcbaf4faf6f9d7
xv/23332.xmv	7727108	00faa6e78256cf3bec5d0886920ecaa4fb8a9e6bf7c0d1ed304e746934c3b118
xv/23334.hot	88	2d8f89c7e8318dac6cabe7777c6b37445338e4b61ec8083af1881deba2bd2849
xv/23334.xmv	2526108	a964aa78870cbfae2d3b7daa14ac87fe96ae83420f1f7c0aa6e88c4352f38629
xv/23336.hot	88	c4c98d3c33891de6a9541b7e18aefa3ceaec15323286bb998fdd9b00e1d24576
xv/23336.xmv	2903740	a64c550d793516d584f7df3d5d6d8daa2805da53d40a84ffce63784c3100659f
xv/23338.hot	68	ed94c6df450dc8fdf13f3799570f0aaf58c0e0f3f404a23116b87e28b999b8e6
xv/23338.xmv	2627254	31e2b9a1d9f27f7a435a8140c712c5dde83a7cf3bbc4b177fc092baffafff330
xv/23342.xmv	398211	6b654a710236cf427a9daaaf96fdf7666908e6547fe575527e9f48548819c88f
xv/23344.xmv	337280	9e270628de423c78fd524003e31762e76b68e5414a96e36e4fb0b67fcc535fc6
xv/23346.xmv	271139	d134884e3059b12c6c682cee60f4faaf48cbe1ec86779117d82fe74a912960d0
xv/23348.xmv	256263	0a9c492b5898d14deb1387f6b94b6082b9b70dc437006078dc72fd4baf1a43b0
xv/23350.xmv	409352	959fcad977ff1be3ad3c1748aaa326592c79268c12da168c177bf43413c23a81
xv/23352.xmv	297770	858dc00baa27f150c53f39a7ce17bca9500cbef34cdf0255b30d30b167b042ba
xv/23354.xmv	334110	7454cb4342e6f7fa30c17bd478bc5886da1ca29adeadb0d0b13b1b8636afd7a3
xv/23358.hot	388	7296f84578bce79a735ed1fec84ded0ea58f345d74b4f3bca7e57d871e1c46c2
xv/23358.xmv	10989487	982b0701c02755578a9eef49362c8c5b6b63fab2bc6a50763201936cf4e00d68
xv/23360.hot	308	83b8beb91703d889e095b1b16fb3761169936eef9093a39e8e31cec2b701173d
xv/23360.xmv	18521860	def0aa580c8bf575ebbfd52f6fd3baef4a8d770bd60d237ab75472879e344983
xv/23362.hot	128	1b6de0c53cf27eb7d1d58e25b1f8532df728a99ff6409f967805a38fd85c9a65
xv/23362.xmv	7661373	db678cb0d5ada582dcc70a129b2c39e74ec6e380a3eafadb4a2126a2c16cacf3
xv/23364.hot	48	aadd669e50809b54851ec95b22ec80a2c64dd934823c5e5c51538060f48a2eba
xv/23364.xmv	5468560	8718826ae6e728f868affd666ca6257df096147214a515ae0879124598175679
xv/23366.hot	108	6fb3300d2a498c1f467324da8a103c02d2feca0ffcb838140039bd646d4632fb
xv/23366.xmv	1980704	ec6a246b5b5f45824428cd123cc9a2be7dc7c2d88e6306c6a8a2f5550306c47f
xv/23368.xmv	512779	3d84de1979f0df130824b043f428c5cc18c22ea5213ba07de8cc60549ba3d0b3
xv/23370.xmv	579415	a774264f13797b9241a4c64bec30170b569ce3a21516cf6c269e65c83e1d767e
xv/23372.hot	68	ba40e862cfec92dabf8d28403f616b8d657afb83b75a97a368deb1d3c4c7ac4f
xv/23372.xmv	12691147	3470bd2ea9063ef405250e186a30d1b5bc76f18c1a0ebb36d441181add6e7b5b
xv/23374.hot	48	dc027fc21d9982ec80ba298300513038644a1a5e91e61c4a2dd837937b7f0862
xv/23374.xmv	1669310	9766cf1b1e13c58a8b6b653d65be237be38b1a8339600dadbd0cd5a918c9cdb6
xv/23378.hot	168	d9f9a6dc99d9fb39b17b68a10599e70b83938ffb6c23572a65c44df00d195bd5
xv/23378.xmv	12969658	63e7e4ec118129f5dcd7a91eec770559f6251e05644a0c9e7890f23958213062
xv/23380.hot	48	ddbd457a6b62adb94f46d489b881744f821c0477ec34ce0a71e766bce188c969
xv/23380.xmv	4665767	4461939da49de4d7e2fee32789937e4977ee06dca2e3d0101c2402f93ebd718c
xv/23382.hot	48	b6084950b992755974e1a935c746829cb6cdd3f67d56f7401577a76b71f8dff3
xv/23382.xmv	4773010	f15797a0ccc29b1424ee368bd0ba6791cc165bc30444c4a361ab86ccf384a144
xv/23384.hot	48	4c3d8804f7fbdff06cce6fbe311333da2616f64fdab40948fb7367325bca2345
xv/23384.xmv	2605098	dab90f50e6b8a5c6dcabe0cff082fa54d1fdae4f863f5fe8520271af477b9969
xv/23386.xmv	1922314	9c8b03196b7422b147a24f90cd1c1026530f1b41cd0a90aec5e085e5d7b64c35
xv/23388.xmv	320951	f3c9db981100b94a11084671451aafc85aac632e1f8ba4ce20d9c28c10bb4fd3
xv/23390.hot	48	b8b72535c0a34e30be591595f13f32d1eb5d34d24ad56502a5d66f1d30d0c1d0
xv/23390.xmv	2448786	f84d161a94ac0f0c26d668ae328e3b241da007d03bb2d50850611a35f877c4cf
xv/23392.xmv	681705	0652d6a666eca03af04a5fd989bbb87f724b05bb1a6d47fd3dfcadfc84f1adce
xv/23394.xmv	389665	beb763a93de90921b8df6cee254ee7bd442dc5675b0c236be5793c5c034e331e
xv/23396.xmv	399863	7113dd162dfbd0f7d9ffbd7b575ead9aec5d41a9512f3841cc88348b98b2cb5b
xv/23398.xmv	431776	3dea9eac60c071cef65b5dbfc3e57f2bbe2e7dbc6694de30dcd4e00b4e754e4b
xv/23400.xmv	574648	d6afb2f8d4329a058faf630e0599915ab198954d788317e7a5944acf06f31844
xv/23402.xmv	446843	35eb9c95b37ac9612c6a7093784487fdad26e7ba1ff1012981a03baede718724
xv/23404.xmv	603233	c453691f2f61c51fe2bcd4eb007f0c7e8e3eea3890d96e0293e967d945e72bae
xv/23406.xmv	384038	e0be1b841549421e69ff71762efce0fe8648e712a94f9a22598bfb75eba3b36e
xv/23408.xmv	329376	0801cb11b370e5b6d7ff8d6bd4545cbf485ab65ced44a782d28104bb28635742
xv/23410.xmv	366327	71dd3174ccb7a081acfc351dc7edfe4b96c49e5e01ed135adab4302e50f97a62
xv/23412.xmv	6593494	9ee314b5e9e90de709c2379c9776efe5776b29826964e9529f6c07dc7d467890
xv/23414.xmv	12651977	0673d6ec62f41a7668ca537283a3619bd401e44f5a4b2552b43d3044db7a1e38
xv/23428.hot	208	26f3f9b1ae4348dfe6b4b04cc58dc1ec30de57d5d667871340ff5ebc3fd3e496
xv/23428.xmv	11241147	efcdf2bbc81ed2598f702a637556082e60962d3f29b8f18268a44bb1fe817a99
xv/23430.xmv	7676697	98ecce78c546d5383a1ca9f43760e669c6cde7bd74964eb2775f1b8f1dc918d4
xv/23434.xmv	14044932	e4edbbbaeb599101148c4f26e64eb4b7518b073a3e6fb98a09b6532fa74dc3bb
xv/23436.xmv	8789010	3a8640b74360ff5b7797324758fd9e260e31d9f1d7bd34913c8c452bb89af3d5
xv/23440.xmv	37735761	d9f34c70f73dcb49a650d526577312bb0e5e009f3a202df9d1a2193a414ec3f9
xv/23444.xmv	312324	c2651a085e5a068fee668f1b90cc81e454a57e9dd4017a3e2460e17d307b22e8
xv/23446.xmv	209764	ec1f241ea56642d8bed6dee38bb3ec70eceeb1a5ef67864d3becc24a11e35f76
xv/23448.xmv	387644	7acff90e804735062b8bad22c60b1d3a7f33df265af397193635d51c1dec101f
xv/23450.xmv	255044	3e7779fda4e8f905d698775c449e16ad4bf22989edce4ff91ab9b176b6fe345a
xv/23452.xmv	375633	eaff3958b032ab1c953393698def18d3728aa79dedafeae9eec0d458c2ae4278
xv/23454.xmv	364339	146b0f13137b1e6436472e2d6bec1ddf54d4d255c3626caee547ad123040c553
xv/23456.xmv	318028	266600c04ced924232bc6e60c82220e8d4d5863970e3bbe7722a48e06e2a595d
xv/23458.xmv	238386	982940cc2bfb2903e4ce5a10031f07fa34a134a78f09d9d04d7b2da4316ce561
xv/23460.xmv	128548	8f7b947e24544382bbbd317634331ea730c73e2ee10652c9bfe0a7fd0074fe41
xv/23462.xmv	156589	173943e24a726b25efd6de72557bbb4656448296e8d128063c286a734ced55b4
xv/23464.xmv	2968364	0a6f902341040d57457f542b7eedfee61712fafa6a6db5facc16e6c39b0d61f0
xv/23468.xmv	1146709	af23601cac53f3c2945573381f3aabf462f611dc715debff9574bd5f89c5faf8
xv/23470.xmv	17368665	5563d6173e9899dc39e52999f37e304b78bc7af27ce127138b39174508eaff1c
xv/23478.xmv	1094988	fdb189a3b664827559af770bf6beddfeeb7712fc44c7ef0d4dda31184fe70464
xv/23480.xmv	403198	0facde2efe8eaf8fff3f79bd8d5f985cb5871768036d55ec823b35a5fbbd4c96
xv/23482.xmv	403243	3b205849d0d9eab188cf1cde189b202c3090b296931107f1ee461fcb6e31e3fe
xv/23486.xmv	2444511	42cf3816d1113ba9db50c31a2dc40848946901862cd517e73c280e4d529e26bb
xv/23488.xmv	2932656	8f435353f375e7475ef7b210d98b1535d6b28462c028d2e4cceaf2daaf231a44
xv/23624.hot	48	df8c08943512eb17f64512bace7c10f52c1ca1aee24af2dc27c87866b73fecbd
xv/23624.xmv	868902	54fe116ed45f60a20f39c28cb3a746a03a7049feecbf97bf19d476c5c26d7a6a
xv/23628.hot	268	7cd1cbefe2ce7977555f242d068ee4a38ef34de6341f4696b96f0dff367cd9b9
xv/23628.xmv	8056631	141d09e78399f6923ccb6c2d3e12ab3900a21f160997456a88b4369a60480b92
xv/23630.hot	68	c1d4a8c3ddb2601829484c98defe92b0329c633ba950cb9e22709893ef41e018
xv/23630.xmv	1971622	bf06f0efd511cb18ddf4454c34441784b6733aa8aee2916c04afc54ba775feaf
xv/23634.hot	88	ad69862efd61dda40816916024ef04939e42f0060692c3b0702d62f7c0120143
xv/23634.xmv	1809300	2e6c0ecf1796fa3241f47930e316a584dc5dcb3cfba7b2a71a50f814f481bed7
xv/23636.xmv	693849	1c72c6e0aa2f35a0e92d6d3ebe80547af8f545d6456b8fa81b73422d0ef9ee4f
xv/23638.hot	28	a7e3b11e58add7af3ac7ff4efe6438d1ae82d508ec00b799f8b9f664b79d4ff8
xv/23638.xmv	1003941	1c1749cbaa9fa6765c21fd3f8b5a24d918f68f13c740c4d21f9bc16dabad3145
xv/23640.xmv	869163	03c247570cb5ec7e1c6e38abbecdd80999ecaac66afb1b603253e4ad0fd48ba2
xv/23658.xmv	481486	2d6a01156e65bdb4798a7d7d083d438b0e3c84c9acfba2626b109840b8947fc7
xv/23660.xmv	496062	6478675f66f7dc113f0555d3f5c10a558d4d9d9b0741447ac632ca3d95011679
xv/23664.xmv	482060	580b2530df80e1669f6ea5b24a9f8c908cb688d02b1e022f26b74286411302f0
xv/23666.xmv	586850	7803ba2fd6dae328149a5fbf2cff4b0cb326329a2da495c70f66013efdfec34f
xv/23668.xmv	571485	38e7d3b6f64bc97ab2a5397b0c9d3065c15ab49c4c56cfcb7d059296884890ec
xv/23670.xmv	587472	56b3321df9d4d3f03ab0c444140a7c97329ff552dd09952b801e8c763df93382
xv/23672.xmv	346030	ef8ae187b581d7570b788262801a601ea315f5b0cc1c0380a3e54ef74d17f22e
xv/25230.hot	448	63520e4d4799c23c3273ee668eaa7cfd73f445d3ccb4863bc8682a5d802823fa
xv/25230.xmv	17349610	008c27b02575efe6056125916daf7f36022c4283720b7b5e6e86b0458e280e12
xv/25232.hot	208	4e3aa7fea6827e55d60b195d2c8c00f0fafee7b0fe64ef3e82e0d7bb6e09f547
xv/25232.xmv	8910220	92c2b3d485924b7bb5003a609fed45c6dc0641077caaecd53330accedfd7ae90
xv/25234.hot	28	9e1dd03da12765a60ef4e9a6f4154c850cc4b668359bfdd4d4740c8a86886ef7
xv/25234.xmv	1156774	749a9bcc250e7c09f70c8794c49b54b974b0bb9da1190a5d75852a5abab3ed7a
xv/25236.hot	508	e302ba29d9d954bf2675195e85a0eda82ac54ef9cb91efa77a27949f20871c79
xv/25236.xmv	12083777	224a391d4031a80107239a897af2382e61e4b8c64d22055fb8e80e9c58951179
xv/28398.xmv	1063717	fddc3ef7938b202b32f44782682290d212f7a58b2402dde8ea3da5aa9afe75d1
xv/28400.xmv	1053707	4c688bc29388ebbb65c42a9bab912f196b866f2010498eb3a7613a3b7d3d2917
xv/28402.xmv	1294552	452298bfbae123d282b80cf1456f719142e6deb4bd48fa8c43247bfd8791acea
xv/28404.xmv	1278046	938fc5babae2e8e3763f8911ba7bcba190632923122d86b5ec8c8ce11006c50a
xv/28444.xmv	726262	0bf87db4bfd0d461f2158f85e432aea9fc8e550ef44b8500d5ac42f424504c1e
xv/28450.xmv	780348	7a51aebd62e69057d4869c1bf0fb821bda487d97a81087c02f20db2ed2c4a2d1
xv/28456.xmv	4208495	93683e9d4fb50a2bff28651643b75baf3df83d38028cc04af723951075f0ef68
xv/29078.xmv	2171571	fd066aef8afa80991a525367a8adaf625fd17488676c072c091cecef8a2ff1d1
xv/29080.xmv	2076846	72df1f6d533361a249bec69c491581df08bb813de5a009d56b4efd35fd85978f
xv/29082.xmv	1935170	6a6c3d5260dfbe7b64ab4a36d6b0d7a8508ed0043684644c3a851d9131250ff8
xv/29084.xmv	2059039	413cf271946275aeb3e2ce451fec7007018c3c734e490282dfb582a0c8a9f17c
xv/29166.xmv	2250171	ac3356535d8c812a9cb453267a8ef25a8f30d06b4b04768902a1036f0acf63d9
xv/29168.xmv	2134414	c16795512cb99e384e03df756bd484c7cd4070d53641802829a3130f7ebdf885
xv/29811.hot	28	27e5814735a4840d29b28d5cde7dc44dd3d86c10830536a0b6c9b74d21079a84
xv/29811.xmv	822056	0d98936e047829e608f7f0a33aaafe6b3812dffef8f321892a2e6eae448ec57d
xv/29927.hot	408	0ebaf0506613b89bfa80ba0d2a8266a98219cb3561d2be9de4cb391c4962e841
xv/29927.xmv	8325542	504bdc619a018f46b673aad97913f9c24244f482927afea7e43bf828f1b0be2c
xv/29929.xmv	683650	53cc7db1b7bfb5cde49efa8f2a94345de69c10ac6d94886e72ed57b15a0c759f
xv/29931.xmv	690556	90034a8d8831fcc8fa5464ece2ad24b59fd34bb4aaa50e073f022a2f6f1e0a5b
xv/29933.xmv	488909	3aaa56ad3f59fea194e5c1e01b0b94f149e7f2306c8111f3294c4733758bf88d
xv/29935.hot	28	0f59411e80afca4246918a9c9b6b4eda8e2e3f271f4818428a45550e879208f6
xv/29935.xmv	781038	0a6f538f126eb6945e1c377cf872c1288630f3c55676f9b1efa7e6fad900c160
xv/29937.hot	28	7b95adac347f7390b5ae0199daa31f21691cbe9bcfb831710a62793b9b7786e8
xv/29937.xmv	736789	e6c9c64d562e9a974566279b67d1ec19f31bc798f33e674507f7539c3f9c9d67
xv/31042.xmv	556753	b4a080ae66bd680f2449a6ec26f8f9d16eae890eeca54dbd6da6b66022cfe8a4
xv/31280.xmv	249762	bbc84b0ea855118b93575099655277194fcb3b215fa41cf12d69af48a3f6e089
xv/33308.xmv	467360	8de76ca821bc1cb65c954fcab70c6df8aacfd40061b6e98ce3d631123ef4189a
xv/33401.xmv	528380	0b77690caa1f4c87581536c7ab9d77b11ace2eca71855d27f072c782282c5b76
xv/35990.xmv	914812	b166e6a0b9d74dcd149fdd1736795eca3e98d1b88a8dec9e7cf7ede7d631803e
xv/35994.xmv	719950	317efa938a73e3a2bde6e94d63286a0ea90a78df5dcb1227aeb5c6e944c74b42
xv/38448.xmv	12179132	3ba2356cd067d6a4fa44c9994e9c4fe8e3284d41e0cfc0bdeeda540ed2328217
xv/38767.hot	48	c507a80be5d78ab6f60437326efe1ca141ee91cc66b1964bda4bb9ab2246a0cf
xv/38767.xmv	3346599	0faf0f1b79713d7335de6381e905df534d015c763835be4052d46d0238962b40
xv/38792.xmv	4936683	3237cb05de94dbdede6d1c3e3664898fae1f2be94d03af62c656d64b8fd2fc9a
xv/41314.xmv	12030662	c8c063f48baf6164137f146d6596abf2c6aad4ae65a83e6300ab4a83ed66ec7b
xv/41316.xmv	6239374	88ef62cd62cb900f679e7f2ef3a6250e6f7106e49b175aafc7675a791072a76f
xv/41319.xmv	6668619	f9cb44a9db974ce59d89f1d4558b236c13067551e89a8e5db646c700f7f01e43
xv/42912.xmv	1149444	63e4aa4236f78c820d8932bf715e01f092cfc43fe0828c4ae65a1e0ad529c20b
xv/42914.xmv	2125259	25e675801ab22cd2b82f824090445b0a2076ed0d7454d6499fdf01a881e1c61f
xv/42918.xmv	1187319	579cd8ddc035be3bac054c5b1b1b7a2e04e124008fcc98a848b942df9b6e64c6
xv/42920.xmv	1573175	2b4f184596c5c6dca898a34c5e4cc65fd8bd88a7934d9007083d9cde10ae4762
xv/42922.xmv	1191363	db432d5eaa37e349e69d12e10f8e293886a342a7e7b8adc4991f651fa58550da
xv/42924.xmv	1263610	49a4e57e1fa175392398b6672aef842e47ad768be0d0d2c0b92a15f03cbec2e4
xv/43070.xmv	2136297	3c589fabdf78cca67a01cc4cc40c44848ecb0f01997e7e849ae5650ef3089c8f
xv/43085.xmv	324343	a5730e6a970b1b899d31346322f887522f57e4d72fb5bd6ca793e9883c05152e
xv/43088.xmv	945743	da4bf8f1e7d7d56e3e2c08a73f77c490bb6f6945b864f3a24d938069c03f6b3f
xv/44099.xmv	9420138	07c09b51991a8fd1b9fbe69bacd4537fa0313985a30429b03fdedb85900065e1
xv/44104.hot	248	3a80f54b7a43ba9ac2e790bf79c4206ccf121c00b16d34ebc53ad4805aa89445
xv/44104.xmv	9079860	0f703a46252fb61cc84eebb9109d35d93336f70ade8443bb958cf4c73c5acd4d
xv/44483.xmv	2116391	084cb9883bcdb32566740c2324abad8f177e62ae0f7fcf4536ef4599d8e7967c
xv/45858.xmv	15735434	73030e96b40702b72f483dc43bbce4a13f02f1d13e59355bd09d9a1c8a42bcca
xv/47536.hot	208	9bf5e7fcb4814d01e13e7557b2627843687f600bf22d90d6e8f3f441137ff04c
xv/47536.xmv	1980981	e47872f95585b8638d2065cc719832b812a89d6c589b97f1f65f1e6f6636dfe5
xv/47538.hot	28	a5b51b33fd65b3c37088e7c26cafd8a2160e9427dd16b434f9aa69d60184f5f2
xv/47538.xmv	1143703	9f89ae5a29ed52e9736ce187efaa7e678b9aa3c3173474669db79896678732cf
xv/47540.hot	28	10f1249b606a34150293865e76c2e790b949e422f4c676bef28df63d0a22df52
xv/47540.xmv	1433673	7db21c5c9f7d0d6d30e91d4c815446fae946b9c4dc76030357a74450d8a03ee6
xv/47749.hot	28	88ab85679ececd3aaec6eff31be36debe95c30a95748cad7a65deb35f261f791
xv/47749.xmv	2302248	ea5a33279eec2ed759b950393cbcf8da5f1d6c28b2064255439bfca5f1adc235
xv/47750.hot	28	0f45215f550a2e3012e7171f7fbc45910d6273b5caf61896768abef7ef3858d7
xv/47750.xmv	2837802	67bbe7da145a10a2f7b5c9a6300de069b8d7a99b6007ee3696d9a9941cece6df
xv/47751.hot	28	dfec852242c9fdc787726777d1fb9877e5ae7e0cc416481527130156e3fabde2
xv/47751.xmv	1712745	af3f91533fa5404841d16d615afbb57cb7b7176ee88192af57a4fb949ae6841a
xv/47752.hot	28	cdbd7c687173d0f9a555ee8deb9bd7d39c947ec5f50e9f9a8244186fe26e7cd8
xv/47752.xmv	1539989	f0d2320ebd97e2d40921870c44a40acb465b69b7a0f0c815faee9dd7abd9884f
xv/47753.hot	28	9e5d2b07d2576960a3243347679f49fd0be6f0b49b2d4c580977c25f13f192aa
xv/47753.xmv	1752038	5bcbfb964c25a78c6e5680d6d621dc2704b840a8914d86c5b8aa2c5bcf309e47
xv/47754.hot	28	f5d836ce30f76095017c8046dafd0624acbfd8b3077fe0ecd2869d300e6dbbac
xv/47754.xmv	2145234	a32d542a6453255c21388bb91c1d15b9ba8b91862130cee6b32c0f324f1631ae
xv/47793.hot	28	58e901e67d0f0f5bd2291b1bbc8b412b81010d5357c6df6724efa5cca22889c1
xv/47793.xmv	2188922	702a09beefcb77b7b6a1630586ace173007c28dd48cf1006fdddfd3d29fb9e21
xv/47794.hot	28	09e2876404e112f3cc1505444b660294e001dd189e6aa4161b4a589d316074d6
xv/47794.xmv	1605447	daaefea54f3117dfd94778185835309ade570739c78e226d2baa7e7254c98f38
xv/47795.hot	28	adaa24197a8739135bbb93067fa06671e635553594c042edc0aac8ae3cf32926
xv/47795.xmv	1405296	8095f5b6af220a4c2c4a6a4b0afc3653292e7b165879f6490c13d0fabebeed96
xv/47799.xmv	358622	455ce0ffacdf727934a1712882333893d4de01c99402e754845d64d6a64f32d4
xv/47801.hot	28	02b1c4ce35e45543913e5f72450a2e20f57f6135d922049d231e1980583db104
xv/47801.xmv	551090	eb3e2aa2abd35509dbfccf2664ca50f3d355188a03cc15544be59b7ed8dea6c6
xv/47805.hot	28	1f16f0d3676d3311d0c083a5634728ecf7805b944ceb9eb60649283fdd56626c
xv/47805.xmv	806308	3386bf0bebffb9723e21609c50bd54f83ae178dbb34e30f7c794775b54888f56
xv/49013.xmv	6965847	28ed5753cff2f6cc169d84e527d3b963f2e885fc1b15bd66b5aefc3a1ea313b7
xv/49014.xmv	760411	4b8d67d96693da72874b790c34706d685882153ffcada046118dccd3a89a6f30
xv/49015.hot	128	09f0cc9b58446638c36f89ac15de0212673544411fc0074d59fbbec44ad05117
xv/49015.xmv	1827538	befc99352edc07411cbd492045840b704ff33410dbc50a5d28026876257979fd
xv/49017.hot	148	f8c860302fbed17b6ef8246e4e67e3684d779b7d8ebc50eeac78c5b9b2dc6476
xv/49017.xmv	10728167	468e3a80f95516e950811398ba9479fb67de529a7a52bc1ed9627805404e98a0
xv/49022.xmv	314062	2163ac58ea9bb3d32a0d46b9792a4ee933f662a72e47b3df84c1d927a740d843
xv/49024.hot	88	bd4880626ab1f67dee0c61f687d099029a10570e2acaf377e5e7ecc1411d3cc5
xv/49024.xmv	1761121	e0917f0174b9c07f84da8eaab782592f3dd17274c89efea2ada9734ad8ebee2b
xv/49025.xmv	6477305	2c0e4bb8421f15965692b79b047cc9c25b5c1a2406bfff4ec65dc741646ed8fc
xv/50405.xmv	24598	4a8cb4b0ecb8e2cb40beb2d6dabac91295ae5050d6e885e9737f615e9a932646
xv/51167.xmv	1137146	82af224fd493b0a95be062a7d6517eee3af7135144a6173de2c63e55a5c2f7ad
xv/51222.hot	28	4b436799e0704b80ddd7e6fefe27e5d5b78b902985c50211a4c4233dfba5048f
xv/51222.xmv	1072705	e134e3af45a78c44813fb54cadb783102783fe6c9beab3e244f7516083eb6ae6
xv/51224.hot	28	a681785f6019db6cc18649c012ae5c13dea103bd0f6ab557d99ec460e62dc906
xv/51224.xmv	998677	d05d17b93f0a95fd9173fa6faf1a97660243c016f88cce3a5087653101e5d9e0
xv/51226.hot	28	e575dbacea9766336c76b33d5bf58fde473713f1d5c59ffdaa4dfdd1fca3f3b8
xv/51226.xmv	2660541	42b9c9eaed3eace518ea6754b6d03610c8539fda37b679c1704772cdd9b02840
xv/51238.xmv	145874	04537a24eff865cacbbf8bc85dfa6010b11f2a1b12f12cd53697305cdc80f651
xv/51240.hot	28	02bf665750bbbacf43f93b0edd50cd385a9465fd53c9c80e03aee72b92606452
xv/51240.xmv	939598	a1bc7fe70e3df80eb555ad6ed0c9d64874e2211b5305af79c2d1bc8483bd2b2e
xv/51242.hot	68	34b763a55454c899719e3e582b561bb42872e44c5008f73c5ab556df65aefe57
xv/51242.xmv	1438650	cb95822b48f944187a64b3ef33cc277b3ebd191dcfe564a742ff4b6dc5ef9361
xv/51295.hot	28	a1f94f024b87afba30ac7f4987e1124b941f5ce9e1a636201a9ec1b7e135a54d
xv/51295.xmv	1643062	3d2a2a9684e9e0fc1c11e454474a46ad619ed4f3190795e214b5c5097d474f25
xv/51301.hot	148	8255eb2d2efc9862550a0bbb727d97966decd400ba7b74eded85793566ee6f0a
xv/51301.xmv	5113126	b439cd1ce5d0536b70409a91a764bbefe394151d00459c9526a7d699200fa461
xv/51304.xmv	291129	e07315733162c54cc234c60306520aa5e3ab8a756b101f5d233f6d8e95ddb91d
xv/51310.xmv	2045249	da736785ada9c9c1a23cd19809eaeb2e8e059a00f69f2b0764d16583aee67e18
xv/51312.hot	28	1b27a28d99b965532f59860225452469ccda4b3f996e3825d13a956950a58db3
xv/51312.xmv	2109025	5f46a158779aaa5eb9e57ed44314e1fac198d079fea11bd665d2c08fb515e441
xv/51314.hot	28	f36d261598a4178f09915ad835e620049d8513c7a90760437b4c72e6333a959c
xv/51314.xmv	1467584	96b9f7c9c43a41240014f4b0d19e003b57dd87dcf8770cb1af51142298ed19fb
xv/51316.hot	108	75a48867524e1a3c6c41ca4edfa09abe0df4ed42b4ba50b30a20b66f45436a32
xv/51316.xmv	1966901	1526e43730f46641ff422f2c1a8db197f35fe14180c225bc93a77eb1c99e55bc
xv/51318.xmv	1446605	ead586cab5846f602bb29c058882750abb8b91ea5b76b1f2274a20367d7fbdfc
xv/51320.xmv	4057155	0d3b425e560a633ceb33ff1176c5e2ec04a9709b783544e34de79fe580925514
xv/51324.xmv	552936	fcf0404193b9d62a2d8745e31089d91362f310dc84b1ae06893d11be5aa98f50
xv/51326.xmv	537245	43a3a7f2562510e423c34272a38b975074c89f7eff4f13ff7d9e0666428879a8
xv/51330.hot	108	ba8b6a0a67cd93e5141918fee756a88c2f001f4586667b6b349cf7496133261d
xv/51330.xmv	7413586	6f9225122e62bf59ca53c4da8ef181271be07f29cb657b56159275496fafc629
xv/51333.hot	68	a1977222bd90fec19c77d39302b0f1718e61633a096911e08e3f41d3bdc0a2f7
xv/51333.xmv	3288550	2dfc6470cbb2cbd83bee8f4bd5929f6513d35cfb2888b5c5defbb8c135430b1b
xv/51460.hot	28	34e2f53b2dbbc66af7e30ab35f83bb2690b1d113311b6a2f8c84749d96397565
xv/51460.xmv	689575	8be9386a8447d2e48d9244d92695662c5ff8b2a8afb700696acc87623ed8c37b
xv/51462.hot	28	e727af4e43287020d3012ba6dfd2145a06da367b5cf355866b2507f5349460af
xv/51462.xmv	1609846	b5ade2144c3a7d2eb246c0eef9f8aa95f429bacd29923c8d87e2e146719fcd1c
xv/51464.xmv	360870	3a72c5e000ccc782019e884ea8f08242138056a0f5801ecf485236395b0e6e8c
xv/51466.hot	248	5f4c9a7622b26b665a5c9c55130a8787bf88f7c36ba3eb46d3ed4281600d0539
xv/51466.xmv	1525708	9454d47862e306bd2a28ac531c07b1c36c78af4f1037b6d069c078acf4e7aa88
xv/51468.hot	88	1ba563cd701545e465b4e392188ac7356e8eb1e01a70d17818c5812fe5a4a367
xv/51468.xmv	4722639	54010d7034d03dc31f6a91f126dabd6e884e66186cce58d81761dde2d0da6052
xv/51472.hot	148	4eaa2138a8594f15fc1803d3a77f5623bbe91e8c5fa9c9d947c75066c512360d
xv/51472.xmv	1077732	032a4a93483e9ccd91ee256903c8896649b8393f8876a545b76c509a565efeef
xv/51497.xmv	237621	f31e23e0bac52d2ad151a8101f4410f600a163ce74e8ded3248a612487cdc94b
xv/51501.xmv	181860	dbc65860554fb462b032de232b9591bcf1bb1092742f9533efc69313211405d3
xv/51503.xmv	348503	b1ba0be73041133eb7d63df3951ca830853093acf482f5d734346301c97b417c
xv/51505.xmv	257643	943cf0f45ccd6da7c7586e6e8a201fbcdf3c8c39b32c624279595961de2b0e37
xv/51507.xmv	230276	06cf0768533052eb689fbf61dc4facccfbe40598923f6c60e64f67391c9585a4
xv/51513.hot	48	cdcc63c26e704ed22aad20ab3348054f5f66a5778df96d08563b4c64cf65f45c
xv/51513.xmv	1267606	65112c5f3499e00b8ceee1b2e6efe404e9dbe9008aa010e0372625f1d75f1e21
xv/51515.hot	28	af7f3d9a791e9be5de56a4e25e4cc42f86af2fcde46ff97fa43152c71c0731b0
xv/51515.xmv	901412	c3d5374a6a4ac8f3d9243d3e4dd42915da8cfe602a190a561131f2c8ad92fbbe
xv/51517.xmv	341788	7a0407d3c497c362727f22950237c9350261bb28268b2374367e5f70c578df1f
xv/51519.xmv	334539	94e0171c5049cedadc917b0e30d084a25ac2796c3f6fddc536174ed6a2d04407
xv/51523.hot	28	0f2cf2d8fc8e21692ee1da39cbb95de4403b6749220b5053fcf730e7e87d4fe2
xv/51523.xmv	1069064	20d85a910027d8bf36c4015b19d0b8c27b6d2148b803d3aa6256475bd53407ac
xv/51525.hot	28	4e5193ef2d18f4ef6c7b2fd9def93627aabaca32ba71426e3c3bb5b89f427901
xv/51525.xmv	526493	17310c288944b7fae37140f2e08b53c374304017fc1b1e350c3390d935df38f9
xv/51527.xmv	4894596	5f3ec622bad920a7a306b3fd44b9d09a2e689b0a6939e86783da054852e34c4c
xv/51531.xmv	571019	c01bc27eb13cf8a5ebb2aeed53fae02842de0593e099dcf2abae7cd08582c712
xv/51533.xmv	694477	e5ee1aa73cfa6a81e53d313ed0430d9f87e96a362906abbd2aba2007a6e52105
xv/51538.xmv	5232708	de397aea613601e6d1ed0335afc34c1481e26afbc23f2542a334487b226d921c
xv/51541.xmv	480490	a5aac7138e419db51cb8e2428eb71d74d01601785e3ffb09c84de372cced8cfa
xv/51543.hot	28	0dfab3f729f9b627a4591dcd0d1385181c4e24dc60660aadd2260095f2e2e4e4
xv/51543.xmv	1556937	433d75f3d10367bd3d6a41101812a064f2dbf3d72ec5374f9f0b9260c90eca62
xv/51546.hot	28	25bc9c30b007d091ce4e6c377f067d0215e79563a56980beff1cff17cc382097
xv/51546.xmv	1513734	54337620fc50d7eb1e967a1df5117ccb00e3dca657e8ac1844640714027f1d0e
xv/51548.hot	68	22af5e8baf8fcdc3ddcaaaef97394981615ef45feb0dac7d0de5cee1e1246bf7
xv/51548.xmv	3317456	03c98299d4d3667ddeadb6aaed77ee64b6ad3f0b50676bf632c3de84ecbec13f
xv/51550.hot	28	20cf744390f962d908a0828bc9bf01222f15caa9af374a5aea519f358d40e8e7
xv/51550.xmv	1061169	104764becc9635e39b3c2be4903be1553f4624d0f9ce219d2e054d771af9a2b5
xv/51552.hot	28	1b489e80cbe5a857598223fd8750820b11b7be1e9377bca20f077d0c81ad0ae1
xv/51552.xmv	1539026	bb4b9bf1e136f84c946999323d2e2152b6dd0c5fcb854ec746962cd63fb40b3f
xv/51554.xmv	644454	7f3918e4af5979fef0d29602ca0a74a33f8e8480ee919f8e9fa5263dc586e253
xv/51602.hot	68	06be9c9786451c37eb39e1eda73bb2c9db91339ca62437e7c418a2530547d92f
xv/51602.xmv	2550059	1b0c1d558858aac0f1e1380402430585421db4ea172be09aa77b905d6c34eb98
xv/51604.xmv	682038	732fca6e9b8f441c35b166e07822c1cd8e858a0eced262815ee17a86d2759725
xv/51606.hot	108	cd393e99f75ba68a2c4f4cebe88b1bf8d7002eadd79a106ad8338d9f3e690275
xv/51606.xmv	5674717	ac526c8e5fe62bc5ac89a18b859d7c5e7dcba51e9f6a2b3aa3fef2d7e7cc3818
xv/51608.xmv	586101	224e06276842fcc5a7893293a19ec507151781668b3e2ab1e5c4d355282d6e0d
xv/51611.hot	28	93f05f2cb68e70d968064bc479cd8dae16cf4e696770402018fe568eb3780b64
xv/51611.xmv	1238612	7679ad0c29ee3a8134b80f82e8c8868d314b96fb1dff98086d1f25eb12544a4a
xv/51613.hot	68	2f5cf98c8e8b7d0950c3ef7ed254eec60b420ed72e599cd54325d88e9528d0c3
xv/51613.xmv	2514333	9b1cb6a29722b9b719f6ceca9504ae6c46eedf678f78e3ef75b0022452b85f46
xv/51965.xmv	3441369	0255e61ada68951b0eadfe26d4f43dac95791d9eab934adc06484751851cc633
xv/51967.xmv	4449004	8cabb098304fbfbf558e85ce5ca678a52684c287ce98715346ca0b539dd00a74
xv/51969.xmv	3411053	6664627ee64e4cf2d46c63605c9922a6989a43ac7d8283f2c03d9131bbd08b3d
xv/52547.hot	48	bcff2a10d82e6bbece2ac60bc70d6722b1525c93a29ca13ed39c9d1555a2064b
xv/52547.xmv	1812116	7bc2a64ca02a74cc9b9642659f71d7cfc07da4293429cce55c5db8a59818fdca
xv/54108.xmv	1239372	764fa1bb57dd9daee38f5b006cf3085a74455792f8c151fe7f26583011f0ae3d
xv/54663.hot	28	cb0c3ab7a936c634ea9b8015a803d0aaeadddde55af6aed9bb7878f8c9910b51
xv/54663.xmv	1767775	a0655242ceb7733fca6bfe1e770670344f87557477abfa94b12947f8d58c93bb
xv/54665.hot	68	27aafd9a180ea76a6b7ab8a7fce1bac8600d23512eb684841b72f7e73de99fd8
xv/54665.xmv	1537697	5e0e9b96aff093e9c6e0514491fcfc65a4e6db93c4947fd6a941b4c9c295c96f
xv/54667.hot	28	388fe9cdff183cbca688d41887c5b1a6f442a9177b36039a75c0728698b9bb43
xv/54667.xmv	1750932	c46bf5c3be4b9e13256daf8772ef0e971c75f942872606fd00f99c26d63c81f5
xv/54669.hot	68	54692e987363f5b08cf7a7daf3bdf19b197a0039fd61e1b55f1cec0452071018
xv/54669.xmv	6515478	66911222af8dfc5f2f96f74000d55db70b151f22ad05cbac9ea51b1c45d062f3
xv/54671.hot	28	93755cb33685e6dbfe398eed2d63e7a34ac29e1c7caf338b8b09c431a4a89d29
xv/54671.xmv	944657	94b4ea052b29b492c64e234aa945700e3aecf3d164ddd482482b830f660ab1c3
xv/54673.hot	28	68786991f72281baac430623ca53dfd827cf02480c5eb249dbc668da43421987
xv/54673.xmv	2227048	4d37a94149bd9d373b0f200196411956cbf968739640c983fb8362d8cf7812ba
xv/54681.hot	48	6b9e225594d24ec8ad9377dddefe7198cae428db414caaf345ab75525424b2f5
xv/54681.xmv	3150659	c06390a523b9f8d3dc740ca03b7e8006bb8abd8ed393dffc98cba25299f6419c
xv/54683.hot	128	590cefd92a2978f56b1362f1167c91ac543b27052361ae1963f39bbd28c73de9
xv/54683.xmv	5142709	dfda44941a947a3cdb66bd2f6c910e835ffc168a9490b18ffd15cca72994f7f3
xv/54685.hot	108	b11b1546dc7c90c71836c521c76f5b124f4676695bf803f1927856b44a387690
xv/54685.xmv	3037747	9f1e52afa6c1af849446daebd8f3e68622e435ff2bd298786b108585bcaffd0d
xv/54687.hot	28	76f77fc4ac6fb0145c0645a7394f50323be082a763ff67bcd55867d6620c75df
xv/54687.xmv	2264041	fd64c55bdbd4e91bea03f9c88a77c27ee1ea7905425f3d446436374c677b023a
xv/54689.hot	48	ef5b3e282cb817adfea57dc5262dc8eaa2447409d5b51720f1c7865757bdc591
xv/54689.xmv	2368158	ce101b81c5d24634930ba65d45a4a8e1ce65b2bad4374422afd33badede5b7ea
xv/54691.hot	28	e601f639668e988978386442e6865ab8ff8712cce4a15ace43ba8a83cd6aee35
xv/54691.xmv	1465806	6179cb19f228fde2c473c5f320be33f3b64cb21bc4733557db6458843cd5ef5b
xv/54735.hot	128	7148e0f1de84e28da4582803880b4a8de94ae94a34855e12cbdce230120fa167
xv/54735.xmv	5473679	cc860b1b97a9fcda218d571bf47e18d89f91dcbcceaf2bc29cb4c9f830fa9ba6
xv/55043.hot	88	f955292c238a48a7f4414b4f845f4d64ff7bc90311687f69a1f277b5ea465610
xv/55043.xmv	5354393	6d9a57c1a7f894fae9e7f6f6046943a1b7476a8731ee88b3ac24e9aaa0e1ce60
xv/55109.xmv	485526	8e668f1284588b7555d61c323d100b46434a20aaa97148cbab0fe09cdfd68379
xv/55114.xmv	3594238	67e6694ad50ea34e80bc34cb7915a186e2fd1fb30d01d7efb0f10cb32decf70a
xv/55247.hot	28	873877ddc6b82802998209609277881db07e627d81cae0b78ed429192c183e23
xv/55247.xmv	932232	20e378090930a3889815eace884bd0fbe9c80f653d4d952aab3fc8e09163e454
xv/55256.hot	48	c849b923a360d2cceee78800c352ceac91798a5556fdba3c7e56d44485c04860
xv/55256.xmv	1663979	8ffa19b5e66001afe080a5a63962f71ae59c6668938e3b04253f1631ee71df03
xv/56001.xmv	23391173	2930c23c55c747b5bc89a34e9f9638521e7139d0db7448bc05f3cfd939a73c46
xv/56002.xmv	5238054	e9076817801f06b498be5c987300cf40b234806d11891cbf4d5ee1bd6c2c76e2
xv/56003.xmv	1402599	3fbb5c41fe93739812185e9e1b51d94bf35c3520b19ba0fcf76ad203a13a178d
xv/56110.hot	28	868788ac8a5fe2d8f30251a5d18b5476687f1657f644ead25eb12a60fd35e3ab
xv/56110.xmv	1172429	3e26d1d1f24ab0c6391752cec940884c7a657f36425421c4b84e6239ea30cd6d
xv/56543.hot	48	70238196e5b64b06477e36c97176298f421567b3bb80199056fdd7e3756d989e
xv/56543.xmv	1526723	146d118190cf2e8045480e5e6c2383790da9f8a6e469504919eb3b6ec2d3acfb
xv/58151.hot	88	e8a80fff6af0314d89ac91880b0d361e0f8d859d0671674403ad93982732c0e5
xv/58151.xmv	2754493	143bfd5be1de19f6cd251ba6a0f885c23e039c48c098d305d344b10eed83f88a
xv/58615.xmv	6749514	c45c12e4a8614f5ab3a1d4ba63c419d5e15a6a87e1b189fecefc5fb34634d32b
xv/58617.hot	48	a0771bd3cb33ea9eb686ed27b6c004194fd637451c545d1aad3066666f678ac7
xv/58617.xmv	1623282	3c4883ddac723f473947dced3e127a34245d13946bb73ca14e9cf1d1f191d086
xv/58618.hot	28	72272ef0459432716a4fe06f4df26722adf3e7d1e6d0bd1064ecd4d76c506a8e
xv/58618.xmv	1718686	0c16829434fc758897911b1ded2f1f52036ba510ffca79f481ee6e8111dfe966
xv/58619.hot	148	265868903c1c496ea578a44a7f1f8a7366065942888a849cd2fa1613392da459
xv/58619.xmv	1877114	ec1a6c83de82c06b5ce7401b8225dc7f2529d90c1ebc9cd061f49c4d1c39cc88
xv/61126.hot	28	756d15beb67a3704aa89748a54c10b7d19ac2afeabdd6c3874edb20c92ed7066
xv/61126.xmv	1590338	781a243226a84ad032fd987c18ac619ffb95e01507c2cdce07438d9613d120df
xv/61851.xmv	2346774	9a9667b1912c05be98012f83ad6e58e9eeafbf368f605d2751dd3d7a0500341c
xv/63750.xmv	2301007	49b9807851e6eacecc33a3c8468a05565727efdcbf42e7c5623d685bb6e22587
xv/63751.xmv	2134740	918f0a99399b4184b1bbfe3ef1a6fa6077402f74405ea22dc9109d654d76f762
xv/64421.xmv	119961	327ac36d2fdeb87094d59ee5bd7410947c981184f15d2cfb734a96bcd9837bde
xv/64422.xmv	92693	7840f678e37f3fdfdb5004ad2205f60659923512f06541c68ed4d1261b339935
xv/64432.xmv	104629	40be8dfe9e71630ad1439078b063a385a6a73a435a528cf092f134dd14bff3ec
xv/64437.xmv	112359	39c6b8b661bb5df5ca20bd9f62198fceeb766b9645796777b900ae22bd86375a
xv/64623.xmv	2359303	a4b88e71afa268e1025b59544ec57cda51f0cbbd7576dafd34304b57208f98e3
xv/64657.xmv	164454	3a13a481e21972ae80a80cc52627ba15a683461d70d4796e58dbf5239eaf078b
xv/64661.xmv	3401825	5a22da0750db4eb352592fbf9bff10f37cdc9ffd8c0d1ff77dbf5837e07d4330
xv/64665.xmv	103368	811599ff8585e47764e4a5aa9ad24fbe2dd072fdf56346981fec539877247b79
xv/64666.xmv	96702	ecddb73c626e7ff7e0beb5f773420dcf9e9e7fead856136d07694717d44d1343
xv/64700.xmv	3143413	a1703c9a5d4fd93756e70b75be6b11d0a5588fb5596915b6f1e2b89952405e72
xv/64701.xmv	3109123	ae2902035396a6604c37af5e9c6161554bc75156ab37e221e90384b7a282c3a8
xv/66733.hot	28	7851a960b06b07dff0781f26f6fdf35824e5ace2d7cdf600898fd1574dc28b4e
xv/66733.xmv	3205525	1d378a2bc2edda530759cfac394ea88e28aeeecdec20c918aa7c88c2c40f6ce8
xv/67749.xmv	89862	5776fea790dc13ac062f966a426b1245142d5817a31588006db1a8553464c76a
xv/67753.xmv	80145	c806eae2ac5819824c5e6aa06d267cad4e868d035751bc6a1c0c76c8e34a5b05
xv/68459.hot	548	0a08f48ced4ff9f99ae019b73fa6ff305b15874ee155fbae6f6afbfb6a51da39
xv/68459.xmv	11581474	2bc2f6485fb70900ffc21b394177caf0b310ddbef61537599b7ff0df0ee7adbd
xv/68809.xmv	953051	a2019b8014627cdb2cc2ec84663bd2c6a979e2a683c73488fd39f03eb7a1970a
xv/69212.xmv	176845	4c7e9b555d683e6c0cbd70d805984e8115e6aefcf54a61375158a4cc6eee29da
xv/69214.hot	28	5ce03c24b683c0d266a2c234ab70be9f47ea7d67ac25fe85b79e322d3ec27f56
xv/69214.xmv	792452	14a6a46d016e3922f905dfaa7aa922c0db42161296a0b292963a43e28c2ddcc6
xv/70387.hot	28	c20991a8b6662a944f929bb14094ab7cae2e845245df12907a9e1cf168a9cc0a
xv/70387.xmv	4789546	1ab77d43fb5d0d1716f6b1ff7f6ae6d41c921e725ff27c40900b3b99a13427cc
xv/70515.hot	188	50ea9e81d84c06e9a3ed8926ee04083933251e7e1731516da82dee833b90c441
xv/70515.xmv	9875029	de8b1043bb4cb127af8cb4a68737cd3a5024a53096b4e8b15767a14d74b21537
xv/70706.xmv	2001870	dea0ad0dac50b284c5bfc87e1680f4c0d5590b73a5dc52d44a6f111bb245e7a6
xv/70710.xmv	7911573	7b7f628a16c2e6254c3d3576e8a82fbd44a096d1ef6e62872070f08b403a1308
xv/70712.xmv	10024035	03666197b0019acab8fb229ec2b6942e4d2d97bfa44423ee216ff039448fae3d
xv/71003.xmv	3594240	ac96279b4ecb9c229214fdf009a38b33177d98b9eba3f8817976409cc0d67517
xv/71213.xmv	1515350	1920e221e20dfdb987944f1391a2e78a39a1a34e686dbae3d1fa694f03c1481b
xv/71855.xmv	15085423	124aca68cc7949e16abc544809e738731b2d012e786fcb069c7b8a762205dfca
xv/71914.xmv	12715986	38bf2bfca021a43a97784cb90c1cd7f1edb35bfd7770acfe11edd5c0f04ce7e2
xv/73994.xmv	505647	110fa3b71049d9e503d3ce38fda0f8b3610afdb99b7d337c5ab584316f0949dc
xv/73996.xmv	615194	54e5ec957890ee8e96a84392877b393a7a7c8fe4dfd94a7a9bfc18041b274ad6
xv/73997.xmv	724650	1b687c56e076e4a98813122f7cf1327ee6c58f41ec09cbfaa6bfa7bf04f0d322
xv/73998.xmv	559824	35d48fe7e117df14393f56dbc6f60229c693e611aecc1409b0d691d01a8d71da
xv/73999.xmv	491514	48fffa2fc10b4ddb6c9d4552225da8ec5711a8dadd478f88fee2d1dd486e941d
xv/74000.xmv	546057	3797f3ea6403a6f4ddf012caf5b12be8c75d8760a68ba6be92857670887e6ebd
xv/74129.hot	68	8f38cbc72938c87b4b1bfe1d20db66b2bdc847e9386eaeec3fc4fe31e04d2fdc
xv/74129.xmv	9039811	e9ed6ce676874dc831ef2b3e254a1220b1c4c502fd1102ef930b8be93466f3d9
xv/75210.hot	68	13b42100e22cd17ec5a284b3f9c2ac4a36c69dfdb8968568e85fad4622c4d13a
xv/75210.xmv	3548615	eb4ba043254ecbf0fa145cf29653d8407746ac259cf4f9b50b40b4ad82bd3929
xv/75213.hot	108	7dfb7100b3a873f2c75264dbd6a3c11dc7495b56bb9bda29185d940250986af3
xv/75213.xmv	4863627	d9eee59db7c084b38014fb035707102608bddf80485873ce5cc6b5c97ba6ad2d
xv/77995.hot	88	ed59e15045426691eca050da83fbb7eefe9907c1296411182ba0b58a14ac9ec2
xv/77995.xmv	4651096	99d25c7cfb4e4039db063d899055f209f78babf844fa1caab59edf0610ccfd65
xv/78767.hot	28	68702f462cf59306065751974cfe54cdeef309d05b3d1afb027edb1012ae2c23
xv/78767.xmv	670341	98937591579df22bad4b282c90c28ffc9c32411294717cb97bce99b9a3969fd2
xv/78768.hot	28	4f81f676f4a7a3c75724824a3f5fd4a3554cf4a86784bd3b0dba5a902a18c67c
xv/78768.xmv	745576	5b15229fca827cfb3978a2ec5df203ba17ec1d6604699df28f11612a2e1bdf84
xv/79653.xmv	583672	4f486c248cd8502c17a8f18393e4505cf4cd9efdca51b96a774c27fd0d95ad3e
xv/80829.hot	68	b0abf75e35b7e60c1f3acbe2365b4c9af3dd8aedd3952f34898d35eaa1503167
xv/80829.xmv	3152422	e73064eedb61e5a309a2ca9b8516a2a07c6906735dec6edfca62d33b4d0981fb
xv/81407.xmv	2968259	779ccc4c2a7e77a229d945f28a457b5959297792e10e9068100a4d089c293378
xv/82220.hot	28	7c4df639edb6076f27eebc43d734b594ad63ead8bcada22ddff941e763d0d217
xv/82220.xmv	2092459	ddae88899a0f6c5892aca8a8dffbdc6c9607d7b5881c80630662d67877b4bdfb
xv/82222.xmv	2483945	d637b57b384daf27ff10a2df7388262d70dd98b7e4094c3934a217f1a5d9e56d
xv/82367.hot	48	dfd3c3feb2c47454909e2187cea4804e648a310a00c6e532add51f0da5a9f9fd
xv/82367.xmv	3015380	427801b2b75c8e17523a0ecff70f612c94698a8d0ef40102e7f19ff8099a9cf9
xv/82995.hot	68	f56d8ef724241620b27fd7785700eda59bddbe02d64719d92370cc780d930d61
xv/82995.xmv	1620241	a400052085fca8aaa4f7eeded06b905b221683b233ddbc242f9797e0f330c936
xv/83176.xmv	3258613	52f252932ef7b319c63976b4b363314e065fd35734cebe0dd281bcf8eb4ef392
xv/83290.hot	68	16430f5d420566573aa92eec986a0d738b55687515f94aa51dd3dc523c2affe2
xv/83290.xmv	5742049	5f36b3e9316e146389c71eba520e8cd299e8ccae7758ee70fb78efbbad509929
xv/83845.hot	128	5859054ddbb4d25aef4e0c492b64e7134dabfb9125bd5b21f6f966db9f4253e5
xv/83845.xmv	11813117	3ef7218c591235e87ed853adfded9869c183515794b6485c5bc8a256507ac83b
xv/84459.hot	148	9ed03b445fae9028f5722b966c4ce03d1ab26211563da940843ecce75982d06c
xv/84459.xmv	5120352	6b203631a342ddf7916ef73c081568b55b602e79b3e8233e3e8be70f037abc73
xv/85229.hot	48	347c6aa40dfa616658f8692ee2d2173b8a1d4519ca2a5084d5e3d50a730ac294
xv/85229.xmv	5607768	f511edeca7cb8f935fc92a9444b6af48968e4ae706204a879d82e531b60dfa13
xv/87260.xmv	12990340	30ce8d3ea6f0c264fc75ef74dfa194e0f2e8a324ba93dffbfccf86d70aacaf76
xv/87296.xmv	176837	654477c3b48879e6e4a1caeaed1e2449bf0f7f1c3f34c24f087b2e50f4c83ed2
xv/87297.xmv	182536	a4f3a623d89b69ceac8b12cafdc5fb3550cf1a596afce69a304b2f71abcdfdbd
xv/87298.xmv	207402	640dc3cd0ca60b50055c433017056fdba5920d5fac2a48ccd7ab8171bcb3096e
xv/87345.xmv	357802	42d21d329b6f8f3afdcde5a336049a780bcf9ee81350410972d0e0cfaed41460
xv/87579.xmv	2468132	e8484aac244c9228859d33288586e45569b24d694a3d469fb7191debb8d17b0b
xv/87863.xmv	39641	768e1ddee80220742e3853ebe037c332e3d1979721004965d7accaf7b020fb49
xv/87864.xmv	2780838	ad247d45feff1071900e2d38522b71417f65d4ff3a39341f55d65da39922ba6b
xv/88316.xmv	4148891	ad40ed04fb191a334e88a111562c2fa18e5f688a7cb5ca2eeb144d72477d24e6
xv/88908.xmv	247398	ea78bbf4259432ba1833448447490f000bc17f53a58d4ee1f29c7e7546c3784b
xv/88909.xmv	268181	8e533c7fcfc5202e30d654e1bf6cecb5c2db5fb0680e01a810a491adce0bac25
xv/88910.xmv	366010	209ce71928483a568b6e9239e929714b7d1406cbdfaba7ebc48d770c743729c1
xv/88916.xmv	495110	ddc978eb1726569afdfab6d880675b446f22e84a84c0390dd892a66d36fc6f52
xv/88917.xmv	300534	df65ca2e17d2ac1ebd7c89edc56db451cd19cc011810cd3951ebe84ac0ed11ff
xv/88919.xmv	315867	1d8ae5a98c8f626b531812592a04eb633f0484554f0c30118a36b8553bf6a8f1
xv/89520.hot	48	cd622d0cdde2222681534c2653c9bb617669a060c091aa001586299df700a136
xv/89520.xmv	1520717	493102d7a8585aae3c6c85494145625346e777bcae4083e6b8a50da1bfb9a955
xv/89529.hot	28	0ec8a9a713836311efe42b9defa8783f25499b97a33109b326f880cf1cb5fff2
xv/89529.xmv	961047	e081bb770a10125d2079d51601147d12e1de9e74ea4353139ed18f7647543ee2
xv/90178.hot	628	4f6270b3a625efc3ffcd9f79cc50b02106cc9b79941dcf21f1f5df998f564945
xv/90178.xmv	31091427	53fecf48cf34986a5e692cfc55122938efa8bb2f1fc36b53edbe9787bec382e5
xv/90740.hot	128	d3793b3a74d0573df6b2630e683377952ff790a7e5a96ab5d075806cae739b77
xv/90740.xmv	4160019	67bd3c211ba1b019e386d98b6c3790e7fe726e01b2731a6d268d3f48797a86a9
xv/90830.hot	88	76a84b5d177b05689d939836449b52e146b503cc78cec8a8a3e2e499168c790d
xv/90830.xmv	2811977	814474ff1be91b289f2174a53af7af363516a4435c56ea7d5ffc3b291aa94a88
xv/90897.xmv	327241	db6780adda912e68d7bde70d58e006399a841ce0c4b30df93f13a08b0e522080
xv/91298.xmv	1862396	a2d2cc5ad9fedd5c69b7f905c4b094ede7b8d688bdff3751555afe57bb4c5db5
xv/91379.hot	68	d6e65c213b9b094f88d36ddb53177d214245f7ac5b402b9ef7b919b0e881be3b
xv/91379.xmv	4879487	ce6fcf6f983973b9ed2ceb6dd20cf3ddce1c3cca9b61bacee1ccd866cc7509f4
xv/93405.hot	128	288671ccbbca7698311e59c45210eb17180506667dd789473721d50c7895302b
xv/93405.xmv	5761474	4fd2ba6919bf679a7f73877c9a258f21b611184a35ad7c0b5aa79c460ecb3c7f
xv/93472.hot	168	9d6448a2811eb1bbcc1092dcd2d9397fb8e6cc076d83f1bc347f5c28a89c6b7a
xv/93472.xmv	5579715	de9e984e7e340b8fba21bde650d5b1a1f42c3e3fd290588185bf661c7e0897e4
xv/93475.xmv	1655067	bf9a7afdd0b5cc1e45debe4b0be259da4898623c673c5db67115daef7916c4a7
xv/93573.xmv	822922	14a1a6f569e5c0852344e7b6b29d1b5b28d3ed373f396b93e836551969ffd16a
