dlg.ttr	108776	e7a0aad7a63850c381239ed9ea32e5346847ee39ccbf818f6db80940da7b5e50
hcd.ttr	53472	1965d766053f9b461068e1d008c1bbae532579e7c518a18da9c3c757e0926e70
jrn.ttr	46996	ce1175a2a17ed67012cbf43f3198727a93947df6ad404228f602b6f48c31f8d3
nav1.nmv	6143233	cbeab0681536bc2765f3d5b3ed6757bad4f9ec409201de7f21414cbb6d622d96
nav2.nmv	13081138	7b66daabd3811e041850d450f5e40294716d3ba6f19bc598f876dc7af242b006
nav3.nmv	17939839	80fb0d2def6c4076e3245d6c70c4cfa02fb4917df1ebeebda1267c435211e3c6
nav4.nmv	19376762	9bffc154075d256f9a490bda9f6f942bb8c99a8961074a3a2e8e97da729f8e12
nav5.nmv	21660305	430eb7e5534fd420e0aee5dca810fc9ff4ea3109fa7ae5791a6dfe7bb1d8818f
nav6.nmv	25534643	b81f350a3828cc51285d583f634228f0df8bbfa466f01999fa3b161ff1bf48c9
nav7.nmv	9567585	c1286ecdef195025f5b87682540b594e226bb767473d04d5f1c21697dcf6b1e9
navm.nmv	6671771	88cbd52a9fa657f4d5d2e8e5d7284af2080f7e6b27a37894c605b500a83499d2
phn.ttr	42624	872370a64622a6692103d26854b3d0ae9a8ca5f94053431246c01ccc991d8e2d
x.pff	44107692	c24853baef1bf6a9a1d9bd926a43c614c8ed258afc35203b9501a42bdbea77b3
x7.pff	749980	7cc6785496e54246df5c72edaa674990e3dd62659e0a594085fa23fd0d16ed66
xfiles.exe	3360768	eae65c27f0c026530e363ebc3483a150c002e831e88ae6e04d3c2f3d4da859ce
xfiles.gam	154656	2781e03bc6dd98432f436b4ae711fd82b65173369fe91ad4a0ba1b85606f00ba
xfiles.hdb	6042472	4084bddd73fc9268bc0aec5afb244af754e1182c7b0a4e21b0b33a843287a912
xfilesc.dll	22528	c7359d480218b200adae949441b34cef62db7e1b64feda4a6ea88e59921f3323
xfilese.dll	26624	4026e3fbb4f3f2b8d20a1878adb90daa0fc8a8c97bfd318465dace209da01ac0
xfiless.dll	27648	11a8075cc95736ba7b265d906ff8d55fec9f7a2b8e2c312f5d6e77c123e261f3
xfilest.dll	78848	62e5451bf3cbbf9b8a3c65ffa08c23373825e4938315e5626dff5507953d2cac
xg/01556.xmv	173311	bf981fe6fd3380e2931186ead710c19777c296e72a21dedb35f10428cbedf2a6
xg/01557.xmv	169796	e47456b33b0791ee34240b26fbdd5eea84fec0ac8a39aa1dace54ab7d121b36c
xg/07093.pff	4940	cc7e9a7a7a2ac82628470bcb7330ab3febf88820d9335be5610484a0e8369316
xg/17477.pff	20746	498e06177fafbf4ee931f206f01980f664f32a2f1c8c5a58f101f41a2b6f3eb1
xg/24465.xmv	84745	17fc1b715daa5af5fbdfdc84c9a0864746acf00f5f6a0e3af403a40a8023c31d
xg/24467.xmv	91645	7df07b5144c74bb212b34683b5afb68afa76371495dcee7769dcaa7f17a0cb39
xg/24469.xmv	94285	c298b9eabfc9bb31fb8c4cfb9ff61f4eea1472fc261989c8f12ac57eaf97998a
xg/24471.xmv	91577	79bde02a6eb850f4c710e4724ad6d4d0cc7fc811acabc5f57a35d35e7bd66d63
xg/24473.xmv	78761	51ee6f271264aa57560305d029e857eb927c18139fac02331916b8e88ec90919
xg/24475.xmv	94425	fedcf5dc4ede65fa466ab18172ab9b49c943b12373629d220c824bbedeca47b7
xg/24477.xmv	118969	1a9dc68333549ebf40fab7b45229044497a3a9de9b558c678362d321e1fb5eae
xg/24479.xmv	90757	8ee58764df4bda485e48acf38aeff1173100582ea512f6b8c5842a73fff562f8
xg/24481.xmv	99357	03e107858cda71fdf5bce09db30df8dd54f24ea39e01ebad6d59c1eb3673e9c6
xg/24483.xmv	101389	b2f6c17e8878d2338d0229b34b9a39ed164f73d55a756065e0cf3f4b31835806
xg/24485.xmv	118697	139ea3fa91af2b4ab51f9518adf6f1484bb99d6ad36d8a82b07b520bd972d6a2
xg/24487.xmv	152805	5d748d918306291b2ad643a4aad1b94ac740ea8bf290964f967e6b2b8e26d48d
xg/24489.xmv	148649	53a98d345716714ac8caa3aa7fe1dbfc9fbfbd934863ee834c5989936d85e347
xg/24491.xmv	74637	1c8a6b3519e1eca667d6fdcb0606cfb12aeaa4513f62e044bd421d37a1e70a0a
xg/24493.xmv	80273	c21e4fd5f7fd4e22c0a553d4e5f826787ac8b6e6935fee111ef707a725c20b0c
xg/24495.xmv	96869	fdd305f4f623de9fb553b440f2878d142cdec25c328bc99362f12bf332af053b
xg/24497.xmv	102017	894c4f1875f84912604133a1efccba4c1780dd42145dbb51eac8d88b54d5def6
xg/24505.xmv	140745	ec3978b5c70915d0c7865a3bc221631b1cd705b02fcab38ea755ae5838ff60ad
xg/24509.xmv	91469	f77d51672868a38cac53925dc262f2853851eca45a0611933623ea92d5fabc5d
xg/24511.xmv	98349	4c8603735d499f56a100b0fb06804e67f424980bd29e7d717d6eae297dd2c211
xg/24513.xmv	52497	50e9fe31be11550b5a0b31a192f7b9f9ea077abbb95c7a014e243ac086ec017d
xg/24515.xmv	114105	d68707735e51c091ac8fb578de2ce714d91a167ab9ef510b3949ef1317fa1e67
xg/24517.xmv	94233	d93d72b2669391d8c1c94fec2bfa7394937a46548b2afab06f8146454ceb9e2e
xg/24521.xmv	142785	2e2bd2a84d35f8c303e2984165a26e6f87d77de1856752be0383dbca109da26d
xg/24523.xmv	75497	8e72dfa10ed705230fc49db359f80d9a633929ef4c33c91313a35b65fb312197
xg/24525.xmv	103777	2f8fbb82716a3bfe5d1c6734a34888914a341bf15fed2707c831749485f01ecc
xg/24529.xmv	84117	aca833f9dee4c6c0928ae009f3f95b066d5b4b1555e16ce19c36313be3250544
xg/24531.xmv	42797	d10c2a454c9fb6b77398583ca42011fef935fee788c1bb0f771ae0e6257cc5ab
xg/24533.xmv	95633	f41059be175bcff571343771de014e8691c9eaefe534426a966d00df393a391c
xg/24535.xmv	112241	58d013076c67cadfcd88f094b9285678119ebda88435402620a7740e8c93ca3a
xg/25538.pff	35158	0c00d8fca2450f7e01073b3962705fb73ef49b429ea3537eb0b68d7369ac22ab
xg/27684.xmv	139477	afcf1ddd0e5a3aea61d1f4538218285ee7385c5150ce82106cb7c2b53104e309
xg/27686.xmv	135569	1f0be6b62d01da297f77608a9f3e21a99c5d866d7db355fde544375724b20b28
xg/27690.xmv	181824	a63af01779119b82cd1dbd311e3bdd195a67c0a689f14978e423d9581db0fe25
xg/27692.xmv	149443	ec95853ead34b1e4f98bdd21f954ed055c638628314234c102a8461082ed0c35
xg/27694.xmv	557115	42a83c4301e762baf9deb28eebc6e51bbfcf170b92e4e72bcf1b441043054d62
xg/27696.xmv	162820	3d7628117735aaea18a47b7170afa6521812818752fa8c49a67ed77f70e7b47f
xg/27698.xmv	132887	cc0bffa1a643fc82f681395d01c1516bb636a05c7800e38788d0b490f73f84c4
xg/27700.xmv	201317	520becc32afff66f5d5e3a3af216c8c55c1064ddb940eac93f06c1188ff8f890
xg/27702.xmv	183413	89126dd3786bbedfee8ba6ad9ac84bf60becd8b16eaca67b820b466f43bd653e
xg/27704.xmv	117978	2feb021d3353122efeede5ef2fe185de1bed0a11e174b103d73adf208d07fd21
xg/27706.xmv	224188	6861688895d91bae1f5a40d0d0b2a8d8a1022850abeca0f5e14b47bf0db8bccd
xg/28647.xmv	131618	bf8eff25b7b650480ea84137755a85cf844fcb95f4c525d28503d151a7b7839a
xg/28649.xmv	154864	ebfeed3e700586b49afe1885725a6c0ea0f03a6dca2c8a164dee0af9fd4a33bb
xg/49071.xmv	3147283	1eaa69614d5515114ddb6f57e98b2ddb6be92100c074ed5d89923d58b9398bf5
xg/49583.xmv	2242210	0d5616334b919ab8fef0f495bed65af055432ce479ca0a41cb3ce93ee3bf307e
xg/49585.xmv	1511131	1e2132707fc4f8d85ed564541184641c9d32ba7a50485cf1722171a348e2b7ca
xg/49587.xmv	2166027	77831615581097748f378a558133b3df97d8a3397e369b5279c8c0d081f83860
xg/49589.xmv	312108	48d466251926fbe0c171e68633c5d688c59be50b8c87f436ce6394b484fb1b1a
xg/52248.pff	1680	e01c4e98ebe83dc579bc8159161f7d0960acfe5df1d2d37faee6947449c91196
xg/52250.pff	9264	96d781c4bf5b022395931c69a098e9e98788fa30b8db3d8fb5eaced3f4c10904
xg/52648.pff	13316	8c72969ff01ed160cc0c928f58aea3f1b8cf4ab49e8b2a574ecb8b85c7c161ca
xg/52651.pff	486	458bc09c3555afc3b474ab6d888b3d684bc35becb7a1a97c4669705f4b3df082
xg/52655.xmv	221874	50a8ec3c5c8c155c7958addb60c306718bae9e27fb5c6c91d8bf46c113073085
xg/54200.xmv	325933	b2332c52f1e70d3c58ee762c2f0d004ed39c6c574b90ad747cce7724e24f5160
xg/55395.xmv	78678	413d590db9c96dd6f008d5b7f8029296098acc520d9b4c1e1401208986c76cc8
xg/56700.pff	34772	fe2b9b51a08b7d886d6bf2fff7254171e3092292b6b596b0ff859174fc1de990
xg/58092.pff	21290	cd14bef70e991ae6da1e8fdcd50475956f6051b3977bd9a6f3e067c94ba5c08d
xg/58907.pff	24924	8e1adbc46afbdc7f4854ba7bffe9295faa054f5d5c5591153471cbcaf572bae2
xg/58908.pff	4576	3ba30e8d1e1226a1fed3ab4d0f10de4f9862e8748ae54bfa4e3cc010df9c7df2
xg/58909.pff	9422	481013f33a93cf86075c1aa73de5c164948c7c09fceda5fc230bd2919c09a9da
xg/58910.pff	28176	31d069acbb6702efd49c6446634d1a294e4f85e92524bdc2d7a2cb7594fefa21
xg/58911.pff	19932	c5d69431efb47552256a4c88c3abd5dbec431f54ac35feb9f36b750d78866a34
xg/58912.pff	13780	a6a0eec6d0e39b56461b1236f0c0b8369299be66323d76d9a87b30747a084559
xg/61046.xmv	905866	320821af4538f88e83df5765549b19cfd45a3f19ecbe79d840b61fc644b65997
xg/63457.xmv	112482	8ad684856a09806e6a12038867eee14e8b5cfc3d40a50b175839463e2ff279f3
xg/69328.pff	570	fd24fc3c848bcaa1f15b2f91bd034e2362e1a1c13da96f834a9cf489a0d6d804
xg/72706.pff	2800	13df74f3a2d05ec89159c8c35394da16a63792da7ebb31bd009aa93e15901c06
xg/72736.pff	2558	41d79bf2d451d46cbe2dffaa052a8c870b846fd091b24fd1266cdf69dded0fea
xg/73725.xmv	58699	f3d56f7d7df730cc7ba80097d455b6e59668c658ec26109548828f0544f5431f
xg/73726.xmv	115381	82d445c9312d3b9395df7602e6184e786c83468f518ea0a2c0fd29eed6161a37
xg/73727.xmv	87167	7c892bf14c795970e026fd40c977ece2241d10da4f22b8a42b8109f42594d31d
xg/73728.xmv	215287	ad6ef9cf48a42d95d2cff86fc32b65c75da675aa0e5dc9a78cd97adb6ae660b1
xg/74096.xmv	124928	fa6db3469251d70d76e67bbf9e7e4e2b6c9309370d664bc7737139d636e0c08c
xg/82524.pff	532	ef729c1dcd7d2f2f5320037a8a0c462d3214dec954526c3e780047949e40f99a
xg/87598.xmv	91840	83e1c570803cb230296b47dac90620f41b63374057d4a896c1dd9b244c1aeb88
xg/93779.xmv	147799	8074f7f9a130e851f13ff6fa9e5ea5131e3da8b7ddb445e038dc82e4f4540399
xg/94122.xmv	107480	c3414ca0c1b39d30be34c28e59d37f5a16df8ad5216d23c8d7bb4f033ebb617c
xg/94215.xmv	149554	4d1d0a99ab453170e16eaee635615f055b169addf4825c3b5df1f537a1125def
xn/02522.xmv	756808	1071b2beeba0821d2538a6596c36562a6392c44ca0db751b39d5a5e2e45ecf9e
xn/02532.xmv	672081	bc6f3914f1978061ed304e392cdbbaa107b02814c25d661792001bd8e086b76d
xn/04237.xmv	493619	5b456afe86b5cfb9f5e6cb6531402148b6598c8fdc5e787d673556787b8d75fb
xn/04793.xmv	418397	e405f8908c1e8624d17c7eab0e5bfd8c86cedbef5506ddeefcc84e23d7a2c4e1
xn/04832.xmv	249545	5471006fc2bd95fcc7b40deb3e8ecf4cecca8c3a3c4a62a0fd02bb0af17be5f1
xn/06328.xmv	1016807	bbf5ae02d5ca5b9b46f8ced3c2d0be9a85ea8d6dc2ac5e6c40f9b6413f543615
xn/07170.xmv	887136	e537d7c7d4baa3d081e8e7cdeeef9a9939283e6040a3cc22e84fcf65e11c0e0a
xn/07364.xmv	339729	8f52bb6041b1b24972af81725d0df47236523a74b130eea6c11194ddb9dce0a9
xn/09620.xmv	307368	2b415924ecf2730c093b8b3915f6d943bbc43ee4c29c320ed62596bc3bc62079
xn/09628.xmv	300895	5d5e15af67c83420594a0549f94271b0fb21ae503e6b0a49fd3690641275ca7e
xn/09651.xmv	228197	8f479b49e5f4eea8923868af31fc8ec3a391437e3a21fc4f15f974fedc60be45
xn/25653.xmv	131692	c0ac3ee62451ce38c5c93ebcdd6c6d2a5c495ea365dd9e286ad31f99d1979c83
xn/25655.xmv	246765	5847685a86e4d769d78a14c25820ce11c3e89e7e938b2466b87050ac184a2853
xn/25659.xmv	667444	feb1910ee9066f6c5f472dcbf29332e1470ca4a1d7a358202646df89a714cf19
xn/25683.xmv	258476	767bffd6fed502f2cef700b7e53da8b427e1a40d7d53f22d273edec695a03799
xn/25709.xmv	703505	800fdaf3ef408dce3d32a1be52727ed72a1716509c200713ad0c6d0d762b0692
xn/25713.xmv	890127	d0b40545c51460c9b6d3ace522899ad2a1884e17482f042c0b46c197d645f0d8
xn/25715.xmv	40162	737099ae73a16baa4e6299f8150b6ddeee52ce932f47fbccffe97d32140f82e9
xn/25745.xmv	381350	39b91de33e58e06f48f9992e4687335f7cad403803020a86d42356b7cb75596e
xn/25755.xmv	789177	cbb93d13cf193710c0b2d3bc6e155fa08f333492c36624e7956719d65f1a70c3
xn/25763.xmv	391990	9c3c95b13ff452bc16d036ef372bf82d34ceb02f95e5d766e83bb66675922943
xn/25787.xmv	1271734	a3748090f639c9fc4dfa021b6bf25d9aacb096af707681062840453c05ff418e
xn/25793.xmv	412603	c8bab32958b3a9f5a506a6dd89d7b9974835a6dfac3b1ef2a7f55ad702f4f336
xn/25795.xmv	186694	e7c6a801a818129287dba8af4768ccdbde0d63e06c9b350255d1d9ec5f1c5a26
xn/25797.xmv	505808	e732738fe113236fd5ff4bac7f3d615d5955f548982db786c1db555677a8c695
xn/25807.xmv	434551	71188db4d026833db1af2ab898546673f5151e3321a5320cbbf1b943d851f22a
xn/25809.xmv	564581	a341ac2063d7721ff43caaa54da47009bcb071e0ba12154771bf471e794a1205
xn/25841.xmv	979453	5d1a3344ebc94b9879fb193a500140fe746c1afe460c54426e12c77affb6fa49
xn/25843.xmv	221281	4fb72af1d1972ab7250fdb04d7124419254dadbea2a011b21c826facce3b720b
xn/25853.xmv	766476	1d7b2047f8f3f1ec5cd166539d8765ea50668a59c2f5877035c68992673244a8
xn/25867.xmv	1194249	850d8b850f784bf4aadf09399d4a54bcc2e9e7ea03894c0b0db95fe4df7dd575
xn/25909.xmv	2015884	6fe55e59793b9ed27f161b54606d1c22931b605f71782f11438750f9645ac349
xn/25911.xmv	315366	1c1ecf1b930ffb0463ab972e9ea657bc7efe9ceb22e72e66b359c6b660f793ab
xn/25917.xmv	756807	5a0fec872e2cb983343efa01cfe1986699b3dd180bfe92894b17f8357e89aa1c
xn/25923.xmv	287203	a9eef5141ca0ec7b505ad2bf6fcc2f7ea232895eb3f2667e20813164539060cc
xn/25927.xmv	192235	33692cd7aaec0bce5dff411f77b25c2eb3a7994392f74c670fa4bec487c5b50c
xn/25929.xmv	134395	c3de6592a1df8b3211d03c0b7525cc14ec3f9dca0ed6af471073528c9b25fe81
xn/25931.xmv	496570	9d97eda8d6aa1781f5e02659b0165c26c99aa7d643a50a2ccb37711e00bac72a
xn/25933.xmv	366487	7959bbdf7ae7f9dca93219ba9f9e1a1e365ea95bde7f287e50daaa7b010a449c
xn/25935.xmv	1951698	e709bb69d343950480c809dfc3db971067ad1ec37c4d0ecf1a8fb805eed3e330
xn/25947.xmv	474968	203283cfd100b3262543abe4843011d332728fed93fe35f55fb9ec322c30c340
xn/25949.xmv	980615	bcac2d59fda39731cf1d12ccd87b47a2001a524159f334e353c3b29c8e0839af
xn/25951.xmv	1922990	aa35464444d7d6310b803532456c9ef780fb10fb42852f9f2d21c57ccb144f98
xn/25961.xmv	429798	02eee216670b629c42e3e9a205b7efdf503091fded072ccd551f03c4900b8308
xn/25963.xmv	142182	59acdf315bbd11b6682713f982a4f54a080d35470bddb5cfa756d9b75134a918
xn/25965.xmv	476371	73fe54e8890935f25b22895aabb85b3e443f1ea884384ee05a9bd4d868b2ecd3
xn/25967.xmv	1543700	a621d294cfe925052b75af22045e1c132a5247de58912cc322620881ff403303
xn/25969.xmv	787388	8b9755f2aaef2ff66e119fa4a582a445ed4b9dea5def5e2b59d2e7cd911ee604
xn/25975.xmv	487814	27d720bfdc25d236c0a64800fdff7848f48a63b8f8b74aa8113ae98f635785fd
xn/25979.xmv	1413851	06cacf5de81074844c23e45492771d4c520624e16d07af1875bb707673b58abf
xn/25983.xmv	180288	33ac847df14242af571c8890bdc7cab587af7f1594317f24d2164fbaeb8dd155
xn/25985.xmv	213037	4419c6257d9585337c8de74e8a0510058e32223dac5f563bae8a5ecbaf1a16e6
xn/25989.xmv	132601	5a6aa856429cc31366ccd1ac522ab621854e942d8dcf90d5824ae9f0a47704c8
xn/25991.xmv	776311	09dc5e4ed3a83738f9aa559574263decedb1e523d6d464d2d0df083cbdc4e946
xn/25997.xmv	838119	1ccc40718c56fd52d721ac491cb22110847ffd2ff8d8742920f0aae037a63a72
xn/26001.xmv	1376307	f7e84e217bd58651f71b97d3473e7116a9b2fb38342515fcd15920795dc9b8cd
xn/26240.xmv	510295	69553fa44047baa5fd33b3a3d84c07ba6d2155f2a268a5517c86964dc8352933
xn/26246.xmv	583327	4c46ab1e043ab4958f59f70df486335e5ce950eead17ded992825036e814a2b0
xn/26252.xmv	699503	e89a39ea64ad0c786967f543664366f88a94a53b44a8b4994cafe1ac64c17509
xn/26256.xmv	388410	4c0b8025a55a7c55a0207ad2ede09393deb1e7601cac31960e34d9f6706df528
xn/26260.xmv	355678	4d23f5926fe898d981c4fb122b9ac4f7c77977a1ff7dab9c6c025f30e5d1e487
xn/26262.xmv	424921	e1f4c4405c97b1f4ac11e7108de868cd3d388e4b80e5d023c40a751b06849f58
xn/27271.xmv	196945	712c81bdbd2b5f708ab9c67e406fda0b6d277d29b4f1ad6c33fca24c2839ee9e
xn/28751.xmv	495473	a9369950b6729ef81f2e2434aa21c163224266c97c7e3e0f32b3b187b1e285d9
xn/28757.xmv	373578	a674a9c7bbffde0fd6fb05ef310f3ea0040af65bbe633ff4efb2b362583e6f54
xn/28765.xmv	520899	135b48715c9075122bbb07acabf59ac286d0706d2ee4092d6b1a1e0f023d6841
xn/28767.xmv	385697	5ab43deafafe2f81e62d4cf8cceb71cec694337ed1e023881387e5d21a0e3635
xn/28771.xmv	524167	d7032f18746b76bee6a814938a39594e9ead74b4ed1d64b843721cea9cb27dc3
xn/28777.xmv	444283	89f77cb143fa91b0ee8e23039e04faa93edc5f9418c3dfb2afdf887852344055
xn/28795.xmv	498561	105c32ed3a7b8630d5a7c51fb17aea5ed6595bb364212234251031dea8c966e1
xn/28799.xmv	633215	7f4504908c09441aec7a95ec292f3a134f7ed0e01484b37cccfe7d6b389ecb48
xn/28801.xmv	582033	439df895f5cf92c79071bf8a570deb47b8e5e9ea48bfaa1df611487d7eee3a0d
xn/28809.xmv	556813	ed43aca8206142ee5d1a221cef35e9ff425c37b7edaa453ac48db0dff5c8ec95
xn/28815.xmv	294292	60f0b558adeeb8221ed32aff4f6546d36f72512d4d05147209011684645ebabc
xn/28817.xmv	453691	b896ed3bef821c2ea9a344cc875187c47f4f34202e3eea53484f1d3b4491a066
xn/28823.xmv	426301	5fbdae26d48ce0a1ff125769852c34b379756a26cbedc0378309469367fdc690
xn/28827.xmv	657426	660635f0ba708dfad3b8fbad09e4ff61e86da167e982d58d86b7cc61c93efa1d
xn/28833.xmv	416559	947efab3e0215b70053a280a2c19bc8ba6387ae3dcf284f845fd50c9885bcfe3
xn/28835.xmv	374027	ef8ccddab2a8595b4fbc43e8b487ca910a946b7ab9d9c2718702a04c80139f12
xn/28843.xmv	588956	5fb764ca057a60ef5ffdbd6578b2b7feb03dec6ab1f45ffde9eb03c616a1f1b2
xn/28845.xmv	375655	7fde45cd868a0df83971a94e63725a06240f191ced6b7b6d7c8f3cfd21378b4c
xn/28847.xmv	396802	6d601fc76897fe53a0b581374c0c7c64be97010695eea7c790f8fc33f180c70e
xn/28849.xmv	200390	387546dac970d2fd52ef9cd5673e28353d016512889b157892dd2dcbedb7bfbf
xn/28851.xmv	395038	2f5213bf27d0396e1a5a9e4d44d6ca3cd0feef10d64b8361a189fd3f021e2f70
xn/28853.xmv	1232099	f5da7b5a943b9fcc1abe074ae743ad84d26b17c1ee2fb1ab6fb06c270a758cc2
xn/28875.xmv	931529	2fe316227709e4666848bd7bc802e1edc51f8cc21d3e3bdd1abdfeb143a3387d
xn/28885.xmv	476030	27083895afa89baa49c617fa02e66d9454ba783eb6de0c0a9030e93b76a74a24
xn/28921.xmv	344246	0ef38f7a853a7cba7d7ecc4634a5a6ebcf3cd304f57518c2f602fcc2bac735ee
xn/28983.xmv	778116	f7ee99aac71af6f7ad9c9895b36acbbca074228e8b0e63082099c36fec8f5f9a
xn/28991.xmv	583534	8c49e68131b7a6f7285244a1893f4d3930333d7b0e81145660606b363a8e6ab9
xn/29010.xmv	879944	04bfeff5c885b758e0d42391a4479ab3d37ade19fed9f8526892a3fd16a6dbd4
xn/29018.xmv	647720	3fea2a23d961344c3e9d6de8a873703b8d3ee358923ba9197c1cd8f242191775
xn/29026.xmv	228308	ebb0c271cb598dd34000860bea74a0aab15f224df41bbad0c4763d95935761a8
xn/29036.xmv	813743	a244fd382dd3d83f78fc9f27e64a99105c6ec76389f6214137913ac48157af40
xn/29044.xmv	795307	ea1f61a0075a89c88fb25693addfd62e15b2690626c7f580f126392892e82023
xn/29052.xmv	450162	ef197e7c9571170daf863f1aa090090df8105346dddef4358e6fa62a00bd418d
xn/29060.xmv	488704	a3188e7d3b55d916b5b246802bd1d574bd8c0957bd27902833815d172cb0d403
xn/29066.xmv	379789	8fd712981fba0c9495bece19b75464cb979b3db01f77edae84deb3ba4a86f999
xn/29076.xmv	774217	9fb7c5f6b04db9ba054a5b6a2a02b3876f8bb970e7b8f830bead7790bf050560
xn/29090.xmv	380620	0cae3abc1e944b8360f72a4fce5f2ce25f92c9abaa90ffad5d05b46abcdd3f33
xn/29096.xmv	626347	4d8d5aa484a4e1706a0ff2444a58c037c12865da32156b8c748217f030024218
xn/29108.xmv	393730	b25fae00be9364996266fac1f256f6aeb7cbf0c3fd42b7278cbb505f6d95d33e
xn/29194.xmv	585619	3d130cb7d367d3785676c4b39c2f1b310f969a7b6f981d99ecbd2629bc81e1d1
xn/29198.xmv	910571	2bcfbf197204d6b9428797a9371a2934f05f5486db84068be954a62420b9daf6
xn/29200.xmv	641190	19447acea988d2025660982509118253e7fee493df7ae51ed533c7b83c83dce7
xn/29252.xmv	590205	ae77dd75606ae03f1baa20b44d036335990b4cba0d23d27a846f7bcf801bceec
xn/29260.xmv	509821	dd4d8a0433ed395f6109fc614ecf378fae7152b7fa68ceda4d4f114be54ec2d7
xn/29739.xmv	33503	362901e354378e6383a963c92651c0364a3b8d20492209a6b1528efe7a906103
xn/32168.xmv	297887	f57308ac4e68a7717352cd2b2737064bb08ca08ff65f8b170cac3133c8836383
xn/32365.xmv	428896	9192d15bab578183bbb8d4955b7356dd5d532466869a1b926a3bec2cd358d568
xn/32373.xmv	226791	bb3402109724d55c00f1c9b626701b309c742d6d43f4401edf0a23f8b26c2c00
xn/32375.xmv	183990	2d03752f9bfbb83664b290482d72c86d0a99efbb3c6d0c4abf5a57d886b3b366
xn/32377.xmv	296434	62a309ebb646b97858e84c65f2215a4b8467585e0ed10d91fb291f4f1f197f27
xn/32381.xmv	510202	68bf9169c2490cf3dee0d27ed2d41227585715a68544ef8e7c4751ac35389fa5
xn/32385.xmv	405881	de6b3e7af2fafd70ac02f7ef62ff7b6b775a415c2134fd7346ba2cd6f2c310d7
xn/32387.xmv	206556	60571518c388cbb78e7118246c47abd9de339effe555f122348de2bc5a477d5c
xn/32389.xmv	1763776	d8fcde930b44dee957b82dc7da11bb3e72d92275aafdc43ae875329e1c48c5bb
xn/32391.xmv	1010577	f6695c61845cc59ecaf3580fc12c5795892ba759e40f77e153a9f37635276327
xn/32399.xmv	609800	aa90efa9efbd0183efc5a8a0e0c906fce862d7c1093357d896fb0277aa7d8bc7
xn/32411.xmv	677257	5bffa02aa85152d5de17b28f0998843a55a5f6fdf0016103c83e8a5c714dda44
xn/32417.xmv	261529	29ce52c760377e932bff5b064d09fc76c22050ab05c7823dd7dec2f537bfcc8e
xn/32419.xmv	394844	c2bdb0ad5dea712ff87cfd0d230eddb9f221fa04149938762bd290e3286eb3ff
xn/32423.xmv	39675	a1931952c6d80047d1cc46fa6554af773d44d87d210cec8975b80410af7eb02d
xn/32425.xmv	411587	797be78d73033948853f9f79c51b4500e4715741bc325d04f5efd26bf3631320
xn/32427.xmv	607539	9f83ed4a5b4c20fafb80f443ae3768c5276d5e08522c95084cfa2c793c488484
xn/32429.xmv	519635	bf1029697a1ce089743e37806abe6f4b40157826d7b388b6ad4baa5846a44115
xn/32431.xmv	216943	b406e034619a214758f479d600b4f698b2d24f57a7e0a18b8a14c25c50f8b7cf
xn/32433.xmv	366491	2c5ecdce0cce7c5e14634879af275e2da7e02875a9c59f74cccc09618d1683de
xn/32435.xmv	370114	295d0dc10835eae7b0cc51247047da9480c4216749e1cecf68bacf17ef31b2bf
xn/32437.xmv	840728	8c5994605936cfa7175db6dce827f45f37c4861e68901ffa8c19fd17cdb495a8
xn/32441.xmv	303703	15c3eed511ee64b41ed9abcf00cbcf13d3b831c52abe2d4824df12e29e5276ff
xn/32443.xmv	553910	dc0c3b2fe187376f84f4904d462d463565eb31fd62cd8bc4b671faa9f874fdc3
xn/32445.xmv	388084	ab7cce4d7805fc6889e2cf852e09e3250d800a30ecb78df0b2261f83c3b0e938
xn/32447.xmv	1703855	21a52990e67ea100601d51e4f52172761784896f269f1f657debf60c1a1c0e55
xn/32451.xmv	387116	2facfd4c1f6ab0657bc8ed1f1d529a93178e55e8f9e3a9c0fae15c8f9a6ddaf7
xn/32455.xmv	1023223	608542991cc907d00a3bafcc05a2d3ad49f58f817a7d4c282a327bf598211e4e
xn/32457.xmv	214513	c006b458d81143995ba90e31f22ac355048eec06bc5005911805f3febee47786
xn/32459.xmv	297827	b2fb2179183670b85b08e8d407b4d343bc7f1a1534bc4bfd85a35fa9287816f1
xn/32461.xmv	785279	56df753d196361e469ddc202baa9dd445b1d604b7dd81093fee3e971cd6ab02e
xn/32463.xmv	565339	de26865e6e10f298d68f4335b3e3c24ac920582c1af0b57f3f00780a8e17a4b5
xn/32465.xmv	989923	f28b98f56752022a5e4289b3905abe5afc22f1868756410ac686c06387cc0552
xn/32467.xmv	401718	7ad1216b1291a314662d33a26f08f10aff1a7f0028dbd30b16d5d1a5090398e2
xn/32469.xmv	380453	5c106d8e023dd646b756c15852cb07bbf6d9056f86dc77e7961e867b5d8f380d
xn/32471.xmv	424212	d87978da1b70d2ca76a2c7529d49af4bed4b1de9abd9d4be48b53c5a34e9040e
xn/32473.xmv	209913	dfc49ab8e14f5d0237b3420aa5cea298c2c77a89b5f0623e703a660d8f45aa1c
xn/32477.xmv	821604	1ee97ce4423853604900779f687cd3488b73e56ed6f07cd5bb6e94d4ccd9942f
xn/32479.xmv	738725	12f3c2368001ebd5ce52eff10bee7b83e7eb71ec610077b48c619df08e02c0b4
xn/32483.xmv	438024	02657e2c3780488252d0657e8a43da6888a97b58e9733932ed1cbf2cc3afe524
xn/32485.xmv	425211	e95592f2b1099426370b7eb1acf4e84c733dd65c5e031b0fc4feb1fee90caaa6
xn/32487.xmv	881932	a80937fec90819ee6eff21b9fd331e32af404660ee6ad22f811badf62213247f
xn/32489.xmv	409162	83bc2a8dc1b8ccfb55b2750f6bd295064a8a4ad53b19adb4a6695c6544e7f139
xn/32491.xmv	326625	79899351887b17a274636cf60c6e2cdff469aeceec79f34b75eeeacff392d76a
xn/32493.xmv	364448	a9dbe259245c1297377940196e4c5a9e526af3f6f860dd971a75bce5c82dcb8d
xn/32495.xmv	1681032	e60880c3edc58186c3fa7322300aaafb799a26d703d0788119a66d6a58778ebb
xn/32499.xmv	189609	b214940568c59125a0c00b0f83a9ccc9233cbcb1db12421be99a2741dba6aecb
xn/32501.xmv	406494	4127d4a10844845a07ac634aa2c619baa8ce109a9372fa06b97bf8dc81da0e52
xn/32503.xmv	750852	03c5705a35d06b71ed62ff706c37cb906e8e8d72a1f3d44a8cc5ac9502538859
xn/32505.xmv	701655	eb9d27562298b424461e91bb1a3a91891852c27da532e059f95bcd0605b928cc
xn/32507.xmv	724626	ad2d622f3314fa23fcc9f43c47dc4768cf4d213b6cacfa924d9553c248cc919a
xn/32509.xmv	1262191	6103fd9eaa4142370caabeed6a8cda3063088078f4c3fe7a8f51a2b19a54c7df
xn/32511.xmv	662669	0eb80e79f81b2b34b8345095a80e7414c1b452df0aaa6a1e7182cb7f6e7e5ef6
xn/32515.xmv	279518	dd91019788c5236be8c55fac304acd3d945a5ed7dd272ed6df50c247942d1d61
xn/32517.xmv	528362	e49c7426a1f6eee433daec8a4e3307b810b9f141b1eb54c8ebaedf278d4b037a
xn/32519.xmv	262081	4fc141b2af9a84244ab5892434fbe8ab69829c437e7e9036c00bb43c6c0fffb3
xn/32521.xmv	671277	99c82b50ff27e79f3d4508c02eee23892eb0303fa4ec27c6176f71fddbe0ba99
xn/32523.xmv	604206	54c94a5d29b2af7ebfafec0fa097bcf207cf0566aedb2fc3f224f5f17f9b6862
xn/32525.xmv	327044	d9b31ff601f73da7686a357487ba3c34f4cad5c0f08a60419ae643657ffb04a7
xn/32529.xmv	1018815	7a0f247d9dfb82a3fde4dd54e74e2256094333a1ddfcacc222afdad7210ccfaa
xn/33426.xmv	437421	4f6f3921ce69476568c009527f346b3bc94d139aa28d2a97d3b6058ecf33e0d7
xn/33432.xmv	392299	d5ecf7005a60afee89e81d0a4284fb4b8c09592e90932bf12c8cfac584a31a13
xn/33436.xmv	392007	670f7e3264b4200424906e6017ae7ebfe9a6e7df9552b750c20fc82172036cb6
xn/33438.xmv	223732	4677b35872322f3a9b3e9447d30c3abb10314a875b7f828d4080bafa7adc909f
xn/33440.xmv	387502	f2b3b00ac7a97374d467b586f55aa959040c1833abfcc1f446c326dd56c55d26
xn/33442.xmv	436609	88c50c8dbaff4885b07e4bdb848990f42dee34892ea237d06398d903408d5579
xn/33444.xmv	404931	7d3558fd03ad8454bea8625de4627bd26834b646fb9ea58a57b46b81ac1cd1b7
xn/33450.xmv	372263	161eb5139f591715c681b7d1f83f8339c09c0220734ae54e85afa2939888a47e
xn/33452.xmv	33339	6161058a91405eaaac02e9cfc71e24d9b0a9dda40434a520f9f65f3953b7cac8
xn/33454.xmv	257787	bd6d2444259b52f4f67b183359c978a107b9dcfe20fd995f787b5fe7f18679c5
xn/33456.xmv	405818	0bb98966021e2e73dbba3ed09a3374f036b64c98d376d41d9b70b1e1b20c431a
xn/33458.xmv	376908	ea18f6873326a157caab9e8b1b978062314d5efffa8ac358710d653d0e89d784
xn/33460.xmv	242313	9f91c91a8330e5518e28ed3cca3c6de051708a08b69f33ff08c7fb531a83bd12
xn/33464.xmv	312433	a92168d7d54aad5287973ee84fdb5aa7f9190bd7d0970788a3b55958794b1b1e
xn/33466.xmv	200471	279d8964342c1af40b8093e7105180f31a47102c5c2525b1a14428bde3d65c6e
xn/33468.xmv	204077	2e5fcd3e36b2ac01fdd28b04da0fc97573fab621d548fa858cfadd4e3e5391a0
xn/33470.xmv	349060	c0b1df311d621a2910c6dc49e725ccf40e644bff81fd3a13b883af31a12a66e1
xn/33472.xmv	284605	6c63f500c58e010e41dadc53f8027bfdd02dd59a5ca863be364ec07fe50fddbb
xn/33476.xmv	768619	22a194900b99e8c440e4dfa9fbdd3ba44873fe957d30f0e83f99b6ed1d23fd67
xn/33478.xmv	358370	dcc80800af2e006d2bd8eebee7fffe9681ff270951a474b9014b9fb65b0a5d6e
xn/33480.xmv	536552	fef6727e53a48aede4bf46f7fd7a41efd40af0f67c5c36d3a7200a432d83aa49
xn/33490.xmv	933151	4671435ef279f2f9214b1d278fc1a4f27656f75d89cb37da9d4a9faa9a2507a5
xn/33492.xmv	554394	40e1299d64ee3134968438059ad815674f16933f6421e0e061d988d89f206a04
xn/33500.xmv	420035	08d9c06f847325e6ad978ceee2ddb2c0fe3f0d65f5b3992099ba6b4cdfcb327c
xn/33502.xmv	425228	6c64408adbb3107be57c5b25446c562b538813f5b2c2e2b2d4961ee36d888963
xn/33504.xmv	427131	8d9deedd7917b77c1d58fbffc272cced0cf078f0228c0e9c27dff18cca6c8a3b
xn/33506.xmv	444958	5edd9ee761ba2119c57a6a2d67944d42a6c2fb737bb079df4de47f8f68a561c0
xn/33512.xmv	198724	a70ba53f44f86d4e380d9c5d03c507f2116ae78546ba6521080ab17b3358856e
xn/33514.xmv	417992	8747c1c6a3c0f57f51b9d3e6d17c486c315c621785b626e56d602af6374ec423
xn/33520.xmv	750816	84894cdcf82c0d10d1d44f42455cd6485448a15c6397e0a2a4e95026add598ee
xn/33522.xmv	490817	03bd267502b8528648b8aabe94d505e78e1f43584343e2b995f10adb5415048a
xn/33968.xmv	205400	ef93c7a438d4f778eaaacccb7fb2cb6e155eb7746eedd8b43a8d01de9533e6e9
xn/33970.xmv	313556	0574c99f63d893cf7c21de7ae21555d7123fa425cc5ecbb24961e839596804cb
xn/33972.xmv	236060	a7780835643a10f24990d6d568bd530ad0c8b3763e41744e1d56bfb8e2435767
xn/33974.xmv	540124	3f0ee11ada97d1a79b0c7f29acf4763933e9fd89e194541b6591e1c9c8aff375
xn/33978.xmv	1163776	cb7ef61ef22b07e538c18702fa38242469f5c952ac41b89b177458a0fcec6ff3
xn/38796.xmv	839261	912e64b8074743f82fe0dd5f949addc843d72c840147727a906b43de20598c81
xn/38798.xmv	1223785	85fd6ed15ce7ab13c3d292a4aacc5a83839849f3546f29f77e42c1e4fdbfdd56
xn/38800.xmv	1628279	6e28cca4c8ec9c3f33f812872ec79b037042f5d06434666c07a31683e5e8a73f
xn/38802.xmv	1164064	f14dd3a0caeae60431e728945420e23ed3d9b19159f6b361794e7cc9958a2f30
xn/38804.xmv	2230386	49573aaaa83d67ce5c1a2b9e63527598ab2ee82258350cd438dd5f0512d749b9
xn/38806.xmv	618579	9521ba4cda09ff26383519168583c8cb4ff8433aecf00d3eb052b9cf299143db
xn/38808.xmv	1505517	5a92a55d54d9d0d8a4ebfb523af8db31d0fb931b13d43f10bfb9ec2ad393f4d7
xn/38810.xmv	1221058	89fe87d3c06228c7ca9793774e26669eb06e939af8338e4741f1f3013f573445
xn/38812.xmv	317071	d99ca848bf06770cdc6aadc509eae08091f9fef0d8c2aa8225799a2678108db4
xn/38814.xmv	305026	ce309bf5a731b1dd4bbfda6aaa6d4e247a414b16b96825762644565c634c1937
xn/38816.xmv	298560	24aea0d5128b45c61cee11feff0a762a5f181a86d22cc5b6d6a8b8cb8caef9fe
xn/38818.xmv	899601	a760e47e0427a0ec4afa3e2a39b0789b01c6549b604efa3192f1a9b2b90661b5
xn/38820.xmv	729119	5e11c5602d0f332acb073a6523bdaaa18292d2fd729514f25a76b1a8d4033337
xn/38824.xmv	771696	340690ddec4fae0f2ea1fefe8870a413d3982b039901bda0ff62e5eefa218517
xn/38826.xmv	825006	4af01b470b3512a7c8d24a9845cbf1584f5b0061ff5cf8639dc270c1c1e710ce
xn/38830.xmv	172469	6846d307ed2a5057cf8e7d7f9ec5d31b01b8d5879713724ad8491ba81fe99f31
xn/38836.xmv	2166062	b08d49dfec8a27bd997cc8b79eacd12dba7e2b2142b47ab75f69703459ab40bf
xn/38838.xmv	1685050	5908679defaf40a301dc86e3bbb1ec152c3696086d3dd92c3b61d721ac28bc66
xn/38840.xmv	2319909	bfb7f42783753024f5776f17a0c9f7fa82a889c4767f42d8ef6efb4fa8eff38a
xn/38842.xmv	710104	455e77c5b3872eacde5b7a4781b08316b8cb60cb93162b440825da63e8eab46f
xn/38844.xmv	655414	e41fa1c3fb0bedf22a46771cb88edc9ef57193170bd5834481dde1bffcb13cff
xn/39044.xmv	1760676	59de7ee4691ae580e580ace65ad7efec1a11c751c3bc092a75754f1f3c2fb13c
xn/41323.xmv	511612	17fd0dfa008c30711d9d5e38ee1c9ac3b54baed85ff6dd147eb2db27f9504dd3
xn/41325.xmv	213677	b8ba11af796e1c4759a85851195e21c425f856a731b137ac49dd7067234cfc9a
xn/41331.xmv	397034	6623d40d21a14989edab4753e4b52a053343d540ab9e34ae0d9235772164e61d
xn/41354.xmv	1598769	68cbc8ee3c010ba2f1fa7bb1d9ce315a6a6421dbd2648e509c0486cd9629ee51
xn/41620.xmv	1560522	0c6db3ff7c5f596ab526ef52dc5a0427806b28330002808335737bf56350feb6
xn/42378.xmv	1195812	3d5575582486e1fc70cfbb061464d6bcb63bd02b492d395a4d78db9a29a5f001
xn/43855.xmv	301739	347148a24f52761115aa811553b2f3a38d01d0b6fd757d21f781111baad8a333
xn/44874.xmv	406972	3ca764261645c53d2c15425b1071d917dddc10381a4ed1b9b3ffc2e3bb286f01
xn/44878.xmv	942488	50d1e75e61f8e5f7f02328362fa204b688963c37c55166880af4c05e658626be
xn/44954.xmv	756281	244091909c959df1afba86f9f382de60b148d3f84918c2b870312edb594e870d
xn/44962.xmv	351821	b060be922e903abd441959f997cd6dfe96c1e42d17d08bf910c43b2df75af44f
xn/44964.xmv	474749	c0762bcda18dcc62c79853a0c585358d4b24bb2d162a97b02e0556ebd669c676
xn/44968.xmv	241577	7944e314fe340e0a6fec7c3ffd1cb00495eff66da665b06064f7de5dd11c04e8
xn/45072.xmv	449379	97fbc66e899c2c65825d5f72c4ca53fb8a8c98eda250d48c7fbb146cbd0ab51b
xn/47251.xmv	1505633	ccc2764d0539b6c8d98823d4b17f0593ea8e559cf88b45eec8e33052c393a840
xn/47255.xmv	109364	fffa5d15f8b942ed940db5f81545e975b1c4a3cb4bea35a970cf228d2f121a37
xn/49069.xmv	913538	79e138959850aca400418195f0193371f51491bcce3922e3393cc17b5102e041
xn/49630.xmv	420103	51c2b8cc234a27497d516dae02c79b99c398f0c31b8add566b3874c86e76611c
xn/49632.xmv	813588	d9ba702bf900e6b205e39b781668a7d94e6d12aa9813db102223cde93970cf13
xn/49634.xmv	253512	fc8ebbafc006837c647f67ae8f21ddcc000129cf126f04d4de5472315b690134
xn/49640.xmv	414225	3002a6b7990f25c289be71afee9c301ded8b8ebf8db53ee4d82041616c1435dc
xn/49642.xmv	313016	89a9c329b5acbde85f9f241c2e5a7acdeff346c29df1ad9cdfd7d6c5749c8719
xn/49644.xmv	606205	2c72fb9bd3a3052da7de4e42aa3891f7ccc6d8abcc28e6e30d3b09835311e34f
xn/49646.xmv	288035	e3758ce4e44c7f768dd37b21b09a270f99e0528f163c86f0929ca85550de6522
xn/49648.xmv	579018	036b490186588af042b8530f5f920f53e31262d262d62da6cbbc0e327d4339bd
xn/49650.xmv	388327	3cf031e4ae919ddd8335f7c081d7ef355d2f2bf0ff3585983b41c45fc25fd3da
xn/49652.xmv	604780	7f97eb38fb89f8b36a8946eee238fbedd381874ffbb6a5758f62fd38a8c0cf55
xn/49654.xmv	454585	6ced6eaac2c9fa1d77bdf6f1c2d831b8af511402ea6f4de0297f911528ce5f98
xn/49656.xmv	195144	6f5fdbe5ecbb92e2f7a04b234d0f543cd2f77e8f111fc7283da5d26f84143222
xn/49660.xmv	188776	15c7f419a39ea14e9fedf87d2c126907587bd62b3d81aef2a00dd64b4c1f7b8e
xn/49662.xmv	330652	1edf0db8713f082cac7eda7a5b013eefb885b7b240c4597192119a7bc0a6bce8
xn/49664.xmv	343964	d91ddaffbcd59cf0275cee88b3cc6e3f71c40c41da243006ede29193d0d9ac2b
xn/49666.xmv	49949	5cc41cebe211bf0d93add7610ea68eb5cf7e56c64f42a322ebc08d1404527268
xn/49668.xmv	470761	b2070cb874e9cc1a36b1666350a4a1c02ba07db91cfdbdf6b0ef0f5e7764bde4
xn/49670.xmv	770635	8a4587735f39940701fdb2047ce405ee322bfdff13554023fe5e93953f308ff8
xn/49672.xmv	239884	f888acf6407a1e763817a20dd6d3486da67b134d50825d7925d12304e315e8ed
xn/49674.xmv	561905	7b11f1bd81c0d670e579e25d0678297110f4502c3e0759c840eecc1af71161a8
xn/49676.xmv	467244	17e782b428f9cca382817bad2961bec00447b49441cf406a4f849a7a88d5fc08
xn/49678.xmv	501096	844d9e3f0e25bc0390d04ef13638e0c0bc0bc1491a798da2ef5d6a2892922eb6
xn/49680.xmv	261875	e155a600471e86c269f3b05eb1dc1d22dd2bf42baeefe3ac4351b129e65aa276
xn/49688.xmv	76878	69af75525d80e6c09bad65be3e3858a10f9f7338403b3d5c6b7118acba469a7b
xn/49692.xmv	209596	17ef66ee9a55cdc5ffa498e5d2f32a20fda461b4b781e0cb714c22b646043fcc
xn/49694.xmv	230899	cba1a2f13c4b6475144ef8ed54383b1b2380e89c6d3818b11b624cc20113e811
xn/49698.xmv	754506	bb073f56b89461c799b709352cfbdd2873fe63ef3be2c1dbd06202929a0e01b6
xn/49700.xmv	220392	ba25ed17a74863b25d5cb884a99681354f73f40742813fef1da5ecd73588abf9
xn/49702.xmv	410015	ece4e72e2a7cfd32a060ce373a63311de4cee52725c3372b4eacfbaf3a3e38fa
xn/49704.xmv	691533	1510d283effc578d648c9301f643043eb657a199101e477a393f64cdf488527f
xn/49706.xmv	227318	4e8eb1f17899bc9eefb9d4bef357b909eb361276eb544f5b18ef8ee078d6243d
xn/49708.xmv	509243	0215a97ac40ba31f3e44d0a17d0a681df6cb3e12ce2f95ab34e7768a0df74583
xn/49710.xmv	437082	07473011badd59e118b8535aca4126578463df3b657bf63fea5c2275b34e0e63
xn/49712.xmv	335460	8e507a6f01ff5a7cb54d78bd6cdb75da4275efb00fcd970eb5063c260b9e4d3d
xn/49714.xmv	661706	ea3fd95902d36999c9354cf19e1bdd572e28a55ce34f6f147aa3c148b5bf274e
xn/49716.xmv	345763	fab60e9235c9e62a73d0913c406f784264e4f6b27962288697aac7328ab37cd0
xn/49718.xmv	317640	c886bd329d30582ee87cf99568cbae3846776d0af3d5446e9bfa1301879f6b56
xn/49728.xmv	169604	e88c391adf3a3b6cd2a06ec8eb187190372aba533e90a8d79c82dcab0dc60086
xn/49734.xmv	261832	275336c91cec513476d6450d066fcc7f79c5587fe93e65a5970ec243cd92047e
xn/56053.xmv	2134307	61c15e87b30b5cd8c12347197b54a648f289d28bfc69ee10fde06e386adfa94a
xn/56182.xmv	1727534	c8ddffd0561cf9a9c2ea99b117364863c2517e6e905787d516bebaf5bd0783c3
xn/56742.xmv	317809	7e99e2938cb85ff64e86d04853712dc4c85b69d2d8c1db9e4189ba6096ff1a60
xn/58239.xmv	850274	e69b7b451fbb3746eb7464e3a9b86d1eefe8cb4c1f3bc7f5d8d56d1f7243dc1a
xn/62750.xmv	374958	9718d54b63f20b5181f3222048d49fbf19be010b620ec5ef5bd5a9b75efc3660
xn/64958.xmv	287569	88b03fdd936948255513f22cfe6f4e0ae9231efcb6ee3c365ad9d089ffc27de2
xn/70513.xmv	412266	c70cbb608cb45bdf8fb6da8ebc8d6077028768891bfd4912e67a6d9625ec5a77
xn/71100.xmv	2585495	9b5753052879462aef02affad1e1610e0670fdf2b442e1461d8b7d9d0759cc33
xn/71225.xmv	414632	1a0c200135dfc7db5f6a8890285274d3dcb33b0fea1e26cab51aadd667fe359f
xn/71853.xmv	839623	4e5af210063ee89d9b5ac6409b86f14d841b5c7f2023e7e5d5d68e164b663e5b
xn/72288.xmv	5174431	f309bcaaaab84c590c2bfe11faf90146fef4533841247d2d139b484ddac8d7f7
xn/77806.xmv	1380991	2a3be15a843df6af5991e3366be3b37b9e210ff779237fdd725002125b003305
xn/78779.xmv	1341055	f55759b7937f9300ea05265c46600396887773bb3a908a24b324831ddaefa47a
xn/78894.xmv	300747	532dd074ea6930730711be65986a282fff588a82d5bf390453ee61afe6a671b7
xn/80614.xmv	46279	a1de53a21c3a8d6309892ca0f7d1ee19da18d6d6c17edb3c8bc8f71e17063a98
xn/81332.xmv	621827	2ca9dd695f07401f3b9a9f8b37d35d64438ecd6e4b56ab111b5eef810399f3e7
xn/81336.xmv	224279	d68f6e9d8fab1d6cb6ad866c35d706dcbe4a74cbde90244342770b226dbed45b
xn/81339.xmv	304789	180906bf1ba2602632fd1e48be3a2abfc888f4453a7ed1dc361cd16ac510c8d0
xn/81343.xmv	622789	6b2e0000a2f0f0d69b96dbdce84b677768df65fa9c1acb54daf9158e9ea8315d
xn/81348.xmv	584895	d2699d3573b4bc34e7eb3213558b3cbb4536979d9300840ef8c969c47fbaead1
xn/83438.xmv	690788	a063b9a7689ee3b4fd97b2e1d5d9f647844ff68eb277ca706c2970d65c730e9e
xn/87415.xmv	445721	a2272a5878deefb7488b67506ad35e0d49a807b40a673ed7388e0383f4f8406d
xn/87416.xmv	474540	668447463336b1577a14aeec40a09dfc59b3baf9c900f6a1c30982ca9230ded1
xn/87419.xmv	492484	8b179de014da3da8fde4b2609db8c1fc461ca8fac5de7949f7807648cd08fff7
xn/88831.xmv	305581	dea2efed28b3498f9be186588d544e741cad0342d2ebd3bc8ac45dd3de478c98
xn/90533.xmv	4156598	e9b6460876949868456ff6668007d29be97dd1c12dd5ed797433ec04a484196a
xn/91831.xmv	635097	75ae8133529d82a2265851350ae684ab743f8a241f2323ba998a9828dce58839
xs/20962.dmv	606735	9803dcd5ffd93c950afa1b848f2e9e21b0ff3d2ab3c8ab7b361355cd5787c3f3
xs/26274.amv	108005	45125d4451b22c29f4e8d7a2c3170f23c52689bbfbf17ee8eb3cadcd317a649b
xs/26282.amv	113891	8b404f27186891e9fe4391aaaee716fba8e24dd3a4b717d9d2ebe415dad7fc47
xs/26284.amv	126139	eda5faff03d055bd70db4f3e333e776bc8f9431f6156b413ab7885f868e01be0
xs/26292.amv	34547	307e398397e8effe4a016b7eb1163b008f850629af5342c3557475c5e4a9aa7b
xs/26296.amv	307459	c4010a4558e005ecdc715041794bdc146bcc4e107e711847a6fc0f969605baa1
xs/28464.amv	56415	052e6f475a19cc05cd115f4e8eacd8f7c1e6de39899c3a46148704bb69c598d8
xs/28468.amv	45379	40433bf47b0f724e16877c78e6caabe4887e4582ae2576297939d629d39bde03
xs/28470.amv	29103	d665124e9c26e95a8ade5972b9d7bd3bb8e5d2db022d1a8197fbfe189e421cc4
xs/28472.amv	103003	e82e1af859da358bb1c9deb1d7253af2584a15d395ab751a4c81ff9dd70e3ad1
xs/28476.amv	262250	4367a10612c948474dad4222123444cc2ecdc3ed144f8350e2484b810e2b8842
xs/28480.amv	138951	d87dd3d94ccc3cd10d045f3b6b87603fcdb73a236a400a5c07d45da6bae5d050
xs/28506.amv	27803	d99c62e6b144b9f1f3d6e594c3df26fb5294b646b46dacbd44aa11d04a1fd9be
xs/28508.amv	58737	84050810b9281ccf9307ef1d389cc9077ad2139761e28cfc3dc674c5685a89bd
xs/28510.amv	460395	546d7872e0126eef7ddeea9e2b674e7ecfc9cbb4d1872cbbb3586dd5e86be245
xs/28512.amv	474063	213f73d0f53205ec1e805ecd8ed7bd8474bfb4ec54c4105723d9ed56a9e03250
xs/28514.amv	591651	8a045d0342a5ce1f726ef618afd91efba1e3b5c9ee6684968deff9c9c805687b
xs/28516.amv	62174	2245373b38f1a1c5d266d7a33a65370075dcf41fa6c902e0887bac3add71142f
xs/28518.amv	23655	3b38f4a0a6538cfb9a0b3d808dde4a48cd4a94775593a820df44384f7e760abe
xs/28520.amv	25767	b4b97ac2d2fcc1f82e5ab0dd8e24cb70c36e295e57483253a52f2327ffd527ee
xs/28522.amv	234463	cbeedd0a1cd45da2816313c325eb67fc65d903d9a3e6d09fecf8eebd0bc708f2
xs/28524.amv	153541	dcc9ecc120130c86369e022e3d526515bb7eb299da6afe366e2a467808d5e2c8
xs/28526.amv	44681	c0838fa8f051079acefcce31fcd923952b8e3080a69080b944ed599205704300
xs/28528.amv	245605	601771ab54b7aa6bfe53aaa3a858d46c47cd254db9fd3cb7d7f4900d5a73e25c
xs/28530.amv	140643	c8932c42c74ee593603f33bd7a788917150225a86688a2f05436195b55005978
xs/28532.amv	140643	a448273312d15bd6818c0b4c8b22e21e4fa47aa9a2f4701ffd4439e705e017c1
xs/30399.amv	704375	51832eae03406bd634ab6e16d930aa6b511eb03386c3246a4daee8e9476ded7d
xs/30401.mus	2340519	abb98d2d3b72ab4295c9746aa6e235d172fdf16512546ac513b6be272311ed8b
xs/30403.mus	2358495	2b8a3efc7068dd08d7ec8c4996bc52fba0c73f37f564b83f1baca41d90344b32
xs/30405.mus	1631623	a4551aeef8f92e249573ea75c44c4b59edc8d6a641b260321383047cb363baf5
xs/34747.amv	15343	2d7b2268e9edd6e6957df30154fca4a6ac2bf09a09dec9cf4a1886500f21bd35
xs/36395.mus	1711443	5b1bac25074c43a78b97a8803bd5bbb3a1eb2befe9a661df9809b40ed3441169
xs/36399.mus	2065607	4874a802b8df3d90a28d3ee440a5816e8f6b97a58adb279a93531bdcc80f82a6
xs/36406.mus	3176723	4bede8e4dca7ac33c308d40ee6e3b4751de44c0f5152e6931f1eac11c69a9e88
xs/36433.mus	2247055	04467561bef5c40b350787950c764f9155c1226b4fcaabfc098c8c41dd6fe2e4
xs/36436.mus	75691	fc751eb490ae3730359f0e417b8830081c580ec3628d168465d15912446eb89c
xs/36448.mus	64331	259a854a50dcbfa0c02f12f4e0b81236c2fd493ebd2398e63260ddd0f21084c3
xs/36946.mus	306903	e42382a28d89b8a113d106d0a0c1b62200cfb653e756dd4505688610e2488ce7
xs/36953.mus	515731	d52fd6adc3166a873c504886a00267926110ab9bda79cd4e9b330b3853e955c2
xs/36956.mus	1455011	181a3f02655e6c3c0ecf810394443d0dd9235b46a37e43aa8c7a9ad19f777214
xs/36968.mus	2270283	0e693e163ac71025261b091e63b8fd092f1c309d3aca0ce451f91c13abe4fe57
xs/52289.amv	63161	b057192de29e5929080a0240c7f53fadb1395781a83dcb63fb568fbe07ca4258
xs/52293.mus	525391	519b76e19465a41424c049071edd62075b348a3186a0ff6e95d24b8e938dc3d6
xs/52295.mus	645259	ac2544441432b5e0adb4b560c23e6c4c158b77b4ce213b3a6ce686d8fe676b02
xs/52297.mus	303603	192a622e99943943614281061dc3a8847fb398156dcd128f4a2fef8c3babfa11
xs/52301.mus	1015035	cf1dc4675de76b73140b842bdf2b90e07dbd7aa6b6824712cd0ec12b8e67d573
xs/52303.mus	2186107	fdeee13a77c5ef0f33eb48745c810801fd7262407207052108571b5b4f7d027b
xs/52305.mus	331527	ac0cbf96f4f557b80994e6ccd51964f40e3a7807abe749dc65e99c0109f30f1f
xs/52307.mus	291763	be82c08790f1f6390949b51cde2a79f81b93b84e5c12ee682a33ba00299d0b5b
xs/52309.mus	2658219	488545e9f1084e44b50bc51a95a0a7766165c317f7b3b26e9a64ff4b9788a13a
xs/52311.mus	4422231	6a2c2e45641a16b1c0b4b4d626c6f90cfdb3d9bc1083b00586d4a791616f632f
xs/52313.mus	2188011	d2092c936af3bd02c207558fa979bebc1a4703dffdd25b6038d1532976b15a13
xs/52315.mus	2645539	99a3ed49e896daa45807b0f387b23a2ae55bb528eb63362532ca0dcf33e47e1c
xs/52317.mus	2702187	1bde29467864ee03968d2c10e41adab235acdf319c9e7ccff2d262765429d2c8
xs/52319.mus	892851	ad4c0a7a1f6d5849dc201a96f638f87fbfad33b8a0ad0fb3050c563fe003e768
xs/52321.mus	1880515	7d67d859e447bdbd14fe96205e55d09b8b9c8bfb94559fd8c796fc581bb9ab0b
xs/52323.mus	1279561	091c6ae2c6165b8f7323842ecc95a1b38bad49f1a7ba79a01a2612caeaf895c2
xs/52325.mus	1040955	a085517ddf68b04a427cebeb3b3f8f6ece6ea249349f58296d7bf6ff12c54e90
xs/52327.mus	1585327	43a023501072b8ca6beb36d0379d2ebfe304f0148af1bc98f1b46c60da0107f0
xs/52329.mus	2255763	fc8e7e05d37922192358592a61bb165088a54f9395aa71312f5f4f5d33f25256
xs/52331.mus	2058307	26e4afd8d7dcf52d2a0af06cc74eb75ae6777265b6e5085ce84a3dc9bd4b696c
xs/52333.mus	2061847	2f319a598688d17777010cd75a810b6c4dd8e110d301cfa072c9df4d126e1464
xs/52335.mus	968559	3cc5ab5c51a3ab3a31268f24b6c4eabba6f3bbf4a11c4eeee2418e33440ed92f
xs/52337.mus	658035	d44f3f7be7d07bb117f1ca286a80fa32253f879ce993167f445c227eaae796b4
xs/52339.mus	1377447	93a6f221332467f08aa10acf50184fab8ff5e955bc0d9471bb0f7873af6cfe99
xs/52341.mus	1801915	5e0e5b945e35b65cb607c2710744db9667d906b7cbd05fdde331e3528a537299
xs/55932.mus	928359	0f0095891afcd11a9a93f3922fbd592efafc2d5ebfae88b38075b7f488e15220
xs/55934.mus	5056979	544f836d64723323b903cf477b892f1cca363b998be7c66d5bfc6517102a9cac
xs/55936.mus	560555	a8159acac401da6125e80d981ab441f779d1820ee9cf5c1f97c2bd08f961fce7
xs/55938.mus	2338547	6a1f2ecf8fb41489108a3eb677c955fb64ff4570742672869f2aa732fb2f6de6
xs/55941.mus	132965	453a9f5a20ea1fd368d6913bfd523d1d5f2049833ddb151e6d40a61d6399f2fa
xs/55948.mus	156311	a89229270ea294bccd3c72ca74c22fcdff1464e78a90398207d6d7683aca32ca
xs/55951.mus	96983	d7fdf9e97d2f35dafe22648f3d2777d95fe632fb11d12c533349979d24c606b4
xs/55955.mus	1155831	e6608cdf4afce1d50e428271e052db986d81ed0d65c17c05376c64190e63118e
xs/57104.amv	11071	52f6b80dc9bf99aee2a702a82c2433d24d8ebfac59a471800546e6eedf565c79
xs/58625.amv	7535	911af29c43b3c0d47f6b7865942feeb79519af4fb2847a2702d5b529e46c3dfc
xs/58626.amv	28671	64b4e5f784a338d478a9c1583ac70ae9ae27b965b9fb171e99e2bb3244a808c7
xs/58627.amv	11513	ae498ba1a8c5584736371b4950a53ec888d8ac00153a24edafa97a20fc6503ee
xs/58629.amv	2691	9105f125a43c8929eacbbaa49d1cf3bd62748f52a53086cb4a7b0e2fb7413e88
xs/58630.amv	3371	ec78779dbf349f14cc6800d9be1a4dca4f8a50c0594b02c3df835e693d9a556c
xs/58631.amv	3303	d92d294b67f7607815173cf280ed39dc25eac60141d6d4e6628df82069e2e283
xs/58632.amv	2981	0eac04d71f2720258bc19b9a2f300d6a779b92cc99ba6183866b4057e4dd3589
xs/58633.amv	3863	2a4a98cfaa27ef9c17aadb27fea6f137d23f2fbe7d640936ced51a4899c1aa75
xs/58634.amv	3647	0e1730e8e9d5a4bdfdbb51fa6f897d4d82f6afdc8ef7dfd1c305bc496837dbdb
xs/58635.amv	11219	db8aef57038f55af393087976f7dc36b41d63122ffbbce88f35dac7628e2c67c
xs/58636.amv	3235	03833d95b7729828621cd8db5a5cd4114e014f3ecf7cc084a6133373f8360ec0
xs/58637.amv	2981	9c805464ed45ca62b8bb7ed54cb498df7fb1e08db8cee7eb3da2f73fc87eccbc
xs/58638.amv	3439	86db68aa7883e7fe25e571d977729e53fc9a578900744ae35ba2f96e99215a0f
xs/58639.amv	5853	1337a39245b2db7b5d747cb99712146c01a61a53a71d0cd119ba705f2340824c
xs/58641.amv	3201	a305af8403c70d0bc373574119be918487103a41f45363797fbb90862db86974
xs/59824.amv	334686	156a1af5094b147c3572f205c796f267608b0732690e7a1a41f8ac9561fef9a6
xs/62422.amv	6091	8ace6241b2416acffadeaac3682847da91fc79ba46a12a183f2fbcf822a35596
xs/67038.amv	26811	92cdfe4b5d45d156c927d22262f8277abd967eff11b2403ab57e3eefc898a63c
xs/67043.amv	67993	d66d6bd8bfbb0839c32bd0ffdf76cefc9df772bbb6e6c59b948a1d2c0a86eca8
xs/67044.amv	6481	13b7ede93e574ee5d81fc14bc9e881cdb128d69542b4d651fcc07ef3d4d8a617
xs/67045.amv	52531	ade065994fcf54810ecbeecf7111b0204ce2c2d6fdab44f3f06d1eb3596e12e5
xs/67046.amv	58259	9a5c44a54e5a14b19fe201c229042169b8214afbd8a598ef4eb17fb453b9f4b7
xs/67047.amv	53611	61821958a954c15d327ccdd70750d240e0f162f23bc6a137248b297256e86ee9
xs/67048.amv	52531	b892f94af04cf5f53318411e90e772cf5f661bc738b5219fe068dcf95cd37980
xs/67049.amv	110971	f8420033114f40cc892b0e2f1bb9535cb1fb757563387ea824e4bdaf2b2f6a22
xs/67050.amv	88725	7fa801672568a460d6170948e0802356c1e1ffc272f45ce070f3d0b995904b7f
xs/67051.amv	115009	79866bdd1e0e9c029c5ee64b0bde4095eee3d1196f42b5ce665c9e62a6630389
xs/67052.amv	90615	64dcde3ad8e4e7c7b85a417b0494f21e0a49f62f279eeb2ce4de58697dee18ef
xs/67053.amv	93389	d36b80c6747878254d9a9abf1c234b81b1019d888d898f143453e5e984a54539
xs/67054.amv	74199	059e45d76768c6e1cf44adbb3cbbdd323bb60c6e6ded839c93d123b5fabba73c
xs/67055.amv	65653	b709837b7955bf04b52479c99f01e18768df0deb3e1428e68599191f53be6274
xs/67056.amv	65783	865d2d9fd4426101f900a38cbbd51b7fc2b06e1083c0a94f521f3da8c3d9ab6b
xs/67057.amv	70387	24e5f6c779c09109d2ffe0342f75f2139d72ba296dd29ba4e8097c1918c8705b
xs/67518.amv	2283	a89b7ebf950c99414110678235f23d4115582222cfe2dc56197a5c6c58f7cd1a
xs/69313.amv	125643	3e713cd5798ea1a9c8a15da88c3d9defa3b6cb4b178b1a9e466c9f91fdd929b0
xs/71740.mus	1280599	21af209a1bfc5f774e7153772e339f3682cc9c3d77a5f2a9104de8582aa624e4
xs/71746.mus	69363	1dbbc5a805e4f6420f5d282f7c82c81599fdaf784fc75fc194fd9dbf5b77e65e
xs/72106.mus	2086373	e28c09badb6d26f7b99fb20b7473ab3c379c412f2b97d703ba4bc076b3331d0d
xs/72107.mus	1323751	3517d8261e78229efc47b2702b08595d59376edaf0826dc6771926cc22d91443
xs/72108.mus	1391151	f02b0be0eddfae2c44f48a7741cf03477cb9ed7a041ea3ab5ccf5ae9f8b17517
xs/74632.amv	167167	70d80230e19728155dfe6abbe61ef6a02c0034de28ae52800d4bd8a5b578f2a9
xs/75407.dmv	37256	59db407827bcd2c524bbb55ee413045d30784dcad71285d5a9ece4e29a7e71ea
xs/75683.amv	19231	4975234edf4f585743e93d665743de0fc575299c11717529dba6714bb4717c1f
xs/75684.amv	15001	1a86e2be32d7dab56e00b53a2291f49ab06bec8fbc8dac2ad3a65fae4398e833
xs/75685.amv	21251	dc657bdf8086bae08442c09de3ea70424a22c2ec035772ad8f444fa58b644f6b
xs/75686.amv	18899	fb65441c5427e4408c79816642974687342d022156179e28e4eab3a80d645918
xs/75687.amv	28819	a2d843d1abf2224564f6d1e671f561ede40fe255b7bf0341f03da22e284c4a6d
xs/75688.amv	14597	9da8d007a6476bb95d054ce4f8a5513d4efe24bcc8b43f220f985e76706f5cf6
xs/77666.mus	285314	c3e5f4865705cea2d752b8cd48d841b643b7f945193fad59e9b567c1f026a964
xs/77751.mus	457778	a05aa40c7a8691cb75566f7225faa132d989842587a62c8c4d5c3806a688a3b7
xs/77753.amv	19602	5ece30800505112d2f123512f2956e9473b1b4be0b41e5e6f99c7d28c3e2454c
xs/77764.mus	93715	b4525b1fcb73613b5ffabe39ea34c886cdc6fe3288ffd07d951d5e298f88704d
xs/78281.amv	55269	92c286503c63509d6df0fc63d237524ec5257d3faa3dcfc538310199837d590a
xs/80310.dmv	136139	a1883bfce9dc7677ec0dfaf4cf9b25bd1deed3e372488384732b67e0aa5ce641
xs/80373.amv	2803	877290c2f97cd8a32a8ae6c06a234b4bb473dae5aff798ac681bd77133291baa
xs/80476.mus	208683	ee629fc2cf5a20247ddfe8f8fe6db034e9258a46c7623077044ca302b734952f
xs/80487.mus	1524619	d7c4d7e0b5906b7a2f0a1a0c7480fa29f701ef9926274b74946a16434b4ef554
xs/80746.mus	897850	556cbe97b5e45eafa969ab83ae4b0f975aa4f3fb245e2c91caf9e95af8493fc8
xs/80748.mus	374419	97d52b7bdeaebd32223d7614b514081b71e11cd814366176f378deb2a62eddaf
xs/80788.mus	586983	c5f29658063ab3cd7068bab596bbb4c0730e693441c90ddeb435184079051eb1
xs/82291.amv	61878	7540d8d51af49a4c4cabee84ae8aa61bb563b5f36e91cafee5a7bfd5d4e8cf68
xs/82298.dmv	76177	efd3ff32deefa77b83d0b1407fe2388eeca0bd82dc78a63049f7ae649535498f
xs/82299.dmv	162262	c11cd994689dffe115bcbb133feb478ade71d4158967d1afc63f72e89cc200d8
xs/83299.amv	370935	6f663ba3847115abedf22a7391e6970f284009a35b6d26e51a30c94fd4875c86
xs/83861.amv	104501	d94be5c26546affe4ac9530033de38294e781ad959283881b7146ddea14f2bc7
xs/83871.amv	52307	277d52e8757cc7e23c10adfdcf5b79b4bfb61aad9367fec2e8bc1c80c70a371a
xs/83873.amv	25091	9488f53a69a3a042aca69af29580d7f4aeda848a0ff1689a78d3f10d79da77b1
xs/86303.dmv	43083	e22e17cf8a0b614a24bf486b9e4be798074a95690835311f395b37a58612c021
xs/86304.dmv	36142	2e323bb3d5dd3d928bb370eb151700b65cecd0c60e0d96f20c8261d7c2b4e79b
xs/87413.amv	47266	2222c4b458eb02896ca765dba89b611ee19a9c4050fbed02d06b995814108bdb
xs/88892.mus	927412	547659249cea880d47610a9c368d47160002ee0349b2ca16befda1e498764d34
xs/88900.dmv	22275	b97743c532745e06baf5c6b553c645dd2294508124088765b80b6069ac23235b
xs/88943.amv	80008	f18ec4ad6860a70f607515a199c6822a0e8f8e1689122b79d51eb2f1eccba61d
xs/88945.amv	135468	ab0bad28db8aef174000c4e53bc79e214f1649bf6f4e6ba74a135c281278c8d3
xs/88947.amv	147388	484de902746dd50d7f6e66e005d83a3cc4e213c47741b57e4749f0eb4bbc6cfd
xs/89487.amv	17557	b37d8eac3a4be7907fd96e32bd05b272a6cc2485b2c76c093db3f491946bebdb
xs/89660.amv	11123	96c2223be8db8e9a9e4f38226be0c86eaf582f87c3ac2e0864525c9e3785aca9
xs/89819.amv	124434	6c052a93636ae004ff7a55258432976b6e562959d7f5c13c63b171cdc77e759f
xs/90634.mus	453682	1139e0de35a19dd0714d7d301b1a979b09706a3591e89f7e6e816998b748547f
xs/90643.mus	1040955	d5f2fa10e9073c9b5d08bc8bccb502be482845e2c9c29521e760a27aac19efaf
xs/90691.amv	12385	9a8df8b9aa4614390e6e94e52fbeffb9412929ba55c142c7ed9be16c3b61e023
xs/91270.amv	7447	2c6413e8075b067fbacc5df426e55cad8a734bf01ad14189949e9e81c3ae15f3
xs/91328.amv	103065	dd99b7bb996fc15f45a59ca3a95435fd752753d00546d89e40a3fd40326be024
xs/91606.amv	58566	de85b45849c5785c10ae158bf76ef06de6c0bc09ec7e84208d97076af00dae6c
xs/91988.amv	233026	ad571a9a2827091538b1e182285ffcd7ad00eafc2985b407aaad684e9155031f
xs/92148.amv	22095	990d3c709c2309a1341211fd1fcdfba1c7accd4de76a3fd4dd1e224ba3eb542d
xs/92289.dmv	16527	55fa25ac90c69321b8bd4b8214ac5bccefc45e1b84096f3695a56dc1075ffe62
xs/92450.amv	25723	ac0673c7c87e18e15e1eecc85a4628f4b2fcc05e86597b6c9985f3e1e98457dc
xs/92452.amv	22443	4ebdea2d5b5244d9110300a33ec225b62d8a762ba630944514cec4104bb9ae43
xs/92456.amv	18083	624384e9b214075ac488e7e2f3f5927e97ea4f9be2639b0777f98e69c4a16d53
xs/92460.amv	13727	79fdfa1d5aa5421c0d8578e2e37650c79c33cdf6e7d313b0701dc96e12646922
xs/93608.amv	34494	25c5e3276be8b3821fc829f35efcb26aa83730a73112fb1cad7fce639d951e2e
xs/93610.amv	162624	eb285e4f4d3a86a8a745a13059ab8244fc2a0fa11ea1798c9757356454a49430
xs/94320.amv	230149	76ebc221eb37f432961049eecf3a8f19d756e8cc8e8c7f4a8aa289100f02433a
xt/49526.xtx	252	66ef441da9552804e5700d923c45e065df5ea979978d169e325d5cd19ae8ead7
xt/49528.xtx	254	f6458ae34188deb17ef54eb79c6ab9f0922a4cfd5242eb9c8dadb2d89441b16e
xt/49530.xtx	259	66b2159c850685016c0621fb889f8671f198f74fa78adc829e77e4def10d8340
xt/49532.xtx	256	a93c2f1b29d8392ee59097c0075cfc9df87dea698541c22765198fdfc6cbd9ae
xt/49534.xtx	257	aefb26876e8575dcef406c72b8c588442c17921492b3fe4117e08c9fed334314
xt/49536.xtx	256	702eccdaec3e4d2416fabc000cefb4562142705fd322c740e71ef2a3eb27c6be
xt/49538.xtx	249	f4754fcccfff7eda9f364f0b877329d307029cec676db7ef36de9ff0b0f36b52
xt/49540.xtx	255	198d1f40083edc5cf1ea23a58c268455432237e2a32ced8f54ea188652fe945d
xt/49542.xtx	250	6bb359b9067bd08051e92e754a48e47dcb7f0f44cb5aeaad06b8423467b8b69f
xt/49544.xtx	254	84c27329371dd929eeb53b11f3ff443e89d2d9eb9d8b7f8f374634e1fda46b1d
xt/49546.xtx	249	da65b81e5fcc8248440c8a1368eae2149ddb249c9cb3f96ed4c775def8ffa580
xt/49548.xtx	241	4a7f8851cd299927d9b3f3e3155063f5ff21c7cfd479c661980c8da4cd6623bb
xt/49550.xtx	256	e8d22feafb415548cbba301e8a75f375fb8aaf45a5feb50b7c33508e3e89bd15
xt/50312.xtx	258	45df5af7ead9caafa9fe6e7c40966ed4c99d107455709824091bfab3377c54f6
xt/50314.xtx	249	a8a13867ab58d6d535bcfc0f46d4ecbe3e6a457c023f77a04331503edbcead0e
xt/50316.xtx	258	7354569c5d63e7f8292f9c6e547fcb3c79d931527e98df485c6bd249bdb3432c
xt/50318.xtx	253	9732f3f6c86b352b6405f2f27887c85b86f3168e96dafa46713298255aac9fc2
xt/50320.xtx	141	aba2ca7c9074a7811f0a4c4c7c6bd704d1829f59a3a3100ed727433e471ea3c3
xt/50322.xtx	257	02a7713cee5dec65263d8dc8234061941ae6f904113b0ff40cc49f62b451580d
xt/50324.xtx	260	60d9d2002876e9af7e092d129557bfeefc3c04087af30d28c1aa4758054e5278
xt/50326.xtx	256	af1356998327d0d9cd9c97903184fdfe1b1f4a87b22252b228273a37eb8cd9e9
xt/50328.xtx	262	288b6d2b5e1d60a09f74ad6fbda69a271f6c20a15e8b6c7e17a632ed70d0e04c
xt/50330.xtx	253	acf14d66b2900ac065c8896ac9dbff2a44e82c936e650e37511dbb20a70bd168
xt/50332.xtx	262	b0054ee8751c2102308742ef5560b7e62425b86f2e0172b62fda5e44d07ff313
xt/50334.xtx	252	0fd47f4145f86c8e1e36f1f3a5dc75431ec5a2a6c9b4223e504fa62aa172f637
xt/50336.xtx	254	41bed86ff95d6e2fc164e816b5bcadfef60fa06df85977a25b770d940656efb6
xt/50338.xtx	119	5b0c7b29bfe9af743b1b75b629219e8e5d49369935c2a952e6da1a1867467b02
xt/50340.xtx	260	c1f58844c5342870c33d1de86f0e3f86f3125f4b732b8f151307ad08d992964c
xt/50342.xtx	261	c7412b84f798b70d438b0628cd5efbb8510560d449d2be440179de24ff29a4c2
xt/50344.xtx	258	321c14b21ff974359ff19b7516bdcd6a3a151e9ec0c6b7cadf67d995ce49ffbd
xt/50346.xtx	254	b445d9fb7dfdae1312b7c0c8db128713f76a4981db3329dd6964cbe27ec9de06
xt/50348.xtx	259	ce56b71908fe9344fa8898e9dc5e2fb032d30fce81515ab4c379908ee0009fd4
xt/50350.xtx	167	5be19163285aefa4579a8fd392aad0afc27a88d0ebb9f39f120e5cee18c293e8
xt/50352.xtx	256	a5e89939376925bac4cc75deb032d42f99b98a4c5f4675101fdc97f490af78b1
xt/50354.xtx	256	f911979afabca39748100d36f46381586f62cefb351f7f339fcfc3bcd30a64a1
xt/50356.xtx	158	f63fcb84a056bcb4713d9ee9425e18ee2775363b35df176af57005ba362c2810
xt/50358.xtx	258	011769880472d439cd06c4023e15d3d20ccc54ad1e546a039d1968d4bb54ddfc
xt/50360.xtx	255	a0840d596f647cd38ac93612c6a68a3a75c0cb37eef173a4efba3d8270914e85
xt/50362.xtx	259	53f210ff7509296751c0f09319c83904ce05c526896650e598456daf7d962c3b
xt/50364.xtx	126	8475449861e08842b2fd89da3a763acff065f89929eb048bf5faa94bee1aac81
xt/50366.xtx	257	6964c07e8d7be65d4cba6f372588acec555cb9b21dc26ea4c136cd09dd62a3e7
xt/50368.xtx	152	de6b8f87d22379ed600477ba17ae38a5978c59bb592985ee5bc423b01e399c2e
xt/51070.xtx	153	2f520dac61e7870ce3be148fc967e4aea436aacf89d175f8f848167345365420
xt/51072.xtx	266	a47aecfb05d4f18dd8f1606a0c1921b27fb1c33cea931696dca92b6abce1d9dd
xt/51074.xtx	180	e3f62222fc73b0e0565f578d5f8a169a27ac952ebfb9d05b93b41e6103a74fad
xt/51076.xtx	297	8efaf9ff0bf93448cd1a46e890425f76ff7a8b2bfc7c7f26248b446c9de3ae02
xt/51078.xtx	107	6dc9b20b6f0dfab2e3ba6fec00e08e93352db657dd9564321668d38a5ac3f155
xt/51080.xtx	203	196009f6f50c997d924deaf62ca16d168f0593595b38cc8e403d4a5919ff9c56
xt/51082.xtx	190	f84d624ac29d3f774bc43760503aa6bba7b4212a97c8f1e38a1ef8fbd16c7fac
xt/51084.xtx	238	2413a0fe4318e54c32ff55e8c1a971b815dd8a576e5096f2eb1abbc3917cbac7
xt/51086.xtx	243	b034794320bc514cfb033f7ac1c8e9a0a7e6cee6feb4b5bf8c0db5627665bea3
xt/51088.xtx	150	a2cab2a73d5651ee3c165cc63d9f7c434e407cde24bb9b008bfc50c69ce60802
xt/55583.xtx	1849	ced005f90081e2775e5317dfdd25020600889c6bd6450309a379e886c88b0662
xt/55584.xtx	1946	82365235ab665cb36910c17856c4cd7eb192dcd92f20c58aad38027cfeed14fc
xt/55585.xtx	2316	9baed82bbdeddc5bf562782d83f0d9dccb8dbada97bdef5d8ad7e1c1c1a96240
xt/55586.xtx	1782	e052b02da12f0cfb4d3e925d2255d1ce51a4d8e218827d8a6416ac7cb5ba1f77
xt/55587.xtx	3383	d97edf6c0d165ffbf110d3203256392bb5d340394b4419f9f36a70a360ac415c
xt/55588.xtx	2030	6ef0169893e86507b1d2e5aea4ff5741e3001ec2692ba694f5147c86e39707be
xt/55589.xtx	1454	fd3761488c7280fa67b90471ac7cf995d8d66cd4d91964675c7d64706315f236
xt/55590.xtx	3194	9ba3b71792c1131d72bb92652e6d05c6204d17915ad26c88c99a2c85da6ca6ed
xt/55591.xtx	1172	89bfd5c5cbfc2b4ae80914a51771f796eb24d44ac503a443d2e96d79a7735858
xt/55592.xtx	4122	5ffa94182af84b4fe5a7940faa5462458d7bb99953d7c22eea66f433933f047b
xt/55615.xtx	476	401f0b1342c4275f54153cadaed86170f2a3765921d9f2b5b8f4e97ace84f0d5
xt/61137.xtx	235	9ad4c603e73b2b28e8ce43f20b255d1c25d5815bd4793ba844a81b6730be3f33
xt/61138.xtx	255	59bb6e1b669e4f24c2d743af5088b4ab5d3201eee2c4055bee2f903c1e19a308
xt/61139.xtx	204	de5bf9179f1e9e191907023cc75c94b669c4024e449b621663ce0b8e08283f70
xt/61140.xtx	206	df6854881df204399cfbe7d3d9d59ce023399a8b240f244957abb23a3b34a33c
xt/61141.xtx	199	55093bbf82de7584df4ce78a10498f82064aa62f9d8453cce043af262638a378
xt/61142.xtx	192	ab362c5f59e5af6b44b12b22d56229581358875befcbf6da1ff2ae48f9b0a8ff
xt/61143.xtx	263	1571fde9d74fc06ab0868f640e2dd22f44bd781bf8b40066f24c247ab895cc70
xt/61144.xtx	358	2a2c70e5f80edffa3ab2f75c1431d4c6447843b8aaa07cc33f97558655df3755
xt/61145.xtx	357	21a0628b4d763743f50e271ddd8a5ecaad44f0cf578199b450ee3ce71616668d
xt/61146.xtx	152	b433272a07e0c16e5fb142b90e9cac85c105a0509b63172a8fd4556bd8b4c620
xt/61147.xtx	225	198621913966a2df7e0733abb5d7066a0d85e3735b34efbe56ce53d7fa060341
xt/61148.xtx	217	970a9a771a89c10ba4a9092aa0e06131c4367fa63da4fb3008be0449ca2c5029
xt/61149.xtx	287	00d752de1fe9394c93222432d42627cadd8d52a0858251fdd0453127dca1c5f3
xt/61150.xtx	230	9839336d1bbfdc90f819668b5f8dd855c80b07bf382ec83f05c9929ed05b8a53
xt/61151.xtx	273	db9a629726d3265ffd5a01224a41d1d005360089d761c3f70f7f8214e3a4384a
xt/61152.xtx	184	363b7c8646c3cb9f040f5b12b06b198df097a2b62b2920f569c5430c744414bd
xt/61153.xtx	180	1209df8be82bd93657c9a4182f04e79a8ee20af714aedf1a71408ec5d8500fca
xt/61154.xtx	179	554dd0a47b2014d865541ddbeafaeb7d1014aeb7eaa51fa338729ac8044914cc
xt/61155.xtx	198	add20ba96f57d9a4feaefffd53502f3124d293a7999cf7341b8c8f4949535542
xt/61156.xtx	188	4f192b28d0aebe7cbedf291c235bca745bce5c6987cb108fd0f5bb64cbed41ce
xt/61157.xtx	184	b0b38bb1a792387630e96cc19d558cd8bab3777ed73721786ed7efcdf8d890fa
xt/61158.xtx	206	6f9e7bcb13be249548fb761851a42b84edb8cb2ca2b253016b0c97398050ed55
xt/61159.xtx	196	5a39d20f56d2ec0553dd2d0ab776379b0b99cc085a2522ff880a60ce72882697
xt/61160.xtx	175	87ddf97898cfb343467493f8c2fa885063c10d4e99df3631c06bfef406dabd85
xt/61161.xtx	189	b15c621e15d7a6e57264b180d6c20887e328cab7599d3023d900e22106bb8d4f
xt/61162.xtx	185	cd26605e656c4eb5e07bf58759d04df8bab89308132bb31d54082b4ee7732456
xt/61164.xtx	289	8eef1a73690957e0066e50213722429a6007d07fdb46648cc2af89469e6b2c8f
xt/61165.xtx	361	11a71254df8b1e9345977fc8969efed604daffde915f8791c43831bd196b3354
xt/61166.xtx	270	be8f117a36118f8cd050f7d9b90ef2c8a6688804a39b93c71d4179258dcb4b5d
xt/61167.xtx	447	168b6fa9407e95616949e63a9a10f42dfa28547a3e0dc78df7d2aa15d5066903
xt/61168.xtx	358	fa1cfb3e8948ea1ef37cf1b9ccfc4b1d46b16425492e6f1454f0d23b56eb050b
xt/61169.xtx	269	455533f36fa49c25423246743732587d59436f0835e5be64b65cac668d31a9f9
xt/61170.xtx	269	aa0b7cf5ef33a6b712f5a03de6378c95dc776d82ff8b6bfbd2a0abbc2f4a3723
xt/61171.xtx	251	c4efa624d83843ab525aecfa324a91dec804331693350c7f65a3ca2f9a359383
xt/61172.xtx	370	6520f0245df38838001e81dfe89495219683c86824273ddd06a2e8889e9e3beb
xt/61173.xtx	182	f1bcfa6bdade3061a16a101a76367a9c6352461c35a7b555327cc7a5a77066b9
xt/61174.xtx	428	f2d4c62786620327a9e012d136dd628c619e4388e69733bf21ee0d741d48c3c0
xt/61175.xtx	196	8da8bb775a30e38935226f2dd45305d6fba8f7bfc1d33c28fb5102cef75b1ab9
xt/61176.xtx	335	57266d979d01dad19adc30fbfae9ff1d965b54e74380779198d4f8b30f909d20
xt/61177.xtx	221	e05caedcbda01fa0c6131227eb6eff6d9096f5093e74cbc2d637f80aa502ef35
xt/61178.xtx	210	cfe54e0969f074763e38b1a66e37b109e55062bd3c0a900549c76f5dcb4a0459
xt/61179.xtx	287	418fa42f7e7820f35dcebf9cd9264c108088bbfec07e118732028b8178164b98
xt/61223.xtx	192	d998a521982f6a918532f50a16178e8a83b67ff16f964b17b08a70a84b303e41
xt/61224.xtx	398	594f8b4f80917822fd266036fa2fc42502c20be75788ba8b77cb357ffeeb8aa3
xt/61225.xtx	199	5b0bad39e3feb504781da5d7c4c6d7ff099a1b0bcbb6b9ef5fa13552a9efbe73
xt/61226.xtx	199	d51f10c2b881ea9be98330e62235ed607f6f905735d66a44bd67d6446a7bbeed
xt/61227.xtx	406	b20b8e4c70c892d8f04e9d943840dd9812155ed366eaa3182a0eca63da950bc8
xt/61228.xtx	195	9b5e4ec0dbec882ac87676b447f7a10b348ba291d5fb4f497b6ceee3ed339329
xt/61229.xtx	235	1347511632fb423b2baa86a89b57fd9d5dbcd49cff541959b9d2f3f898f8437a
xt/61230.xtx	313	95ea27e108aa533d9b3e69b3ae5d88bd73167d1445effcda14982294c22b1b6c
xt/61231.xtx	165	8b101198ac2ba766c8c8a9c34f4150971131f124d99935939e3d0bf096ed1ad4
xt/61232.xtx	304	5cfd9faf594c76de8a1475bf30204e69fb61f60201e2601a2c41ed66e295edef
xt/61233.xtx	170	89a1b1ec98c53da83296c33e02b1f2e76facff68578d8869106930e9a56049ff
xt/61234.xtx	183	15ab278526218fbfb41a1055c2f384bcdd3a9af3a07beb5f4c2808377cb85a70
xt/61235.xtx	263	82638ba4ba7257e4dd8f89654f413d3a229a4c35beffe45afc5bf3ff9b8ff68c
xt/61236.xtx	240	c95b42681de6ec752ecb80980232062c002b24142129f765d1aa3cb47edbf8aa
xt/61237.xtx	201	3296f774772e142e9de4a6cd379a1405401b743de2a1847e0e0dec2b716bffa6
xt/61238.xtx	213	7d218431425033dc220153bfa5fa32877c939dd5e5cc7a3437b397b8ba0a6c21
xt/61239.xtx	227	35c764ea04725657e3d422901bca0d1d64523477aa61368a62f143fe3203e794
xt/61240.xtx	176	d9b8176254862719a874a1f7b8c7cdfd4007fb781705813f1b3be02f24ae66dc
xt/61241.xtx	173	16c2bc491d2daf8704e8fd4c2655041772e52f8b551a8b9d6f65b454385f518a
xt/61242.xtx	289	96400b9dea8bddf84429f8327cc88558a25e3701125f0c1ba1323d460d7edc1b
xt/61243.xtx	175	6ee46a91e291ece000bc969888dc0a2823caa5b90abe83cc264001b8c94fe27d
xt/61244.xtx	232	f11ea6accad66116d22de553bf450df91e4b79900b708ce31abf59f9e8ea4910
xt/61245.xtx	176	de1e5f68a049c9a8bbcb2602f0f173420155daed9e94efeed56b989da86f2bc3
xt/61246.xtx	192	740b0e6d67428cefb9d47e9c9198baff5b52a12b5c80f9ac457270cbe8603ab3
xt/61247.xtx	172	6e74eae3d9146d3d847dd2a8863e538cd78946e38ceaf3a1e2662a680be497a6
xt/61248.xtx	257	f5f1f63f395f75c54bc3139591e2e7507f226a0de253acc408dff6f3b42de966
xt/61249.xtx	215	385c869fa4cea858e73d6d2fcbbcdedd1dcfd45260d7871c60b6977c21d34706
xt/61250.xtx	179	b222552115cc77733a67b4c70f2f93ed71f4c1da97fc94c001a2ce45ab40c1f2
xt/61251.xtx	243	edf77a8919ceb17c8ee866da9a44221b72d467114956836a00061a7e79cd2d29
xt/61252.xtx	355	b4549e6461ff7fed6656993e8eae54b64a4b26d19823e3998b1afa1fe5b37397
xt/61253.xtx	156	b732f5852ec4e9c22e105fe99392a0e39a7e873666696a10ae26103128fb9eb7
xt/61254.xtx	234	922615eff343ae0a53141fa7cdb809d7734bd0984bf8c95b9c8c331939513003
xt/61255.xtx	330	365918d94c05a63a8ac543a9c455839e409ab68aed100deab6d17b8eb996cb15
xt/61256.xtx	191	a52373a1a6c803700d570d5e5f1fd4c2d65321f33077604c28e2730d43a27100
xt/61257.xtx	321	d5c67bc7c43dfb891b464dc98fb58658bf30498037637b01885872a23582d004
xt/61258.xtx	306	4fab0e83a7f7878b303e361a44adbe5dc881969a2ba9121f7b566982b3491f6e
xt/61259.xtx	269	fcea35629a7f232dcf33d9ed7cff4a03a8c18fc42e0cfe3bec4da3e6abc1ef0f
xt/61260.xtx	273	ac431140f94511c7f93be18263db3d8119efa8ee5436754bd87b7b8b1adc17dc
xt/61261.xtx	245	9c223d0a96026c15a5469fa43f149987ae3510c134cc771166d41cd0e7729314
xt/61262.xtx	162	6421b660ee232f5edec45e40be6cc68e24a7dc7806b57a541e3b6546d45432a5
xt/61263.xtx	199	27464a68421d42272a413e67c6c54acf1722f38fbfe6923c4dc4ee5207ccba35
xt/61264.xtx	190	cefe99107858b1a28ef4275642cc467f87c319ebd6067adc2862e2dd11fae3ee
xt/61265.xtx	258	a1088e8535a7bee1b562868073cb5093f7b881e660ac640815919e74f5b13350
xt/61266.xtx	232	298ec52eb4ae53678e9a098a8edd0e97a2da8f095798b91e4f5de44cf8c6c4cd
xt/61267.xtx	258	e12fb24341371a2f96d510ff4574b077928d60a5a18c8a3525d922d8518f238e
xt/61268.xtx	257	6018f1b60dac432cf48a218e4e8ba48d9c42544a5f8e4642e6fae3f2062ea517
xt/61269.xtx	287	b9cd45f4646fe463cacc970b41539016f591aa4a28db6613df966d99a888c4e8
xt/61317.xtx	227	55fccf1c0f29d1ae50c78b2e0d97ce88fd239846b495b67e514457aad13bff10
xt/61318.xtx	186	cc7423f5defe57f6524dbf335871ca5151d490b5c88c00bbeceb0807791e2e9d
xt/61320.xtx	364	cc892cce36be5ae3b7d564f4d7549706157dac82173089a4099295e463aa68e0
xt/61321.xtx	311	b4301a32867764ca2c3e18f6eb66979d2381bd8ecbb908947d2a8b2043b9a277
xt/61322.xtx	216	6f6c8865948f9fb3c83c13e6a0fc625231e31318d266ccb2f509209552698f94
xt/61323.xtx	281	a3a71f6a29de5e1518fbaa8898da4556e0463e72184853cf1654c8f054990d3c
xt/61324.xtx	311	18f7eb27559881bc8d4aa483c87b97e57894faa62b083af7be407bec5e7cf0a8
xt/61325.xtx	328	d588feef46138390fef5f5aeac312c09a2ab124d8d27aa4a280644d701c856ac
xt/61326.xtx	275	2c69c50acf7e3d67b138547e0fb43fc1b3e9bff514f699f97802522973975b5e
xt/61327.xtx	434	18518107b7d6fab1cb8e9875d5367290d32a753b2bc573b099bdbd49a4245399
xt/61328.xtx	272	f1925fb3260010f3d31f312b7e8f93f46f83581286a7375accb68299a9b2c5df
xt/61329.xtx	303	89ba653d11505828d1020b0d25a25e2483d9c0a5c584089739d863d55d6c1719
xt/61330.xtx	229	7e6e8d1a9afcd95795191a4c11a11a98a4d3d05eac286b47c4b771e524780462
xt/61331.xtx	249	9784b89a195aa039cec1d80cf39ebf8b22e74d86a1c2913d3ce7f9c1f7d21db3
xt/61347.xtx	236	663e161c4fdc7c35630b593b1d7390c9a6ac55a75fc01f13d8ecef744d170751
xt/61348.xtx	220	dceb2a47e1056329d8e1a6e59b3dc0c43696885d2a5cd1e3de897293b8c9c918
xt/61349.xtx	242	cb6ada19c0e2fe45a87dafd3f14b174f17a1180fb13198a67fb7f32ed75f79c8
xt/61350.xtx	182	1f3d315f49f7ac61e0f643e5209e83f8b4a29537b2767a7e5d95c26ae9cf77d6
xt/61351.xtx	314	37084dcf7e5a948386a95d50f08cb79add9e699a4784eed27f78e825b584ae23
xt/61352.xtx	201	8ee71359b32e630463c1c7dcfa556e6dffb774f6446e844b72dec54713a4fa35
xt/61353.xtx	333	88aeae6c0b94b659916298e41638f9c286b22323bf9c23d2dbb9c4511bdfa132
xt/61354.xtx	226	3757f792be03d1702d6e14f3bc379202e0939104d3e768345596cdf7345f2acf
xt/61355.xtx	576	2006112a5b66840418dc2c931b371d2dd52e324cc17d1dd143988b40179953de
xt/61356.xtx	1007	28ac78e5d5dd869985d8355cf1a3a16d459c500f65d03244e2af44fcae352249
xt/61357.xtx	345	a01ca24a4a3e584abbbeb010ad75147f2e60a370545a739d712d05edbcfdff8b
xt/61358.xtx	421	ae3a1bb2169d047d65044fe2f8e3061905bc7fe5ddd9f7374373db86c992cf90
xt/61359.xtx	420	5a51ee566e07ca74e0faf94cf03e1d6d6c7f0e8d0410f91b4b1c0d5fb5329414
xt/61360.xtx	253	d0f8b352a746c8844e4173ad379046aaa73fa3401d7ed55f1f808d09b9498ca3
xt/61361.xtx	206	1b10652e1d0b952518c8290221793a7092082b415df617974b05d584fec73eba
xt/61362.xtx	238	6de06879ca8f5b3d14254acfca48581b6e58f2ed9c737574cd73fe677a71cc71
xt/61363.xtx	197	63c14cc91a7b6ae02c705c68fcf4669e1b1ecbf9f33ca0d242cba9c6172c1bce
xt/61364.xtx	254	e1e89cceaf3387db5a899e3c26b31c19f2b0ad81276f35780538e8eccadbb81e
xt/61365.xtx	243	1fa0173c6d1db3fc9fd4fc21b221847f3ae7abb796c864602c0366bea53f60ab
xt/61366.xtx	206	7c09a5c8b046492401fa1bef117c0aab0a1667e68a2625f1f4ddd35b69a898ae
xt/61367.xtx	201	9d481bc3910f5c335c63accc8589ee007b547a77e54ae61bce922d2c8b91585e
xt/61368.xtx	346	af418457759a52010a522ba5df648caa2723fe147464a43cb81c7b04d4514d5a
xt/61369.xtx	200	2cd8802075314cc3040d4775972d0c7c92481279377b50595a5a5fa3aa89e960
xt/61370.xtx	293	8be731f1630c56d16e7c4783577c8fce2bd8f2b587a4a6ca596c4badb332c1ee
xt/61371.xtx	242	a8e3f00afa682fb39afc51e5fdae5c62d644c65004fe8fd2730708afccb54269
xt/61372.xtx	244	7735e5803e7d3668d876e43b0e83a4fe1689e50fab3e936caa16600c944bbf7f
xt/61373.xtx	197	63c14cc91a7b6ae02c705c68fcf4669e1b1ecbf9f33ca0d242cba9c6172c1bce
xt/61374.xtx	221	8d0b1e3cea5d4e120bd437330fcd1c684bcf91802fb28da0cff05f5434878097
xt/61375.xtx	237	d571355c4cb51f0b7887d358cdd5530dd40bc118b873390179aa143bbc240715
xt/61376.xtx	212	d71cf684dd7b9d7b768c5971b770d895f1f24bb3bb5fb33ae89f2c0180ca30f0
xt/61377.xtx	240	59adb40a3b1910e7c0e80305a70f9cc5f1b97d031049177f12e4f8b675917ea6
xt/61378.xtx	704	6d3b32d3f1d902dcc1a063a9bd4548d624fe1038efefb09df55340d07e25fbf4
xt/61379.xtx	429	e95c8d2c8cf4d34d37d7252b075a1e523c6ead9ff20c282478f389254526ac29
xt/61380.xtx	347	890134946095b39100abebac4c01a640a97713f9011afbd54d8472b42a16a3dd
xt/61381.xtx	364	e2f916e0cf9fa28f9206c1ffebc882f858f10b04ccdcd041257e2327abfda898
xt/61382.xtx	247	8b3e8c1846f1c988182d4c112fbf9b52bdb8594a93144e9fda77c7405b3bf8e2
xt/61383.xtx	571	9bde90d51efb60130892003b6f18d97dc7c468c5f4ed105f64dd1a97706db362
xt/61384.xtx	444	5c0de7a2e20c21a2a2780c5e53919bf188f07eeb5d1beac304c852f6ed8e0c8b
xt/61385.xtx	500	c8c3ba9617684854e35ad629898e1e1a430ddb6d6e184d2a78d0714687b2bd2e
xt/61386.xtx	463	b0479cb49f9156af2b77347f9c85ac3702137258282d5384e9539c2a7df11175
xt/61387.xtx	252	0304d037f264bff86c4f09b796f5094abf52b9985bab37688d7dadddd46629cd
xt/61388.xtx	196	3cfe260fa9fdd10e6932803e388dba4a8775006ab6effb9ec0fd0e9277f704b8
xt/61431.xtx	171	62b61204f325dc09590ba1241043152e93b5ceb516c7a571deebe66e35903ed8
xt/61432.xtx	297	2422661002e9136f3a8df9a98e7f6b47b76b3a493589d981c874de9c658d49a6
xt/61433.xtx	223	d3b166d3ef60e8256918206bd7e4a911670b00caaa3a0958a106f3c0ab0212cf
xt/61434.xtx	272	0b18674673712bac80f7bf92924354693a149cfb0230b5177def8519a51913a6
xt/61435.xtx	229	23b7c3c77282ddfac629db5f1bbb07dd6684a46b14e2d3990400079aa9a4ced4
xt/61436.xtx	290	796b83051af53a5103973f867040c18c8166508494ce1d99ba2f58075aaeeef9
xt/61437.xtx	259	5fb3a3efef50e9842906afb7b218d02504c9f11bd8baa5adbc4ed20dd4e3bfc0
xt/61438.xtx	211	096251853e1e57e294fef4a9130454e79a398f69b9043716c8cd1970128ee6a5
xt/61439.xtx	252	23f1f84498913ec81327837c639614fc25351b41383b2eaa7e936753c65a1da7
xt/61440.xtx	214	f15f16aeed6f38f581a5cc70f9760c798217fa29bf5ab4614a518330b3220294
xt/61441.xtx	187	2d54bbd7a5e61a80aa1d75237c15e54f61d75d4bdf53a4c524282704a811f32d
xt/61442.xtx	326	7b4f9025a97a6c5c863552a7d0c5fe59a66b0331e69fb05d2b8ddcdeb50c29c3
xt/61443.xtx	214	0bb61a4f3f6191b9920f1c71fbad59c5b9bb51dced299303a9331818e590a327
xt/61444.xtx	200	268424431b79024f4df010e23819cf5803ab40b0b276f7324d7f2119a63d4885
xt/61445.xtx	272	d003c0932d087a5486e80fd21ef3acaccfb1386b0a2e0ee267b859bec255b443
xt/61446.xtx	239	ce02dadee8d282985cb65b793caca0b008e95711b58dd101bec5480bc0918713
xt/61447.xtx	212	7ac983d01672c388a51ec233ee23af582e2c8d5376817d2d449353045d4b3e8b
xt/61448.xtx	202	d1da018f1e54be8f120296d8899761ce118df9d83a3d70b8e0d249809d5b96c5
xt/61449.xtx	213	845d9dc717b75c7e64ef44d16dfe124ff90d5d34f5bd1ffb2d4df70908bcbcb0
xt/61450.xtx	191	3c61404c4dbb1d75dfe0e745c2490878285c93bcdeb90bb04524ee703ec923e5
xt/61451.xtx	206	cce2d335f7d952fdeeb3ca287056bf04e72fcacfbc64acd7ad537c06ee416680
xt/61452.xtx	222	fa746b98f95099373e60b60b30a907be9cfa3a960ab78785853a7c2a1f570ad8
xt/61453.xtx	198	9f7118c4642242a5e44da3445f8fd46d9d1f0fc1d2dd55a173ac0898d7161cb7
xt/61454.xtx	199	c386b1f14cab3b24ff0f25b07975922b5ed806f2e636a68ee7b555ff3feeb21e
xt/61455.xtx	196	935ccd14c1460785a46960d92fbbe960e3782c7053f1b8426e4834eb5f0849a4
xt/61456.xtx	209	a72a0391d4fb115f67113ca015b1906577755f2e79202653d4b1a4a74cf50ca3
xt/61457.xtx	202	a729b8058dcf0d6169c0d38b391edd05a74b15de8bf3b6ba3b83ae999cea7ba6
xt/61458.xtx	200	67d26252c934ae6c61f1d64c907fc0eb08cb1eecd78a0065c3b1120c020e7a62
xt/61459.xtx	445	c7f545565ea90c8b9ccd4f00a807f5f3b3d309db83ac3e32d13cbefbef8ee0f2
xt/61460.xtx	153	79a3931a9ee811d7f34bccca3783b260139fd8dd9998a7e79caf11e1b75c6e44
xt/61461.xtx	421	c9cc26f205381c883d6465ee7a25617ebec971542d5c9a83e526d2333e158cbd
xt/61462.xtx	383	d925bf5ced5ace70750461b0fbb3a12bdbccd60e25195a0af1d099e173d57c2c
xt/61463.xtx	322	9b462e346f03a486324d5d2d28a9cee7f4115505bc602db7db323c0e880feae1
xt/61464.xtx	282	b3f9a5dcab50d1eb2d272359985804c4ee84fbae7379ed6e3c35e361d059d485
xt/61465.xtx	297	cde393d338a62d99ed8a536ff4226bc9b4554d55c012d4b2d57823f8a3154b4b
xt/61466.xtx	511	502ef7f26a4bd3eb93df6cbeadb747e41eb5bc37642f8e8f4146ed1971e28e25
xt/61467.xtx	329	07a25b722b76ba13f6747e97b2910b9e39b8531cdf2a119637625212de674d9a
xt/61468.xtx	218	3a7f9e0e295dee0d3a1c4341eaa477e8b4bac49e4ee08d920393c093773f2314
xt/61470.xtx	321	a0968ec3ef7164f1968945353308ac3309794cf5b8fe275d6a3dd854e9d0e8d4
xt/61471.xtx	262	1607835ac49314441b1bae6ca5c98b9f82315e15aa6991f6a4e59e1fda9c338a
xt/61513.xtx	277	9ef60f0aae93ffebdead8c14da1ee62e85b1e7911940b4e3c944ec9c621dfbae
xt/61514.xtx	326	ce84606ba09022311ed955ef35b9c873e867a932b902d5e6490c3231f65d8506
xt/61515.xtx	264	311e84dcd2243947013f8c240f92c69efc8b566adb1ae86e3a5252d34c295756
xt/61516.xtx	273	f079f2599713d034e08abe69ed06068920787ab1059583d9a7450d3a554ec37f
xt/61517.xtx	347	356ed0948f87a1c4913af1e4e2e50b8a850de97b959ce561534b4a75ce68d581
xt/61518.xtx	314	b6cf14f5d981054b3aa586a796f6c94630994c634cdf740633141b749703c874
xt/61519.xtx	216	b22b99bafe4565dd65418de5657e497fe47ca597130243ecf1f14dc95cb990e5
xt/61520.xtx	324	af74424e6098c36aa0b31c582c705b5af964ecc3dd309ee35495e342e03d4786
xt/61521.xtx	217	9134ef05191f7674dd6a2f202e73d6c56ffce8204d774792f8b80e652dbacb9a
xt/61522.xtx	378	1f5239674a71227017e5821b1a143ad5643590b9d9ca043748503175ef54570e
xt/61523.xtx	300	09ac3c426eccc58302f8f7e894dd9a7c7f3e4ff2a4c2064cdf4248ea822a79cd
xt/61524.xtx	238	26569e6275cb909f78622d797383bfe4a29bbf1756c4911edeaf911cbed3d6b7
xt/61525.xtx	249	ba2049ab15e3efdd60bb78ccfc6ca0a2870a869dd82e64675b338b88428d6970
xt/61526.xtx	273	250d6e02c3edea94c2e8634bb3a3bc46868ca9a130e7d28e33a084f7c263c5cc
xt/61527.xtx	308	e8ca7d59f9a6a97b648b8825c7276427d6d570ee37a878ab3301f1c63d101eab
xt/61528.xtx	299	903364433707d958f963af28d5a9c3260c28078d7b235ddee1340ddd70fa4e0e
xt/61529.xtx	301	7ef6971164b7d2ed4874df4fe8d61feee13b0148cf2f5806649317f213d2c7a8
xt/61530.xtx	310	f31626bfb49a52113b6c2183a0a8b473479306f1a39c563aab681573395089bd
xt/61531.xtx	196	f6de3df8f0d845c221e9371c1adfb0a452d439bcf3bdbce0a3894cc6d8371bdd
xt/61532.xtx	303	3f7d15908c83d1f081ed900a7e56fc86d68fdaa193f656473d09c6a7ed2b31fe
xt/61533.xtx	218	be96845073f10965196244397ff630788e8f4a8a449e39890cdbbbc5e07b586a
xt/61534.xtx	249	9ebfb7672cdd509ff78399bd9e66052414c4da20fb99734999f86b46e77bab26
xt/61535.xtx	241	e22ae2a7b03086567d343aca7b2d27056409af99ce3afc1c728d45abb778c945
xt/61536.xtx	295	ef72611916b45ba542e8b97fa9a85c80bf3148c15ab45b2c8d4db6cacc7ffc53
xt/61537.xtx	192	eb7e1b9822b1f2af9f664c08b1d44ed18b23c46b420a316211cd422b1da558d0
xt/61538.xtx	194	fcc40c7ad043e4e1f17ab92f20186845641ce05450b64509ddda953e4cc66927
xt/61539.xtx	216	5dd8057175daa5135bcffae55e5d9addba92cbcd79d0155582a8d7f3e6e271f7
xt/61540.xtx	211	343ac87677e9cd036be95328ec4998d6d2154cbd9e9db947a9714a1bb25fd49d
xt/61541.xtx	230	ff0f29c3ce868d1e4558e582d95d93b513d72624718303819962f1dd34671aa4
xt/61542.xtx	400	12ca5e8d97141d8838ad9456e493490cd1d5dcabc6dab9d15700fd7f9645e86c
xt/61543.xtx	426	679b527a853919a975732ec9cc3046db712d438be0fc9e9d01b14be3bf3b2910
xt/61544.xtx	401	872553ec53395442f560b032782a0cc673bc216358f34826c22d05ec187f2bd7
xt/61545.xtx	340	c1c7fd377e7e2851ba73d8c09bfe02dc36c3ba62b5d34929c57dae2a97937c4e
xt/61546.xtx	389	ea2bf7481e7bf6f45ed876150b41f3b1c0aa729b8514ba5fdac3c368568b5c08
xt/61547.xtx	364	8f67904067ea05cfde3d88aab698c1c1a65d76a2d01d87ae571d43fd2884e67e
xt/61548.xtx	250	b9610a3144966d317b4f037b779cafd8af0f2231e5fac7b1eced387db3b24693
xt/61549.xtx	272	b4dd111c766fc1b638dde3d30d7feab546fefd8f7f34968530dd30746eb47290
xt/61550.xtx	383	7e97a1ba80d31670c21c4807f6ddcfb909749b27b5512a67c149560d05a45700
xt/61551.xtx	267	25f39ac6a2709e92b57dc9006072c47a0ccc8b477ab4dfce23c75f3d6fd5512b
xt/61552.xtx	234	7dc87b886aedf77e689bf8ca978581e8b14a1e0f374fc982f5947d403d179c7d
xt/61553.xtx	279	fcb2169f5a73809f36a978157665e16245534ba35f25e979692f12f88774cbc1
xt/61554.xtx	245	9b854458752f5fd223c0159b569bad2dfe40c8d4cd62dc9426b7af695a7be7c0
xt/61555.xtx	458	87561dc83b8dc2cb49092ae1b8bc36a674bd92e6d88cdfacd40180dba6ac09b9
xt/61556.xtx	257	6ef62a0416620df51017115e74234ef04d827704b8ded38eeceaafbcc6287dd8
xt/61557.xtx	314	55389587772cdddfa33c42f9c59ba4744a1e2b8eaa7846349140f51b78c6c53e
xt/61558.xtx	280	a864a3d1fa431f5252ff62ad94ba2b4b17b842554bbb05f85fd833a82497d098
xt/61559.xtx	284	1bf057fc3f281bf5501222b228a549fe4fcdc90061c02e3fd964f0ce82a00575
xt/61607.xtx	286	6d3c5f962942447917049e51f764f1992a05ded33c0fe742e55eb307dd5bc8c0
xt/61608.xtx	468	3d5f68d5f65219ad321a845749d634a4e2a3c6a8fe177bc033d1ee0f8b4b17e9
xt/61609.xtx	264	78fc4e6a38c9d6fab03f0be4841699f10e6db103a52a64670a7de7382ff28e56
xt/61610.xtx	361	0df4d317111c5f49ce6c5cfda114f75cc1f03e126256a2c25d732d86ef340374
xt/61611.xtx	238	303fc197dacd1a4b7d5616b03fe8057fd8ee38b6ccd334782f113319bd572241
xt/61612.xtx	273	6fbf833c59f38710b7bfb46327fa2bb6ea7be3e3ffe2bf21cf0fa50bd7075dd9
xt/61613.xtx	534	1876effb8d776f9e1d010d995f8952fbd68be066ccbfcbba557e90e17e45c23d
xt/61614.xtx	247	8d2ee17d54ab5ca692e8c145fd86ff73d5f5f5894029696667e935dd90df4ce5
xt/61615.xtx	259	e566c3eccdf79b45d125d5dde786c14de13649bd9d6ea748fcc0bf40c2911e89
xt/61616.xtx	272	d23037f576176b919660430ab1ec963c5041f0f62991b856bf36ff7f1e04d1b4
xt/61617.xtx	234	6567980be69dafa121b8014d5c8f4134726e87082655975cdb19c91664b86453
xt/61618.xtx	263	c1702dc1387a55e2afa94c54bb81dcb2dfe3668c9b9bb10ac870a90a26d6270f
xt/61619.xtx	397	a0fa2f4bb0c3186c69c50a9f542e9812e38ecc3b407a5258686717b411871ddf
xt/61620.xtx	216	b9b7b478abdf56dbffc39425a054065e19ad0bb0e79b8b72c9554dc2c09f1564
xt/61621.xtx	187	f397a151e2c79226a2940ee17c1f95f05878609b2bd0ec9404d765be64c8a8c1
xt/61622.xtx	184	a28ae1659b5aa384ed0e1cbc3e7206b5fc552f6af8074e2f369af92312d441c7
xt/61623.xtx	228	9a75af75cd393626ec9f05ca6fb88ba63b450c61885005f3ae74ee17ebf71c01
xt/61624.xtx	184	9e0b2b167dd488fd755ce4eeac857087d57432c9f86c749939f15c106c9ee951
xt/61625.xtx	194	ffba5c1348916949f0c2eed2f19ab1c94c4c9f89fecd641116ebb612240273e7
xt/61626.xtx	256	dd62aff44d82cc53a607ee89b447000d7d1f762207bf5c5f7cd5bac6c05c2d72
xt/61627.xtx	231	4a9c8d0c5e73905104c146862b0096a3689028aad29ec2f3243d791bf42f8f03
xt/61628.xtx	225	9dc1852c04ad381b97c2a929df1e0f5008097cd0444ab91cb13a96da06d0c137
xt/61629.xtx	189	235263cc61702340bf6352a365044aab4830ab23dede0045a9389df8ca29cde3
xt/61630.xtx	185	22e591f866fdab6e93fa1fab84c19ed2d13efe449448d35346bcadda91094042
xt/61631.xtx	186	8fce87db4fa3db9fd0a725c05273ff03d29673f3364bd16f78c3b3caef11dce2
xt/61632.xtx	215	94a89731a6d0a4340425e753b72d2d16abf8eb354cb6ae50785cea1e5223c816
xt/61633.xtx	230	ec6eb0b10ba1988d6bc6ad3962b6f81bca2900a63de40c682b1ece637df0a172
xt/61634.xtx	222	e1f7edae7a69a26ae12e88f52bc638df72e6331c423c76c638646988bd44a223
xt/61635.xtx	314	be264f73cc598b04f33fada0e1722a2ae895fd12f905d4af386bf32854073106
xt/61636.xtx	243	f7c048b848f6d37f1205ed36a2ea5e472b9fefa6a5f92661e09165b906c66ec8
xt/61637.xtx	255	4482535b4bd9ddc912cc36eb87d84f1ac5bddc29687a6d3fd232e5d4d835de7f
xt/61638.xtx	210	f22c81e8abca2d25b654f7568319fa07a146674e6186cd42da4ac7c41bdc2475
xt/61639.xtx	237	dbf96b83aa35e1b5cf44b8c5dbd0f665f0dee4c6c394d482bc0df75d9251f80b
xt/61640.xtx	284	ffc270627727f2884a6cfee5c8d80b9a661af23d36010fb60db51704943daf70
xt/61641.xtx	261	d9843e6306e92d40075e9dfa489d66e84af8b6c170cce866fc3f9f63ace1a8ef
xt/61642.xtx	256	9579b778f2fde6f8893f1af86d452ead91c3109ef1a2fdf042dda1ee6477ddc8
xt/61643.xtx	314	ef1a5be1b365555283f8cc8fd51e15331674805bb987fa3e6e9ddc148d324001
xt/61644.xtx	211	e1fc9dcbafab5e6255fb6e30119644e46664b0ed9b2c57ee6b646336966613b1
xt/61645.xtx	234	0be73204952c8cfd5de1f201847a4a69aa2478e3bbe6158372ca2f4c72851329
xt/61646.xtx	229	dc98c137eccbe9d72d069c44750aea718af115b1aa817d9d194d4298b2b1c004
xt/61647.xtx	222	b382d4e8642bae8d0385058a9f92830a4b601207d99267b698f746b76af1cba4
xt/61648.xtx	232	efba72a0b131e4f6f561d402e3ad495b6e36cb125ae90ab1686b5ae46c77edbf
xt/61649.xtx	268	9f2cc4e9fbab089efb82b074fc4ab3897eb0a2c8d0500830c4b546cd3997b123
xt/61650.xtx	249	f91d179f9903d85bc40cdd34781378734791f9fc53591dd585e5a95ba216a71c
xt/61651.xtx	212	2c3f1f85f46377d1a65b48a7a094b9dd88b40d98b752e6a08369f964c7fbc60b
xt/61652.xtx	257	9cab457a3cfc4f386f9cd26f588e6dbc2121f54cb512330261bc89b2d6e8fca1
xt/61765.xtx	292	128c00bd0f596ca72d5b89ca52447d1ae22ce683d561d9db952f69ffc5db9d09
xt/61766.xtx	641	e820b866aa7dbcf0565c6286ea5d463a19ae9a06b5475333095649da9938b571
xt/61767.xtx	878	1e35f84430068cd91224865c798f0ddf44ddbff4e4852b96baf559abed3c0659
xt/61768.xtx	570	ddf2903f76958660720fffeaf48aa9d5660cce8964aaa525ed8f81ec0818f20e
xt/61769.xtx	636	d3925de0b86f187a62fbdd92abccc058db0195c99582a5399badb4b07a729a4d
xt/61770.xtx	667	98c9d63b104c31894ce2caffb85792a73b7bd8c2c0b3c11fb4435323dd9f6058
xt/61771.xtx	367	61c7a1bd70159bdc4a5b9016623e82184dfb6301ed4e330fb4a8c0db570ff522
xt/61772.xtx	646	166fd085b97f67bf8d26c3f7859efe13c461e7f41639eb4c52880b3fd0a7b00c
xt/61773.xtx	249	bd1aa5006c65b2abf98b29899d72dbf077c5da7d3744fcccf6a76f087b6a0889
xt/61774.xtx	1454	0d956c5f22f0de1859104e20946e450b0d660e9adf2ffa738d829ee2f5b023ea
xt/61775.xtx	562	e3bd335ad7c06ab0df9c297564289ea6419324f6976cd8bea2ff9aaf701324d0
xt/61776.xtx	187	bcb9139f5b36088dcf62e502f45c88b5aa8d1beb74930ba7340880707001027b
xt/62868.xtx	258	1aa801223c717335fcb08184b3ddd3064a96d972f1ecdfc89640f70940974554
xt/62870.xtx	173	76cab5c79305b3ff9978c00558b5eb67721551c5368b4fe40715a53470478efd
xt/62872.xtx	278	3db31ec833ff67a0f75e743ca57cdb6ee0c4d7bd946e2cd11f30ca26718aece6
xt/63326.xtx	302	400379657fdea8ca8890b1c80f5bd2cd9d2dd8b7e019849e1ce981850a9f53c0
xt/63329.xtx	319	0b4587386c0b9b71c192ee964c934f636043aff1db8872afdaff879b428ea79e
xt/63332.xtx	404	c48b3a9b3bef90f016b00b7d974f723635f20adad5a23f16f60ca17396a2db3a
xt/63338.xtx	320	d52e22ae7678f094581c42a8259ab6d8aef52fc051631bd43f40c645a2e9b9e2
xt/63344.xtx	355	79ed8914f79541a8280a681fa2f85715e36edad27613e32fcc88a97ae19f6a91
xt/63356.xtx	397	c0745bfebfcec03cfe08c135d7cebacbe67301d46a3de9134ca5f94b1e13861b
xt/63364.xtx	442	7457593e2793406bc7d85d8a42f404ba32c49b50dc9246cc74d11caa8d7d86ca
xt/63366.xtx	482	1ead641927916e5361dd1d1a6502a25e52a7546265a3bb0e11651589b726cfde
xt/63377.xtx	262	cd96a2592b637c1e39d15be95ca0b1e0af0fb1b190cdfb9e6379476f027ab5c7
xt/63383.xtx	383	c0ebc0f4dead7324b215c7a37823e73247e1d3290dd5e0978f3179d781d0fb12
xt/63672.xtx	216	420a002d3d114e937997a43ababddac052f4976d65ea006d02da54c4d3366ccd
xt/63682.xtx	209	61676c4b7f3cd95db6124916284b3f9a6a7df22052c9e476804d1500c8506abc
xt/64497.xtx	177	9ed8c5e29c6b84c428631df6d48ca65ea3d2ec6abb007065a2a6565fd09b14fe
xt/64498.xtx	228	1d6178766a5de4f982fd4e8c6748eeaecce73b8d2c47cb53bda21794001568b7
xt/64499.xtx	167	684118621d3e966f64c09e4407a55d688d966dd8572e8821a3a84754e00177cd
xt/64500.xtx	169	f3f9abf6c5ea45b356f0669e7f8a2bb7438a4aa378be958550f4a2979bf22133
xt/64501.xtx	195	2d24c3d45c2f4ddf09cc4aaa0a5fed38e23a5f808c4083f725f19c852a918836
xt/64502.xtx	206	7c09a5c8b046492401fa1bef117c0aab0a1667e68a2625f1f4ddd35b69a898ae
xt/64503.xtx	206	7c09a5c8b046492401fa1bef117c0aab0a1667e68a2625f1f4ddd35b69a898ae
xt/64504.xtx	215	30d724a71339f5a3bd2258883898570f221c3747f5e64cfc89e1681659d2ce75
xt/64505.xtx	215	ac85111fd7dae5e6fed7761465d52af530f2fa4be04c9b79dd468155b2d4d0a1
xt/64506.xtx	216	a81c2eaa68e35101f9f2e9c02611898c296e8c19f7240cb440e3387b13865bf4
xt/64507.xtx	205	a82c1dcbae81513dbaf8042bfdc715bdfd02faaafee7c98db03e99f85f3072b4
xt/64508.xtx	208	5517f33534966fbed4271822af094910ed77d5e9dfdfbed0a83778782f6b266d
xt/64509.xtx	177	9ed8c5e29c6b84c428631df6d48ca65ea3d2ec6abb007065a2a6565fd09b14fe
xt/64524.xtx	533	381caf1bd33678b17d67fa9c90079c309293e964fa9662aad7ec10f62f729861
xt/64525.xtx	320	460ed1d5a37032d40456dfc6f72fe2f346b2e2612404f083528806ba062e1916
xt/64526.xtx	874	a2dc8de3859cc5bde3495d8c37c7183676141f7af1e900ed3ace8a972c25fbfe
xt/64527.xtx	260	e2c30d54b3d929938fadaadbe9b99e9a5b95aa557c22bd2b06f2b37eabfaca82
xt/64528.xtx	2091	64443eaa5fa175343ac3262d2d12c45abba3a3fff02e80bbede2527bb6596452
xt/64529.xtx	573	9cd3ab1177433eea49657cbdf7bb79abbf8d85e1c3628394d46b65099af27565
xt/64530.xtx	446	69e4a4e5d4ea5a65cca7c3bcf05589dd570af28e5dc593b13e7ae9d0c9d1eb2e
xt/64531.xtx	1079	382ea94636c5335207a437813c55a67e7ffad44f18d81fb094a0a14c9aff0446
xt/64540.xtx	357	6512a3b1e58d9ac378ecd6a25204014d32ad28117e9b8114ab596afc7fed43fe
xt/64541.xtx	529	846a969f090acb16aa076df1fda70c19173af218ce935f4bf5378deb3ece1a22
xt/64543.xtx	448	b6cdf16b6332ec556c375f04001df6bc5d18f2255dce8f478c47ec1149eb23ee
xt/64544.xtx	414	cb7bdf2350ef0b494de97a3d6ec791e679510388861d535532bb42e0f9059e92
xt/64546.xtx	332	1074d2938800dacfd84d81133035e94597342258b092caa249cd4421529bdcd1
xt/64548.xtx	493	c1fbcd9d4ef5768dcd0e616b83c1aa6fde0c0a8171ffc695f3652aaf258fc9cb
xt/64549.xtx	419	4d6bd6cb44e3a0f70429c464c2e739e180630923d0a4aa7e6d195c49bf2df24c
xt/64551.xtx	597	4adf032e8426823e5bbda6a6704c6fdd6ff5cfdfcb04f76e88d9fc2540cc722d
xt/64552.xtx	360	34a5bb3ebf739ad9755bd33ca909a3225f13d49b7207b7bf7e3c7d36d4fc1962
xt/64553.xtx	481	bd4a51774641f2cdf10b5d3ae81d557649fe0831532df836297ad7db00cd432f
xt/64554.xtx	104	365180abd1c2db3b74b1bd2e0e1b27bd52af91919401bc10a44774d1ec0eb7c4
xt/64555.xtx	429	378692b520c45c5625939b8985a73b0d3a6407e463696f0c56df9e0d635a95f4
xt/64556.xtx	553	6e19db0c9e208552b01df366f30cbfd457f077cb8ebb0404cb235c3c0e27f81c
xt/64557.xtx	400	245c014ab5549d9355089a0288d964ff1f8bf5235cbb6a356bfa691855c55878
xt/64558.xtx	400	245c014ab5549d9355089a0288d964ff1f8bf5235cbb6a356bfa691855c55878
xt/64559.xtx	366	3565e0073e62f94dc902a89121ba0ca65ccf117e130a1b3c8fc6a34f4991290e
xt/64560.xtx	325	b72d464c865d652bd4cbd04438592ce3255ad3a25bc29cd31169f8c9a58a78cf
xt/64586.xtx	228	1d6178766a5de4f982fd4e8c6748eeaecce73b8d2c47cb53bda21794001568b7
xt/64587.xtx	192	5f609e6f202ecf9244fa1f6bbe3c942b862009877398acd1d461142d1875a028
xt/64588.xtx	183	5c5f04ef2a30ee198aee0f0e26c7ec187d08724b30299d691db974915eec62a2
xt/80249.xtx	256	f441f5df0145f71bee4d3cf9e525b1af2b9766a8601a526b2c7856bde484885c
xt/80887.xtx	688	0e063d42df1fb022f2c6b311686bcd68c78e810d456c813a7579f4b1c362afc4
xt/80889.xtx	693	eed99784c6ed3e52534e1c54201d47729cc3e228e7df72c8ff8017292779c972
xt/80891.xtx	706	d5fd7b2d5a50e136716b1d1415975da4638c8ecaffa28a688c1d692615d929bf
xt/80893.xtx	717	8bad1591226f9c28d6b43bae26185b64e0969ffd95ab71a3f1a3ff72fb0d0622
xt/80895.xtx	659	5ae09accb63459a4a8b52d068046bdaddcbd065bc0066f97906639574bcce30c
xt/80897.xtx	712	bd0890e58bf01b8716df6b8d8c14234885d8037e306d9dd9d211586cc24f236c
xt/80900.xtx	702	c6f0e0b3373a0472ae83f227d1c0bf3f42f840c9dbd04f2ef4674d7bc75129d0
xt/80902.xtx	740	d3306955bcfabc39b67a9ee6985172457c9ef88e98671dc0673cf889c1642d42
xt/80910.xtx	609	63a236176a8545b5f129e0ba2f7ce98e45eaf01df831b6aec4e6da74c8bc6abd
xt/80912.xtx	465	c685d02df200d0466083101ff9b7b1625c21b256ace62a314af17469995ed3eb
xt/81279.xtx	443	36b35c16e033137c1c5f1eb6547d2ba76663d7134d4db8cc1912c9ee275b0bc6
xt/81280.xtx	454	efb32fa368053e2d1e633f010f7ea5b4f3ec45bebcc1b9657715c5246fd2e3b7
xt/81304.xtx	396	e45581402aa7ccd1e0c0479d22b56e53b41f3c8cbd924f57f466e4f72b5884ad
xt/81305.xtx	212	c21802b5b757f997dc21f97c7fab0408102f6640354c5aa2f8039dae7fa3d310
xt/81306.xtx	329	d65157fd45ffa697ed9df576eec59d5da99d36d2e58606edded1e3076bf50ca1
xt/81307.xtx	289	3b80101638edebc02c2d144a9d697f270fe1762e77961c9a63dc8429d35bd697
xt/81308.xtx	210	9ceb2b3924789cf3d3dc7b0e923dc75cab0a565973f336dcb062c6567ef737be
xt/81309.xtx	184	88c437a01aabaa15c3d7f42f5a293888a27d8047cb6391c6f5f0677a27ee0afc
xt/81310.xtx	579	9a4c41fb896a9ce0eed3f3a33d7084a7154ef5d1be3e9045fc912ae590c01d04
xt/81311.xtx	664	ccd9d24d7524e6d68adfc49c15e33103ddee207f7ac08012819e2b06497f6ff6
xt/81320.xtx	1203	1b31d9d6b736b77e82fd20add6c2703fa956765edc08c51a51400aac69ef3f51
xt/81321.xtx	1315	92e1135390809d0eef8587ec7f243ae80db5b7f057424f9f86cf1ed576c5cfae
xt/83891.xtx	955	04336a60c067e694c91ce129ff7c9b2dcc253354aa92e9db992212fed7409784
xt/86072.xtx	254	54d960d1bcc460ed75eb53598ab11c66486198f9f4e6a338f3c06cd1fd9754c3
xt/86074.xtx	96	38c61d7bd97479381aa6c42372b530adc2ae9ee63b006951f79516c8777c956c
xt/86076.xtx	378	90e3cb64392cb92daa33018a76e382a768d78fc32c62257123b00babc4c9d780
xt/86078.xtx	284	7df2d7c473b833471a6e55ed32623980a29d6b884396b7051982854ce43d806b
xt/86080.xtx	616	507ade972e121829d05c42c7b50917ab1efc8144043161f135a4073697f1f3a0
xt/86082.xtx	13	2ab64517020b392a9fc812ab964a92701d227470faa4b5a000f005f65df742f3
xt/86084.xtx	13	2ab64517020b392a9fc812ab964a92701d227470faa4b5a000f005f65df742f3
xt/86086.xtx	249	2a8b6cf26461a5c523f72d506a3c1446531e57967925be241d99f8dc3d76111f
xt/86088.xtx	486	87db48a42dd50e3ed93e380d380e1d34f5dbf1152a191a479ff85dd6d372f060
xt/86090.xtx	14	a7d6fc2c8a9bc1f9958929d73424e5d1bca8b4cd1bde40d86262d2f2618ad4ba
xt/86092.xtx	13	2ab64517020b392a9fc812ab964a92701d227470faa4b5a000f005f65df742f3
xt/86094.xtx	257	a34442370cc9f42d9515e5a3582bcfd23b575c048695e7c29cb4a6acb15eafdc
xt/86096.xtx	1099	a46ed74067b8f662af91b3b560eca916d491eab1b3592cb6c3f5dd7e4623dbd8
xt/86098.xtx	106	dbb605bbc19e1e7ef641947a539dc4a429810ef6d566d44189f8a0fe84591e89
xt/86100.xtx	385	a94eb0ff9441ac0ec91d99bf9237de1fcf8b660c7d4c7e6e3a0e707e996bd066
xt/86102.xtx	403	67a1eaa1dec64883fb6c64af0be134b1ed85a5cf921960ff35bf3e7f9e7e0842
xt/86104.xtx	269	325cb5b294a68e7a6b17b28978c232f0e34679489568c7b23af7c4ae0d7ea55b
xt/86106.xtx	51	dd6066a3774402578191ccd352791dd767aee38042a0dea527b81296b6dcfeaa
xt/86108.xtx	413	4a78e725bfaecef98198358c5d595966b068e2109e48f3e8e3aa609cdd517f76
xt/86110.xtx	298	3637538707960b210d4da74faa684bf76b2b267b50e9301a48b87b6531c14633
xt/86112.xtx	14	a7d6fc2c8a9bc1f9958929d73424e5d1bca8b4cd1bde40d86262d2f2618ad4ba
xt/86247.xtx	465	51cd5f19c4a87159426069c5c67f3430075c3eb5d7abd3cbe4706d0369333b67
xt/87887.xtx	312	ebee9ff69ffeaf5dcbff6407d4ee8dd7b4908c91512ec1bd3662e1641660e3d9
xt/88440.xtx	355	2d4c121eba43138beca7cda4cf05ebc7953fe4339490d21bf50877de69b35bea
xt/88643.xtx	618	e56fbcec9a64e50ccfc0cd84cacc8dea71db2b637e8c712043b6992b2a5ae052
xt/88652.xtx	102	278553387240359dc60f93b1a2b15225918ab06020169f3c0570d72421d77a5f
xt/89077.xtx	221	d8d570c37a1144d1630002628778babb373eaeea6065f20242d0afddeb3e37b0
xt/90727.xtx	1701	d3619c99330a622d87d90d921f6b12d2bbb158efccb6b55a3f6947819abecdd0
xt/91101.xtx	1611	b0b8ad1fe26e6c4932ad68a1fe8488b3df310bc71bb97800b23a799724a3a3ef
xt/91103.xtx	861	cae1987209370ecbb63baf06dcfa224c821d459673fc2d179d4b2edf4d6e6ed3
xt/91105.xtx	880	60784f7b66208e3400f90799f1eb0e7789acb7b3c2780e1c23599530f834c8ec
xt/91107.xtx	2092	482533ae251dbb661048b7a8e86bebfcc3ace91987a4b1de30ed1fab441a3025
xt/91109.xtx	856	b788361a0cb171d0fe30768938c09b59f20df0291f97effbbe9ebaf599a43edd
xt/91111.xtx	802	a5e516fa52b5b2cad913e9719f4d9d85b04baff7f0cc61cc549f958a674d760c
xv/17923.xmv	9472646	430c2e7f57991c4771cb60a63dcaa1529aab39eea8c206e8e9dabe5452ebd0d1
xv/19650.xmv	8783518	607a75c4952e0507938ba6fcc6e3436993c6583e262ed271027a792bc1779244
xv/19652.xmv	19534346	05274a1ff4d977584152a5b25b6680c1beffa056d517d2bb439865a759b96ab2
xv/19654.xmv	5550176	eaa125227741fda6f6b272eaaa26eeede7ececb4cdfecca5559d84d5998b1ed8
xv/19656.xmv	2879684	451d74fda8eb1ac0aa04ef082f1e62ba6590131a63777f7e695305f351d2fcaa
xv/19666.xmv	6218357	d007013a3f546fa1a33e1667897874733231dd487bfbe6c811d766e589f5bb62
xv/19668.xmv	34838727	1b1738b775623bc5c3dccb66fb616644cc1a96da1994e018fa9a2fb2c700619e
xv/19672.hot	188	2103f976e0fad4e6321f31020bc3e03739fe37741b12fd0cd1bfcc25463efcc5
xv/19672.xmv	5377858	9cc7f0ffe6f610eadb3a8d61745cdfd3c5169b450dc75b5e5a190e21fe52d10f
xv/19674.hot	168	365537fce88f7f907ddf6c7a12cc022319358a7ab9705a329c82ad7e55e52547
xv/19674.xmv	3235755	9ede7f9bd32e0bd5f6effcba2712bf3efe2009bf4a311f088e256b78d8dd09c0
xv/19676.hot	48	dffb424c19f9a7f0298c112a78a3b36655abd9eca7a4b245bd66dd53d9df8273
xv/19676.xmv	2872272	e816ec5f5b5d8d0ced682d4ca0242adc6e47f469814b01251ccabc4a7c6e8d83
xv/19678.hot	48	2f794e11a910bd617a7b0c8da5789363338df772be545f8631589e4d73a1bcc2
xv/19678.xmv	2957108	feb4e968817078c581e54659dd6fde9f5df402a6d9d29b7c32954557108554b4
xv/19680.hot	48	d2462ef861fac15562a1d72058068d7c5465520a4eecb0a2043ac1e078ba36c0
xv/19680.xmv	2172819	1c717ee8cf94f4b71d3ab811e402cb30b1ef4e8047a95a29b2de66204ad5f41f
xv/19682.xmv	2807586	6a9c2567032571c7e5cb273861c08ce00b8d437904883ca78a3113cf43fd3dbd
xv/19684.xmv	12231117	e704442f91b00e398e12e994f1ab4d3244b18c10098aca725cc362c5267f3a85
xv/19688.xmv	7236854	28721e85037bf6314b9a2b3c34f7eef7ca5f2eb0dffd111302932aae5dda7161
xv/19698.hot	28	0879b544adfad2502d1d0169a6cae3e85e27947b32c60c3eae9f89f90659559a
xv/19698.xmv	2329875	3d6b1da248a6eed8c99622037b931553049e68e911afc0d34106006666c89f35
xv/19702.xmv	941193	57934f3035e05a14b592d7e4836c3dedfd7dbc47199f7528b3b9cc70a354df7b
xv/19706.hot	48	d931a1d8fcbf1cd66ee0b39c9a819abd54a73441510401cb07a0affa5017cbba
xv/19706.xmv	4469020	9056f93da7f79dd8fea5f6ff7491a0aade63703d3c602a715b20ccc34694d44d
xv/19708.hot	48	619f369b1b6e64f4682905365723247b045bd941a0f84c2e76f5cb98e82c3517
xv/19708.xmv	4112234	f5897fa7b539ad7b276cec9c518924adc4c13c423bb549673c7b14fe02b9363b
xv/19710.hot	88	e72dc3c0fbf4e287cd8944a34ab72f20c4a8bdfde1523b39314c6a1823923522
xv/19710.xmv	2385765	f7d5a3b8dae6cbd791b6345f592b997c9df2ff506d002118cce52a9cfabc66a3
xv/19712.hot	28	f236a61b9ff1448be9ac845e026f3d226321f75090cee7f4d087a3ccbbd5e107
xv/19712.xmv	1061877	d0d8fedca882655163bd9b97d63a503e261b1521b68a80545399edfe7bdec5e9
xv/19714.hot	48	dccd344b112df20d7f2c041e902e63513672fd84fdf5e28d65a7ba7d44686ed1
xv/19714.xmv	2824441	a14db14167f5edda2f55961b4cfcadce800931c0d164fd19f00e73e6b8569ef8
xv/19716.hot	68	2743badbc47eacaf60e12cb80a8b88e0b54bd78de60f6657dde9c14fccac2703
xv/19716.xmv	1853017	26ce8e3f616971b972476800b127ff0067652a267469dec1acdb2ac84dba09de
xv/19718.hot	48	c50726d03948f2e5e54bc8d460cc135eea937a64c1deaac101877b3a11f928a2
xv/19718.xmv	1765213	dc7f8b0498899dbb3d786ed0a2001e869b2413af630997c2c6cca922fd333e04
xv/19720.hot	28	e6d36429a37a118306feb5e086ee8cc6dbb15ac4567b2ae7dc6d7f52e181432a
xv/19720.xmv	1095094	c0a7de89677d4f14229839df5a95666667dc7b6348b59db10fe2721156470c09
xv/19722.hot	28	d922d18df9ea7a6599d30bd3b1a02019783f0e9dfa57bf25e6b416091c7ad5b1
xv/19722.xmv	1267973	9292e7ae85dbea785611609abf4a5ee7e5da4a1f5fa86344646bb71face357f2
xv/19724.hot	88	8d6e94bfd537e4b23204e288d840f9a5f97a4a3129d06810e373f72ba248f5f7
xv/19724.xmv	3453348	40f39ae4cebdd4e8eacd910ff5f8a339abee1efbc8ef654fc4d7e2fe4bf88ce3
xv/19726.hot	28	9a7be8d3a803d0967c966b79d9a9da4bf59274d7dbb974443a3b2160dfaa116f
xv/19726.xmv	902194	ddb7731074b1d29ba75b7718ee8b95bfcb52e5b3f3eaa9374b6d6472b171c6da
xv/19728.hot	128	24204eb68db98dad5562da0ab46fd81a0d4ce73a54fbd3872c277423d08e889b
xv/19728.xmv	3714234	9e9b09676c3a0dfba8ad721c9832f08856aec7e0c0f5fa14699dbbdc2f803c3f
xv/19730.hot	88	a00e26fa6a2d6ceec7879a72ca76f46371c2b9a3cc4173ae46b2060431cf4db4
xv/19730.xmv	4952056	3d17223b410afd3c13fa702b24487d9065125a8cf11601cecf25a6360bce5742
xv/19732.hot	88	42fde25b318edb8369457fc54e3d08408b83602b53a261bee0da28630992d458
xv/19732.xmv	6432839	02528e5c5db45f0ce91e2728a07aeedbef69a94cb400a0e3d54efb5d501f0301
xv/19734.hot	228	75f7402c0d43960a35864e0b27ff01c56921ef6e5a1a44db5419943ae8e62d1d
xv/19734.xmv	16092181	e8b3cb6adeecfe89d77cdd2a38ceb9694321a7589e964b78a48557e2c8c7e7db
xv/19736.hot	28	6a14153bd0d12e395bbaed0f87263522598914ba8ce652cf9abdeab052aad4d7
xv/19736.xmv	2183288	c9dec8666a71ed38bf2281f2ff26bb236af236f55a5378df5d2ccad8aa3f02bd
xv/19738.xmv	600981	f5016f627d29ce81161ccd2170941ac6e4b5cf075d221bbd3b96c507bad73557
xv/19740.xmv	450941	5641b76f5d29d7aee8323cb7d2374e307dc2aeba7694f49732664effe4e64405
xv/19744.xmv	672351	cd6dc94b8db4ee5fb86172241e3891eebf5e3012552acf996007cf670e27f1a7
xv/19746.hot	28	eae35acdece450409637c7c3349822a6bf2f1f2b218b58b9cb0397d23ebf2570
xv/19746.xmv	943621	449c06ee1beb916c3d86e31e71807ddba970e01a9c6176772a8c392a0c843c3e
xv/19748.hot	28	77c74aadf11020702e3729d6ce684d09fcde73a4b1132d504affc9561abdf8a4
xv/19748.xmv	1338070	ae09d5cd31424dd92264847863942cdd02bae087eb12ec2c5df73f712ae42052
xv/19750.hot	28	a515f7a7019c019d4414ea08bc0833e7585b10855b81e540f148220135929725
xv/19750.xmv	637941	202a93d1db33e0c0901a94f3f0916780e4013cc1422f850344bc0bc58c289dce
xv/19752.hot	28	622e0968e7b8c5deb06dc805940880689ca59a6a7b0a516a93e46416c300e4fe
xv/19752.xmv	1648591	7dd7aa1f165b431ab69af460a4b41447d91b90f2fa8ab74c8ecee683401e84d0
xv/19754.hot	68	4e85753d5e158aa9e1a97cb4cc17f10b90224cebf230dfda38dc35455c7e4944
xv/19754.xmv	2193721	9dc55d6ed5005f6ef1467dd747b0d9ab8c0fa66aa41dbf71ba98696b0c6fb792
xv/19756.hot	28	1db585059045c93a720e29114ccce38c9a30fff5f9c2dd929871c7b54a1df2e3
xv/19756.xmv	751740	879800231a80bf630c6ae1a6e3aa5dafdccd7319755b87361f53e7c3247862b2
xv/19758.hot	28	9b7f39909b9d426c3f91af8a7a7348709c31cfc0e69310598c968ddbfda9ea1c
xv/19758.xmv	3087144	7ae0143a96a4d6b35180e77616b4ec8df51dc853955a36e56d3e1e66c6db2f1b
xv/19760.hot	28	6cdadd72f9e1730511be506aca81efdf9de4dabaf0990b33879d03a22ccea092
xv/19760.xmv	985668	46ee8566594d21c9bc5699fc55f0b5ff02f141dd1fd172e801f0ed6249c40c0c
xv/19762.hot	28	11449bc2b901dbf8b8d60ace18404d5b50a88dd4505fb46569bc00fecb5ab4dd
xv/19762.xmv	1357947	4023f0b6bb09940f5b835a01706d14c9bcd26d8da88785948df32d01ea727564
xv/19764.hot	28	7a94e6be9cb2407eb34e6e5fc910524af326e1f28160e13d1215a8a62dbee2b1
xv/19764.xmv	468280	a29ad5d843e6f5224aaa44cba7db67fd2b38de01f43744cb7f7ffc3bd9d9756e
xv/19766.hot	48	7a098858e99ccece1b5b7ed5bed28953505de8189e291ffd0b25bb45e672ce5a
xv/19766.xmv	2241700	8e123a9769128a051f7a4f1f0b9c0631035aac2bceeb334939d660b2c3c1b838
xv/19768.hot	28	74f873edf238667d2b1e6e849e22ac4e7a35dfe251242a64b31e80888dfb0e6a
xv/19768.xmv	1343791	c6be1bc45d260ff43273391679c13e6ba8558cb09bbfa8dae0fbfdf3b26ff23b
xv/19770.hot	28	871d7e9179977874e5a1a2ad3ad7fc9f3d50a91929024349c8ab07ef2229b9a2
xv/19770.xmv	951671	aed71050f947c0b2529ce9b44948164e0311ef6883f8b777cba2cfe97081a200
xv/19772.hot	28	67c197fefb08eb61002f41b5437bd7ddf31d40dd4fa6d4217f1b9595b4ee3e7c
xv/19772.xmv	609945	3b54fa79c5036a4c911012547dbf7b59dc86e79aa243fabb0c22e3686c10ba4c
xv/19774.hot	28	070f5733aa39dfdd5a107596bb5ae3fd568b228401f403ba8259f9ef4a903afb
xv/19774.xmv	785996	aab3418406a0ede674bbcf0bc8cfbcb0733704c4cc96b438e744a3c991fed080
xv/19778.hot	28	d57d37e57523b0642803472aec8281a2b816ccbc6951cfa38bd900476b7be262
xv/19778.xmv	1696475	0c99aab49cdb44c852a09f082f206b899cc3728babca13f7eb316f470a6c89e5
xv/19780.hot	28	ffeac672a8116c578e6f48d3ddb3b8966dc662ebc6e9fbd3dbf64c57da02fcd2
xv/19780.xmv	763589	acf7f62357dfa6632b6cf81eb3dbffc4b19ac3e723c990af9cfe5f07f904e13e
xv/19782.hot	28	0401e2b120b8dff81a757ff246140660ab746b3db51a4ed2e355d867d494841a
xv/19782.xmv	1529680	d4b15217dd9a3ebdc06add29b9bfd2337c6b6c7f148d0aa594cb5519f41eb6ec
xv/19784.xmv	366967	aa34f6b9ad096d5a33e4eae528619b05dc92c34a6a1b3f1bb98745d06567ad88
xv/19786.xmv	545150	f88d8711772e7d957a79e2a2b1f0d1ce7c4a4f1d80b21b9619d2a984af8fdec8
xv/19790.xmv	579370	697c7f3ff1aac1981e6c282d3b3481509c5715d0c991248431ed425e45ba944a
xv/19792.xmv	598580	bf0ec6ca2bde4672066454c984671a3febc9c0dcba852095377c6b6e2b691324
xv/19794.xmv	678187	4c22c4073b1d9cbd3598ef251ba7221902e1db4afa720a0249ddea6c19fd6027
xv/19796.hot	148	cfbd7b8b39611edfda83db5428fd32dd1ed2c0049b76a9dfc9df07aca80f5af5
xv/19796.xmv	2509223	03d3a0d3dd69fccd8596d851fb8f9682bae040c64ab5d65230a269bddf685f7c
xv/19798.hot	28	4b35dcf649b2d701855f6a85880416aa77d214376b010962ffe459393dba1543
xv/19798.xmv	737483	31302d1be8be2d9b1be45240874a7d8f133fca5479dbf1f54247bc9e67135690
xv/19800.hot	68	882405bcdb4dc8ab08ae58ca12ffc015159cbf978cab16ef6467f543f988a2f7
xv/19800.xmv	2461205	908f89cc02f55f3b5b6e87f42b0aef4346e74bb6ffdfb861afe05f2cbbf3b66c
xv/19802.hot	48	06425118b7379c7dbde69242fe65b689850f29897b8fc205d5bb84abbc55410b
xv/19802.xmv	2155933	ebccb8ae327a6f8353428d823d0997a63b32fa915f684f92b51a8507da534974
xv/19804.hot	28	26f2c8ded3e751e54b9c00940c728b773d49398760b0278c909426e439338dc3
xv/19804.xmv	1911507	bfcfe183b266790775e5113b7e84f2b457d396b88cd9b555110d09d6b52e5e3f
xv/19806.hot	88	a65372b60c492a106d3b88f32270564efc7014a7baa95b24b47c7aefdea7164d
xv/19806.xmv	961817	f4e74d4405b45e4bb13fc81152fe305cedc15988a809078d5f51a8e2cf0e92aa
xv/19808.xmv	1211317	cedf1e0a6c4dd5987ecb6ed1e8241dd0d94c2ef3fae0ff2ab41f1e44ce230382
xv/19812.xmv	4141616	902d6261ad6803d54fd6ab646917c7dab33f802e25463d6d0e5f7765ab35a35a
xv/19814.xmv	723443	21748180068f9094218b87732c2dcbbaf2c6b86c4e1076205f85ce36f76cbf7b
xv/19816.xmv	1625560	7d0f10a7e26bd73bc282d82d3384e6f068c010f410684637ec3d16a88ae32dd4
xv/19818.xmv	547493	ad6e924748532185de18ee809e64f23793f29d57c3ec6b16244ad9869fe463b0
xv/19820.xmv	2229577	8be06229a74bc985dcf5409c3ee7115da9c95a0f3b4af345d91c3c187f9c4485
xv/19838.xmv	710400	1109f387b19bcc6a72a8efb69d7f4d83f8f18249839803b93f78a03c1d6f9ff0
xv/19840.xmv	327726	ec1178b0c82a28ba062404d1f06b803345c966b3094530234e86791f2fa3d654
xv/19842.xmv	1059383	9a8b702564db8686009406db9378cb49c1ce78b79981b073ccd089e37181b656
xv/19844.xmv	387249	8903d55dd073cc136f3022432744cf82d49a4d0b04404c3b33311589f547cf1c
xv/19846.xmv	615709	836513e9aa20f2b1b48fb0c70ad2715f10208ab5dba8e3cb3c357ffb6a93a6bc
xv/19848.xmv	441508	0910c64893332d03f337f8680d56d881c35f43649862c247915818818e9d4b12
xv/19850.xmv	870664	91526ffee75f8d40221f051d8d663dd157412ed0f1f322f04620993071bc433e
xv/19852.xmv	404931	67d89fe06a821744909ae6b0b42e698840a1c727cbce1565ab12c63744b18aad
xv/19854.xmv	358347	68ee9a0c433a20b9a48fbbd7151e7dca75066baebc948415daab66849578d79b
xv/19856.xmv	439441	b29c0e68f40561bb0a810b62bf51bcd77fe149560791eced7c171eafbad3baee
xv/19858.xmv	344745	0f879b65e23074dd64a1b339d87e53281cb46ac450bb5e636df46a99c5060245
xv/19860.xmv	497060	ec4923303b1d035043ef315e2a6a065113582f1b7fdb7b6a157a40e1bf33a48b
xv/19862.xmv	466250	643406df14c45ed4358d687499e0775be2b246533aa1c824b7a2988f8792cd7c
xv/19864.xmv	618319	7383233d1825dc5a93624a5ceaefd4b1e38a8929461953de7e523218980faeb9
xv/19868.xmv	390480	f5adc64448775806a17fa4c24acb1ce135f53199e272cc7bacd3d798095ad5aa
xv/19870.xmv	464778	a587c7226b0eb4d623490f5eeae0ab39a1da0801110089a4bfe1f8476c216966
xv/19872.xmv	166448	4a3e1e8944fc6533d3878cc738954558a429408aeb7f625154c3a5d66544595e
xv/19874.xmv	209290	599927be8f08f0caaccfbe1930f10ccd1758a1ae118059a785bf5f7fe2768691
xv/19878.xmv	839034	a798536bd8751812699bf45ab8db5aa4a6d302746776e90af2f4048641a6f0a9
xv/19884.hot	448	83f92c0c6acd446165331cb8a0eb2f9cba5277609b1376bbd9c519ac5d73d0c4
xv/19884.xmv	6303291	4b224c3e73a61db31e8e724dfe4f1766c3e419415e326fb546f7d63260211c99
xv/19886.hot	28	5fa3587b8785d444bdf6c38100322a3bb45a32772effc7c91112308d42235e5d
xv/19886.xmv	519066	b9f547d4549fcf57f0096952faad27c958bdd3b764b8f3297e865c1aa5096c7d
xv/19888.hot	28	f166f2e0d31a4e6415b0fe74cf1f2e0b63748ebf447c4df9fbb8ddf692289a5c
xv/19888.xmv	1190055	c4288be618fed15ec2f0074a26fde3d5141434e1a0c0c27ced8edc64734db4bb
xv/19890.hot	28	37dd58941601a5519b7014108a9c6c9f3704fe16055f92f91c898b3b8c0b92a5
xv/19890.xmv	459327	9d735f1df9550790566ddf405253a6e95ab4bf57cd82209b9210a4c4c1b4fb34
xv/19892.hot	28	da3f853e5e5241a24be97906eabd1cc87b82694efd408a99226386e7fdd2abf2
xv/19892.xmv	1167940	0f94f3c898f3ea24c8b82df8bbe1736084f45685ab88ddb6754e1dbbc5e16743
xv/19894.hot	28	4e075e50901b1352a09049b999db39a730ce08141fb991350fde6a8d313d217b
xv/19894.xmv	697047	5fc42f580abfde04ab2d355a8e07bb11522a3d0086ae9b064a0f4fe44e298040
xv/19896.hot	188	d282658603c155393f3724f1517245f37db589c6c314b0287d75bc7201939c70
xv/19896.xmv	5313076	2e7587ddd2290fd6f09e43c43e768409bef13f2b5a3addf5d5a07869bc7ed9a2
xv/19898.hot	28	3b1705beb3a172e16097c6d4af3ef35fad54d22e62688d95948a4d0185c7f62b
xv/19898.xmv	586434	f705b99e3d4695329ef14c26012dfe152f8679f94917e03f2ca4107f3d23b74b
xv/19902.hot	28	4d5463ae5695ac99d1124a7aa14940dbcba6690def1a4d19fddc6f5912478718
xv/19902.xmv	1282395	d79b55df0caca058e78548d9433aa96974c8fc3aca26d46ee63acbcb925b6fd5
xv/19904.hot	28	3e51a6d0fae5da84155447a5b3caaaff45b9a0297598c49f91df8ff1bc1dabc5
xv/19904.xmv	642466	c72ff6fbe3cb82fed2f1c1e750aa3d59aaff13e0341865f56c961f22d53a8a4f
xv/19908.hot	28	3f09f7cde98db86ed178426afb8c3a274bc55a6bb8f0304cfce012464b9c6a1b
xv/19908.xmv	2450583	ac8c2890afb4a1ac3da70d4c44a74dd545eeeb3ecad361d44c412ac8a0e50855
xv/19912.hot	28	d6927dd866e66cf4da9f0512b722173addec2a38fc7e181e9fff257886b0b800
xv/19912.xmv	574431	fcc7489fa56b1f554019ec530ec96224352ceebb884425fd776ee35cd53b4c98
xv/19914.hot	28	f125b73c2ad02c4f809c41bd747f4620a9663694b58282fb37019b6cdcd1bf6a
xv/19914.xmv	718827	25983e494f2ee6ec5b66438d6011275960f3018f6cfc6862d64d12a442719696
xv/19916.hot	28	1eaaa3d3b6f6257385b5e268108e511222a71ced841252aad33f4d4f0bcc12b5
xv/19916.xmv	832103	5c061e61bab9b18ae43414ce1ae17787314ff4bf69acdac5f690c107171deeac
xv/19918.xmv	708523	41d37b01bacedbb8a31b1f5e0be0573b2d2d27b23bac519fd125fa1bdc4ef59f
xv/19920.hot	28	0dd98e0491bf1ca61362374f32fc684597c80572d1d674ade00045bafefde6ac
xv/19920.xmv	566220	d1497013dfba0a04fe2b7749a4843f81e20e99b8db801739ff2a9735895fbdd8
xv/19922.hot	28	4d234263b54751725cb410f01eb32ed1b838feae607c5d5a0f338917a6e07dad
xv/19922.xmv	900867	c25c2284190c00ea253680e68114858dd8bd1958d7de0f5a7c4bde9d01e7ce61
xv/19924.hot	28	8d3b484eb125bb95fa8d9423e03021a3eff4f23d256d5c0f67c2edf3eff38bf0
xv/19924.xmv	676001	749906bef04d24771e0666fc8b850e4355fba5e212d3b753b52a4d937f9f43f7
xv/19926.hot	28	428c72046151acf94cb37e81cad085ac314f11417ca3ef0af78f5763bde3a5cc
xv/19926.xmv	864069	fdd1d6f79a78f900fdca250e6575c9c559bf8e8de16cc2c0fd9360bff8bf1454
xv/19928.hot	28	5997fe3f2e6c17192d7eee3983e8093669f25388eb38a1807ee858c2e108c77f
xv/19928.xmv	1135133	06d6803f03be178114d9182a7bdc895b54169876622fa9581c8b4a437be9a5b1
xv/19930.hot	28	f85cee3b8e2ec9a7ccb1c6b64f36814a762c014fbefa39bb3228d1d074fd0557
xv/19930.xmv	2326805	a1bc5d5b91cfd80c56158ac4e669d0a8a35a614060d3214e8e69b4921d2aac09
xv/19937.hot	528	7e7280fd3cac1bd0a2aad8ab77652bd4913822b0fef3ec24ecdef6d79093b38d
xv/19937.xmv	23126830	a1535d79dead628910675ddfe2b4607cfc0ae64f4c7366c066190d00d625411c
xv/19941.xmv	452911	a164cd0c228dc768a5accb6063474e051370369cac08c9b9fa426265351641db
xv/19943.hot	48	4e983ade7d6106965aebe2b9fafb1705394733e3ce0892d4229de34724416f2a
xv/19943.xmv	1149638	1b4759837da72c0a34ad8b31f1a75caeef5ee9984a8a87ba39ec81393b388434
xv/19945.hot	48	d00c73eb0be3bb71fcab135f1fb98871dc57562b3195893abf6e622d274466ce
xv/19945.xmv	1364367	c9d09e8d6cd301a4564a3866ad1914897b748010c9ab2d84b3ea94622c6ab606
xv/19947.hot	28	5a0e2afc6d721f8f098fbc7b79196f1b22f81965636ff460783c9c3f521074d6
xv/19947.xmv	1543361	a609c38ae3176c5c94d7f84a0758fbf720557c63465e1a6cef219c66f84b9c21
xv/19949.xmv	516029	8c64f7627e230d76d5e68eaa5013e521c7948a3023bd4ada1b10ff4fd12fc6d1
xv/19951.hot	48	26fbe371589fa8e6f4643f78efb6f8bb25cc993b3e0da67b1d526a71e255935d
xv/19951.xmv	2435672	bc9fbb930fed0cb957cfc9f1417a74fc63bd5688097b13f360432484656a6181
xv/19953.hot	48	8b57f544d8503214eae0c52b1120b6decff16ad8220689c89cff619714f68c99
xv/19953.xmv	584407	77fceeef41518553a3860c914049de7b6011ab6965a9f7a189dfd606b849366b
xv/19955.hot	48	90e4f9177c525da186d0d30cb029e66b116bd1bed7ca8e20ed68724ca958c2fe
xv/19955.xmv	2556513	d14f5aa7f0ff3d4f1a3a24408f98217ae9d581b015298dba4c376932a3711606
xv/19957.xmv	479527	2ec032eb52d613f07ea78e736e492dff27716cbff16355980c6ee0ef1a2cdcd8
xv/19959.hot	48	25081c8217015bbf8e7807e9279313b1632f85e61aa3369bab8d4037643833f1
xv/19959.xmv	2028844	590d685a75c1297e83ef138912ce658ed46436714b348dc7f5e4014a03943e78
xv/19961.hot	48	84bd757af32620fff5ed1c82efd4eaee3bfc3b1119b8199252253a926acf0bad
xv/19961.xmv	857612	dab247473e7f140141c60ef3eb0f811b9545c799396ffca73e99b700274466cc
xv/19963.hot	48	23a06f9e7da11379a6362472b8085b72ea54dd87d8743aa33ba8e32b4bca8f86
xv/19963.xmv	2894420	ee2e23282ce893c22ed021503fc7338cba34b9430a7ca1e1783a747d0142fa60
xv/19967.xmv	555403	48423aa5bc8be6f0edd5716dc84689b3b1864610a6a6b0d1434cc721b9033612
xv/19969.xmv	730931	44268c4f171bf7c900813b821d51a0da6761ad9b93e9eb394f1130bf562f7dba
xv/19971.xmv	647189	da301cf5b47f6c750cb4c78d7a969d15d7b331404e973b43cb8cf1dca4b89775
xv/19973.xmv	693294	dccb838cf5af90af85539198a1e0678f0807fcbee7db097d6a3f44270da89662
xv/19975.xmv	651649	462f156ff6dc097ec21f5e80883d17859eb2c8a6ba34f3b316a5b03ff730ee4b
xv/19977.xmv	766421	e650b5efe201ef5aee6f992972072c98953363f2d2a3df4457ea5f9e87145ff5
xv/19979.xmv	642460	f2953eec85caf5d3752c28c4e6c49330dd6522d85fc08aad1a71ddfaa073a2f3
xv/19981.xmv	3812987	d2c981feefe3110782356df45870543af8b30d45fb5ec445568438f88a9d66cc
xv/19983.xmv	293409	d0b4180cb20b7f5de5576aef6db1fc72838339f9d3150c9df307dbe5723bdab0
xv/19985.xmv	330633	13df57fe90d9f0f8f119dc16fce81d2d367b5f794d2dc3c014eacf1f181511c8
xv/19987.xmv	414196	be7cd7b7438e4beb90298c646ad2d0abf5bf47c9b43dfc4236466ca9b8c4280b
xv/19989.xmv	266950	12d0ef0eef10ea269fdda9f16dc570470b8a82e5060fcd88033971742b6143b0
xv/19991.xmv	198430	bb51a17d182de3071aed6b80af5f308042bafbf34a9c32cf59921820e6d1c5ef
xv/19993.xmv	241643	ae2e43d2255bfb6a087ed241d68cace225265cfde78c72e0a2de04ce85840d79
xv/19995.xmv	367976	30c08f6978065c5678a300587257f7bb99b957efba7fd5fd648dd7b2e299f810
xv/19997.xmv	205730	4e46b669d3601d6960bc048824b6d0d249e98b4ab86e140d6bf063c3c5aec531
xv/19999.xmv	278605	c6bf49104b1a4043bedb169f165c62f34469e56c57107981a30cd97d97ffdbef
xv/20001.xmv	441707	57dce7b77fa0d17b1bdee3fe1ed45bf92d8e051e4936045f0b8ac05752eb3268
xv/20003.xmv	265753	e0b8f6f37ffbc6149dc2e4264cc4c59ec532da0b41b11fd53f2a14ac91ce1f2d
xv/20005.xmv	263993	238d48befc14b44a56bf7a1288f68fb9d8e8174dc087da05198a2bd7f35a6b9b
xv/20007.xmv	217973	2623f64a975e1224d9ff2c772c52b051f1d9cb26c96a5c735b0cf14007b593b2
xv/20009.xmv	245379	ee84d065672d23f10b565d6a757eda3e18dae2b033038146e5fb76f6c76cd575
xv/20011.xmv	262518	4b007a31cc0e479b8193669d0e77ab771eab407bbe2a4a3cd6ab412af09e8e47
xv/20013.hot	48	7c3e24bb188d52218f1c26c9491f836dfb55ba617c211dc5e18bad957ad77529
xv/20013.xmv	1667094	045a81c68a2b99b7c3f9e20e5f67c0a52a4b429cc705af01a1b7d737fb280129
xv/20015.hot	48	f44343d142cb926b57aecbc38a3e976974c0989f8c7bf24538b4610fa0fec94c
xv/20015.xmv	1732397	05c55eace6cd75fbcd0147861dac2fdf76acf022fb3b3d1a97fcf65a646b4d42
xv/20017.hot	48	3cd22162b736c7c62e26cc50b42ca20564b5ac1c716180908f2c12880e3353df
xv/20017.xmv	1169359	0bc31d7fcf31fcfdb54fc04db1ece5c9a041c5c007fd282a05e865f56f4d2f2a
xv/20019.hot	48	61b74ea0b03dc2647fb240f9a24e91e53cf0dcfc799dc22eb2d7d24feb463a87
xv/20019.xmv	1499335	e628e8e6dceecacca5eca6a59bca471d87d7c87bc425204fa0951c68af6e846d
xv/20023.hot	28	8671a676569be2c69d397907926105b4c9dd2e97589d8eb563db31978d1457d2
xv/20023.xmv	1702648	07a3b85cbcc7eb0acf98e5492da717c361c54615c323ba8a16de6d096613a6a0
xv/20025.hot	68	2639ef1ae33bdab5a56cbf244d55274184aa2ef605177e79f25443d5eeeba232
xv/20025.xmv	2197480	11d80ad34672e545401899757016bc3b27a33f089cbf08b8e20095fc0704ef7c
xv/20027.hot	68	eabef734ef8f97b228e8f37553bec3eab30e555e6e44cefd406e515835121f80
xv/20027.xmv	4683543	23cd9017fa27272ddb3a890b40104246f88210f05be8b392ce99003392fc1fd1
xv/20031.xmv	425610	39d45e2576e862eaf73e1c363d17da76c6b63ed3f6e91de8d12fb5842117e86b
xv/20033.hot	28	476a853248591b193418ce4f8ae51a40a4d8c0e8c872225468e9bf61132b4b0d
xv/20033.xmv	670073	5fd8e2f318dc2fb92d887157ed13d6c0ff95b23acb443471d286cebc8e2a3d51
xv/20035.hot	28	366510161c883ecb83747a6e6d367d910c290939f5ea4d86a3f3ddfc58360987
xv/20035.xmv	604170	dfb9961ad755ac9ac0868d97c440fa00ac2fb76da33202564f8e4fc9cbfad5d6
xv/20037.xmv	440332	b3cde55f131ca3b1aff6356eb12350d0cb978b6e780af1a7ff927c0aa84e9a8d
xv/20039.hot	28	04c8e241e27e6e0ec889a58c40c01f223998993a3cc854f39f5c6b99ab4c19fd
xv/20039.xmv	685914	2098e68250917b8776efd9f76505ebb1355106808c4522acff15852a7a46ff6d
xv/20041.xmv	358997	c2f9dd376fc08f0eb98175b2ce7f66bac578451b7e82a6430e1d8c410ed5cad8
xv/20043.xmv	481058	4fcb01312a0c159d0b40017b6a93ed28aba3e10cef28b893a3b0b6e8a6045147
xv/20045.xmv	241642	d6ce3388e113a27512f2996ce88a3528f137dc896a54950c490ff8883462d5b7
xv/20047.xmv	295472	1be252ce840ecc645d8f99d85b0b5a4b6b2e9df2924c73f5d8d5bbb5bd748ac6
xv/20049.hot	28	3f42b8be130314fdee7868323f2a041384f243bab32299c0efa49ae22e237d34
xv/20049.xmv	877306	2fe64eddc60ab66440c2bad36896b8b925eb735dd06ae00e2ad369d5d82908a9
xv/20053.xmv	541818	691e0cf70ed30c5b53b6be0afdca0a0ee2d5fc1e2217969929c91fa1058268a6
xv/20055.xmv	504309	f477c213052a016ce0a3b519c082c3c2ae4a268c47951dbc4af02c170fbf9d33
xv/20057.hot	88	95e4500b9fc0a6a14829b3476f925b5e2030b256603e98a83e8069832b946961
xv/20057.xmv	3271132	2c478b4ce068945111eb93c2e78b4dd6ce5df74f835a0286e02b82894d7e039a
xv/20059.xmv	205153	79800fca1cfa9a55ed7b9e17f8b7222c8e6024632cbe537849b7c078c9f0db8e
xv/20061.xmv	1169456	66a44d0230d391e73dd645a04b6c35ca2011d8a5b4b6dec6fe906479f43496d5
xv/20063.xmv	252623	5a998724bde800400be9218b5de1540979a9807afe5dbc5f2fa1e5864a3ac56a
xv/20065.xmv	153522	18d2efd9cc51b7129d3aa3b9d6d391a3988d004e14e150e81577272d1c144b54
xv/20067.hot	128	6ca758093ba483bc68b1d20bec268b4fff44776be54a921d1684695c56ee3de2
xv/20067.xmv	3152395	d12a9817d3965b1371c071d688b68e6ad3ab7a1449394e3ab8d0d9ec069ba672
xv/20069.hot	28	090503d02eef0ace1445f455b03b332d569e4793926e785e28126a5abc053b99
xv/20069.xmv	545011	4cca1cf1decf2a6b41f4b94e24e55035b5a782ea633af6cce0ec3abe9807332b
xv/20071.hot	28	a58dfa09779f097892b449ad731deb13e715a1d8faaea77e8a4dee666b17573a
xv/20071.xmv	1361728	d1c51faed0331e449d7c160a42c95a3820f836bf71991019a2f0a6030924cef8
xv/20075.xmv	288422	c70f7f00b0446029adb848594fb5e2af84182f642e4d665ed7a14312c0bebe4e
xv/20077.xmv	371002	7b6b0ed9894fc6f78d2e10abdfaa910c1675aedf60101fa5b85ced4d6b5a39cb
xv/20083.hot	28	0cdd5f60e8e767c79f61a55978ff2bd8519288cbf496e7b1f90821c01fbf43b7
xv/20083.xmv	1636106	807b2f15c03b3eeabc17f25b7d70233194580761d32a32d3c394207610a3034d
xv/20085.xmv	411793	3501b33188eb782b0b85eb63046016953e5a4094634e65020598eda0ac3b7198
xv/20087.hot	28	e731f8d850fc226547142250f7ff125630c6eb58eb96d573e20d848332d096db
xv/20087.xmv	1690550	0d9d65bd9e4c920b5cfd2a8d659cd8d3cdcde208f5c59e6d15a0e838017f6969
xv/20089.xmv	379263	ecb8b004a34ffd047cc643ac4f2e6a26130953791ecf042d9c0668446716e474
xv/20091.hot	128	5f6060d59355279acebc946b8b9c39049617c12ac75d9e51bf2e96f67e5c38f8
xv/20091.xmv	4912716	de7654097a0ab48cefb11a45f587ce36cd95c12472bbc7cee223c0454fb77417
xv/20093.xmv	525970	bb6bcda775e6d30ca1f09ebcbb831ba1fb3ba49f1150eea43a4f91cc29700aa8
xv/20095.hot	68	1290b37a04c1e0e8163299c892d28daf9c64d671fed370a0136fcf9064d07738
xv/20095.xmv	3945765	a9191372adc251b37633e017e2cf261a34d4eb9923fd96715cd8b0c1656a1805
xv/20097.hot	148	e56cc365ca993b714d3c51a5c78854c8a20147aa110c449d32b38a6e6c381e5c
xv/20097.xmv	8323108	feb39e81462f28eae473782fdfe910c5bd8bdc6a0daed411ad5d75ea7cb2969c
xv/20099.hot	188	7e9fbc9a7059a467d9d05fbefbd03ca4fc37814046bac107d2b45d5ef700fc67
xv/20099.xmv	10774288	e6d77f693477fbd8061801e2449aeeee5e672732a2debd9ef25bf68883f9b590
xv/20101.hot	68	5d5d04010efade3197cf97f749c82d99766aba9d35875d55f9eee8c1bbc4ff91
xv/20101.xmv	3252093	0b9ccb509e66c8ce5e3d7ab60abdafd4138437b0f253faa79ac90f881d08a236
xv/20105.hot	28	356f54b21443695a13daf424b7a6cbdf488f85cb10ce756ebdd20767296e1202
xv/20105.xmv	694967	b31dfc05e2029cd9fb13c23526f3c0c06ca968d7bf99037a4ad439233add3ffd
xv/20107.xmv	320971	174350248d5af18ac9e43fe9aee42c10e08e25c6b132a331cc14af2ebf2f4e7a
xv/20109.xmv	465407	d0699225b5332837dc7c0b1eade77b9cf5efdb4ac405bdcd8fa6f576b277b276
xv/20111.xmv	908939	9f128c93f1a601c7bbefc0eac2faf0185310e403f4cb3db5df6fa1c68069a1c9
xv/20113.xmv	355117	3349c05f0e6d6e165be6530485f14698d54acdae3eabc759a5a2ba92e7616b0e
xv/20125.xmv	394213	204a34db3dfec64eb9c919cf1991bb8155011262c04caf3cc936707d90ea748f
xv/20127.xmv	240752	f90586409f42adff5f726dffc72d38c081e305d8c540cec029a2afddddbe1bf7
xv/20129.xmv	519270	0e15978bce5e2de9ba4e384c2780acad6155f0a70c707b403d4865dbfe444e91
xv/20131.hot	28	30dcd47edd0fbed9c0d8af9b66f68ab3defb22530e4385d464d871b50939d576
xv/20131.xmv	705125	96eb3d03f28639606fefd13b1e86aea9343af376cf7f0cfd7758617f6b02741d
xv/20133.xmv	347489	11d0c0860e644e0c2a3b0a289b92b209509fb87bdf88be06ff0ec29da83e72a4
xv/20135.xmv	476991	36ea3da1172cb49104e7d9621f28970ccbff93d4fb0a4e9097e37c61a2c010e6
xv/20137.hot	48	5fa474fba15d204233885840637a54875a481dab3f61a87603570fe2bcf77a41
xv/20137.xmv	672557	72ca79615d18ad7866fdcb399885fb9de3c8035b775c67ed8375695cd9d6e85f
xv/20139.hot	68	3c82d9e176398c8c968cdffa1f1a96109f9e8fd02ffe49d5788c59c51cde96bb
xv/20139.xmv	2193555	084d225a256ad01ea1c9857130ba59fd146cf15d2a3989deee0ad92037dd2249
xv/20141.xmv	423907	c8f6df7cbd854830e20c6f0137306aa74e84565af0776f41b2c8041e368ec062
xv/20143.hot	28	44695f61032d7e5efb12b63bdea5dcf6eb25fb4b9d9618db74c6deb96330cc9d
xv/20143.xmv	1760492	42f0610d47d37e886c53d65304ca34190781ba60d2081980988d67d22c0cd57f
xv/20145.xmv	587903	7e9a6678c02cdc8596a60bd573366ca298442b135ad4c7d7f4756cdcfe608c41
xv/20147.hot	28	1ad51fee5e33868b95a4f73f7e37575165680845f1b63ecddaa44a3fc578ba8d
xv/20147.xmv	2376572	816be128b4f7cc1dbf0ffbee79095c1f0690e52951cddfa0b98a83b19932c633
xv/20149.hot	48	575ea6e5a86d4e23ea0802cba94b41754ed661d73048ed8e7586c137e75af79b
xv/20149.xmv	915296	5074062b12e992579258d9707940ea54eb959ad206b713903840d9bf400e223b
xv/20153.hot	28	f7a3c3415d25fde628681edf2172dc294f7328fa6b2d7e8123ff74dd9fedead3
xv/20153.xmv	788192	b1d83751f927c318affd468b6940e60130894524d96b953371ebf58df2b5b930
xv/20155.hot	48	b21fe567363644af89c0d4716a19df2bd680d740bebdb87de842f43fce296493
xv/20155.xmv	636917	99e4f71c145676e80d5f036d61611b750a1f9e1ed316de08ed9006687a877137
xv/20157.hot	68	85fb5f0da4651b9bb39aa5d173658a1c4f88a251444d9185d73a428e2f861163
xv/20157.xmv	1400555	fac65e21137466363814639bdc0368cf4862d185c95e5db64d6993f87d3e595d
xv/20159.xmv	480289	9e369c21f823a552af4694c474745a412da3abe6149d23b22f66e678e5961712
xv/20161.hot	28	0e12ca0a15657b631d2b914aa1ec9dd6872be1ba8fdf611054c30abfa4bc8e16
xv/20161.xmv	2143489	c8a05bf1fcb6d06faf1233727d5b59348190f2c8858d85c53a1c0e9246b116f3
xv/20163.xmv	482421	b8cf1952695ec3802119dcf76285320d9d4c6d24425fdff1e4eecf6cf278199e
xv/20165.hot	68	fab4e79c9743f1a8aa891aa3fc800f8f02c371c2f54caa6d79e0868533781f93
xv/20165.xmv	1281093	04d10738a868aad28703745a7e11da7047d042a6cf8c968ce0904b51fb0ab22e
xv/20167.hot	28	56658abeba49bca2efb25f185d65cc14f15dfd0dc2d83318103339f904752dbe
xv/20167.xmv	1870161	dc98b3e34da35616b0046450b29abeb074fc39e5193c5b238553f3da8ab31452
xv/20169.xmv	708101	df80300f8eea94234e454ab299a1ef096f99c849bf0202afae0993d38dfcbdac
xv/20171.xmv	536404	e8d2ddcf273a6f1e827e5cf255097f0017a599d91be811673241a93f8fffec58
xv/20173.xmv	450423	fe4211edbc8f091a6c0763cd47489252b02784f89397c6db1133b56f5b50bd86
xv/20175.xmv	431018	d488ad2dccd73bf155db17bfc9dc901321e742773d966aceef2d8437f61564ad
xv/20177.xmv	458663	f2e3bfc6890defd6be90698c80b26eae37f7b7daabd7a51ecadcec301b069511
xv/20179.xmv	474047	10b0cdfa7104c096fc29bc3b7b83a2171432d7a40a712ae66be23bdbb5cf04be
xv/20181.xmv	401878	6e297eb9bee897053901ee64f998c85e724dd7233757f2740d2857ec26a92528
xv/20183.xmv	335482	7fd2179e777aaccd9891fd79262a97f92f287549c27ebe1e216cda71bf73e3ee
xv/20185.xmv	261224	a062892c5ba7514514dcda43d7b94b6ca9a6c76f9820c17f5df99887824f7afb
xv/20187.hot	28	39f1cd603bfa720a641841ca72791871bfb6260e3e147106ae736cf905eabc24
xv/20187.xmv	1240649	31b50202816ecb76d1f112a7d06d04e93f1bbd57b2576bd7fade25238f4d8403
xv/20189.xmv	522586	bfc9d2fce94622986b09240c4bcd471c9952c410452a9cd11e13641a84704ff5
xv/20191.hot	48	c98ac6aa8cce26d888d1dfa54e775b56705f9b90ba02c1c3ca1f7284895c91fb
xv/20191.xmv	635333	53a48f1718f3147d827af5ee3de8f4cdf2947ac3cddb9faf44cc73f27b6ce3ed
xv/20193.xmv	300011	be0e785762321666a24fdfad123bdb8e80c51430c89caab09dd2883fd55632a8
xv/20195.hot	48	93f74b02e6908201aac2d017d6107a59c668f0ef267a60785cc410f19cb844fc
xv/20195.xmv	1279730	e737c5545d840158d5b0dacc6e674e3c439c5a46796def2d9863181d4e6625b6
xv/20197.hot	48	f790b65dc85b13e65a13f7b8919f3b5b7fa75bce0e3d067760536101e623ac25
xv/20197.xmv	945912	4b86db2c0f525238285688837c33fcd93afec6cc549b68854acc171a0c65abb4
xv/20199.hot	48	ab64cd1c13ab120ddd08bf54f5602487bd3a74cace7f9e9bd9454851864481c5
xv/20199.xmv	911429	1d7a66ce6043ebfc0e581b3be4bc3393fc0dd8cf30c351554ac3e9be64dc1f5e
xv/20201.hot	48	8f843060139e948db7f85c79dcea20abf9c7504c31927ca351ba423f7b003151
xv/20201.xmv	1008647	d9416d55521ba85fb6a38fdbc109275dee42bbfeec0fb95b7c3a3dbfb8c0a460
xv/20205.xmv	978999	18857401658b05c03b4e8eabacde0d6aa1a028e2fa63835f28d34ff47d3693da
xv/20207.xmv	1235236	7a4b5470d603ba4599cb54cccaf16fa6d0cedd8004e6551071ccccfde11739b5
xv/20211.hot	28	61fbcfb31bdeb9db0e7fe349cf3480628a53c09a5d8d0909c55880ed3d4fd61f
xv/20211.xmv	1154925	bc341b4cb20e61ea5a59d530c3c45fa0d79c239d0d75fd58fcb2f56322084cc2
xv/20215.hot	28	1cae26a390df9f166159c7ea8515e76e1ebd5ba220e6466d43b6d2423dbf5bcf
xv/20215.xmv	540645	ae34073d73684779d603a1dfc8a2f311e107afb3f470333e335c84c665e6205a
xv/20217.hot	28	cb36d1442ad9b1f0e496b9c25dcc5ab0926ef8f9f5d5d762a4e24745ec81cc7a
xv/20217.xmv	928780	22895785612d87a38fae7dd26a5869d5f3b1b97f7d94ba7d97098646eae82f14
xv/20221.hot	28	b758fe7ffa894906e0bd5efa880c0aca1e695655ef0dfff9b0bd11a2b1b9fbfd
xv/20221.xmv	1089925	b81fa600a4cf3b1574f3b7b3ab96e88c56d18adb8bed79fdf049b7819a69ba50
xv/20225.hot	28	fba39b73b770bc17bec864f84342085eaed33b5b03d3513bc85ba98f9f4ec514
xv/20225.xmv	1425324	cc69eec014450083e47a72fe33715558c3dfefe0b4fb9988a68f5b290f006a0b
xv/20227.hot	28	75dd0c3b1c53c21578514895cf6e0f5f90a6ff6b093edcdaaade76cc99aee3bd
xv/20227.xmv	1151283	9fb305db244c84cf1e683063dfe02bc3db64a067e662cf96c940194a5045cd2b
xv/20229.hot	28	28e3fb66ddb05c53e716182bb34134f6bfd16a535cc7cb47c56942ebb23ef5d2
xv/20229.xmv	1056878	51f6b6c38c046957d87fc9f04672b70fde2aab5e6428a90bd64568d3d5cc9f6e
xv/20231.hot	28	b38866b97477310e51ebe7c8a8ed50ea9b419034e1132b773f3c7ec94deffef8
xv/20231.xmv	1171429	c03ae7822359d14a55bd84f467a78249ff65b0860a534242b583019d52c158d3
xv/20233.hot	28	ece736964ab8714fc55c9686804af493e8c67e8e4e8aa539a9d4a0a9a0cd9d76
xv/20233.xmv	1796681	63df4177d242b219a8c951d7996e2d782c307d8927004cd91304c87a20b5112c
xv/20237.xmv	500191	c38d6ef06e63a021b2ea4eb71d76896b08406ca5b7215569cd76a502e185473c
xv/20241.xmv	603102	2c74c88e6ed359566f7d7675c8bc8f8e4562ed7a01a14cb92c06f114b6e189e1
xv/20243.xmv	770429	6a7a46a2935e0d2082b6080fee1154030ef84e63be3184de9df400b35fa60a39
xv/20245.xmv	474292	8482753462ed5c1f3a4a4cb2565d1873b9fbdb0ca828189af39f7507e653376d
xv/20247.xmv	753344	e829d7f4e3dcfd3f54274b4eaf2f18ef57ddc6eac83744b2a19e26fb194f78f3
xv/20253.xmv	395780	e08b62738d7460b8596f9f0bf6298b42fc90d92402d930d3570a573e111ce473
xv/20255.xmv	564251	dd4fc652c53a2e9ee8a2769bd977b224246c7cb9e2d9f4406d857df023e9580a
xv/20257.xmv	680987	292b92ece017da9623527670c48c7e634af308cede9ae704746785fad9864c39
xv/20259.hot	168	ba712865a986acf1b792ea8e3a9cee3d73a0ef05d2f8a1f090248c3b01e8626a
xv/20259.xmv	11464889	85a2fac91d37950c3d442c48d1330be822190b2b7a0499b7b9d286c6a442bb60
xv/20263.hot	28	186b56ca780bf66bad2d38801beee698fdc562516aec4bf9f14878155d92d9f1
xv/20263.xmv	697573	2b640dd0699f2f969a33c3849d536159684bb9592784e58b8422763b5fba34a8
xv/20265.hot	28	6e608bbcf6340b5d660d3d656371ca1e232635fd6f4d47fd5f7b6e9ac8531cc8
xv/20265.xmv	655905	655998b8fb779cc01e965539342a1fffc8dc04ed410a4512b755d436ebeacb71
xv/20269.xmv	411963	b8eeb786a01ec54864e9643de9ace9934ddd629eca0fceaf4025e78dfee9d3e9
xv/20271.hot	28	b8d300996c33352bbe92c500a9c3e56205f7422ed5a4546dc06d566a08f759be
xv/20271.xmv	1518306	82e0ff97f77e1b61ab7fbbc1b3ef43800c195bdf86056c233610576252581341
xv/20273.hot	68	c36952c15ac413bbc86440e9041c4a946861c4b5a5c47450abbc9fd2c6571f26
xv/20273.xmv	2664343	8743293c86d3aaa5da2b13c1f318f20107ba7dc92fa8c0aee9a869f4dc1fba77
xv/20277.hot	88	6092869637fc28e7baa84a28734fbb08e83bae70dd68d7a8bd6922456efff70a
xv/20277.xmv	1992885	8ad45876f19383a6d48ab97abd4691c90c12ee8299c8111f8ba9fca4ae19ccdf
xv/20279.hot	48	d4fb8c11a1b096326e1c34bc7a483ab7ad5fab0f8064e9ee09baec46a54509dd
xv/20279.xmv	1505096	6463c45ed9850d0769f57b2fd3ae196be57c2aee0b88e6d6d741135b87d6bf5c
xv/20281.hot	88	d5da1105c3cce5654d978a1bbd6e1c32ec1451569722be8bd627a82c3dfc7c0e
xv/20281.xmv	2831104	fc432c704c0fa5a0ac6d22d4865ecbbdc16d57113edcfa0a6af176640898a3cd
xv/20283.xmv	854474	3a977b33a76cb0326fc8a5cc5faafd23150be8192ccd1db371e17810b24f54a4
xv/20287.xmv	241676	b7aa946db0133b0f17df7732203fb07be4e17d41f7089609ad42aa29dee0eed4
xv/20289.xmv	392446	2b34449cfa3d3f265ebe8ef1aedd4bfadf002d7416f31e44f266a54952548c4b
xv/20293.xmv	247345	2aff34a61a900a56988f50266b0a4b32ffa4c3233f3b4d1eb3ccc2e94b34674f
xv/20297.xmv	150516	798f7bef98896b3aa7d5a81c926096ec2aca3e8bce832d2533a2458a9a11d524
xv/20299.xmv	183638	4823e6ac8194cf5e44e8e55a7fe1b60584677b6d86cfa090b52111700691c8a6
xv/20301.hot	28	e49c52a44477f6c46d64c057f3bdbfef650278462ec9ec2295c2a876177c1e17
xv/20301.xmv	1438146	6f1eacfe5c09c572d0b1da2e841cdf39f4f0c7209b95e6e0b3f5ecd59099aa5e
xv/20303.hot	48	52f7b737bb1250588894e9fa8dc344ed8c2d33995f5556c4a8d4713192710037
xv/20303.xmv	1699567	508fcc8a313822a9d118014e759e26a5d6d4f896b5d2805f9a766bc589ba3c31
xv/20305.xmv	1176299	513c3bcaceea1f31d4a8b949967cd2ea93ee8619e54a3e0997779857d467bcab
xv/20307.xmv	909950	4bf8e65d73987ec568537c7a1ec0b9aed9507eb60899d17eeeda8d86a2ac5505
xv/20309.xmv	379500	d8b7b39ebf97746ccc03ff12a60417a6bdede80e062ca45d6e4a5b0bfc25b9e8
xv/20311.hot	28	e4e5f9a967c4edc2a7e8356770008574f4f145352c68a6849a387c758b559b10
xv/20311.xmv	1181670	0a3ad13ffd78c3a4e83062aed39be5faf633e3b1bdbfc267fcca44c39a1de48a
xv/20313.hot	28	6ff80d0d2dbe1d75bf11b5691af1289e88e950ddd59620769a9f6b30fa7df2ed
xv/20313.xmv	617568	c03f1becbc70cad7398b84aa5b64bf9d0f458530caaad450f69e4b45c91f5b1e
xv/20315.hot	48	1e633978397fffa51cb5b079c4dda14d9a11b4bb03c8604fb20e8ef1caff368f
xv/20315.xmv	1312863	09c942799897400b3d32932633eabb6a63916bd2afdac4b46fac299e19c4d82d
xv/20317.hot	48	6b306b89055ec342744edffb07b95ca047151f5db956a601c6385eedf1a98e35
xv/20317.xmv	2033918	eca7864fb6594b04ecde311d8134a22cbb1be0ee3a9d0c3b14b5680194a307e6
xv/20319.xmv	799539	d26b5deaaa4d889f56bd432da3dc033bbd14976931e80392588aa75aba62ff59
xv/20321.xmv	597727	8fabab1735d935aaeef2bb779a038a737f89d88d7c5249f40105cb4e2aed1d3a
xv/20323.hot	48	f38cf07173e8f466a4583ae336b9e007a38836ab783143ae59ca318eea93f356
xv/20323.xmv	1285156	9e1d6a7b741c5f1084f06b20b889701a31c87cf5a634079d80cfbace2ba34312
xv/20325.hot	88	f91f3f1711c31bbbee656dc473851c5438fe348cc0120be31d8e19af1f75a98a
xv/20325.xmv	1591518	0f3f508e2786fd135f61f6916677ee0a1d9dec5a3766f31f8853319d97bd2ff3
xv/20327.hot	68	72999a3ca3bdc5be347bf386e4ac09481e8b12d3ef200d79fd148a67f1d8af09
xv/20327.xmv	3399418	0a2baa31fac4a93981ea4fdfd0f072b9b9c9d48afa8565fdd977d5a48b2535b4
xv/20329.hot	48	4e9d5428c33f6b7bd9f8d44d4408c9f0604d280f28dcfb3572e90939c6441a98
xv/20329.xmv	2065861	dd2aec0025e7f132661c67bffce3a72dafee8ac9287d93fe465df82ffc926646
xv/20331.hot	108	762ab1727387331c6510e72d919b400afd0b81405a4b44ef32ceebc0f1896335
xv/20331.xmv	4734750	e81290237e704ded685dfd4f1e33ef6891a63321a17d8d36fc45f70dc46d8ee6
xv/20333.hot	48	574197f1924cd736aa0766c38b8618f7a68813fefc62a635e54c6996fa3cfe69
xv/20333.xmv	2690972	e6e05067296822e6d23db4c57bc7d2a00651b31a844594a414e7465b6f592e6c
xv/20335.xmv	858767	9780ee18cb4fc3d49d86b4ea5c0a379bf9c4c917f6a29cb27337a61e87e5ed50
xv/20337.xmv	583781	f8302e1202dd2b27cd2b634acddb60e8124dc0f9dbaa67dba4e12990cb3b421d
xv/20339.xmv	776344	f5a6e8be05fd5fbc0a45b5cc1660d04608aa5de67704362802cdde1a727a0434
xv/20341.hot	68	f5c2dc46995a06f036d29695c9a0f7731573bc54b23fb51fbd9149340eaa773a
xv/20341.xmv	2069466	0a85529194ff9c4299ddfe003c35e67f4c4ea585c24cb23913e1fa9141327a35
xv/20343.hot	68	daf0145778b426d49794a02f1cd59afcf732198a01a421191293982557540caf
xv/20343.xmv	1713293	431d9f3652aa6e2fe48fefb75b66c263fc7c8c0a441f84ea1d46a796c540b22a
xv/20345.hot	68	11585385ac2b0e97cc3304dd52f74490a13c57630110380f9edea751b265fb3a
xv/20345.xmv	3081351	24950153bb91d5d279ec7fbaf6e2d0a2dc967f5fbbc8730cf75e45290c00c42b
xv/20347.hot	88	64a3e3510c3e821656049df2c9b696ebba0142f46f08b7bd8d4d1ab763a30851
xv/20347.xmv	1807095	70b8ca3d22a662a18146ba13b17837f390920f3c090642ccfc5134c2d88e42ca
xv/20349.xmv	1487887	d61fd88f049fe7e51e9eb5d6a1e9d5e420d5ec9453bc43c8577c14ab08aee7f7
xv/20351.hot	28	4caa3bca68963eda5e8c0da8eab1325effa34aa9483438793b15eb3ce21b74f3
xv/20351.xmv	1410610	a0a9d646259769f2d32d3fe58ff517f19f40edc0b220d9177e0ae6fed44cb7fd
xv/20353.xmv	621131	2fe0e51d6167dc340a3e0d029b7e7ab14e1777685331bbb7fcf12f5b0a16dcac
xv/20355.xmv	469293	f570a84b7c7025a365f1a97c98625fd5b1a314fb05c294ff555d099dc313cc1d
xv/20357.xmv	470777	7f43da4fa4aa202f2890bebd788d8044a41aa611bf3b93c9904f411392c0a20b
xv/20359.xmv	556435	8fa357f4318facd991dd44eda571ecd6b041be1caf557c0ea6de5c461426b9ee
xv/20361.xmv	553124	b0fca3b7217763c8519bc7c5f7646de4ce75c93a49e075b6de5511a351035a32
xv/20365.hot	28	34d162088b8310ccb14b962d063874c39598ac7f2811ab7c5f20545aefe4540c
xv/20365.xmv	815992	e998a19080fb6551d48503decdb91f9fc1cc972547c68c74027e95ebfc833e06
xv/20367.hot	28	a8dee8a831f11cf434637679595fda63123d873c2c18fbeabeca2bdae968c721
xv/20367.xmv	763187	92c1d63cf7b4556427f8de0c25babf553349d623e9eaff010c2deb8121342d28
xv/20369.hot	28	60604d536d913595a9626841469b346de03227830fa560fe9325f50051fc9c07
xv/20369.xmv	4246521	9f4c4dd685973ccb8024e02b7665c538250f0ec0b7a340fa8e5dc8fee2676033
xv/20371.hot	28	027efb851faaacf4b06fb39cafaa989b4900fee64c17d61b1282356e0e598a04
xv/20371.xmv	5486086	232a0699e24589e776e0e739d8cebbc5abf5c0e096ac2a8cdafe2ae5cb22b387
xv/20373.hot	28	68663a3ad007ba8bafb50910718f50351665920c84f11bbd9a1188949952f3db
xv/20373.xmv	5413103	7eb513fddfb88192ed9b41c4e0b35485ea9a0576104d596ff040dce9dc48982a
xv/20375.hot	28	1c58f43ababf8cfd85ff6ccdc24f8a5415aa73a8a6ef86dafe9688a886897b0a
xv/20375.xmv	2061959	d8c013bf73ed00b4c088775788427b5ce0b6f2e413d196f0dcbb81e8141cfbe6
xv/20377.xmv	4776190	ce04b8df2270d9975f320d254653c80ec27ce45f42e85704b9be68a4304a7415
xv/20379.hot	28	f4cb22f3d8fbf534cb7fd26e5cb8005b71d438af2272bfbe0da6d7ceba47da81
xv/20379.xmv	6461259	ed625066ffdfae065e41cedfa0423bd153689c087d20bf4605b2e7e7f8675a10
xv/20383.hot	308	10925324d9b8828fc581079dedaedbe5085cfb5e4acd9e88909df7afe49442c8
xv/20383.xmv	5921125	452c7a881c5010d7abb8c8b878f5b191afa83faf4c6352987ff8143dcfb2fa78
xv/20385.hot	368	f9bee3867e5b68fc1d905ecf9e54aaf69375962ebd13814a94adc1a6e466ac18
xv/20385.xmv	7208228	85bf7de6b7dd0d41ba99c8235467b662fb4446fe5d5ae27431135234d4dbb065
xv/20387.hot	48	12b1d172ac55639c82c44e46ff6db05d4a785101e52fef963cc73fe5631eeb82
xv/20387.xmv	13433246	6c20abe347c08853d5ce2b634a1db43e695114d7162b9d51c5c2f295298a754f
xv/20389.hot	88	f4915e44b6bb885dfe6e1edcc3f9fef2b2baa4fab1ef58b1628ade57a38b95ed
xv/20389.xmv	3348877	084dbdf9dca078f5dac58c1290c197872da3421a32953f350b75df20ad404367
xv/20391.xmv	2526755	6f3e828de0480fe026e6a6111ae80b14f1147da40cf1e68ea98a626c955eed51
xv/20393.xmv	2885930	407264d9bdb3d6d38036cead7aaf8d4500ec8ee132372b0f80af3c3eb7520234
xv/20395.hot	88	244d6d9d7eb45409396033bd61a43eedf9778db43e84314e416ef331c8347bc6
xv/20395.xmv	4708174	e457f2d8996580423b5cb9a1cfa4d4b8938a8ff07589d5ff3aacc26dede72b78
xv/20397.hot	28	9d440020fd2649172dc46230449368148b49c5abc8be0b339d6d9a5dfd024494
xv/20397.xmv	656654	c67e98946a990357d483b87f0ddc8b026d3452e2ee3f6d26ecad73dd972f12c0
xv/20399.xmv	369971	eac4193d72008c24e9f0638efa19bc81d204abf76252197ef69326f8917ce50f
xv/20401.hot	28	4cca628d3bff19e64129d36eb74c7d8b3fa5fa0f0721c36019e848a1c1131200
xv/20401.xmv	922729	7ca1e3dcbaab9213beca65cf8595ab7f0a527b90df8e45d59128c12a3984c8c9
xv/20403.hot	28	9e4181b15884ba30f9331211629d2e486d1fbb33964c532d6fade238a328293d
xv/20403.xmv	836572	1e4d7a04bf3489569293bf83369c998778ff8934f2c1aceea6edc0563192b411
xv/20405.xmv	460169	9e862f77f05876682cb8dde5ed81e2d4ec5721bcca7fbea875103351eeb21808
xv/20407.xmv	608348	e5b3fea1d12901139339ba69c9d5ad34a453fe8761a8e05d63520382eb56b5c3
xv/20409.xmv	620502	0b454c70878c9cfece7e0304db434b5d80814589f4dce5b5e9ca189d9f3a0adc
xv/20411.hot	28	fed58d4e95b8bc1c37ee11761de7ed8f0787d9aef55c842a0ff781fca345de90
xv/20411.xmv	1312680	e0748f5755cc2ad50da2789d949b39aca3cd0ac1ee5862495c1d983e04987884
xv/20415.hot	28	9087f5b56762cb29597fe5425a9a544d11da241d6ce3eaecfd257fea5e9e554d
xv/20415.xmv	1348512	56d8f6dc7f764e5c72583be122efd191891858987bd077dc996adc3a1ad03318
xv/20417.xmv	959291	b5db05fe3cee10beedd9e0f504acd2acb9d36ac5b311e8ef021f86210a644646
xv/20419.xmv	693723	9c682685e25807a298ac9cf0fc9e3ac32cd1d6ad18d61eae27fa2ebe31cf59dd
xv/20421.xmv	921085	3252bc5b09388fc1400fc5577280da6b7a540beb3b98041f273c28aa3334a8a1
xv/20423.xmv	784553	0bdb095262ad672f33a2a6303decc1e52ef80c710cf9c3e8ef364c81cc36ed3c
xv/20425.xmv	902698	e33692357f818ef4caeb14e6c0ca20c2dedbab9b4878da6f80283b4d502e45be
xv/20427.xmv	872527	d02a44e22305afd0fbcafe23953df06d43306a34344dcf648bf9f2cba46260cf
xv/20429.xmv	697470	cc9389b933e685937e516b6a3ff11251b0d485677d7ac021fc7c49de81ac07b4
xv/20431.xmv	763338	5b6223ca4ec64d5bf2e45b1b723a8870377da0270142adaf4237e40326293dd7
xv/20433.xmv	724543	cbabef717b865ef4a65201b147ac50989b00bbd480dded0cf1957816b797a98e
xv/20435.xmv	510944	5d8e3f8bd460947074d1e221d0bc1fb8aa3c3918c4931998f84b78435a838c04
xv/20437.xmv	379336	30ed58da79a074c629ecd5f8594d1df08e04c91a6a0d7082314d03e1be6cab2b
xv/20439.xmv	378716	517a103365863beef513156e30c6489255803c8fc50a9d0d47ee13de7bcf5765
xv/20441.xmv	458546	87e6de731e369f0ffe1f6eda37ce2ef7066b6a35130edaf34de0a8d8722ab5bc
xv/20443.xmv	395988	930997c1d1dd5c92587818d05f0ec426fb72885ab5fb6663a2b1a9f386236859
xv/20445.xmv	318296	f4e66952cff04b4490034b6f4e86834f719809108317ee98e3ae8b339526b086
xv/20447.xmv	458847	83d7379c799a202ab31834fbc46754b23a648546e6f7e43a3b60cb2781ceafc1
xv/20449.xmv	354741	20f66edc6e5f184a0c6befd46e3bb69a89aa4128e29e9f8241ac94433c93e347
xv/20451.xmv	540947	557dfe8c74a5ce5024a2fbf313cfb76c0071cca9a6f7bd15f0243ce4a2ab1c10
xv/20453.xmv	322190	1c79949ccda7e50178e13a61a1dc4dc1ad35ee0e679e715b4ac8c5a55b1cd019
xv/20455.xmv	289463	21437a3b63a961619cf7e4f9415ac664f603a283a801c45a627b90b8c300fafe
xv/20459.xmv	269155	925ad292228cffb592c168944b59b4f5e5e3e1d1741bbb41cff90964426f3977
xv/20461.hot	28	06c446504af4e28eee3d5b04f1d036409ae3ea4fd083c926de1fcd10e79ac8c1
xv/20461.xmv	745331	61953c1926e0c21c7f9d2420eca00a3a75bd93d3a057f59e8e54874f2b0f883c
xv/20463.hot	28	6e145e8825f4d877ee49eebbee23ac18dcdad02f7608960f6fecfafc2116d180
xv/20463.xmv	968756	1f501786a1fad6d6adb330a3a7526b73455ecf28094829f9c41a5eede3e60362
xv/20465.xmv	356430	b89d87eeef58cea34eb2634300f0a84cd0f7549e06f870be46a39d7e3bac206a
xv/20467.xmv	181468	d2bd05077ad16cc689d785a231737d4838c190e9edf34b731bbe15dff02d57a2
xv/20471.hot	88	3ce8186ffa095b0378a4d5a2d49fbffd24591918ba57e59fe968367da10e75d4
xv/20471.xmv	6123941	0fb403bb8cae56e2892f127846f72caf34908fcafb3e11084fdc70e30db01427
xv/20473.hot	48	3cef79f2b8347662ee5ef3a57d27ed33d02e444888ca1e9f96d1abd57815bba1
xv/20473.xmv	2041946	965256e94c7c74995337770350add4e5300df62c3e709634d1195dc206426157
xv/20475.hot	88	cc80d54cfbca85194dec8af9d191582bf739589bed5dcc65dffcffc33bfdec57
xv/20475.xmv	3007766	57507f2d6b5483ccee771e27d0d1df38de7afbdf46b4d0078ae960b03f6f6f4c
xv/20477.xmv	521648	b3b020244e77b75a144aaad5c7f99422787c39f01ae9e0825e875db201832e71
xv/20481.hot	288	dabbaf3998db1213f064eee815752b8f1b45c915f153a775264686d53de3ee11
xv/20481.xmv	10017522	c0a7ee5cc52e050c9fcc6928b473012a2aa1f49e7ea2ed23d3828e714a83f613
xv/20483.hot	48	93bffd8cabc589e3a89f13b9ac116b5f2bf6475e4bcd084716cd72baea366b62
xv/20483.xmv	2335105	f1d83798418586df3cf474e8d8ccf6a0954735b0627c7fc38efa7bf7fb5f1a71
xv/20485.hot	48	54c979c56cc75b256eb48d0428699956055ae21f1f6f79a816c7545db59c14c2
xv/20485.xmv	1887975	b1cb153bd3c5d51a2005102cd672f98f49bfca351ad6623acbdb3b2afdbb18a3
xv/20487.hot	28	fb37f1ffe2738f2acff0097011afe830284363ca51b7624d175f1a0ecb21f27e
xv/20487.xmv	1663113	7e841fed99b3d107bf860cbafa627e3c81544f24c0d1679ff126c800d3d05318
xv/20489.hot	88	1d9ebbc1c538946efcf17bee85d292cc7f29180fa2b154b2868d09222a2fc348
xv/20489.xmv	4003698	4612c89b08f741438011c1537cdc0adab4d5d53140866eb035c7939c01aefffe
xv/20491.xmv	480793	aa9e5cb777aaa66194e1bb64a5a858d2a8e0645cc0141fa9f35ecd8e93e61653
xv/20493.xmv	540822	971bf9414b65ad046642aea54973933719ef566e6c7da61266ab4c14e825ddc0
xv/20495.xmv	440242	4eb391ddd40e8081b01ecca35e2b4cdc15631660bee9aef74cadc42bb5ec0ec1
xv/20497.xmv	594735	841c5bebb47765be0777d7082bc80e7e76a89b190b43bdaf482eaa44ed58b661
xv/20499.xmv	486292	f052195da42d4f46ac5b38f475915e56f8768e51e96782545acfe2c69c0e7d7d
xv/20501.xmv	524616	909169cd43e3a76b447680d0b4d9db908751572c55d464496af2e73c31f28e99
xv/20503.xmv	538237	2bd79013db41f8b2f0bfcea893e01e2f6e1a62c19719ae665b29d828a759bf34
xv/20505.xmv	626545	fd8ecbd3004bc02156cca263dbe59c9065d6606148f32685c572bb374c2acae0
xv/20507.xmv	440822	c1ae5747d7a67279e98e970558441023d557a43e4f61019eaf11018d2451a703
xv/20509.xmv	401442	7c3251e990146c3cf6f96c9a62de434e2c0a3d97c043f8286c83d1644fea98a9
xv/20513.hot	68	12883f0c3c3adf768c29347bedf9c0d9ddb71e4c914a7420c82ca1c87ec60028
xv/20513.xmv	1537021	7a080cc2d44dcf75dee379150499f1d99c72f92525183ff9490ae7cb9769b874
xv/20517.xmv	654425	5a70c1aafe83a468ceef998ee79a1377ead6cb5ceeb2ba1093887eabeb005f66
xv/20525.hot	68	2413fcd8590608e6c0fd0453603c5f3c851430586f62465ded5a4a8b6dafd03a
xv/20525.xmv	1968692	6c3a62be2620a22528c8f0ce7d62a710e6df036c3615a8a1cb98ed117c434fdc
xv/20527.hot	68	1c749febd0e180027447ade9a5ff4a16b169d91a324633626ca7b6a1ba5f7d2e
xv/20527.xmv	3306200	3a9037b6e6a81092922efd702ed2cce306a85b6bf973af22beea7de2e73f4332
xv/20529.hot	68	4b012d7ffe6d02f98f200f9e1f29381d6eaf3a13672f46c88c8ff7e13fde97cf
xv/20529.xmv	4268963	6f5ffdca28428421cf213ad02630bb6871fd8c27b294d778a765eb97ccfce524
xv/20531.hot	148	6d3d0b2b22687c7061905c407230d543e79342218bd3a1f7f3366dd1df63472d
xv/20531.xmv	6533192	9c0165b81d6dcf2200413b39b1ab15a83890a3c77ec4e0fdb05143f8c25c849d
xv/20533.hot	128	18699267644d79927d67b83b958dba7112a009a8b89297baf7f1a4f7b3ffbbad
xv/20533.xmv	8601237	6bc6c90669972ed62a8d8bb287c0271a9ea6d2c0953e20adf25e92e08bf3aee7
xv/20535.hot	48	17fa4d2fe4eba8499d7117485f6c18b829c1a271855aeab9e65505db344bca69
xv/20535.xmv	757644	dea29bcf8ee5e9513cbfefbc9ebd76496a2d8e6200ee02ef7673908763994ebd
xv/20537.hot	108	178a5012e404afefa6e14ee9f4aff26ef4cfff18106e22a4f75cc717ed800dc2
xv/20537.xmv	3182351	e6601e9d5283247275e3f2e728998a62a91ffbc77421fc66564c3a2f596441e7
xv/20547.hot	928	903c6b0e457ee8447c14c0d61d0d024c2b8ba3d67067703ae13a4daeeaebbe1b
xv/20547.xmv	14325874	a01e057ec14c3ca59b54def405411b46f7c347f3e453c528cafcf3c3bf13f5fd
xv/20549.hot	108	68572ad0509dfec463451bd6fe7d74d942ea89f37dc110ffdfb674610056235f
xv/20549.xmv	2673375	c181ff29631da07e521193b65bd0cf6e04efc8ab3172c5afa4ad47394b5aabe0
xv/20551.hot	68	83959b24c3c9c92c211cdefd2e973b07fce20cfe8d35392bbf4f371aa9cef2ae
xv/20551.xmv	2250365	bdbde054f8dddec1ee7c5d0bb7de32cf97e530a335941b2834fcecbbfbddef42
xv/20553.hot	68	686d364e208d2f673154aac76bdb54712534c46575b6bc5cdf3431b68252bb5f
xv/20553.xmv	2362347	75ac56d12f8567dcd651c1fd6d517e4fd6103220f79106d71302a671cd0cfc06
xv/20555.xmv	330303	0c0c6c7a57c85e9f0ec8f55a6ce7100aa1537bf23b67b179a3853a7963423396
xv/20557.hot	28	f6a40fc94571033ce92bf6c8ae76dcca84765876ce2457b976813c0c022a0fb7
xv/20557.xmv	1273661	a0ea4f433f9e8bfabade933db18ce4848548236db2aa6b60502cc0d47fb86f8d
xv/20559.hot	48	9d2ac5d3006a45d92fb5f0f1a099ad4239a4680ce8026cf06c8d937b59de86e4
xv/20559.xmv	1317246	d5853cf1efb25af77558524bcc8f6dcd91a57ba95db9103bff6d3d6f0a71b981
xv/20561.hot	148	c45e457acdb230d1f1e3071be901e2e45151b906bddcce98557c118f92662e2b
xv/20561.xmv	4805933	5f9d821f6fbb28c3aa2500bc35db370a4ede08ab4960081433dfc16c68d7de7a
xv/20563.xmv	378975	9645985d6fd4bd70931e16943c928ff1866e8bd01a5400fce3f85d868aec5e5a
xv/20565.hot	48	f356369ca6fbb4986ed11db0c21e03ebfb15586aeaefa408f85338298528b4ee
xv/20565.xmv	1365107	6030c046593c2e6d0c0d237b5d79953009e254a94b81d88d0cb1d1503c23ff7c
xv/20567.xmv	253353	fc248039d98ca638f58a4d7403c38ea5d9ce3650ba7550fd280800103a250adb
xv/20569.hot	28	6b7b5d7c382b73669391cdf3667a573582264b404a3bc43de5bb192fde77db0b
xv/20569.xmv	484249	8e730f8365c84dd1bfa54223f046fd9dbdf4cf6dc96f014abd1fb38b26e30ca1
xv/20571.xmv	341447	4e7cf734f4a411a9e8d6fc68f0c9c911d494ddd3785f5d83bec7c7491e3dd986
xv/20573.hot	108	8541a87e607e214089ef6f8fc5094d60db51859bd407143dcb8208ec94124229
xv/20573.xmv	3872256	8ec0141c3637ef6349b821049c73f25fe5113af97c18e78e3a7cf205c98fb478
xv/20575.hot	28	fd931e5db0d1df7606a94cf65293603606af2780e63bd36e5a2b933813590f18
xv/20575.xmv	691640	5cc0d7d2264c62e695a4b7aaf91beaae455992d55729cd510a0604745d62a806
xv/20577.hot	188	f67f110fbb7b17ddea12cbc72b204f1d45b105ba1e08a1c95bb664624ba9b86f
xv/20577.xmv	14613721	9f5807d3b0d404171f844363733b5879d570b9b88ec095524445fe08b7e339e7
xv/20581.xmv	5458719	ff36836557699e163912e84dbd4489dbf3b7bbf827368d75554d4624e091a5d5
xv/20585.hot	28	55cfd36e12bda2a060a39eed27c009fb9dbaa4190e295a4f0a4ca5e3dbc01471
xv/20585.xmv	1312155	46d8416456a3e7ee9b4c58230229633c49fffe3f3c26c3107e35f1f7fca37ebf
xv/20587.hot	28	78610f6a82cb4709b5e921bf1a9e118326554de69a644c8b68a27e2d02397533
xv/20587.xmv	666275	cf7ddc086a5b73cda2a5cfb97cfe0bc00b4b291691e56f00cbe88b460f4e3e59
xv/20589.xmv	367944	584682827858fb18495d74057eb0010b8b2f8488c6fbc5b75fe4930dda19a8e6
xv/20591.hot	28	f851951c9516c28571adab180bdc0cc3dd98081b9539ed5d8e00f1767149fb0c
xv/20591.xmv	2652691	3a38b2a51438a599619123f48ef64a6155b53d6d96ad7f7639cf128ffcee0e4a
xv/20593.hot	28	d13e3be864e0d646a0c5657d2bb10add6a7f33f542897ecb502956d2e89ab057
xv/20593.xmv	703157	91666b219de4a917d0d7be654a082c6b9d73ced97f51d69a29fa8ce261aade79
xv/20595.xmv	2103181	1bfd22b9255ee62f41c590d6a44d96d001f910da7be8a0f90597317491539d8d
xv/20599.xmv	521378	8d1a9e80166ce92f4d604d36898e4705dfd9d5df4594d27ada6b156ee19f0301
xv/20607.hot	28	73b0d9456e020cc0596905730dc36403e5e4edb59d124926abdea1b009d5e64f
xv/20607.xmv	513214	dda108a4bb11545fb588f3e30d758879af72ca398a1ed275daa96fba17f5e840
xv/20609.hot	28	ae141610edc634c6c5b438e8efefb277eaf0c57881cb8caf440e538eaff22a2d
xv/20609.xmv	614141	33cfcfc410f160a3417667ce388227fa5427e9ca147cd60d7d05e31987e7b46e
xv/20611.hot	28	493b3a5c81815898cadabe9ccbc45978ed8ff6a8edd86eeee270dca71dbbc350
xv/20611.xmv	539004	3cd3a960ccd5f4619655887eefff4f47081b0978a8e46e666f30785ee1d752bf
xv/20613.hot	28	2c7ecfb7e8aa48922b9ba3953a777ffeb559c4cf7e376a6fc6bee6c9705faf66
xv/20613.xmv	667343	e0fd797d0a36e51a9eb6e84f587cb10ffd33cda96595e1d36d6769bb9832c48e
xv/20615.hot	28	791c05118ed2fab0ae877dd25e691e2868ba28e801f201c8a9551ff17be3ccef
xv/20615.xmv	638396	67529162ae4f142221b1ef69c3c822dca4924c9ff8e6300795fca80f5058d838
xv/20617.hot	28	867d2cc6ac0579a22c38a91d9fee3e2535921b41afa929be3c9708a96169c430
xv/20617.xmv	875115	0a0220b0b8d06e0ea01d0aa900c3324e752daeb3d053a397357e3d16b11e88f7
xv/20619.hot	28	ec538971a34c9fc303b5470edcf96bd8591f26d950d616777ef8db977e049d8d
xv/20619.xmv	712173	2adcf6f7a02f821c69cb6253c4a30773ce7b061d814b7ac8326f59365bda5f0c
xv/20621.hot	28	8904fd43f90aaede627ebf1f97c8796eae0761903a387919f905f1c93cd22631
xv/20621.xmv	622408	6c4e5097043205f39be3151726a1be12e2ac224f2c8b559f7f94c301a9bac9fe
xv/20623.hot	28	bd69016eefb443d21fc8152b97958f785ed665daf119d2602c0b4366ebeb742d
xv/20623.xmv	1380498	623c2ec60bfeb8d7c23b0e480088dda5d7fcc51c2c0c28bd603cc1c28b2b6b4f
xv/20625.xmv	496274	14bcf50ad019ac6523662e0c02b93bc3dc2c70973e6968f2b20772a69590345a
xv/20627.hot	28	08b4fa5317a8764f2f27a59b4a386ae15a7e3f106964b2f509ee45a13b260632
xv/20627.xmv	1359210	3f0c0467ec9722dc7309b444fac45bb2557e765c3d1b164319e70e9ad987a438
xv/20629.hot	28	758717b3376eb770adfde2ff4f7925044d0c5345757636cf8ae2abf37421454a
xv/20629.xmv	659075	6766e4379e2bee753e01f969c46c5c96b8b883349e2ab39764c54c318357da5a
xv/20631.hot	108	53024d9c241914add6eee3f9ba1431509adea81068f58837eeb3319a78e5c56f
xv/20631.xmv	5163955	64873e0d723556e42770314e72ead78ea52bf7268dc24ba4c89290a170475741
xv/20633.xmv	437499	1ff301a4bc52913caee64cde5f4d12d808b6a557e99fbd4aa039d0223b5a7192
xv/20635.hot	48	83d734ed17732c5136c18ba170233d62a6d8b599fa84b633a56fca71855d7a98
xv/20635.xmv	906608	a22eb6f5525195ae3912e9d8beec5bdd58a158fe310c9ea55e99a87e0fc1a1e4
xv/20637.hot	28	ac000273d2d28037b4683e8204036c3dd96688dead5837e541168a89710058c0
xv/20637.xmv	1047668	07eb04aa62057338ed6d7083e2b2ea81122bcff6cad9098b3c9a6175b3c4335e
xv/20639.hot	28	3582328a4a5c0407e8b228f5422ad5b50de6df26417f8ab3c9ac9320d3503e47
xv/20639.xmv	973292	426a7116b788f874ddb8a2dd349a1d6148f12e481ea0a86dd86fb5a82209468b
xv/20641.hot	28	0c2ff4da5439effe430c58d07bde1f9db6759afdf6983cf2f7cb1bb4611fbdb6
xv/20641.xmv	1188273	28051bb8363d7657accf459325dae695681dc3329c942d2556c91073f23a01e4
xv/20643.hot	48	adc898a774814f71f0bcc72565af6787bae9ab3c11fc353e3d92b836bb4a1fb9
xv/20643.xmv	1402794	9e20c775a04673b1a30ae4b93a67455611b1ea3b4f575355453357ca884637c3
xv/20645.xmv	198344	8d790679866de2cf5442121638e893f55a84c7ae677dd5ad34ddc5e1fae3b539
xv/20647.xmv	200603	642f3e5de797dbe20552f78cbbf62c1a942f5b94361e1e44c4e668bd418170f5
xv/20649.xmv	348697	bc28367bcdbc55e230476cfd650545dba2f89ab652bd679db443dca14e3a45c3
xv/20651.xmv	297280	911a4e76f19fd554ac84c584df8d1cf59fb2850701ba582dcbe4093f75a9fa80
xv/20653.xmv	257674	1032e4c314fd1a677914779305e247d83a64a21e15d999c8829bfaa34948c9ff
xv/20655.xmv	288951	7749b4ebdebcf72b3cd60c6bdaace7220780d671d6681a3adfb1604e5923391b
xv/20657.xmv	151230	d57852534643857465cf63ba6fb37482fe53e3b8d28ffa5e3e912cd61f3430d1
xv/20659.xmv	172860	fdfc6f373cac7697fd1ea90156967d86428c2519c2bbab483b67962a652936d3
xv/20663.hot	68	f681e46ba23284210038d8f61f689514ba667f910495f484ce06182ff6a8625f
xv/20663.xmv	2441477	0293af3caa8325181e979c6c5055f0ddc867411b72eb43927ec8560149d0a1eb
xv/20665.hot	88	c3ba6fcf8ee7d6a797c74667896355b662602d953253efb57433e74e7c1cc3b3
xv/20665.xmv	2094569	1965aafa8675bffd351c66919bf3867af04feb45782ef67cc5aa3fcbf193c03e
xv/20667.hot	68	dd3b8cb9b2d45b57cb3ccb7a88e784267dcdea3ac1b88e580fdffd267c65aa3b
xv/20667.xmv	693944	c42f9622029539e0d46071d2e49466ed144fdbd43e62f7c7198c628adcdf1ada
xv/20669.hot	28	bb29438d95e3f6bdafd9f7ed0837b0375354a96df8bdba2f4265657b4044fc39
xv/20669.xmv	471010	beec6ce749e0df88b8086624604c0969521012f71b552799f9a967e42775c93e
xv/20673.hot	28	a12c5fb92658e92f9d9b6ac65247e420032316fcc59e9701174c831f996335ac
xv/20673.xmv	837327	9d16ce2fd5d85aee2f09b71e6f698eff655d98d313bb08fbf72d85c9a35718b2
xv/20675.hot	48	73a3e681e5b5adc1456251c61e1bf0aeb12e179e1fcde0319efdee955630ca15
xv/20675.xmv	830360	7fe49c41d0bcb6e7d42413879f7cf617f779025115415925ad5d51a3c32ad25a
xv/20677.hot	48	3c1fe9726f832b6f01053d16c230c6c07811f68523580cee152147bc31607c11
xv/20677.xmv	2169948	5942b617043df6a55f7e84fdc740d6931faba49ae59283f8737423ee82b0695c
xv/20679.hot	28	40263e1e953a94a4660fbf0b639b965a10d787518c63b9cb45b32620d528d6e9
xv/20679.xmv	838473	5620a1914ab457de7e26b25787d45418673b009ab61c2c40e72165580998135b
xv/20681.hot	48	97ed978ffbb28505051438f3c1c1a47af09f765d60c046c1727984c306e11bcb
xv/20681.xmv	1503609	a9ebd6804bffffb38586a59a3194fd8de4033a05649c01b09123ad8c2bdfcf31
xv/20683.hot	168	09ac269b7f3cfeb123748b768d0e01d7499fc6af9ad9adf9af9ee5691cbfa42a
xv/20683.xmv	2155781	b3e70336f4f19c3c87a331b7f110abc4fb9bddcbefe03f499c1c1afa52860c15
xv/20685.hot	28	1399e3ce6ac7fcce532e5ac249d692ade485d6a2f1ed37c51f86042900658ce6
xv/20685.xmv	845348	b8d1b2a2820996073457621d0c286652bd5188e877be41a4ebb9f6a9b7b182c1
xv/20687.hot	48	ddbf405459eb24ed8b8c41e250d941dcdc9824aac4274ecb67458d93f42c06de
xv/20687.xmv	2489440	79ef76a1876228cacb7e0f95dd23f04ab1a94cd9eb43e775035e89ad7218c999
xv/20689.hot	48	c10b065d449fbcc0fa0e0a4b9551a410c8969de3f4155b69e8aed1430c776963
xv/20689.xmv	1350982	895fef3fb846df211c25e29aa7579e51faf9cace87e8e42de9c161e3c03f60cd
xv/20691.hot	68	178b60b6921d5518b7a60b2e84bb65f691c4ee8c07aaf8870a606ece304b448d
xv/20691.xmv	2941101	5f16dce21bfa7b365fac528249712ea7375ebb8b0ec9cd6066f6457cbc4307a7
xv/20693.hot	108	d10f3e043f1e3703fa0303d585dfc4aa0c9b0230baa60dfc7131503204786956
xv/20693.xmv	5120859	c2a834fa837f1ecc85abee62ee1c41a017bcaee6f69142422f083f85e04432ec
xv/20695.hot	508	55717c2c65d8566eea4445bf423adafac5371fbc1a24f770333007cdbbcbcd2f
xv/20695.xmv	5795361	ee8cb829b64b0b8dd3fcb9612a82ed56ae0bafae144423ec232151c8cc29816c
xv/20697.hot	28	1f29c08c371ad82257e6500fb38ff7ad2a9f2335f0c8a31ca006eeb9599a7919
xv/20697.xmv	487053	56be816478190d45afa45bf0f9214812f887e60eb9ac4fc35de9e8017e4c1215
xv/20699.hot	28	c50f4d626c6c9cb0053b410021a1370eea3a5e156531ac8af6e6c0e8969695d5
xv/20699.xmv	1091109	ef8ff1dcaf33e6c95251e8f942d94a8e740b28f3531dc62d6204bdb828a47f20
xv/20701.hot	28	24c77f037c9f242fb7687aa31182e2fc63df4913f77a5838a40561e7fb506118
xv/20701.xmv	510917	29b8953375289c49978f2cb33776138be44aa6356508a674c337b44c6e26b59f
xv/20703.xmv	415083	0535c66e19e9f3cc9631140a3b3478afee7cf597a8fe3c579d4ba2240189866e
xv/20705.hot	28	8c40cdf0034fc0b8938864ee7e610db162631b7fdce4dccbfa36de134ab3f7c0
xv/20705.xmv	1200777	3548bab41aeb8ee1d65a50bc0d0d4483bd591b0e083582f56c95df6040bb9153
xv/20707.hot	28	87950fb06176da5421cc31df338c0d622e674a9087e12b089cd7e1adbf38033e
xv/20707.xmv	692585	950416aa76ebc238d68a58c00713a5fa78989895495c71f730c318ce81c7d9ed
xv/20709.hot	288	18236ba4d5476e9405f1b609088ea56dd5d4d6893ade9c47c4ffe63ed1a38bd9
xv/20709.xmv	6687980	46c5393acfbe0a6b2584ecd34769659f1320f3d868a5678ca051e2dc2f0b6aec
xv/20714.hot	88	08ef9d9a29a8df12cb9940faba423faba290276f62640f8103dd65b9fc579ac0
xv/20714.xmv	5248957	64946f8b8d8a16cbf80962746c7911301cf3349c414d0e83d615cc3398453e59
xv/20722.xmv	198199	d30b03fbf09d2b271026286be8fad739d111733f60c8b290dffd9b0e738a25c9
xv/20724.xmv	324147	62febf2449e4cf5a789cb7eba4d01d64c4175a5b140ea2d0597f528bfe24644a
xv/20726.xmv	330419	94602327af2530c5ff376b3288869a0cc3a630fc9ae52c70d39711b0293e00ce
xv/20728.xmv	311308	e2e2f758709e88453915aab104790523d82f7378edf4358d5e032f739f5b5f28
xv/20730.xmv	297192	374528e67182e5cda1c12bbc5bf873ff82ebe4e1fd58320e47db7ac9bb844407
xv/20732.xmv	172911	7afcdf38cb35213ce790cbdd8c2c3b1b7f23aee2edbddfaf0938d269f62978e3
xv/20734.xmv	155673	aa160a52f2381b60ea4de8b4d73128fce60bf8b23b8fb22a7e3d03c7117909dd
xv/20738.xmv	490580	b12df2ef675eb3e5ef63d5893343ca667a811717ab6772f95d6269f8e28c9a61
xv/20744.xmv	223663	fe4d1c77d13d1880ad66aa7ea1210e1ff296b392bd5ee017c7539a2c20e0a59d
xv/20750.xmv	178296	b2540e7443ecd4227ec94a7935763b9055a226666d80bef2117f383ba2b05c4e
xv/20752.xmv	274171	1c6550c806fa3c83e78cee193aa87bd7eccda8b0ab5b9c2c82c63a2e88451762
xv/20754.xmv	154120	7915c1bf92daded8131e706952f895dce6334c9d38c4d374e77b631f7cd302cc
xv/20756.xmv	271294	653190e84c31babccd0ee5c5ea847790ec8fd58df4832b28cce490e8d9f530fe
xv/20758.xmv	268388	a7146c07c16c129393597262593c3490078b3215dd961c99caa306208375e4f3
xv/20760.xmv	166317	2656c21dc3f12c94b0775fe87efc9123be9510eaa6d166160ff180978d4cb8dc
xv/20762.xmv	106543	59628f21693a9588ebc00b5d74572d53e72916d482bf68f8c8443b37d2504fb2
xv/20764.xmv	104086	56147e0c5c9cfc5eea0f2aa717613d3be002cdfe5291fe18249cfe2c74c94da1
xv/20766.xmv	176380	a1c356f2c47de1fa569b9558daa188cd9871b34fdcf305fd29bbbac444bc95aa
xv/20768.hot	28	f41070d7bf73723a0d1036a0693d3ce5ba34ca43eedddc521f60c810550dd4a2
xv/20768.xmv	1379237	eb87329d951f3e5be47bd475af5aa5b3f95b9ba751358e158a03a2ecc2c9c6f3
xv/20772.hot	28	3a4fcdead550f78eaa9616ac035e5c774cd4417ca9347a84213a671476d2a7df
xv/20772.xmv	658740	c8838a56ef93cb0a33481c4731c1ef23ec023abb1e6939c0d9686b3448758a06
xv/20774.xmv	502978	ed86bd54b7aff916185858e9b6e8f383131fe35f67fe3346373b4ab908c5faa6
xv/20776.hot	48	e146c8a60a915249ca5f04f39e4b17a1c090c9c5c09e4ed7ba411921c0018d7e
xv/20776.xmv	1097139	ddef30678e2993c82dfbfc206f4531f945593709001e1eb915515310bb9595f1
xv/20778.xmv	251682	2450e71f93424ed6bad220c76d6c1083cbebb6554ff3f88a6b857633c47c88dd
xv/20780.hot	88	73187974d9aedb3c6bc63f95964ef6034ee07e6d5c5b262fc77d476d4fbde8cd
xv/20780.xmv	3327926	c4f8954b684f3d87dbd05104030e675712211c765056f07b3a2bf50d1ec6260f
xv/20782.hot	48	4b3f8b1826c52866517176bab745689f661819c5fab753938953a512e5bb774a
xv/20782.xmv	2191498	5407678e525b0bfc931411b68fa2a66443a5b9b4ed1a8892f36ddfa7647dc305
xv/20784.hot	88	af9b8c75f1c78b41a246a6d813ba817c0efc9e6b623da33e03ad4666f8ced7a4
xv/20784.xmv	3820809	646de97afed86ea6ea40ca5d431eda85498701af6a7fd3ba37550d26af912a43
xv/20786.xmv	628003	17fe19d89298d96a81c3fcb6ca3e64af3d31c33c7d8621065b6eaa720baa08cb
xv/20788.hot	48	db2870a8cc3c512e63954e2d3d485a97cf57f03b76e567e0941fc3451fc84f5b
xv/20788.xmv	3557166	1bbb780cad120e32eb8448e8f6cc72afdf380df5aa23ce434a1faf25b3cb5fad
xv/20790.hot	28	b07599b743fd562af44e639e192cf98583dd043898a0243e50d57f992df28038
xv/20790.xmv	1469223	39a291e61c2ee2e6bc74713c829f05623aadbaeee6ce6f7d6900e83883540529
xv/20792.hot	48	0b6ac2dcd1e3c539b693284cb00cb1259ebe47e2c50f6ebb794f2fadf8717437
xv/20792.xmv	5076487	3492b1296c6289fd9f6007224faa5577c6405ae576cabc51c92dd1bd5c15eca7
xv/20794.hot	208	6164c4e6c727f139d70da216f2b481da411c9af79761bb172fcbccce56945087
xv/20794.xmv	5401252	ceeed81a1748142b146ee0cefce82968d064bf6b6915b1048fe0b7260c42db57
xv/20796.xmv	3185839	8991cd640d7ac126f674bb898437e4c58e8ca7a30f69c6751ed86b80b06785a6
xv/20798.hot	68	4304ee6eeba154399eb17e7ed4c087418364e775a5e70244052f65b1159c19f0
xv/20798.xmv	1476774	5e1618a06c7361551ead9bcb4eed5f1091ece36e89d2aef9a08ef2168e14054f
xv/20800.hot	48	3424ed015466e910337c7c99e2ba6f2a38cfd4ba0055a4c80f34e6f77a350269
xv/20800.xmv	2390463	13116c944d01c5a0bb407b6896e2fa75749a4b1fabe95c5c037b6f6dc1dc7b46
xv/20802.hot	28	77dd713fd4ae0cb4bf16aa50fad3a70757769cb0a18358ebb03da4ae9a4b24a8
xv/20802.xmv	1532497	b0643ba0d325f37595f2f92d766a830fef0a550cd83f9a2402103a312ee56cb3
xv/20804.xmv	497501	d10ca99a0afcf6ad427661e802430ea532e2b7282a7b0fafc9849f3384309698
xv/20806.hot	28	088be2a0a10bbcb125b583c04e8d34db12fc33131e0d09ff1f1cd8d639028aa3
xv/20806.xmv	1675866	539ced1142f5e4ab777326a4b24476c6c9d08f3bf58d7034e96e8fb313ccaecf
xv/20808.hot	28	bb7ab5c0b0c0306f236f9ee7a7a397d302218eb9d75c4c46a644860d94f9f78c
xv/20808.xmv	1375337	1afa585d3c1cb608ceed2a88a689ad0c079c42ad69de63b91333004f614c939b
xv/20810.hot	48	6ced1c2803858d6ce9afd57c3c8c73e2bb90b9f4afb0d78f35af6fb3ca03ef07
xv/20810.xmv	2363630	be62a249e62aba6b8cd9dd55adec016846739cf8a304c98a676523534f105087
xv/20812.hot	48	fe203d0d1aecb2b3b5eee0a27b61f69393729b918022d454bd267804c948385d
xv/20812.xmv	1768131	260a7e63474914a96ddd04f179b424df74f552c10fd342270bce442222186c29
xv/20816.hot	88	1f77a201dcf9a5f3a2a1fa9fc939dfd7bce1c75b568798b3442d09591cf1301a
xv/20816.xmv	3836248	a580cf4b5d412f973f6605a05b89403035e075966e293dfeb6d0f33e72c2c192
xv/20820.hot	28	1fb1f15d8ef7adca9d0ba1d8159ee0c0644b2208f38a69eb00b2a888bab0bac1
xv/20820.xmv	1875978	0f901cf240435ca4203a7a6bd6188b210cf4d0af5c84a9c9d2db4c38b9c525f9
xv/20822.xmv	169538	4e850864e0f60be5f2a1582de40ee3a22a9e4b5495d750c2dd78bbe56d127260
xv/20824.xmv	139381	3a679f570721e989999d202ee8a563f2202d340c035acf1769bd74bceb911032
xv/20826.xmv	229914	be5b20ea11ab1da2a2e27bee50ad6917a58ceb0bf75ebbdc50543e2df30cff0e
xv/20828.xmv	260039	3bbc3c99ee7a7bb6f7959b71141c74b8c1f94144ee9eba1c15208f346d24aba6
xv/20832.xmv	259634	87c7fcd24a0d09c81dcb8857e100a1bf9ca5961091c26ad10e41532839f0418c
xv/20834.xmv	351126	119e90eefe60e12a359a31bdd9de023869d1841ee367dadf02a2afeb9093154a
xv/20836.xmv	395316	62b1f3aed8e74cad3ac73c2cdbd954ef9ec3e11a02d55cc851e0a1b386a51375
xv/20838.xmv	525854	62894bcf80a7031d6dfec30f01bad1349c62a381a5e4c91112ebf7be37bd2637
xv/20840.hot	28	ea8c2969d6946d904efad4816c1f4d24d151fb7ad465080ff8e42cbc169fa093
xv/20840.xmv	927228	7f59e6f736489345aa9bc8e689b903963d338bafb013507d7b8979d0bf794078
xv/20842.hot	28	58f88d3a1e9ebc6520a3129bba25cf54dff368382b217fe181d830a5680138da
xv/20842.xmv	820022	33da5e80857f17687791c872d6b8e93f9f3eb640704735cb16562b89f3c09c88
xv/20844.hot	28	cec3a59923e34cdc22273cdad9dd5ec480a692648cda8822065b9595027df618
xv/20844.xmv	1047809	6726cfd7e0db0933709810429ffc97869099a556110f9e9c8e1c3e0dd9df6676
xv/20846.hot	28	17153ade533dee422c2ca29c7e971a7da43cb6994f71e0057900e0b7d4b57ec9
xv/20846.xmv	1173495	b920fea6063fd362342fee27a66131436f90730ba3d95f17e0ea1b3d5705aec6
xv/20850.hot	348	a3494833b1a4a53075eac12d228b7cee44c8ce6a6423850208dd3074b5570453
xv/20850.xmv	5284689	6d0d4fb2da54fff246302c06d9c03d02c3b7930f81695f07bf52aaa1fde3d215
xv/20852.hot	88	10c9e5c89acf5ea09da98a0d0bfbb872f030db4633a2a7a666a0728b70142e51
xv/20852.xmv	5651608	90b29f9a1508dc32cfabd490d1bdf7560083c1f76bc369cd3e305c67bc8f0cc2
xv/20854.hot	28	72cfabfd55d7273597686c58cb0b294206e7d94ade5df05d2a73479000230a1c
xv/20854.xmv	712016	61b67fe793884ff43d4b9c967afbe84b8a4cca25c3808b9b2c24d1d6de4afc2c
xv/20856.hot	88	0e580ebccb386883f19adf83eed640d730b09e311e44df04b8c1a39adcbf56e3
xv/20856.xmv	6306751	11afa455d5b5b4629984d0b9ae1ec2497785a23cf7ab964323ab822e3bd5be89
xv/20858.hot	28	b4a689f8dab044b76a17fe2457afbb4d7173aa721ef309f59c0922d6bd4dde81
xv/20858.xmv	711820	84a0701b8170731a5c5ca98bbe0060bfd8ce399ee54f9d1dd29c7c15ded9c18f
xv/20860.hot	48	988eec004e6f575343fd50a1ea7533542186c41bdccaf0bd08d94d9a187b9c6d
xv/20860.xmv	3770062	0e8c766e48579211d2c68c69ad4389378d504eb2de538a07cd2fca145a751c87
xv/20862.xmv	401674	6d1467a2a1d6cd18d58de4986cfbceed6dc1151e76537a6649f1ade0feb407f2
xv/20864.xmv	1556687	d060b30cd716664b902fa6820558bbac1a8dfb8a4a83dcf8c416be0f62440298
xv/20866.hot	28	fdbf9290673ca7fbd96d89acaeaf319094feacb3034a1f0e906056cfa45ca765
xv/20866.xmv	827843	90da8a9f257f378fdf89f6dc7ce979ca6f4e7bfd445a84c01d58df50a798cf17
xv/20868.hot	28	36a2500a5880eaff48ce6f8fd8c1a4df44af55dfe1723490cce277af31964cf4
xv/20868.xmv	893271	d5e008db1a0105578d36b8c584cc983b8623544f73c3a5717d6b5afa9477a3b2
xv/20870.hot	28	6f5b4cefa5295ccb0c7b836a697bbf0981737558e0fbe13b783db39f385be234
xv/20870.xmv	613123	5b8ac378c2c19c622e6be2f79b024832022f8e5586a966a63199049b6cfb0764
xv/20872.hot	28	69f1e6149b421772cab18b38ed97e77b21b37b2bf37ea60de176f3ea88685f28
xv/20872.xmv	1956096	05626600ef6697e606fc46496064cb028215a63e87ee19fe6993742cac2771ee
xv/20874.hot	28	3d31b32b4683ba3c9a4992c1c1d31cce50bc2493433a832221fa9397d7c53b9a
xv/20874.xmv	893063	d7b799ba6e20ba1f1b87af3c432ba042b98995f3b02f5a03390df4187b6542d1
xv/20876.hot	28	8a0e43d65e0dd1f015f67e8e3e2ed91338bb0265c070c130d396c627c504fe5c
xv/20876.xmv	2483526	a8a8949dce1e7adb3a9e5a1d84142a927aaaa8311c2d9ca4624d32d2a5803133
xv/20878.xmv	412534	ef1f9e5731facc8e3efc1a41ffb8514b40983cb32d207c6e26501189f64dae0a
xv/20880.hot	128	b490027d6f5f8975746826aa902336e337b2085e07be7d2f3a0ac392c9dedda6
xv/20880.xmv	6860048	d55d3f28c02e4579aa12d244d59fb31fc34aecfb5c5862ebb45fb28bfb150157
xv/20882.hot	148	6f55b7fa9736e208fe5c9a2f0ed99903ae4e0b05c49c098e16ad2afdef9f61c2
xv/20882.xmv	6748721	3a63d6b28912a740bc2da879d4b246c9de412f07c6b0a8dc3fd93b45891037d6
xv/20884.hot	188	6bf4cd6f1b0a25287b0e84c5210786d5aa43696b121c9b4745a56bdee0aaa1de
xv/20884.xmv	3857957	744c998d686d25b019ae0aec1ff6afa6fec36bcd70a9af87338672c1c2b6007c
xv/20886.hot	28	74c7933b306b974551b98fa7a0524ffc14e2f76e5a41d6744ae858f0aa54e420
xv/20886.xmv	742512	ef8968efe6fa3183c44f8a7353a5568d6e7793c392bfeafc8028e9b932574869
xv/20888.hot	28	e74cacd6da7ea1de36c5696b8c4941e9dbe689de5e47efd1d68c8523e5fa268e
xv/20888.xmv	1099789	65ec93e35bf98935e7df5904cef1347bd3b0d60a898ace306fac2a78401bef5a
xv/20890.hot	48	dba9d3214fa3f7026c48ff2f56be993440637a40cb361fc9d1ce409c578cf196
xv/20890.xmv	927553	1986b6e36c5a45a473920651af7e90fead56ffda797489cdaa6b106dd4e4a7db
xv/20892.hot	48	a2514fd49e820dc1c75b868a083959c70d4cefa895d31ad64cbb1b24d3a7d44c
xv/20892.xmv	1764340	3f853591cb398320fd9e55a9a298b6f63098600bed2ac29537b52d493ec1bd57
xv/20894.xmv	915216	cb72947b75d4eb5086ee6f0d25aa887e799c75a7c85db71c804fb8b902473ad4
xv/20896.xmv	1267415	904e73b902130bd370d3184fd125d059370c83569de7b66e7474b72bdc2a25fc
xv/20898.xmv	792413	7bb289c7fc41a2fb9029beeb7aac5300e43edfbe58cc2f512f4c5a14bcb58a8d
xv/20900.xmv	289098	cec364389d4154994f902deed56a3057e5e8cab61d049a8d229ea157db4a06c0
xv/20902.xmv	264088	ead5ac3afdf1ecb6f386414cbeaf960a53574e546f152c0ff3762838114b7511
xv/20904.xmv	261637	b2ff8a17a91572701fea8168979f288f54754f2b3af4447a3c3b801775549612
xv/20906.xmv	413889	cf03ee398f8b80495e189d43a4e78bd83993551c6dcdf120ca9b8cd4d44d5a10
xv/20908.xmv	321352	b89a27c3a93dded765879250f514a82b59b20db75c400cd24707e61da37a1a72
xv/20910.xmv	497334	43b79e5ae634606afdcc167a5ee0a3a6da3b7ace7e7df061dc7e4c11f6da1b52
xv/20912.xmv	456820	5689944b47bfcbbd33055d9e621eeddde362a3b79d816995c473da488685ea18
xv/20914.hot	508	33d8416248948a88baab949396eafb3196139910b775252ac143f3b18e1efd5d
xv/20914.xmv	10421187	61631b2112c8a9120b6b6095aaa923666e114c78ebeb073fdcf6e62652ab0007
xv/20916.hot	28	239ca22fc844c8db3ddeb3f0d199656d1555fafb8f5722278bc0bd0edf4098a7
xv/20916.xmv	848242	a99e9ccaf788db1832e0a4c93c4721996a2e27ef24dd492e857eac4c8cfbeb4f
xv/20918.hot	28	d381c7c36e5ad85f373d8b8e22d3b9d421b5790ad1292ee90d7a27d0552d7a19
xv/20918.xmv	1071093	846e95a26ebfe8643604b9c5d1876f7cfce0de240447ac8b3f785496e198ad76
xv/20920.hot	68	e8d5f694b8e5722cb2af1a781f59d3f933f4b35c48003686259bc0b7811c580f
xv/20920.xmv	2515800	01bfadc277ba4207c167690ce729cd44d2216a2660f559105f7b5d3010981cb6
xv/20922.hot	28	0622b65ec838d13b8cf5a2c1031cc30ecc2b25aecbd1ea32716b7bc99af45993
xv/20922.xmv	870409	fa35fd786191d690070e7266554ee366582039ccfee8911bb9f58e20390c42f2
xv/20924.hot	68	cc829ae66281cf37a532f4e1a6b6c895269589607a253f8a98010e82d71262b2
xv/20924.xmv	4296842	3ceca8cf3eea80c523b7699127d836443532f6a5dca47d260ac11205180188d2
xv/20926.hot	48	8891735bedfc7956a2cbf92f9ffd49f77b037e7add6bc275384ae4d8cdbc689a
xv/20926.xmv	2273140	ca6d35da2846c591a1356674386647b688796555ad0354a491583c94f750be06
xv/20928.xmv	537845	b4e8b70290a09c900debc97f04ac7b52236b05b5f9de648865a67edab6b454d5
xv/20930.hot	108	937c33ff371af340d1b484e1b17904ae9beee09fea7d02e2c2f33003727aecde
xv/20930.xmv	3248963	3c678e6ce78f6e24bee05f530026c0b1a002f2e28ea8a1c76ea3d5f4be997e68
xv/20932.hot	48	871c8c9f90ec73e9e1607d924a8174885184fa116ab0029a9ad6466680563332
xv/20932.xmv	2161139	aed25cc09a124ceacc44d79b2859a931816936d4f7f7a70509e4fa962835ed91
xv/20934.hot	28	67ff7d1b2b8a9251668c6ec31a07616336e6d5d80a4418ead9709cd6c4136851
xv/20934.xmv	1004262	349f094f272e60bef61e4d26853e8ff6c23f646e442208a5c9542f44f6921fcd
xv/20936.hot	28	f82e615a83493e94bde44b704d02867e9578b09489ecfce1df0ced9a9978f965
xv/20936.xmv	2675180	f5f2cf7d95883ce2d35fba6e6e5561b2779dab65e1b7f7d2d5eb34a105c13621
xv/20938.hot	168	b789f445c96414fcac79303c289f9380b5565c672ce24f3f96bbb94a078787ca
xv/20938.xmv	4809325	05dfc5d2489bcf86d658debeefee61cc9328824a7101c756aebfb53a6cf2e5c6
xv/20942.xmv	737316	68fa978cfd19d83172dcddb1953bad8b0cf8caf2c0a25a0a3da405bd9f8017b5
xv/20944.xmv	560084	9efffced8187843349d4acb9674207cdb03e0beda780b061361470de147e3362
xv/20946.xmv	737892	2f6bc3cb62038e1e27c04273539b92786571732f4803d7e9b52e414749dc90db
xv/20948.xmv	715564	78d8dd7e087fb3f00cf8812fb4416bd4e58a631b9892cce378ad8a52d9d3f29a
xv/20950.xmv	648098	222c11280a5479e256c4c718c18dc1737124a9ea62b3b749863b15f4f9fc30ca
xv/20952.xmv	759897	558c2194959ce1504461cb96ae053d54dbf0e4bbacbb4554acdd573283670ab3
xv/20954.xmv	537188	67c38bbbf661dceadd86e786b6ffd83756b73fed9b7996c6ecb2e9615b79597f
xv/20956.hot	28	45ce0d1335311e413e326c6a5ce15679bf54e22ff28f926815f327ae40a796b8
xv/20956.xmv	2160178	f41d0f7c56fe556fecdc09f60cdbf5ba70d1fbdc37c8505a1f535e0914ab2c14
xv/20958.hot	28	20837f9959ac5984a7a68efd097e44f4218279b8d7805fbd3297efef5a10e2f0
xv/20958.xmv	4663313	e832df2b47d81b7d9e3ccecfe0393978c698ff9c6ad1ec327eaaefd2b8eeefee
xv/20964.hot	28	be75558eeefa9ae6e849cdc6c45db8e34fdc96139bcf7985c2ef8fdec0ad7ee3
xv/20964.xmv	6541687	7c015b3b7e07445a3f35fe33d9b640d1cbb3ab9c6607c8c7b0424a8e8f92ac23
xv/20966.hot	28	ebf101fd4c22c02b70b01b653cd50951819d861439e7305aeee6ca509ab848bd
xv/20966.xmv	3123265	c9d81b851f7a5e525a8904f1bbbc9872fb4732a2c544c0a572684a9a533343e4
xv/20968.hot	28	da37ddb3f963d70dd9118ff801dbb2e1d6024bc5baac1fa6064b95ddc51b05d1
xv/20968.xmv	831818	0983d6ef59a54fbc13b80412c3a09614ecb455e15777377cd5e0ec7423a0747a
xv/20970.hot	28	cb367536313ee5af0f647f5d4e3f0c03347adbeb10391ab7ced1a40323c90aae
xv/20970.xmv	2349247	472a152857f51b5367279299a4ee0466c7714adc506fc0f101644a1177133e97
xv/20972.hot	368	2c6b911a5822badec03f0be601337f7d1cfbaa77ab2746f6b8bf617fe893f12d
xv/20972.xmv	10729397	fc432fc51e0e233f2414d26cc9937a5a4998384243ffb0b82f3a7cdb084b63b3
xv/20976.xmv	498955	e8bf262740315d3696c671822ab256003758517d7f774603b704f03300b30ebc
xv/20978.hot	48	f277ff0b16ab07e952589ed911d83dce5c8d305435810af723232d1f213b0629
xv/20978.xmv	1061134	a537f0cc35b5fcc7b97e629b49589995c9fc60b7afdb38f7b9ee4fd896a51343
xv/20980.xmv	360920	de881925bd70c2c19aa0983d31f87e72c4c96bddda13c3dfbaeb00c77e06ae4b
xv/20982.hot	48	0b78bb12ca7ffaf20bc7706852b03f9f73f98d76caff262633dc4a7dfa3a7f60
xv/20982.xmv	1370317	92646d1e1462d93ad9ee1995b77cd2b46a75b4c9e28d92e8830b4b8a678d6081
xv/20984.xmv	445597	2c45e7b509ec9007365c1f2b04c5303bff07d64cbfdb0eab2ee3e5c37f65cf65
xv/20986.hot	48	7bffc653204ef3471798d35588a471519c008f529261a72508318642f1163051
xv/20986.xmv	3291859	cb663744f4721f1fff1e719bf9f596593c0f7308364a40edd487bd0d9a72d3d4
xv/20988.xmv	510132	5556c9979a18d5b514ac36c8e98fe93790246eb6098e06a0d250b0afd8206a20
xv/20990.hot	48	dee8a4a363714292c555eb2bb83d35c765fad0dbcc6b79bff8679883f4b29ae1
xv/20990.xmv	850429	f16ae4aff6016f6a8372bab893ab1ae58878f5d429266675bc04c2962ede4e1c
xv/20994.hot	48	314335558b4d6c1becbea8c10cc5da8128d0a82e726652fc4619b13f81bf7244
xv/20994.xmv	3388802	f9109c1c7f11520787c47425bf9174334f523d9809570ca113d400a78cd91c7e
xv/20996.hot	48	8f2b289a4e1d7d791e51ef7f2615f11cdbc20da707a5cf144718858981454510
xv/20996.xmv	1483153	1d3e45adc48f56f1ec43a48b368264efa72f35f1d6b3573af5554994b35c7a63
xv/20998.hot	68	582367259cfac7b1f5f7760773c4e2b8cd03210f35204029f06b1405e391ddbd
xv/20998.xmv	7815395	2c15d69fd4b512d054c85f41335c00251872effd7c83baa7df1a5956806f7efa
xv/21002.xmv	144455	ad2b318c61ae7aeb6e8f4322742833486fea282543e7c05cc700381d7c94510e
xv/21004.xmv	175478	5cfbd0bbbe3ebd8f1c3f8cf14944b26c852167578291b64ff1452de585f0a466
xv/21006.xmv	274011	66cda1cf74db04929723c341ac9f4c0347829279b2ff970c18262cc271fd1a6e
xv/21008.xmv	196007	45e1586cf431a3ceb30f2866436a501c79def83562d8422f278c9622a8a15e1c
xv/21010.xmv	313019	c5cf28070b4eb1d85624f215474fb201a5765c9bacf14d07e6b927b6f7d16680
xv/21012.xmv	260858	1248e350d833b740dac586b960dc778033f17672c53b7a01e0bde9b6e7fa670f
xv/21014.xmv	270116	94b814966b3d5c2edd1951c944f8b7ab3b3be38be13cccd154d26d6b92b063f6
xv/21016.xmv	161724	97139d0ef48b03cb2a0f38e26fec7c36209ff0029dc0a870bf4e418c3c7c958f
xv/21018.xmv	132079	0a3183875970d99f696c85314cf74781d791b65ae4060e1cf49f0a9475b4417a
xv/21026.xmv	373727	330631580467540a535128c00e8a3ca4299c5542a2bb7812da413a0d181b7664
xv/21028.xmv	443768	02740b6381aae821e1823896577a2ac06d755252886c0b5b0fff5637f6f14501
xv/21030.xmv	304927	f27538af32eb34eca112da2a07ed0f84c1ce7758bbb92ae3a8782e3a124d09ad
xv/21032.xmv	452045	eb40417258f2776fbfc1c2b0b67f235fdde50a91a2c455c40de870c65cc231ff
xv/21034.xmv	269305	2e8498b64abb643a1845ac17187968c65d6b8c94fd0d311ac5f0fdd5ceddfd39
xv/21036.xmv	195649	3745ef68d21ce212f4056364c11900cc0077b3288c00da4b5223eaa11af05967
xv/21040.hot	28	7ee82495754cfd141f2c13cb85b53b8d080031d0ad969125394756c9e1a9f872
xv/21040.xmv	904452	d7fe11c52faca3bcc51928fcea901a09d89c8188b09088c2a334ae491cb2a358
xv/21042.xmv	1613879	7b75a731d43cde0b50df5c0eb40698687370486bc02e0399a5bd99dca6351035
xv/21044.hot	68	c9b86a66828e4edc845ea77534c47826e89ffcf2ab343b6ffe1da89299f27134
xv/21044.xmv	704477	0aaf66c527e98cf0582ef0b601e18ce5051c5f2205d906ca2493ef4102443280
xv/21046.hot	28	deb25c0cc2ba5168bc0484f08b82a17100510c083da9a9f94afff70bca4c7b76
xv/21046.xmv	2204092	e36d7da3f26596a709959ec636ee6751dbb88d2f2a88ae3f9e9c6c6be7dd3b5d
xv/21048.hot	48	e36bb066fbfd58123f9ca45a271124e2046f893d189105c61a29923f5ef84a18
xv/21048.xmv	2156927	d04902dfa0efeb324d296fa70337851ba2d335090e1526c30b2841f9ad457f5d
xv/21050.hot	48	892f128bf3ff392fa8285d9a430b0e57f1612286eb26f67599a905bd50c23478
xv/21050.xmv	4037044	d923c0fcd9170016e3cf909fab681e983979d2a10a845b47424b91d63b212ab4
xv/21054.hot	28	78d53a8b61dc0c25a935ec88964803f64fceb5dc8d0ba591b16ad04f6d103333
xv/21054.xmv	1596474	4624f87ab941963eef6c658651d4e9a0728f069a22f39c67be71c2695f9274ef
xv/21056.hot	28	2e2085abc9b4e93086ea7e278e373533510155d6942cd761e73573969475328a
xv/21056.xmv	1368442	5764c2c6cabdbfe6a9464ce4e93ab99a0e9233ecb1c5dbc526c8e79c9a36be4d
xv/21058.hot	28	48d8d45bee3199745c76f1e0d96217780e033be1957286c9132eb3cc28d70afd
xv/21058.xmv	1394019	ae83ab80ea2780780a258b688db018ed47e54449d3881b824dc4c2e13e2a7bdc
xv/21060.hot	28	08ae9ea199aefa99d85ad2f74336cfb349a55aece57d6d1647845705abdc4c58
xv/21060.xmv	1864759	9f237773cb2f644509abc90d67b156baf7fa94f13b7d57f47aec3daac3823f81
xv/21062.hot	28	a5be939c009a08539ead85cc0e1b2b42c4ef494a0ad42174fb1e1608f548fecd
xv/21062.xmv	3399302	ca724e15fb03dbfbce62bd3b47dd86acfca7dcff0f43094fab733e518f97c095
xv/21064.hot	28	3e92d4e1b3976bd139b141ab1539c2a8f89385f65db01df5961b0913dab1cc5b
xv/21064.xmv	1510380	fdf620e3f9e079b12cd785a76903e5ce0d6c271e2c74a36d2f91db5bf1983c4c
xv/21066.xmv	917001	f7995f81613cd1b13d9c10f56c53e43023be9d591dea7303156b07c48b32d8d4
xv/21068.hot	88	c8994abdd4164745af89fbe1ac5b4bca77e02f590084837d8b3afe663b96f9c2
xv/21068.xmv	3931569	436febb32eb39a9840443ca21ac91f2e0b92779cb309294aa610e485f7feca2b
xv/21070.hot	28	d4cffbfb78b8c29cafecbc73642b11ae52240e2d52279009da11674fb0023a84
xv/21070.xmv	1205741	339a84ced8bf64eda3d41fafb539c8d719f7c1e43bb7896ab9a6227adf21c3de
xv/21072.hot	68	515ffc9b90a8f4b74ffaa5283d7cbdd7c0b40885c3ce0616700f89fca7491024
xv/21072.xmv	4411853	5ad60c0477a1e970eaf633515aa4d62e24539a2f020bd56b365b06604a862f38
xv/21074.hot	28	c8e98645b39da48dc78b25fff93ea243dd3ca3359f813fd84439ed9baa27bfa1
xv/21074.xmv	1474790	63c591813ddfd44e66872b093b5553962c4bdaa9e3792c7f2749473aa1b8b997
xv/21076.hot	68	ec8b4aee174cecfe92f638b1797dd61cbc60290acbc39016b8a19f3930bd4ef8
xv/21076.xmv	5833599	72e9441d7bb4514ace1776c29b7afeb0f49db3000076a4a94bd9309015f52e16
xv/21078.hot	108	0d9384244f18afb9199a758efb47702f965df8a9d64a7b20b0ea13dbd3d802b2
xv/21078.xmv	3950879	2f44b011d7759459b056b84da2d761768e662af71902b24d3f7507ab85c33d3c
xv/21080.xmv	817562	0171bbb53db9c8566639cf4f2f2cf7e6cf17d8bf0bac61a96973b21863737028
xv/21082.hot	88	784f85ef6ee8a6043df911a459925bf091650a1b5f34c90d634944b29a178d7c
xv/21082.xmv	7610285	e19055016de412d61adff816edb1940182c0b792f78307df786b782c9b4c4970
xv/21084.hot	88	f3d6d6e388dc25a24c6310b9e7b0f2e5e2d0706104bb26156d11940cae5ab487
xv/21084.xmv	5141669	74ce79347fcc94bec72a8d335fe39b49e7d81d863952756f3f8f0e2e8369e078
xv/21086.hot	88	6903283e80e94f953a6501c14ee1c653bd6f33c03c436f66926d0c5360fd4d74
xv/21086.xmv	6473747	b3b2381a0b4653d484ee60df3a0aa8f74abdfb59b4c9d86cf2e37d72cbc8544b
xv/21088.hot	268	244746ea560a4c540997f1693e700a94b5530c61b0ea50036b8d36f61cca19c3
xv/21088.xmv	6702226	4f5e634348ec9639099965367daa0c9b7fdd50c45c8049e9006e32b4ea71236f
xv/21094.hot	28	19d460fec63164c9ffbb328b99f7db929621e9fe98093de60340eaf6c104c3ee
xv/21094.xmv	2464256	4b860259e68790a89c7242980ec025443ac8054a6942356626dc1be966ccd35c
xv/21096.hot	88	c4557b4e30d788a5d0d50756e085d6dd70b8db6240d9eb36095cac36f69bf7af
xv/21096.xmv	1110710	dbacab054e815ded433570a689265be444538de6ec53d96bcacfad4acfb759a7
xv/21098.hot	48	7e0758cc3600b875fafb6c4c8d52e70bbb18ddb66c25e3846cc93d9609718ce5
xv/21098.xmv	1246132	1f3181824fe3bacb9959b028014f9fe8a3825baaaeb0d35b72ab13ff7cbf4e99
xv/21100.hot	28	38eb9fca45e62fa8ed511496aca490a20d1b23b4ea1ebd37666f4ddd27add590
xv/21100.xmv	1092552	849943925d728fa5a45948c42325ce92903ce2456d38da2a6bf376f38fdfb69e
xv/21104.hot	28	8ae8b338e3059f41cace7694bd9d8aa6d7f28327a414d09a45e025a609df5565
xv/21104.xmv	2327280	60833ce36489a6031f1bcae8c5411c7c43bae4243e6a1e4d08c84e918cabd540
xv/21106.hot	48	0050ef90458f51619d9854aab8608b5eed5d3b2c6f7dd42abccf8a7a1ecc70b5
xv/21106.xmv	1596652	4ab212a2071778fbaf8f11fcec4216fff41fc6abf71d6e766a3f18c881d19949
xv/21110.hot	28	7faa3da3007121699750450410d4ae90332e1967090d88bdc9dbf120ae4822da
xv/21110.xmv	692246	f193fbe035dd0e5fa6dac1e01baecc836433928cfcbfbd0a69ea6de37b258922
xv/21112.xmv	585639	43547155977441cb6e5f21354a613f24635119c142fc278b867a62d74e8a7489
xv/21116.xmv	23308154	967bf8d260238b045b93ba54d93e5e73c4125692fd50c9c6bf1c4b1e692e251f
xv/21118.xmv	25260129	aef26b0a136d2dba5868ce1374d064ac752e0703358d203041466212d1e3b7df
xv/21120.xmv	7426380	abd1dc4072683afd5912a7d211d1512d3ae9379ef95a7fd87156397f8d017a4b
xv/21124.hot	168	4a171ee09bf800dd941d01bf3cd297362f64a8950328d7c20b8a2e967349385a
xv/21124.xmv	6120189	fb1838370c868caa232f6713705f13d6c53c56455be4723cfafb6bf521b7cc4a
xv/21128.hot	28	4597b4344b7e27a26b4e95e4233fded0d2f77f97053db64a541bdd39810af00b
xv/21128.xmv	2631972	682ebbd5408810aec1ec391ec6601a37a84a02b2b01e7cef25a68a090a103a91
xv/21130.hot	28	07980c26c2abb3e65a36654f1b9eae05503d8e0e83a9e6e9c8766b8a1fc637dc
xv/21130.xmv	946019	fefa325169fbb13841e7aea6e839e765f3ba3578d0d34aa2b68946a1e4b64c04
xv/21132.xmv	334595	54acfc55106d11295d12225bf4b19aaca55eebbd8093ffdc098326b1e4b69e03
xv/21134.xmv	319945	f684f0dbbe9bc548acfae3e2f61c61fd1322269e5f3ee8cd5f7099e33e03891b
xv/21136.xmv	271840	6e1fa4239a962a8057d5a77dffb0992fd3a267f465008a1fb5baa297b4050fa4
xv/21138.xmv	462106	b893f37bc50a273cdda73cebd57f367ee8dd8e38062690ec58d7473c35b42a04
xv/21140.xmv	365963	02da27543e1d61bcd0802abfcd68973862ef10363907b2369ba9bed3eceeaf35
xv/21142.xmv	333886	88ed1f45675dab32d519651c28e3e4310187b8eed9093c1caaa59688d6fad615
xv/21146.xmv	313854	9f76a810255df5a68e9f3b4666bfd10fa1372173bc895db8c60e85af43bbde6a
xv/21148.xmv	272887	b2023a5e4ad72257232a66442ef738ea333afe7e3d5785d27828888b5bd7f06a
xv/21150.hot	28	9c093a3522c2b1d5cdef4a3cef66c214c49079bff8b53c08403327651a6eb491
xv/21150.xmv	1477018	4975f90786de8864eab4ad68a67c57f0b6ef95de47b39818969a30b8401fb5df
xv/21152.hot	28	fc085706f013acda7749c2389e41dedf034dd83d431cace844077f1e097ffcb6
xv/21152.xmv	1298567	8bb34e3920062025b906b702d103760fb54643e4c3cd1cab161370b938415e80
xv/21154.hot	28	c9be8b51f94a316cfb1fd323b4ba1e4a3ea9581761c3d87c77499f6256da125e
xv/21154.xmv	1892070	045adf9ed528d1ca4cf1f5d9f3a3a58e317bd2e9300dc98d3614739af900cc4a
xv/21156.hot	28	dd53612845ba494643a347350c189a71fb270f828f742e4ae73ae7f200386573
xv/21156.xmv	794261	853b0a086198bad1c9051a1e5e0dbbd59e020f060f3b9726de7195eed1cc18e5
xv/21158.hot	408	7e2aaaabcae044a1c7d64a1b7a4ed779789b789368de7fd12cd8c447da5ddc61
xv/21158.xmv	13326443	b152cbd963e86dddab6e9428454e1869b4e32a63aa1bd991fe906bd937c90144
xv/21160.xmv	2713303	3d8edc5e16bc4daf147cddd85851c8f5b79bc5c45bbcdad4c3ce28af9421a0d4
xv/21166.xmv	1098805	d644e96d3892b296dbe5586496e5dcbfabaa5dff2b66a3e1ffd5fcde7f098d7c
xv/21168.xmv	859062	c5cf01ffed7c70ab6cc77897720cb6684995161cd3c8cb07ddf886e09f0c5795
xv/21170.hot	408	728bcd53a39d1f36fa0c7aa8665527168da646c9eb1ae9438075fbe654c8fb6a
xv/21170.xmv	10627101	2ad7df88ba2d499f99acacd6cc7c2b57a7e7745ed2caa231eba942b0fe8823b5
xv/21172.xmv	200376	7dcd5d9ee5181c407ced0e49e13d155085cd0c724d3e935eb2f1dbf4e18595a6
xv/21178.hot	48	875dc813ab6dafe2416870ef98732aef211b8309a79ad909eaf6abf2cffa8b98
xv/21178.xmv	2634254	334423fce993341ae56e9fdf2d867aa3aa6dd85d62916760a75d1e10ec90df4a
xv/21180.hot	48	030a1901c72017b526e46da0a5bdbe264bfcfe6840f1d1acd92dc077be9fc10a
xv/21180.xmv	3299825	f6452eca5a594579c39e1cfd44df9e0034aae9168be0f19e2a8947be499b65e4
xv/21182.hot	48	b03d540a78e73828f36aa905abec085a96801d4ce72f8c5c0f6875d34da92c1f
xv/21182.xmv	3527383	d2012e93e78be58c55298b9b79481163addda893f981336542102b2966883de3
xv/21184.xmv	601012	316ddfe5531d6ee7ac80e4340b6f93ca5cb86295aa1e87dd66e02d8ec3bedeee
xv/21186.hot	48	56b8717f31e8a6eaa909239f0c2ca8a2c628cd4293204c01d9b7e0e080d47250
xv/21186.xmv	5817282	b5ae282ff2e4888787e5c7aff34d1ae7157dd79b5f5bbea5624e40fe69c37a67
xv/21188.hot	48	548081dcfd71254b5aa8b6ed2dbbc9bb4277f47490fa373cb1ada21920560395
xv/21188.xmv	2473386	37872f7038e70725950a7dca6d050dc968effb7965577111ca33bb179826a8f6
xv/21190.hot	108	cc6013af202431a344137d112bb0a1fa3a459b2fda7e8f8c07767307959ed8bb
xv/21190.xmv	1234299	98e8208cae30155aa681604a62a66ac7e553121ee3472a3576a0b48a40d94c05
xv/21192.hot	28	17130bc3af70ce971632669b5f5398b8da694b2a7796de098419f7f8f71d0191
xv/21192.xmv	2247402	29ced1f60db60d3d41fd1b83cafb40523832a655c128d2f7754be73c75a0fd0f
xv/21194.hot	48	68302f585724e807640a10c6873af0e5ee5a7f82de6e4499689b694050d9367b
xv/21194.xmv	3330769	fe0ac431dee04d5dcdd9f70e49ed08ec0a8f69f9b666380a50f65155a88ddb43
xv/21200.hot	248	ede3038b90429f8ea178ca7d56c080f2e18280f4ebf8f4ee7aa3c04fbe6c803f
xv/21200.xmv	3855995	9dff2e432a6a84120a004a471d2a3551b997d10ad9177dd02ed4db17c6067cdf
xv/21202.xmv	164486	1ed66fde06b5ae01833f0a2dc39da64bd3080cda5dba3cce32b602af91a2e7b5
xv/21204.xmv	204469	4961dfcbd6d8126530b1e15515aacc978db918a621e937a66760abb914b7b73a
xv/21206.xmv	168409	e2dbf9260ecd0de518a943d60ea72cfac8c83cc26d1cdfb2f4d40365d5d946cf
xv/21208.xmv	331738	b4f9d6c97823ad8547bf945020d67d477158400ccad9847fbbdf064465020a04
xv/21210.xmv	153194	0baacdf54338c7a2368b4191c8c2b7d00c5fac3a0b57857b796a1f631b982fd4
xv/21216.xmv	231133	47bcc07b5e5ddb92c1ac055e72d5daac41d7910595db73c00dd90535680f802a
xv/21218.xmv	180686	19e3d68fed774f48e13a6937f207393d0e3f99d70306b7df7d262fa77eeb6db2
xv/21222.xmv	176553	34ea1c3b63d38fc57a733a31a2f7124d617eabb01cb8dd299fadda8c5f403a10
xv/21224.xmv	320385	5d20f2184dbe5cedeb10a35b90f594b79732d95353cef82d8bea75428054b18d
xv/21226.xmv	254936	fdbe440cb205f53fe55a238f1934ac2344a25d01d82a3b8858b9fb41fd1c6e02
xv/21230.xmv	627266	f826974b0e0d372f09a77911a788ebbad028d42b1bb0c072ed487caa3173be13
xv/21232.xmv	675983	ba3a46b304b18197e0425ecf01214cffb381c2ec60441e03ff7b387382726e27
xv/21234.xmv	710536	0f974014d82cb1c4a8d1b96e874d2524d94ba4fbacddb6a6ad023315092cfbfb
xv/21236.hot	28	14ac00cce7538de2dfda53f817741a52dcb933f4866255ed57db0f3a096bd346
xv/21236.xmv	4588151	8e3858398c58bd28c5f8bc9efa36e769cb9abb693226f5a9be8fce7fd352ebd2
xv/21238.xmv	838373	94f849f91107f15aec60da6b4946bfb70a5586c5cd9c95952b35e01878ca44a5
xv/21242.xmv	1940460	c0f791b9b16f2af48705018701f3587eba7e25e757cf1a864f141cfbe395b9d6
xv/21244.xmv	847628	b72add5988883cc11dceceba4bef01f1aaf63d1681577daa6316dc869f7582f7
xv/21246.hot	128	805d93c60c5877c286d09815108bec6c48af900ddd08c54be6c7296884802a34
xv/21246.xmv	1602123	7f26ad51e61df71d06f5361f766f4fa3bdd9f56824a30319512abf1862e10fed
xv/21248.hot	128	4777266b184c27ab326f17bbbb9eceeee568a22c034a528b5178ef914ad28594
xv/21248.xmv	2710743	90bbc7730406000b12f8c14d619dabe61fb4693d56f4b14b564936179a26a005
xv/21250.hot	48	57a1cd8e22f2641f606baa33bb3f09c08c6b00e59475e7c1a55a40a7e7078b29
xv/21250.xmv	2761543	d84a82eb1b2d99d79ca56894eb2e7dae1bd5b02e2977e6e14cd0adaf3bd299f6
xv/21252.hot	128	68b1a2ddf43a3f6ac9c2aaf34c72a1be5fc37f34cb8a21c177097bfb8ca8b1e0
xv/21252.xmv	2051800	7e2e2aa242a1b61c125148f858db54792388aa0e9f6bb580b8b95e503c86ec56
xv/21268.xmv	837741	75a7d4d7dd64e50d399a01b709c8e46b6b0207a546eb2ced1da140e97f604a2e
xv/21298.xmv	1838722	8009693a8270aa91a3c62eacbfe5b395c14d1b1d889a0c80150f835dd5be3f0b
xv/21300.xmv	2986442	ac90072a8279d430f3a500d792428faabcdad03d949ad6fe76ecfd16826cd222
xv/21302.hot	28	0efced70c9f5fc4a5b1b8c63007d5b30dd9c438fdcee60680bde24902f8b860d
xv/21302.xmv	6247068	ff66408738f5e5139ce435fa157b41c405742bdd80217077a64b426433f9311b
xv/21304.hot	48	d8127c00451ba16284fbd6bfb4a497fe50c948cdf304c1aed7955df734223a76
xv/21304.xmv	6859078	bfd25ced753ca506dcfb8d11fd3744ea0809f30fa6a17781dc7bb585e58e661c
xv/21306.hot	88	941220c8fc9f8c81cf9115e193a9b850e7938fa0d93ff7a796fe3f32a5e9953e
xv/21306.xmv	4007835	ce40ae18eaab1a09a64af2521b9e6e7ddcf7cfea248844fdca0cdd142d4d82e4
xv/21308.hot	48	7e3cf1c9832abcd932b827ea9518c4b72d1f2721b634ced7f0981961ed9eb7cf
xv/21308.xmv	1861470	c861cf998495b578b79cd5b28e153c5676cf264db1219a359b8b154d882647fe
xv/21310.hot	348	529cd3454888e267e5bac239ac6f6715e3e23f062cd5682f925cbb36688287f0
xv/21310.xmv	18294790	d4e6850cb940ebd5c1998f27d04c9c06bdd5789598693d3ccb20e375130faef2
xv/21312.hot	128	980cb45a9e5ab4cb92bd48ab61892c703b60767dffb3764e52de269d9601b9d1
xv/21312.xmv	5261946	2e3127983349680506bf883431c49fcbf1c3060ce3037d0dd6364107997082e1
xv/21314.hot	108	52261b2d95c78b255fff0a7680eae216967d09cb98b20bb0f59e8d73102fddc4
xv/21314.xmv	4159483	d5dd9610b54b912f699b6735c330ec73cee42c190dc5dc65efec9c32680076e1
xv/21316.hot	168	34eed077493e40e508b90be7fb0c9ee2ced738f9aef9443d5bba7b8dc3e9e574
xv/21316.xmv	1685463	1d3d9e5215e635ad5cade2d4292246e506d0b3537581985815b9ccbb8ead8a19
xv/21318.hot	168	019550c701a3226d7126c8dc3a05bfd8f6c2983c05c161bf14320af63ffce4a0
xv/21318.xmv	4309056	4bdeda32de71aa59e332be266f435cf48e54a377a933382bc2778ec3362992e8
xv/21324.hot	348	76436535fdf3489ef66de4ae1c50127a5f21d08be4e382f90c48b7493331b1b5
xv/21324.xmv	7710381	810e19d1e67bcf501f0ef2883bdc7fd83223e9dae357a1c44dea25bc1c977af2
xv/21330.xmv	6503718	b4f00096ddd3399dca609dcbed31bcff5026bcf05cfb05b47590dd97f138d51e
xv/21332.hot	28	f5ff43b183efb44785c872941e11d76821aca0aee4589da8166dd815daa97825
xv/21332.xmv	2929345	02dc60d4b8ef65cb440d9e5c2f039d62432045b4ae77f222cd165e7850e45239
xv/21334.hot	48	e42ef1a7b2252739da2fa189edcb2919299a5bf0489ca2385e783e3b38e2cbe8
xv/21334.xmv	951451	8e0bef80964e18187204b5050267117d4f2a7b1ec5a60eb7c4847e9949ed5076
xv/21336.hot	28	fbf7545c2405818ca264eb64bb5534141b631cd53ba2a77a33bb8cde3705332a
xv/21336.xmv	1194996	bda43db25eb97e15ea3363ffc0e7813798e0c3494ca12c6ab9e3be14c00d8f6c
xv/21338.hot	48	8a32534f39cc9ea713589acc88b3a130eab381b0f235ac6495ae7e213486ea39
xv/21338.xmv	663328	38337241f227b614a8abdb747ab3375ec8f0dc27a42fa878112b5c2a8b36e189
xv/21340.hot	28	ae146978eb89963d6f29f9ea88c8045405c45ef88a215756fb9dd13e1f0438ec
xv/21340.xmv	6185178	89ef818acb54e97f97ce6e17f4c6cbf44409df8fd64e670a7d94e85003593509
xv/21342.hot	48	fa519c12ce9b21ef2725661896d5d113df6484e51f30851e9a7f0a6f1c0071c7
xv/21342.xmv	888930	13f08669d4bf6214461452c187ab1dad03bc8efdf36c536fcd16fba9392d6ad1
xv/21344.hot	28	6c5dbc5f418dfab32a99c65f797813141dfdad5121709daede591beb72ee3a4c
xv/21344.xmv	1911434	cceef4cd86cfab02b7510c9f02ffa34a901567f53251b6b9c536422af69fef64
xv/21346.hot	48	a9c673845704d148423dc9891245087332941380def992bebb57d67745209f4b
xv/21346.xmv	806586	4f7ade5c897afe33479b21dd41f2aa3acc2cdf9761e32d65a56e314c8ae8c285
xv/21348.hot	88	fb6f296914f5c56e024b3c4c85e04bb0d1d2bdf143899ee8beb187594af97471
xv/21348.xmv	6582498	3abdd05f1c354c428f936be25ca9ca68d5c3f65c76672276bbbc15998f2ea1b2
xv/21352.hot	48	898664a28854a50c47b482b4232d74d8b142f6632eae15d7b3d99b6742200c65
xv/21352.xmv	745149	8c9c0c659ff39f30c59c5b1066e8c7226e74c375f0dd0ab4b0cadf510883a743
xv/21354.hot	88	7d1d625f1e3c35e26dd6c0307531e83ecfd754a5b41852fbdcc56ec64c440fa3
xv/21354.xmv	5251243	668c5f828f4956ff134dce313b562e49230bf2d3a7b0b0a3c3df1733d88d9765
xv/21356.hot	88	42f7ea2924b74314e70a624db43796f22d5368ad8b97137efcf2616afae3ad2c
xv/21356.xmv	7683468	1eaeee0b7f6cde69b7bde1765d36a1914a544b681f287f63ed1d33a20ff27a82
xv/21358.xmv	622734	cf6a4415ec232e6b019968a8f46450d88c89613ef30b27008e36e69d8e631268
xv/21360.hot	28	9a5c797bf145726cd8921db8a6a8145677abd725d0b2d52ed9bafb53cb11e844
xv/21360.xmv	2035283	98ad15000a9ccd0a712fb7f3707104aeb16188d2f085fdacf05f2e50157fbf72
xv/21362.hot	48	ea562d72a91a5848f396ac7644fd72c9de1b87e44bcdb9070d12cd6c21138143
xv/21362.xmv	1135034	ae968f447d713ad0028a95ca6583f060ffbb9165ecd63942c0028d4dd158641b
xv/21364.hot	28	df6834b94cd672bb5596e13350b046c79e0a808f3ce3f174297cee4cfa606ffe
xv/21364.xmv	1928635	bc0e7c864a009be90e55dcacfe8b87ac2ecd783ae6db3cc9994cb67d76eb0757
xv/21366.xmv	601619	130dd3521cbea77bac43f3420ba0a0a983d737573eaf8ae76a391ce079cccddc
xv/21368.hot	28	cf13207b36db33481d646e2a1e1d8bfa6dfeb89f136fb33ff3c456de1ca76a8c
xv/21368.xmv	908681	56f88ddb4d5146cc938006f266712fb3a34dea12687151ef98b8bf4e8378dbc6
xv/21370.hot	188	9823f9af6f3e87c8b90a8b8db5cf1647d188dd40da7a480f940e9b9849dadda1
xv/21370.xmv	9413397	c82c78810561c39b5f235ed3e930455d5b5be3122a456b7d4d9b60dd37408434
xv/21372.xmv	990852	feb1ba5319eb8593326c7e4ab97e78c6e97ccd5e1ba122dc957c3929021df055
xv/21374.xmv	970148	4f29821a85529eb4d76a9b8dc79db508f961eafd61fa0192a57244a348714c2f
xv/21376.xmv	930478	c09432c3f3e21050d5948a9d68b0a35417bc4d11fe52b706eb73709fbc065462
xv/21378.xmv	786423	495bca3a99a04ab1f0b47b582158fec29dbc7f6d450ce4b3bf9472e2060f83c9
xv/21380.xmv	561213	e279c25679b84937e8fd2700bbb8b7db4fbd3c49818d0617fdc5bb8ab5eb3295
xv/21382.hot	48	defd89a85bc714931c3a5a1d4d6a28f248c581159ab05ea2a5ce95946bfc1957
xv/21382.xmv	1814411	3d58eb247859ed0d1a45cbb9b061652f7fe1e36dc1dd4119b1cc8f38ab993d3a
xv/21384.hot	68	3d0f2090f3d3b7002b67707b9888e782c5840e0e937879f373a52a1c02612c91
xv/21384.xmv	767446	9bf235499a00bfd36767e5c2783a4f4dcadfdc2a76139cc64fa5817b3477a811
xv/21388.hot	28	c07271350baebb474e46d1767bfec1338d61bc5690643d802bead3e2a2f4d206
xv/21388.xmv	2260223	6ef1804a2ccb21548846d0d4d0c5ed638a87f0931af991cfcb32f9c1259d4ed4
xv/21390.hot	68	dff1acd30358a2f9ef4863f137ebe8d595030e60a8ecb2042a78fda0e3f4c049
xv/21390.xmv	787352	50def1096d702f52e5f2c6d777562080a51d56ac8abe21818f01b7e60c6a664c
xv/21392.hot	28	7b1b7799362101e8b8f8937ce12b50255e2ccb8d323ef375e40fa87d29e28fe1
xv/21392.xmv	2594790	8f46bb7b186a94e64f7e2b4baf88db42a1ed6a61ed872b96c4af288128b653ee
xv/21396.xmv	231481	5f97a98c9dbe649f3b520ac7b865030f59ee183dc93aa4854df9aceefdef27cd
xv/21398.xmv	477889	f7c32e4c2adc2b7b788498bbb364590b6c4bf90bcfb6279a3e3fb75f0263a234
xv/21400.xmv	293326	d6f6417795465b95c6b4f9dda4fe02456d2743b0dd2a9ddbcc715b2d014536e0
xv/21402.hot	48	0feab933e7b540ae733ae9e7c8b53cd4312e531305941af6aa3840a1c25eae69
xv/21402.xmv	928056	a261d9823b092bde721860200831bfc5988057fe3b91ccc50b48304092b3eb32
xv/21404.xmv	211183	142cfcf7caae5c12afcd542f39bedee84977767decd19c5f911baef1485898c1
xv/21406.hot	48	ebd1084914a40720db0acf5933017d3382354e4fad5b74e3b831320dab88ba06
xv/21406.xmv	764273	6634cad0fb3e9f37e9c4a2577825828735504a84dfae19f189c420cbde95e5c6
xv/21408.hot	188	5dd9211c615e0caf363b525df5fc10270b577a1706ce03945af5584735b6af01
xv/21408.xmv	5016476	022470537ee861c01d02e40986e2ab00ba35a69870d3edf5ae2f0422cc7b3ae1
xv/21410.xmv	272727	132e52f9f25c430a0de93df31e3d566e314a65d9a5ab5883a81bc0431609fb0a
xv/21412.xmv	231805	98d8bc968a7cc26e54ca3c5ac4fa66d7b0dc5b8553b2d64526bb3f9e3616f246
xv/21414.xmv	252385	033cca495a4e1b5d5927e4e15401b4beb3e34c1f182eae28a398435383f01d47
xv/21416.hot	128	26479bb66906f785675ad3d9a13c587a988307dd4e6979865d6db39c24c5523e
xv/21416.xmv	2533578	b92f6525acfc1f972d834347441d5dd3a486323259fb78fda0085f085174503f
xv/21418.hot	68	ca55225eeb32c6c6e8ade71d346bf02acaedfd889d7ff75f47a612df83d9a057
xv/21418.xmv	1196850	8b3546c573a38d13510e3ccf719a35247bf30ccbcf0e2fe28bc2220d30dd9e22
xv/21420.xmv	272466	3255b524ab53ccd342d89a9a8b979780f5b89703820c45f6a487dd2b450864be
xv/21422.xmv	334053	ae0df17b67d6fd1ea01e382928bc7d73cd4ee2e2c798e78ba50941cbf9eee4a6
xv/21424.xmv	395370	cabfcb418cedb98c4131d93ed08469642495b87e47bc298c7465b99f560d1c10
xv/21426.xmv	456781	75b4396b71a8c72c42c2b258c2f3881eb51bac1bc6c4954019240d1ddb846804
xv/21440.hot	68	709c3d4ac29f7a8534f83bd9b22b928ff4fa2f333ac06bef4377355d3b86ec05
xv/21440.xmv	1344135	d4671cd6f9b41a963ab93011d2d241bc3e8f2851b8b5a4193d62d86b783eec71
xv/21442.xmv	434395	d555648599e0beedf4f23b591f6e0344663a6849276f7614bd27520fd2b15bcc
xv/21444.hot	28	786c117b45d85a5393a5588053d02c062d9d94d4b7997d10ec970fd50c806f59
xv/21444.xmv	1062364	e0f692c5402f7741e5303434d4061e96113f8c7fab5b112a897b95ae26c88f42
xv/21446.xmv	455917	53527aa4ad10359ea9ab033f2b34c0c1f86065815bae8bf234bf9011cca52633
xv/21450.hot	88	8a35a14bbdd1f60747ee3cee1f5a1856e52db4ece3e857cf7d6f0fceae8db2d3
xv/21450.xmv	1499851	d92ffc6b1307ef59efc7edf9df8f3f18991185ff8b83ed61ba115655a930a365
xv/21452.xmv	617786	87bedd35ebf9920ef93a7d3256ee8749013e6258eca770fbc04e4f7d36fbb957
xv/21454.xmv	582548	c19e160e87795d2057309a690bac864af427bc68ecc75625dde330f8b387c3ed
xv/21456.xmv	342795	a4eb9edfb7d3333219f0af698392a3b0eaf1736f7bf023a8a8a06d234641b374
xv/21458.xmv	464742	18c2be0cd74c517638d6f1ca4e785d822ba3731267894be149559844d5016939
xv/21460.hot	48	7d3d8175e072edfb65fd1a9cd28e8b11015952ed27c5808566b5d978febf47f0
xv/21460.xmv	1092881	b090e7557cb1a431262be692435b66c2f710facda813300e7c8b25ca79be8f9c
xv/21462.hot	48	f5dff28f1031f201eae1ec1d5fabe1dafe8da597e754f534b92067840b33d35c
xv/21462.xmv	1139094	4a23d311d2c22176368f58e794d5443f48c814b33cd1f85fd90c27e81b921b54
xv/21464.hot	48	b2853a9e38036dec2dcc004310db5e7c05d476c7b2d4554eb24a5288c0d1706c
xv/21464.xmv	1054117	aacc20a4e687540e40b6407aaa4e2f2729c15d66b343ade919ca3752407125b1
xv/21466.hot	48	93452cfde4ef354826100765c16c037d79d429e1e2be0431f6751d10d2a31c18
xv/21466.xmv	1540851	7d7f83baacb187740817b02d555d9f9bea09b251105dd13e7e482d886d0c7dcc
xv/21468.xmv	434049	4fd14776d691cf6f8194f3d21c74a0a64ab7070047661cf3c3f1f58871bb508b
xv/21470.hot	108	f0b34cb3916a12ee402aed43af187e4c7765e538469d94fa278dd3c8c0e7139e
xv/21470.xmv	2033475	bf6ca06ebd22e08fd2032c14ce2f72594cd4f01bf953dc33239079782b04b748
xv/21472.hot	48	4f74c4955246e707b5ed2664faa66fc846f5d988b6f483ce718aa74f776e538b
xv/21472.xmv	1105095	24be804e6c4fee840eeb7ccd89bc606de1d110ff54ea87d335ddecbe40890fa6
xv/21474.hot	48	4cda7e43206f259733449e0aef1f5ad2e1cede7a5d7c1af950ebabacc0321d87
xv/21474.xmv	1613750	236d23b44da662ef56c9a2b31d5787a480bf78b84eef075359997972eadabb6c
xv/21476.xmv	385371	49039069ba07eceb11244431b5c4084206e3310046574c13f6026d834aac87b6
xv/21480.hot	608	8d5202be486082cd6de8019327c91432ba9f142b77916b0c557de3974cc52f49
xv/21480.xmv	15147475	17da2a0258324df9b0039a2a19a429ff5d46bdaf13dd6056f33a7a1ec8fb6bb1
xv/21482.hot	28	882e6ab6dc2ee64e88cbe98111c7ef17ae886eb0bd140c2057a3e91e0b8b3ad4
xv/21482.xmv	768999	7efff7c3e5cd1af2989a433e102fbc3773e123b2105ca7e36cd546b9f2ebeebc
xv/21484.hot	88	b532aca30b00c3181d66976cdef75347b8393b096c64e67bf8553cb519e944a4
xv/21484.xmv	3614113	3890b7037862d5c1a3603af2f0ebbc92bed94f102bc9a9134aafc35d56a06b87
xv/21486.hot	48	0a5e1b29a11090c7f4e2560d32d453fe33b973a07dfea5050e972242788556f4
xv/21486.xmv	1862263	e300927d58ac7fe1fbc9345e4e368bcc4b5b94aa24fe610dfd00a150773b67ff
xv/21488.xmv	325415	5a9b699bd73b8d4af91808d776d226e32c82382e4580c6e83a503d96dc106ecc
xv/21492.xmv	696274	a3d5b33e96bd36d667759b80713c932cd9bcd60236fd2ce3f3251dfd7f6571c1
xv/21494.xmv	278299	d77b1af2333b01e09a30b985d1166fc96adfb43051968eaf02a2bacfbe11f712
xv/21496.xmv	571505	273f85c49fdee70be6e01fc9e263d442e5f701048fa0e289e74ef0f3de894b5d
xv/21498.xmv	331944	0b910dc8163de166c824b42265aaa88ac876d2a54b82668d7296fb822f41572a
xv/21500.xmv	419005	3bd4e2dcae3618022e4f26671a0535979bfa7a32031ed045a699136b1bd1ef81
xv/21502.xmv	373942	563ab913d3f5e53d42491b0e835d9051ce102e6a7508876528370734b887209a
xv/21504.xmv	353938	6ba2a538956234ae1fe1dce5cbed1842813e490a6b35a21c7a5ad3e8ddb75206
xv/21510.hot	28	682c976272667608e1c8a1deae07ad4d65436dba2c7d514a95a7c43d4de5c8ad
xv/21510.xmv	1900338	2858746c66fa5609f6a32cc5e9371aa7acaead35b31246ddbcd943eb4f9d2f94
xv/21512.hot	88	44826960c8bacd112740f3163184d33db1f336c55385bdf0c232781486fbdfcc
xv/21512.xmv	1822674	b73dc29d9c3754a970ad53fae84c09a0d234c9350ecf89a3fb1867efcea90ee2
xv/21514.hot	48	92daad79077383a61badb174867034b0373425a1162bf308f85cafb24cfd5aff
xv/21514.xmv	1174389	2213cdd625bb5edfaa80ea0b6d23164a674f7864353f822b6b98c44c1238bec0
xv/21516.hot	128	6a175111416736656985b398110d63f90fa0cd941cbebb726587ce1208a2e47d
xv/21516.xmv	3281394	d63bdb86240faf218beb27cb5507dc3802a5f950b40a18b05d4a1ae3f111c570
xv/21518.hot	48	b94f806f41d4d2fe3c8c1b2fa66ac93cc81fb6d5d5f3152b68dc30f4b114d53b
xv/21518.xmv	1911024	3c653cb4bebd6f91b8da5e71c8429f21864ccac6d85ad005a5d32ea8be4254ca
xv/21520.hot	48	ccd9e984971723ecf84df7ed2167c31f64ef3684674aa68397e7db878d54d909
xv/21520.xmv	3402499	f0a5d956dd3b88f0d316d1cdc036d92361511c674c1c5d7ddf693fac363192aa
xv/21522.xmv	425693	7fb46f53325bf6f2a25d4166589bed85eef73f6911adbd9c6d13a13839adf2d1
xv/21524.xmv	536242	1b2fa413bb204733fb1314fc54722cdc08561e740ee15bdab6e36da684c57105
xv/21526.hot	28	7d5d455f660502b328ff20fa45de5d98f42c1035f2b914e277adcce69e0ed230
xv/21526.xmv	2451278	d7c3cc6c8db92c3745525886cba3e574f7aba350a6a4bf4886991812410c5dc7
xv/21528.hot	28	021c653fce4f20fabe1ecad5bad40f7fd6d913ac3d077c346d43627b7caace06
xv/21528.xmv	5290303	a371a22176068d07f132084c9b8193ce4c6435c64eea2faac2d2a978ea4e0907
xv/21530.hot	48	51db9127e7bf2842b1473812114a46a53c9b9d1ad1770d24ff46c82b45c423cb
xv/21530.xmv	2632529	3a38188936b8c75066b618a4ca49f6e523a77277a690a3741d7b3abfec7d56c8
xv/21532.hot	48	77b2334f8ffe5e1cf27659c13415b8ad0816af5382ec90f8a3dc161e0b0cada7
xv/21532.xmv	2223735	18909ce6be9baf59228c4a2377026e153615a29f5d599d7757111bdb49acdf00
xv/21534.hot	48	e672ecde2615dc9e9dc675fde163a433d307867255d21a2e15139b0ad06e6dd4
xv/21534.xmv	1556210	fd9e70e3635f2fdecbaa92424b585cfccd58f4daa6c33a4d6f22bc9a3db5059b
xv/21536.hot	88	ed7491350cb4e3a894808fc90ad86d297e7c86897454491d9c1b1b5f15d8b18c
xv/21536.xmv	1774355	55a40a149a775893dc843e039f35a1f7f0a34d735c4e5b078962978e8e232b2b
xv/21538.hot	48	580e3a7d1a2813c623fe4f1313637074a4a70e79ca304694ef219d034596238a
xv/21538.xmv	1285669	7acb81870416d9b0b5ea51401aae820c1eb9b46d3746278a4d260f0b2cc4a3b6
xv/21540.hot	48	5295593487cbac324404cd13381b5cd6b58ccaea5e81dc01c262083dbba82e38
xv/21540.xmv	1891893	5e27ddf9c94a68bd1ad5bd1fa18d118187bdd2510eb976b038e38342ad6dbf3d
xv/21542.hot	48	0beca4e608349ff8901ca87b20230639e38a05a031f62c7827aea0af1d9f1ff9
xv/21542.xmv	1448392	e1fbc91344d615907f3a97e4b8277b8e838304d36b0697274e0bd0253fe9d4fb
xv/21544.hot	48	bbf0681b7d7863f341d609a932695233bc6b168de0948909c4456ff5c5e4d377
xv/21544.xmv	927841	fe3af63fd2e29c850d394f17d22d85d2b031329a60f9241ba3b636f047c51b32
xv/21546.hot	48	be6898e03f57094c9484db310ed3e6e6213623d0432e9f0760d6c89cf177fdb8
xv/21546.xmv	1957031	57241fea84912d518c4b1821d0c863db93709192fd54e2ff4972011f8e57f5a3
xv/21548.hot	48	ed67b576ec00501ce700b5c7239b8d4449b7d3754a74b1d691584191001ee0a7
xv/21548.xmv	1125622	583e37ff0f8dbbe7c119fbfd2cb6be2886a0059f3d086a9ff2124174ff1d8c6e
xv/21550.hot	48	5ded8586953f30477cbcab233a6fb85fa3380bac7d1299163c5080f26638a164
xv/21550.xmv	2029725	b44578107fbb715a6fec454aba72c6a04b8bcdf9c19c68cdef14cff484eb4312
xv/21552.hot	48	5eb9499a813c66456793dc7201a4778b2fc529fa983b0aba6209a2d5b9b30a8f
xv/21552.xmv	2792856	5c62bff164e9dd694849fa67886584c50131e480894bf6e0626561685f9261a3
xv/21554.hot	48	4f9dee48f28fbafeb6591fb35c4057939c1381870ab1b2687a6539b5c6624d88
xv/21554.xmv	2883578	793f8190b303f317f3bf07ec8239558529e596397736581c53508cc3c334db75
xv/21556.hot	48	9d90b01cf949766b5095f6163102f75027bf6c47c7f2aca9bdf608e0a34d438e
xv/21556.xmv	3177985	370d08a54776413bb7c925e4ffc17863bf7e43b4df3f4abda14719952a836266
xv/21558.hot	48	d4c2d99ae914106254a3cf2283966c1680d06b841402b7f4c9c4c91060fb07ec
xv/21558.xmv	2702608	0f655302180c7c56dddaa4a871b4c0669f724ca5d9ee0056dd4d4de629caf6ae
xv/21560.hot	208	d15864794d631adca6a940ea95c31eff5f3c71758068fff5fb5a165b0a1baa36
xv/21560.xmv	10321430	3b5abf511cb24e36d2dd03fc3ed14b0e11b6ba65f0af6a61896cd5efc880339b
xv/21562.xmv	518264	a1df7d521f35cfcf96a627d5a8c273760550c99773466b2dca5e65cec70f998f
xv/21564.xmv	362524	4a282a29485d20f9ece5e55675d55f98809d258c8153d0613556616d027acb61
xv/21566.xmv	972394	ea959745d37c9fdd1ea6396394870ea6f26de0c5bac88f4c3e224d775a0521ab
xv/21568.xmv	428990	4464cc8f541411ccfb99ec2b12a5b3ffc764c3f6141774ebf899613035dfc9ed
xv/21570.xmv	3805844	861316981bfa6f8c8cb0c332702776e526e32a67ef8e15a50521df7b6a95f162
xv/21578.xmv	447450	ba0b126e863ec384ee7564793a73bc0c3e65ec7dd7e3413ec48e2036df201558
xv/21580.hot	28	69d12c3535b0d80eda6dc35d7773ed5ac7e6cfd7c06b39d695eae06a0eab5cd2
xv/21580.xmv	653456	9faa4acbd7de70e2f5ba5d01962ba28caa38cf7cea5a3f4d4e356ed605c9bade
xv/21582.hot	28	ff418925a0768575f2eb0efbd710ee6d894083dff84d047233fbc9a013615ddb
xv/21582.xmv	2237662	7f5032d62a505de2dbf95e9fa56d815e06eb6d5bb7c5ea9d3eaa5bfca6bb5bf6
xv/21584.hot	28	46f830e4e2c3584ba10ab742aa01ffaf96b5a7d164ebf221475fad9f4a73d542
xv/21584.xmv	711302	87052eeaa8321083f908dbddb80cf29ad3508499939e95dd264eefed20db80bf
xv/21586.hot	48	c201174a9cb9043f062bd463bbd3bfcf625f33777872e5cf4d675fdf24108006
xv/21586.xmv	674528	8fce75d6025e0343b7622a6a4d9e18fdf96fce7e8e582b891d7a921cdb3076b4
xv/21588.hot	28	5c77d7460dc96a2319dd18225f97d24e17be2fce8df5a7767809239bfe2befc5
xv/21588.xmv	3114053	aa46472576831b36fa17e0fecc3bc3a3d55be3a4ca092d0c9a9e131e98d660a1
xv/21590.hot	28	507bec95bfa59cbc16241cc23c688dad3c5ae463f2b1f285de13f070d8308970
xv/21590.xmv	2643139	cc3577af7439d35441fb0151f5675ee0059f89b658889b6171a1566600a4fb49
xv/21592.xmv	472337	2cbd16bf9b290955b8a0027b55c9be4de406ebf651b32e71d24de8192de28f6f
xv/21594.hot	88	6d6bf313755a55f4e34661c9c5e5a823feb94f3fce0d9310dc79fdbb29b3a779
xv/21594.xmv	4212846	572fa00709e8f5abe347d634a7e25564031c7b341b0667a14a218f56b00472b7
xv/21596.hot	28	b496bc932fd2d54df30a69221a23d97058f74957764d4f37b0806126d0a824de
xv/21596.xmv	832401	8d8d3f8a1654fe353959c7df4ad29ce04924937c9be52baa25220adcf1ed267c
xv/21598.hot	28	72fe5fee2c1950a9523185a44d26d434c511b2331ec8065e3adf79dee9b62d90
xv/21598.xmv	611571	1580a643026c0ec97818c428712841fda012830369e8aeb1d73e461ef08a304b
xv/21600.hot	48	69e222f16f902b4339da378c936ce0f4661bf366dad1f05a73059f40d5a9ab93
xv/21600.xmv	5277957	a116024330cf6d698d05227a9b53a95bc93dc50caac32a8adf16dd7b31af6755
xv/21602.hot	28	50acba6b097deba2283c797e3956713bf95ac1f97c0b9116736429054df7f44d
xv/21602.xmv	2523046	9bf56e4687890afb0a9dbe4a2c0516f4e6fd619d11f85ee452b94c8890c6e389
xv/21604.hot	28	8339a61efcb402b39969cb35085e46ef74861d9375ff47de63534649000368dd
xv/21604.xmv	4597071	32870165f930d386fa3bcb5732ce13a73947efe1022b0893e740eade90953cbb
xv/21606.xmv	1802431	06a6752f63f687ca37808e046ef40639a875962cc08b28ae6856e37f0abf5c23
xv/21608.xmv	1012095	351751a3fa68584d34220ea9a6b3c7613fcc56112163e799e29fe73632ac0cdd
xv/21610.xmv	1077345	c5fc5953ad33e66528227d18d279a8e6f7626c3591a392b46ac744bed0570c2a
xv/21612.hot	28	c99b719ca8bc1939525c805d7793ec1b6ea3afea000f53bede8203069165f17f
xv/21612.xmv	749606	2c65aa2fc164007aa8eb9c267cf7765f3505881a87fe4cc32b8d25b83665a850
xv/21614.hot	28	2dd46d883c627ee11ad17cfd1b7d67aa7112b6fcf62524cdfed2f7ccdd2082ad
xv/21614.xmv	1259428	66410cd62be23e246344f0c4261260c71f2a878f0a5fb95c3f813c7a7647b575
xv/21616.hot	28	68ea16b2e87fd0d5f6143feba4994826194c63f831eff4fc0c441d6626809caa
xv/21616.xmv	4585306	dcab57181e9a9ddfced56d6c7fa9c751ca0e1a67b43b0c6b419187f79ce12128
xv/21618.hot	48	17ddbeacda0140728530b96db4cce8c0a807bff73de044a361d9a95bac732055
xv/21618.xmv	1135342	b742b17044e33b70122de9ed3ecc341da34eeb35ecf64e5094c662158093d2fb
xv/21626.hot	288	1d3a3c0292a4dcad139e4a112d7e46cdb920b98cbeb7d62d285975c6b744f806
xv/21626.xmv	7096399	6ddef48ba09742e83b7c6374ef5cc2ca34ed7b223df932785539b6b1bcff1664
xv/21628.xmv	494171	200c600cc0c61ca52470d035a4d749c9ce919d8d2254a6e54ae21d925b7db9fd
xv/21630.xmv	347244	ef39fceb7433f76d439a99f4e553765462e2fd2fe48494597079a31b0df8c6d0
xv/21632.xmv	419053	ba421fc1fcbf867d2687dfceabc7b44e675be9465aaa4cd00c823c1a69f0e190
xv/21634.hot	68	b987d73cf55c62c76e8a490b79e3aa69368c40041f4059c68142aa5018063d80
xv/21634.xmv	2834028	9bf672e3cd8a3044e6286d4a85df0bee64cc8c73caac4027e29cd9364083b62b
xv/21636.hot	68	9e6b80fcfd543c526d0cdec16b37a3dab890296d559e3656fa481a167cb30012
xv/21636.xmv	2420958	fc49df0a54e18b537c57cbbc7665c0e0d7fdbba51d66dce8ad7fe4d14dc2ab46
xv/21638.xmv	471846	d149e49695dda29a2b0964bed32b0cd5184bcfed5d9995ac87d2b499217a6ded
xv/21640.hot	68	0398e43c6face20779fa1d34e0f009c6d5ad936684f59138a8a6a61fd3e33a94
xv/21640.xmv	2108040	0e484b93cf175c80b458a3dfe84d74a93db8e6ef303f16299317713dba46883c
xv/21644.hot	28	592b34cdbe176084b94fd0caec3be248dff970efe63429016e54308240b5cb15
xv/21644.xmv	963322	1c3189e162e2c4f8654edc51fb72192bc29c1f507daa29dc0e7b250745a77f5e
xv/21646.hot	28	20a2fb3c8f830e22b7c83df1ac481f06e98e019cb16f3ff1e9765f035d0be83d
xv/21646.xmv	1000358	e300d140fbe0a58c7e444385a40e48f0ce5671c5f5d0e052f68e03fbb3228c70
xv/21652.hot	48	3b6d25319f3e04d3b0fe0ab67ab61e2a59791af80c12dc74289c7bd0faf61f97
xv/21652.xmv	3395900	a6edf7a74503d3877b9c61ecc048074d36289b18ab9a83867a758fe93b5d71a8
xv/21656.xmv	8120602	6f63de14e0016738d397512f3cee852d1308d33324bef8c4fb73ddd55a656a7a
xv/21658.xmv	6006062	85d75a9bb82708af3c129e6d45e8f792eb688da855de49a366bda12c23f73a2f
xv/21662.xmv	741567	a0476fcec9ad006bcdbd82e42c1706ddb9646d95e6257127120f05555ba4da1a
xv/21664.xmv	757611	259f6c0b4544f62b049fa8055be62cd2d871c7166561897a52ebf2d4d342f5f2
xv/21666.hot	28	8e6000cce0001e7f6f819bed231fae39152eda1e1431e43ad748b62433dde31e
xv/21666.xmv	1576152	f9e851d8c310d932afe9e4706e3d5cd2bda2c82d55909c9abca1fe11a34095b3
xv/21668.hot	28	af34f85b427c8e2a81adc5cb70e208593e1a8ccc3f2cb5895f378930c58072e3
xv/21668.xmv	1668105	dd2eda6fd79895cc1f00706a18a8083eca1a56dfbb2903000a40c8aefff890fc
xv/21672.xmv	1008682	04b743d7ce3ff91b09de9c55bb375c3346b12e7a9d54b4074c2997cec8f183c4
xv/21680.xmv	8105206	850f222520db8a59cb6304bbdbdc17a21ea0c69a8a0a7139f995a147f7b7422d
xv/21684.xmv	492465	1dfccda60b29dd542d01f33b74ab3f629f87966b11825669d5f270a521b1c8e2
xv/21686.xmv	408726	6d3a8a07cdbe2d284a1a60b7fcb2fc22c3b5097fc997a7486205be1c3f3e9492
xv/21688.xmv	360144	1da754169918f84b2fe18fcb9ee29efa69d6070002343e79b81f723d3258543a
xv/21690.xmv	3137518	a4e1768decbee5f8fd59a7a02d4113a9b7ee2a7ee7efafd9f674650367f11a77
xv/21692.hot	48	451fc1728fa27a9b4b51f13e2042d5ad767d770933a76be60325e1bc8cb0f28e
xv/21692.xmv	6623022	89041130c164f081c7a06863c13059cd1231438c009bd327a4a1507360aca8e5
xv/21694.hot	48	a9bbca15cbdf71e5c6d6d75ed6a647f94686db1a6223d945b8f5db2cdb60735d
xv/21694.xmv	2936617	e93af6a2006340ae2e4dbf06f2f6addc77d07614cc245affd90558881f02fc0b
xv/21696.hot	28	f0fdadf3465cc47ae5b709e8143983cee2667650fc24dbbce8932ad9d9dfa6b2
xv/21696.xmv	892051	38d817d785a6dd1d528c544a321a08a181a6b98432fab6e5be4fd06e17f019f9
xv/21698.hot	28	0c9bcf6438035969adac765c5fcc4c64f87828b399d92e1c17064c4ea9e427e2
xv/21698.xmv	822823	6ee8833a075ed16e7508242ff266bc9fc035313cf66f162a9eb2bc679e91af77
xv/21700.hot	28	d99da5d6aa3092073dd23af304a124ac05ca7cf4c0c280acb2ce5027fd9b28d0
xv/21700.xmv	746758	1e0d60f4d37b1029019b462a665c23f022b53ae4a1df8274c09955d5f062c29b
xv/21702.hot	68	3792c21407ca70c171717592e558be16d19cec836cde0636ca059b6acd54de0f
xv/21702.xmv	7047742	a9997133c500502913c96efaf3287c8379672cbc806842529989bae33b5fccaa
xv/21704.hot	268	3c91e5a41fab7a94c73bf7c8a3d7d4135e49c21607ad5a652870e6fb51348e2e
xv/21704.xmv	6836579	ad4d17912da6da9c52cb0739490a8ea66e4bcdc045756beb302a690b8d56e0c2
xv/21706.hot	148	d51f52574ee4bf0a48b403e4abefc1d48f72ab6e6ccf833f8faa7039d8fd715f
xv/21706.xmv	21913892	701a5fcab391d6a0bee05701ace6e184c69767d0ed84d01af663c69310315647
xv/21716.xmv	596048	01e1b9e7dce594b78095866996eae45bd150dffc871dae4b86510cd822956eb0
xv/21718.xmv	660944	c1b8a1aa2a56be305303bcb7b08cb2d4be0e5151f0c7280fa5fda57785eb6a94
xv/21722.xmv	501257	be1d521080cea306509735f67edf47e2b488c1097399a4936107792ad073068d
xv/21724.xmv	1255012	a4042e715c1cc6b9640384a470ce9e273b614249e0d39bf735b5c89149ffd47e
xv/21726.xmv	757882	ce8d8bb9f0b499f0c60971d074d0182c7e488517d06a4ca55897591a115c83f8
xv/21728.xmv	1185521	a64de6016cd0bc4a0a2b79edd4ebf9cd011b56861ffb0e8cc72a74497a237d89
xv/21730.xmv	1203942	56f27a34ca7dfa39166156af68bb75af7e0f0d1b7c356a2407a2f1cee394a3c7
xv/21738.hot	148	364e37db78ed9c077fee752b38acb6ac2d353042e65d0e565d970483be6eb628
xv/21738.xmv	2072571	a1607d5bb65dc436a50f64f0767d7f874ff2f8469c3bd5accd0cf75dec6e9d10
xv/21746.xmv	3940419	93b85220a78ea500b16723bdac562c4b71b845882f50798f8e6dfe93c48a3d2a
xv/21748.hot	28	06d9cd32390435a230cc57fd2f2fbcb03a274935bc2c4e713f35396827e401d5
xv/21748.xmv	1268189	1008fc0a280190434840288a9d27e4fb7900d329c8db150addda1dfba3746084
xv/21750.hot	28	b7f1c8ac3286124eee2702985964c7635b5111bc806901a054a189a6c3a381cb
xv/21750.xmv	1082428	413bb7c65b8f4996da0c0894154780dbfbaf86e573243ffffcc703768d7b6f91
xv/21752.hot	268	0c08601fb9570ad4965c9c43ff2b34c8197989e1728e5a62872983e7682cfd16
xv/21752.xmv	5045371	cb862c9f08946a3365f7917be01047df66d333c728f8a0d25cb0da6d3cb76522
xv/21754.xmv	3508284	e686f6e0d6f328502996cf9922999f71f0460c3d7e8b6632aa19b51d83b7dece
xv/21760.xmv	11063808	8184ed7143ffab69ad13538827867ea536ed50bad03267d753894297dbd8abb2
xv/21782.xmv	1674212	a536923a793f57846bf1fbd4da7e29ee615ba9caf11671c689846e67f5fb8a59
xv/21784.xmv	2360351	196e772497194b52fd9278dd3f2e9834139716623cde0138943d00b96ae14b40
xv/21788.hot	228	bdd47be66a40e3692653c14eb6f1391f79124465900a9dce00eb58c6cf727dbe
xv/21788.xmv	31217304	725153403144376dd7fbc823b9ba5af54cb19a667dbcb971369c7115730b555e
xv/21790.hot	28	c93d0a82e52d952b1785d5330152e301ef9ab8aa77dfd4328a475202d667e4dc
xv/21790.xmv	2925503	47c39e491934d9f375d337b8b516d34172682be6174ed175ae06e3d5570230ef
xv/21792.hot	188	90b95221e68f591c52a5ece872baeafde349a2dd944080a999e2dfd43549c82e
xv/21792.xmv	7344503	ac84a242e7c82c6d0ee47fe6d041fcac8e3edbe5ee5e12001532168471f8890d
xv/21796.hot	168	129b5dbcc503ad36239bdaa52f3b4008c51d7fbea9e6550c88e693b846470445
xv/21796.xmv	5716950	605b5aa21f97afc81e9fb7245ed43e82439555936ae1429c0716c755a9ec6799
xv/21798.hot	88	388c37f6ef842430bacff63667b85a7d75d45e3d736eb032a54793fe4e848546
xv/21798.xmv	5357527	44c4f49d99e0a26260fe9bfba00e2f10581207fe6840a3f576574fdc76d4fdc2
xv/21800.hot	168	bd23e8af920a4e88235bba4b3cba3fe1ba4df83d48294e30397f9fe017af3316
xv/21800.xmv	8144391	f3ebb17eb9618485918b66b2d48fcd567e5de59d100bb78d35f362cf4b243799
xv/21802.hot	88	f6308c4a46512b412dc2059b510a35d94363cacfa62869734c8f82a92bf6658e
xv/21802.xmv	4325373	df9b6723940dcf79b5b9af34b279ec90c14e140110602adfb77d2bedec9a6caf
xv/21804.hot	128	7bb341a2c9e510d7d17af9d31a03a9af8ae0b083258835e271ca23c3c218006c
xv/21804.xmv	4464776	e14ba3918888978e17b7175bfd8284de9977c81194ce5a85ffed2abc8742d108
xv/21806.hot	68	94249d57713e3d78211b2e6878a71d800ff0dce137874f9b364977204390c028
xv/21806.xmv	2430581	20abd4b8c0281d09f940218a9c55ed66023e37f1e2af34996c45e9a14a84664d
xv/21808.xmv	654314	263227937635a97eb630d59c6ed2b08ba71942a875736b70badeb491215ce048
xv/21810.hot	88	330413e468375ddaf51f5cf003fc92f8235377789c2e40ee8c5a6e42e035bb61
xv/21810.xmv	2719990	e1c82ca44d0f6abe9e3c449973b0f74d9079f873aadb9baaa21c64c2201388b3
xv/21812.xmv	2119473	9c9c07e157adde1204ca4da589cb5289bc2efe0e958e1de8aa8b2cf093b93252
xv/21814.xmv	2824926	1f2b9d58926f77aa934ffbf75aa1d8b854a93991dacc65fb7b090e3e4af4ca64
xv/21816.hot	48	96b3e301fa6f878880400a59af1012106c8bffdb7ec39b2e715497b6233b623b
xv/21816.xmv	2126636	9777389986f3f888d6ff156af7246902c5862532f8df689edfcfda993bdba1ee
xv/21818.xmv	2854863	7d5ead0336e23b419d45a9174f0ea874be71b0f5c722ccf843d74f3c3830627e
xv/22505.xmv	1871964	a8f4fda1b8664f7a161ee98dd857960eb955ff0b18f8ea1f1d879d11a66f4513
xv/22514.xmv	1950422	c0756debd0a9451c62014f4796962d6be6cd65b175d8e99448d8f51b335d57c5
xv/22516.xmv	743062	00835f698e566dad4f93c0b566ff1e7756c65b45488803bdbd394afe3ba6972c
xv/22518.xmv	657361	752ab833e49f5a8c9f4cb1e7f71cd232b24264656f202a0282ae0633fa4133d5
xv/22522.hot	28	ec4c51d4dabba58238b1c5f704bb70498174b5ee9b09b0ecfdd1c27d31814387
xv/22522.xmv	2504875	f1b72a10296915240f006a4e043c945229c22c62e65e72ebcc8d3b3e4f173882
xv/22528.xmv	2029001	697c3e1913734a5d60d2ea444c471e8e8b6172ffc6e5f559b759c2c84a9afb07
xv/22531.hot	268	413708713634de9fa0e71251f9ab8322784263e171928d1084fcf6a82a576f53
xv/22531.xmv	8423670	5b9eeefff173af4757ef9413f7dd69bc88e856778cfb49e23be564c73f0053d8
xv/22533.xmv	385823	180f5a2e94ca5d66e1a07c67ab915bf45c09e7696d86281df55957c665557612
xv/22535.hot	28	8eafabf3111e36fce7c4e43680851f9b0d8b0ceab2cfdc2c220c59bb0f2c2f2b
xv/22535.xmv	1770871	d33bcc9bcb0ff18648bc49b2e382bb1072fba20c6cc10250f1de62b953a0e9b1
xv/22537.xmv	453868	1c5209b0b3c5ca8e0e04df19a95d207a75113d93c6b33775e9e80dd10f0e82cf
xv/22539.hot	88	62f1e221d47f445596388de81130677d4ef9387b9ea27bd3a4117c7d24ddc445
xv/22539.xmv	5376709	e0c033de97d4c7e5efbf9ab696e76580ffe1cc59a759090a6c5c43c6550d86fa
xv/22541.hot	48	010e9d0366b7ae4e99f326b52300a9304f2a61da65cf47e48f66dbfc2945de21
xv/22541.xmv	639049	fd77b24a37a9a916734eeb6a1e3baeb363ce8f2613342c1bdf2ee891a9a5aab3
xv/22543.hot	28	24774f9b134df844b56a765874844ca32cf07873a18a4736902fb074c59889d6
xv/22543.xmv	3151159	e68e1f8944646421f729cd1cc4939a3eac221c553f1229e86248581a95666313
xv/22545.hot	28	8486dedce9084bf3846f615d63718387843f5ecf17998b28f49deb4cf1bf8147
xv/22545.xmv	935393	93f9a6c3ad69df3bf2864f642fd25e84abe357b8f6c8b21ba1e1e7fb619ca58e
xv/22547.hot	68	ae9200b6911a74e732449580d1a15236204b8606e33e6ab44c4c8d3ada268743
xv/22547.xmv	2615849	e1522c67ffbe59e5115d7b2772ed0716ad291f616547b9627c7c18b82834a3d3
xv/22549.xmv	423471	504e330b1e038850351f87895477c8a1a50fa08bf5c9a6d76f754044913e2ab2
xv/22551.hot	168	d88cedfb4a415b3a2eaf835082d95a4a5d24f40903e0891f3408bf6a43ea3969
xv/22551.xmv	4962810	aaadede1ac3aa710fb8d9d698c4e6464f5e4b44048e8b5f5aa6b502e9e16a0a3
xv/22553.xmv	520464	f57da9c31616b04957e3dc2af9a135a43392a7401ca8463952deb4548195db89
xv/22555.hot	68	6214f19f16f817d795543ac4186821f48cea80c110014aed9087d74b0fb0a13d
xv/22555.xmv	2558602	7e633206c972f3dd43f52f413dd589620a616a5ff279e245fc2394dadb3fa853
xv/22559.xmv	306810	d43f39197e83f9f97243fcdde063889abdef37e1c35bb5a49a4769c561f391d8
xv/22561.xmv	408464	027de902fdd33512353850cc263e954c386e5615776abbb2001881c3593fedd9
xv/22563.xmv	304082	2ff60b4e2538651e04128ac8ccccce66d7b73c4b659b7e26ce026b29377a5439
xv/22565.xmv	273669	e92b8052a3139eb288ecb593973f468feef93a0679740c92e74dd4f8035426a5
xv/22569.xmv	187197	cbe98189dc45a8f6241aa7f46351297cd3518410e4d4fe2cc8dd3dbbbae50c37
xv/22571.xmv	337365	89dbc4fa851a45530a84f8911a2a6490ae529c028137c38bea86be8cb2ae607f
xv/23099.hot	128	1070896fc3a605de36a3ea442efd6393520be05e648f1b963927d8ab153f9f38
xv/23099.xmv	1710570	d1c955321b466eccafa56eab58bcfa1536d776aaae49114e490579b7b6a02372
xv/23101.hot	128	c229e2aa827ba2f6c9b35eafb7eb906f1886bfdd58539a46531be52366de8437
xv/23101.xmv	3937429	44f9fa85d0e0895a64ccb8a40ee1db9632145d8e44af5986642ba55e7bbee844
xv/23103.hot	208	d03b24e7e0736a8f0f9589017c75861355ca1a2c608d857ef780d561879847a5
xv/23103.xmv	9068411	d0e84418cecbe2844cb5293ea5a37d2ed498efc1da7802039bc255e8f2133dbb
xv/23105.hot	28	a8e24b67f93146e10624806c758be7d49dd47a6f39572adf95ebf360871f3a3d
xv/23105.xmv	467227	879cc3440497e7347a8d300665eb4aed5663fce57e1c03d23ab9a950bc85997d
xv/23107.xmv	423115	5827170dc0ddd5155e4845b411d7b591c1d4e862989f385657a787ec73313460
xv/23109.hot	28	906a714969f1fc465f190d861bb40acdaf2f0119455304cc7d00a67b3dfd6eae
xv/23109.xmv	2671995	7a583b570cb1db1f38786b02e05d0bef97bc3e9f078164ce251dfa4a79c1039d
xv/23111.hot	28	26577b9548345460e7f60806a5f280fbeecb78bf24d030cd9293e71efb839af7
xv/23111.xmv	363088	276a33aa97110aa0423eba034b1ea8b8bc4df4aac629c8e54d8335c66c45e344
xv/23113.hot	28	ce58d796308192915bd756db7e6faf9f4754e451dd09ec255a0c81736cfc877b
xv/23113.xmv	2867021	4a4995b3ed4fca8b4b889ee86bc1d34a5dd0195470ae6ab5802fe5b93018c426
xv/23115.xmv	422210	f9d3abacad871c752e3910bddafc95841ac092e9a95f2b2802888132c4ea247f
xv/23117.hot	68	19e9f79071fbbe621314d99ac6399d13476f48641c0ee9d6b6bf8b74afb83908
xv/23117.xmv	3793281	1ca40264a3876cc48b81070d23c31bf7305145c3fc6869d4a292f60462637a4d
xv/23119.xmv	377968	042a196e7d09d0b5e4dc65bb6f71bf1932ab7c510756450faf418ec16ae9f47b
xv/23121.hot	68	694515cd0c5409044d459b262c4af347ef487c73f74ab9ce683fafa220275bc0
xv/23121.xmv	4416635	ee9d3d95e6aa09c84c0476fbfd05021587d08ea620e85b13055ce52797e9b10c
xv/23123.hot	48	84f4cbf04e803a3025b63d46b953f0ca9aeac67589fcfecb8168c057a919a05a
xv/23123.xmv	1186001	fdcc8740908f340d48328834f0e4bc8758aeb89116774a842d1b1522ed108838
xv/23125.hot	68	2b6d738fcefcebe7c2f1c08352d99d69cfa330f420b7c6ca70244f1224452197
xv/23125.xmv	1117881	b1eb02989f52cecd285c97a5285c0de49b03d26d48d2b1e42c45d0cf577ba75e
xv/23127.hot	28	a696f28eebaf99af7eaedb28ebf49a0b6433f58d16715d1e5ecbebdd3498c108
xv/23127.xmv	752130	cbb4221680c7a4ff3d8acbf0821f1627af6e21d01fa98e20097524f77729b832
xv/23129.hot	28	33c8109cedb32685257f67b1b1b900d2a6ed95e4bfd1296c959ff67e41441943
xv/23129.xmv	601299	d4025806709538c8bd499bd7a88c5839962082eb4fb87c48850eb8eb5b7ba4fc
xv/23131.hot	48	ebf5f924787227582983b6b73a94722aaa760e57194c4bfb9b02bbe2ba1e9f5e
xv/23131.xmv	1815646	f468d1dcde5d1cfb9ae38ddc2d2cb13ea3fa6a4e0b1521d18b6633f959902255
xv/23153.xmv	392730	43dff04c77c4caa16c952765ce73edecd1dc4b20b2055263e56fea1fcc93d45a
xv/23155.xmv	422265	287787c398142402d61c59ad80815ccd72ffda9fbaa5a95f12ec8e366f89e373
xv/23157.xmv	436731	fcffbcea097f19aec00be6e8c2034c6eca4a2adbb2b3a4021afa27a9982948d0
xv/23159.xmv	526695	55789c174d3e880f7ab4be1ab8d83d7e94fae40bf8775cecf3ebcd69d806c5ad
xv/23161.xmv	481314	bbac36a4d2cbe2c0d9a8cebf128051b88fb7d52c8297455efae14d5328dd3a5f
xv/23163.xmv	482387	cc68e203ae093a898e688d58fc891460c2b2f49165b4a89dbc93e9cf7e6da84a
xv/23165.xmv	407577	35f851ffdbb80d491f42d31ca8448307e27164b108b4cdf78777d9867b2c36c7
xv/23167.xmv	451735	d48144b3ffac026e6bd10b1596eacbef720d1be9b242b82c217b47fc3550ae76
xv/23169.hot	88	a8ea1f2b6bd628f40df99fd65adf583387468429780524a5abdb53b5f4e55f50
xv/23169.xmv	3247457	dcb84a50be7852c78fab66febb452e795acb3098d89082e4299b0239f2f60ec6
xv/23171.hot	88	e4073f4c1a2017fdbe2d90618fa557857a4c5ba37d6f8a3e7a2fb5bd68516ede
xv/23171.xmv	2570325	345fbcb39fb0fcaffced19d202b59ab0908d36754a5765050c7af0e194a8c11c
xv/23173.hot	148	8fc2afc7af2216d28e0d13ae41fe91ad5d649c331546ee94e0d9c69bd53589b0
xv/23173.xmv	15278489	ec57249d5d41a26166f695bb299282b94611d342bbf90ea1f515d050b9ef57e4
xv/23175.hot	108	e9fc68baefabb37af3d4f564e19c1ab9cddeea0dabe4c799a28a244969730c29
xv/23175.xmv	6196499	b7f5609cdeb7970a73145fc69e16d4d2c9d05b50441a251d8afe2d70058b49dc
xv/23177.hot	68	f037a8834cd595cb11ec74465a0eadeee9a85a8b43b29480642fb5176257e63b
xv/23177.xmv	2349740	ca42c458bc748d08004af84a7f2738bb07599605c64799ec90ec79f0ad0eff75
xv/23179.hot	68	7fb4d79c2c9d4eccee31eca3d056c01cacb8fb01026905b3b718e6ba1f4592dd
xv/23179.xmv	1624660	a522a6fb51929db2182db595d7d93b3f29b8e652ed369ef3e0676021cdc47a28
xv/23183.hot	88	e80ae58fcec7fdf3d23cd2f1bb831e5bf11ff8009f9ce16b4b786a1bd585ee42
xv/23183.xmv	5803118	0127713bfad6b569c861333961bafe4485675aaf3b8affb63c70c33fe21fe94c
xv/23185.xmv	674434	d4f84f989196ed2e4cd637bdd0e6eced61f386b6658964b55bc06b1baab63bf1
xv/23187.xmv	542711	209976296fcf02101623e3f1b4650ff0979ce5eb1f3e38dcea366f4d578201d0
xv/23191.xmv	331114	4c2cfadb7136bf9fb02bd060a8d92c660699f18f15637a147448692e7f220499
xv/23193.xmv	434344	b59dad6eab2102e78320db01ff8b7569f3f6205f5467297de4cdf7a92cf5929a
xv/23195.xmv	464720	61d4413074146b7595320e154730cb9e9ec39345c416dbf4603aefbcd39aba45
xv/23197.xmv	678302	f3c4781a5cbbc47e0de401f889e13ab146d62ea4b2a474d7cef14da5bf040dc2
xv/23203.hot	468	88a9c56ea24333438a46fb15f4dc42be0b087df409ef145b07ed2e42ef7e20cb
xv/23203.xmv	15631867	e7344a6bf8c2139f80998e3fc5f7697c271ad9c5c775a97f98d8b22f958a8dbe
xv/23205.hot	88	0aa39e9757d4203eb1d6f1cee0cc969279ef30e733201137de15e0c0f721e779
xv/23205.xmv	4162306	ab762dc66642875fa048c693c556f31c65a4902a94f0b050b9dee72cf328076c
xv/23207.hot	88	a95431d481fdca5654d0fdb97cd4a4abccde71a44a34ed11a477de1645108a3d
xv/23207.xmv	2034019	fa06975068ca1e80b2c2c4af2878958f99b2c66b9fe626b1c08aecd063c140a7
xv/23209.hot	68	ae1783bca952f68c33adcbd372c3b85212c133139508bbcceb6f0aa3dde55c42
xv/23209.xmv	2313444	bb53f55ca259efceb16694ab3148650a1a356349c19d9b244ec9c777cf466c2b
xv/23211.xmv	544384	03f191c18a47d827d8f6f53af67603cbb52c117ab4ab8e268735664c000284ee
xv/23213.hot	68	00a945ff63ff383e6c95821e5707c0dd89546251c9a9904349cac1d678a1c425
xv/23213.xmv	2028653	dca2f14d467eaf3f0e69e27cf119fdb4e7f1b8fb5e980cf8ca2a46bfaa033703
xv/23215.hot	28	d0cd21c8113a10a5d9ee81356a866e6c0f62d3862b71ba3c2fae88cd62545941
xv/23215.xmv	1724717	19e6029bc9b6cb2d5bb0221075f43f27c8a3e7fc2d0b4fdfffd8b2678551390f
xv/23217.hot	28	a2eb8a97ed58ceb016f80c7baadfbf17ef0cd619ae23426b30585ac1668bd120
xv/23217.xmv	1123415	86b3fb4a428e6ec37e083d183188edb381968a350f4379cee6a811cc4e41439c
xv/23219.hot	48	34a9cc6e5acdbf8209ad7cef490b45df981119d919d6736d85c533aaf9836e99
xv/23219.xmv	1689500	cb196b10e19d4bcff0f8dce4d900f221cee325ff571f13658e0b118daab5094c
xv/23221.hot	48	5ec2db186d6d3778b51d6ef5ed673ec12bddeaac1571eccbb859217b70777aaa
xv/23221.xmv	1858177	e28d4d5a180bdf86e2b26c80b3d348c95df14d5466a024a79d8db9f02c4336b4
xv/23223.hot	48	599aea8ffa82a36e9056e7fac32928688cca1ef0d3e558873f3c6cccf9c69251
xv/23223.xmv	2064875	a41a8d7db357816fe2cba1dd8c6e8e27423520b460503ffbba81a5e4992dba8e
xv/23225.hot	48	63dc35df93685c959bdc218cde1261b1b78bdc5e689918fb2fc6fc9e68bee84f
xv/23225.xmv	4493148	a2fe3a09d95930fd6aa54374837df010f52c0bf3da2c2f7b7ee817d5284c3ac8
xv/23227.hot	48	204edfad854cee5c9e392df2c04206b9869412de9dd5b78426c67e3241407ac7
xv/23227.xmv	3407192	bd7c08cd6d66efdd355526c3207573a0ce58d8c8c031d7d3421b43623932ddf0
xv/23229.hot	88	8662d6dec4e03c10f48e7dd4993a8dae3431ecf045219228dddcd53f368ba5e4
xv/23229.xmv	1888407	68d87331cc4bc431bc1ab2b2838a333591d18f22cd43f89ab7b24ded9891e56c
xv/23231.hot	28	ddecb7a92e69b5cc6d20bdc8a4c22c1e8c088293c2462bced53b17abe76a1c7c
xv/23231.xmv	697365	1e65d8a1c730af8317bab8ac87f8b434955fefaf0df62046d82ab86f44f9dd1a
xv/23233.hot	108	ccf9c86c256582aadfa960836eb32fef3dc1c21834a3c75f340e845edc339b00
xv/23233.xmv	4970895	3846c6bba148267bfbc2fb97f75f1b643aa8fdc6c54ffaa01da7713b9e78ef2c
xv/23237.hot	68	8663a3ae8714508e669b09a92dfde06a22684837d9a6ead3b547c5ba216b7360
xv/23237.xmv	4003809	24b4d1e998df40dda29dfacd69ead6b195f5e006a33e00ba3577d8f3d568e2fe
xv/23241.hot	28	9603fc1ffae1321c444b0ba0c1c0b35979dda0937c5ea084aacabe4af641123e
xv/23241.xmv	4117642	ca62e45de9b0bcf4dc6625616cabe102eb44f2eb255d45b11e21b32e91810800
xv/23243.hot	108	20fecbcac257aa99025b0f13763639912891d9d99a0455a11fd739fb70930f20
xv/23243.xmv	8382573	a0348a5290fd5aedfd54dcf26f4afffeeb75b280cdc60b8c002555c66b7a7015
xv/23245.hot	28	274f108a045ff90051d88e8999c8e38b07215d4461d99993b5cd63b5d1ac7540
xv/23245.xmv	2882718	cb851fa6e1b90e20a57486d249cebad620667520f92ad39d170a53c75f2841b6
xv/23247.hot	68	f3c69f1003b8a84db2821677487d13ac32b89fe1fa05bbcf1b08fccae19691eb
xv/23247.xmv	3486989	608aa08af251e5e74acb20c888d26bee311ce8a2e22f3f5c24a13ed399aeb139
xv/23251.hot	588	19c60fffaaf7f8379a8a15bd46c43615799aba295b38aa2c128a81045b1d85f8
xv/23251.xmv	33288179	1e4d43f9c23d30fdf97bfd7208de4a09fe7629b5d36ced524ac247edeeb2ceae
xv/23253.xmv	596078	58669187784d67a5fbd037ce832b0eb6d995a1c5aabd149ea583567d9fc5664b
xv/23257.xmv	600963	098585b4aeaf8695c01b7afaf45c4cf9bdebd170f43f6d50f5d72ddaebae0a1e
xv/23259.xmv	703441	f0f0483c36b6eaf3310993181a1bb7f70d28c2d4aa7f911260c7e7258092cd43
xv/23261.xmv	550448	70538473534d1e0cf52bb081cd73d910b16f3f36f04c48824f22b1327b9a8335
xv/23263.xmv	643026	eb954005bdec22941031fdab224c4e84a228ad4dd77a92786b25e52f5a57afdb
xv/23269.xmv	1753792	4b2148726781fac065ebbf4aceedfbcf9d62b5b5ddc6add6e36e07587c698d2e
xv/23271.xmv	1638130	321442bc4bd21417e293cc0743b93b6436812c68563d7d5850d67a5dee3453a8
xv/23294.hot	48	4a5f5823056a836f39d5bd7fed1fb51c4a785e3cc49dac4aff9cfb8cb72b5434
xv/23294.xmv	1399907	8079db117269b04f788720c388f8d22a6a45e72e3e945982d686226a7d6090b4
xv/23296.hot	68	8f4e2e5dc9691e4f7400bb23246f66fe1cb75b050b5347bec7d4d897cae3f8c6
xv/23296.xmv	1895391	fb1bbdd38cb216fb0dd7d3024e1045166032ae6ab3c969368ca34273661eff30
xv/23298.xmv	511549	72495ce473e448a41717cb0291cd3288c19141b1faf914423505e5ecd5923be7
xv/23300.hot	28	9b5fff4e790b5dfa16808c17b7a9a61cebf74cfb07543d1179b0f093dbd2abb9
xv/23300.xmv	2592215	95868fd3390e1132b2d9798a0d0ca7be1b7a693662e977269b080c1ca66bdc75
xv/23302.xmv	3596778	8244b76314e330053b18aba3625e14dba301bcbaa8313640ef4ffab8daa7ed36
xv/23304.xmv	1361532	dfaac98eaaad0082b5eed2e3cc4787818cf20ad606305ceb37121ce31190f44f
xv/23306.hot	108	919ec24378ba9f8615dfa87c07305f8215c978b63e48e907daa757fa276bbc8b
xv/23306.xmv	4444130	463ea74b2a48fc0a9e2d9c6b11d4b64d78de1d780522dfedbe5588be20c2d2be
xv/23308.xmv	552660	c3ab024e79f57e2116c04c85185209cfa69205ef5c1894728b1b82f5ab8aaf52
xv/23310.hot	48	7f7b41dbb672d0caf29126957ad14e56370d7bb379537b63959689808e6112c1
xv/23310.xmv	2367425	acd12771c505d6b1161f271b87832892a980e136bde2b0ebe1c64f47c4833ac6
xv/23312.hot	48	5aab407ce8f5c79608cceee67037d57a4276da98c6c6f9bf15226e1d94dafcb4
xv/23312.xmv	2423047	3a5484a13f026db4932ee54601e47a8e6b7a83bd05cd682873cccf72837642fb
xv/23314.hot	48	9a14a18232463e0eba94dd0c5c228bbc3e031e8e56066db58024221a0241f0d1
xv/23314.xmv	2192553	6d272c14e463d808da6ebb0c0800dae9c3f7cdda4b3024d0b3df6b999d021d1b
xv/23316.hot	128	8accdc0dd9afccfc0c567247c3d9ebe4ef09f4196696b7fc14c6f57344e5d635
xv/23316.xmv	3248423	b0893fa5d71b1e0708283f1a236da661ed492c96c3e5bd3f300e83e9e9d4cdf2
xv/23318.hot	128	014d27ffdf59e9e7fbc5c710ae50ed367cf86a21470db20080c9f620786bdc1a
xv/23318.xmv	3926347	7aafe70d3c9b70550cf9542aa83809e2162beff015a4252ec151b7166141a994
xv/23320.hot	28	472668aa6a461e5a3239200adc02f3ed46c60baa552f138cb9342460219f4298
xv/23320.xmv	921323	3239567b6f59d8275680030b3424784886b075a91cd9108e771f7ecc35fdf616
xv/23322.hot	28	14a2b45beaa6a138a81cba1a91f503e3abac818a450348ab4290c51c0aba46fd
xv/23322.xmv	1081599	d1827d9343b6d01f0cd430709de20c0b3b34807cb5a1b6dff9d21677b8a1785c
xv/23324.hot	28	110e285758517accac8eba55c88293236c461682f12f42467ac05d0ecd292ca4
xv/23324.xmv	852762	179231dc14717e93b72983a6126ccfb4c8b4f2a5bba8090ac89e446bbf71b7a4
xv/23326.hot	28	436cc8a3a45b96cf244f19a8f2188d32fc8699e751ce26a94202a218dd9ac472
xv/23326.xmv	2602872	471625b3c2152de8a7c0b22e743db6c1526889aa38d624fddc4f8bf0a614c4c0
xv/23328.hot	28	cc9a7056f9735b9110723425e71e391eacf128c9d095450f7c39088722b9d2c9
xv/23328.xmv	1967401	b3f5795b576f584426ab917c7a8cc492fc5e8ea747e65b2524fd836ffc86cbec
xv/23332.hot	108	c928392f3a5ee44133802df9802cff5fb32f5ef251693706cfbcbaf4faf6f9d7
xv/23332.xmv	7731334	d1eaf5b81b460eca8c12d80b92f019115ef14efd80792d29caafd2584a522c8b
xv/23334.hot	88	2d8f89c7e8318dac6cabe7777c6b37445338e4b61ec8083af1881deba2bd2849
xv/23334.xmv	2529940	374f6056718c26da7905c9d4f7ade10a7b84410db8624e8ce8691cfd487a03e2
xv/23336.hot	88	c4c98d3c33891de6a9541b7e18aefa3ceaec15323286bb998fdd9b00e1d24576
xv/23336.xmv	2907550	93e2fb71afceca2b9cba860644df223e6c0b79146ac61a44a7384c43cbf0aa7f
xv/23338.hot	68	ed94c6df450dc8fdf13f3799570f0aaf58c0e0f3f404a23116b87e28b999b8e6
xv/23338.xmv	2630018	e99cd16053b43d3d3151397bf217f84af07c46dd9415f90652a77d8fcff40ff6
xv/23342.xmv	400418	1983e8df6f6a0a5d4e23271ee9ee93ce145b349da52228fbbc5168b9d0e96ccd
xv/23344.xmv	339592	dabf75837d2eeb9ec53a945c0073482c5d90af402f672bcc77e2de68948184f2
xv/23346.xmv	273423	9ed6738c1033fe51fa5e3cbf3c0892b671090ea156bee9b8d5b17890639dcdbc
xv/23348.xmv	258532	1b306bee24c1503cbecf1e4710d69cec3b1772f980c5c626f12795a13e77e169
xv/23350.xmv	411646	c76c1fb5dbf764a0a7e27b7aa6171c59fae4c164f3109d422d37e9c3ce3da5c3
xv/23352.xmv	300068	612113607a9d77fa8673bfd882a114de2e621a5854aee21b87419edafdd5cf62
xv/23354.xmv	336409	da94ccf710ac593d0053da1f203e20e8378a1580ca475fa50cee71965b131784
xv/23358.hot	388	7296f84578bce79a735ed1fec84ded0ea58f345d74b4f3bca7e57d871e1c46c2
xv/23358.xmv	10992208	414a717d97544c88a896a89430c5093a2649fcf02289be12c676fe8f9221357a
xv/23360.hot	308	83b8beb91703d889e095b1b16fb3761169936eef9093a39e8e31cec2b701173d
xv/23360.xmv	18525045	03e7a86330e645e8bda407dc73a66483cb649f4858944bb098bd51128d73243b
xv/23362.hot	128	1b6de0c53cf27eb7d1d58e25b1f8532df728a99ff6409f967805a38fd85c9a65
xv/23362.xmv	7663756	946044bd35cfe8884dc661839fc64fc62219b61a10a9cecf8568bff336cbfd66
xv/23364.hot	48	aadd669e50809b54851ec95b22ec80a2c64dd934823c5e5c51538060f48a2eba
xv/23364.xmv	5471234	571128817332a4f15d40eeb69674f2f52c18bd8587c540771e349663c2071739
xv/23366.hot	108	6fb3300d2a498c1f467324da8a103c02d2feca0ffcb838140039bd646d4632fb
xv/23366.xmv	1983514	ac1280bde870cdb3628a3d598f91d99238aaeef77bc6d971610ce33bc3e8f170
xv/23368.xmv	514981	56f048f584fb76a5caa6440a2b78a496e16d508dda0055e99463f221acfc24b0
xv/23370.xmv	581687	a917b8e81dbeeef8190a89ec6fe7938bb9df13abc366dcd6c2d1e483cd18909d
xv/23372.hot	68	ba40e862cfec92dabf8d28403f616b8d657afb83b75a97a368deb1d3c4c7ac4f
xv/23372.xmv	12695776	41b2d8795dd50230ee95751f298bf1d59cd9055600feecd61022c9dd8b496c9e
xv/23374.hot	48	dc027fc21d9982ec80ba298300513038644a1a5e91e61c4a2dd837937b7f0862
xv/23374.xmv	1671476	f53878b1e91b09fdf12a202195c6560e465089597a355b02ba88fdff7a3ef246
xv/23378.hot	168	d9f9a6dc99d9fb39b17b68a10599e70b83938ffb6c23572a65c44df00d195bd5
xv/23378.xmv	12978681	a1b788a77263abbc7fb9be1748739186081799420e09e47f35d27cb1cbc2f065
xv/23380.hot	48	ddbd457a6b62adb94f46d489b881744f821c0477ec34ce0a71e766bce188c969
xv/23380.xmv	4668004	ef5348e8312d99544faf65de159e05b69177bafc09d3824b17f92b567c455a49
xv/23382.hot	48	b6084950b992755974e1a935c746829cb6cdd3f67d56f7401577a76b71f8dff3
xv/23382.xmv	4778420	70e753d20f7c13a44a53013bcc08f627f8002adeb1b7c83a0fbb5f27dbb85988
xv/23384.hot	48	4c3d8804f7fbdff06cce6fbe311333da2616f64fdab40948fb7367325bca2345
xv/23384.xmv	2609650	c671ab1e0763165a5ad2d969e18ecaf59e660d0e2a6a98d148d9e5db990414bb
xv/23386.xmv	1926906	3c2bbc8071e53cb89793048a01f663aaecaba3dd8854f61c93adabbb6f2078a8
xv/23388.xmv	324250	b993d5344d1b7b13810d5507aabf9eb46851803aca688c20564f39e1055860d1
xv/23390.hot	48	b8b72535c0a34e30be591595f13f32d1eb5d34d24ad56502a5d66f1d30d0c1d0
xv/23390.xmv	2453378	d7c6faacdded3c3e343d6059b65830201d4bfe289614785263da48c73408799e
xv/23392.xmv	684274	8956c7890b59166138f3568924cc9214115e66b1a4d8ad963b3e9ef9936c1022
xv/23394.xmv	393005	23e3903aea442080256cc2538899eecc6ba8354e5e591532750f0cfa5f628128
xv/23396.xmv	403157	246cf3f4e945f318331797fcbf6cefb0e695f1d27a8f3e843a4e5b2791b69a32
xv/23398.xmv	435077	d95f92ba1159760a978161069c8de17df7beb3e835a534384e46d3a6156894bc
xv/23400.xmv	578008	c6a94befe9560f775a8b349a5c7ac239b3336e95947435ab6507311bcc473824
xv/23402.xmv	449400	7d4d6d05adeb6929aac24ebab7e75f2514f40dbd6fcd11b9fc6965e95f204ae8
xv/23404.xmv	605031	5a892e9962ea3cc3590ec6755865df5d0d712a6c0d862d4aa2bd278e5de3dd83
xv/23406.xmv	386542	84dec228bee04ec301e0311411851473bd292f15c8204e132fa53701f0b84610
xv/23408.xmv	331924	fa555559eeee0c3cdbd93e452a446c1863d23932cece02bbc9b72067c56d0e6e
xv/23410.xmv	367899	29c0517685f553537dd611d9ac74e6c18ab868af16f58038fb2104c6ab1b4dae
xv/23412.xmv	6593494	7a0c2e93a36f56cb0796a8e2b5d94fd615a2235da771e29c94e65b3e751b4390
xv/23414.xmv	12651977	a609246c9a008b8496275e4c176f55040054bdb7ba7d5779e2bd0c49e5840c01
xv/23428.hot	208	26f3f9b1ae4348dfe6b4b04cc58dc1ec30de57d5d667871340ff5ebc3fd3e496
xv/23428.xmv	11248277	2529fd54d3c94f9d5ac48f81ea04cf5e746a9aeceae890a54be9f490ccf41c0b
xv/23430.xmv	7676697	18b50d400d5ab03d56059d942ed392b35d949806d52a20879737a715fb5c8ba3
xv/23434.xmv	14044932	8e6500afd404e4d9eafefecf675985306694baf3c84b0089db67fa10bb1aa1d8
xv/23436.xmv	8789010	af4f057078914b48d2ce96327a96e32fe03723d78ea9fd8f4c915f84fbd6a196
xv/23440.xmv	37768348	0cef1827627b90de5894e5fafc199b9321e78ea4d77f5aa636da5c679e117f5c
xv/23444.xmv	312324	cb0859f7dffdba0f328dbb08eae92c81f29abb58fb0b6561c9156994b1836748
xv/23446.xmv	152217	0ebe8a1dda91dcc43ea894a367f82601713a665ef8207e6032458b4ffcd1e6da
xv/23448.xmv	282829	6660d24c85804140450a9814b56eac5a19e5a50b1e913863466f5df6edc077ec
xv/23450.xmv	181285	b2b8917c42e72f640032510d5ec24b16a698539d4d394cefa0d3f308275acaf4
xv/23452.xmv	277765	c86816c75a522e4f75c7ba062e6b7d9b38efad95f3eee80ec08e17a217d103db
xv/23454.xmv	266114	8c5d2cb67bb8aa1ebb548d42e9da7938651d49461fab675c75418f6d0a6c85a1
xv/23456.xmv	235050	69466bc87602949522fac3da679540bebdd270e25ca16136d57d4c3f0bd3ac46
xv/23458.xmv	169675	43621f864e3d1fcbd9f32dfcd551afd266af2fd79ca4624f5685a1a31f9ca4a6
xv/23460.xmv	98055	1e2771de861e691e0ac3968cdc49818dcb60d2c548067d566ddce837ee2a92ac
xv/23462.xmv	114533	e6a2bfcda526127b0726ffca02ef480bd7352e38525e43a8cfbf752941854d63
xv/23464.xmv	2995504	e4847734ff7fdacfec72f2682b2ad52ca1dcb27ff311a5c8a26f8f799029e132
xv/23468.xmv	1146709	cf19f21ecd8d6b75dd31f0623259e1e6c5660f5e321a3c74d44c5dbe4cbc7348
xv/23470.xmv	17368665	617b933a4df9e9fca9f562dad4b954d13eb2aea8e7368dd0d1cd66a9cfea6873
xv/23478.xmv	1099168	9bedffa2f270753d8a91fc9f92c83b750d47a9cd677f67c0f64aa8de42e8ac56
xv/23480.xmv	405896	471484436491f180e304c539e8af125caad66599f1b6cd3d125b68ae170730ac
xv/23482.xmv	405901	235310047c62cbaeead9127ecc0ec266efd10f3b8e67b83d522c1217c8efeabb
xv/23486.xmv	2448018	d033283bdf193397f450d011eb6c381712fd8d2ce38c5cdb73d807b3b1c5ea92
xv/23488.xmv	2937591	36f67891c536a9370748a1b928bb4fc5b995f6da15fb915cb78d11181d6c05b0
xv/23624.hot	48	df8c08943512eb17f64512bace7c10f52c1ca1aee24af2dc27c87866b73fecbd
xv/23624.xmv	870528	f9981ab1d15a761460a7a9cdc0ce8e441bc8501f9480cd32018676aad617a728
xv/23628.hot	268	7cd1cbefe2ce7977555f242d068ee4a38ef34de6341f4696b96f0dff367cd9b9
xv/23628.xmv	8061070	e00192ecb63726252e53da232dfa4c5f8afa34177f259044dc3868880454cbcb
xv/23630.hot	68	c1d4a8c3ddb2601829484c98defe92b0329c633ba950cb9e22709893ef41e018
xv/23630.xmv	1973780	b0b3feb88ffb761a87958a8e4022ec39b428c971fadbf59aaf623adef4501590
xv/23634.hot	88	ad69862efd61dda40816916024ef04939e42f0060692c3b0702d62f7c0120143
xv/23634.xmv	1811386	c9b38af78939060ae3b3728450b61cbed3a23fdf17d5c05360d5a34a2442d473
xv/23636.xmv	695488	7a938536e66130a7c87dc28b3a927174c7c2d8ecf78c6a0b8bf15d8362d8a8d6
xv/23638.hot	28	a7e3b11e58add7af3ac7ff4efe6438d1ae82d508ec00b799f8b9f664b79d4ff8
xv/23638.xmv	1006174	c86531ab6a1df8a77217f635cae00df9ecc63928ef79f745d485a4af8c300f55
xv/23640.xmv	871087	56fb21dfad5b5339b57ef1863c8827e9d0266b613fe1e1807be5e248dca43089
xv/23658.xmv	483319	0eb032a31c4afab89d4ace09cb85ac7a5162e0084167e3ab8dada151184d14b6
xv/23660.xmv	497888	4f211c78c60a72a27b618b9cd984b8377424fa23d20fe71e0c9643d70c4696c9
xv/23664.xmv	483871	b75da896edc3788095b5e2a0f4f919ce67c37007df1f28bf366dc57fe46c5783
xv/23666.xmv	588704	bac1050c4e6e17eb068ed460085ffafa8d097e0a694cf347014f6cb0313d2f8a
xv/23668.xmv	573297	fe342c73fe5e9a365d2b92c928e4c230fccc018d932c777d25ace26ecaf2c2d6
xv/23670.xmv	589307	df8243437bdbcdd984bb4c5b6000c2a63a4bf3ea11e7411056492a75e2936e6e
xv/23672.xmv	347840	a233e40c466d1a030fee049f18fda4f8a429fd5799f501fb613f8570f22e1bb7
xv/25230.hot	448	63520e4d4799c23c3273ee668eaa7cfd73f445d3ccb4863bc8682a5d802823fa
xv/25230.xmv	17356103	41fdd4785ed12d1c7c26a6288f6aa4c761c8f58bb7e0aeef0e81072674befeb3
xv/25232.hot	208	4e3aa7fea6827e55d60b195d2c8c00f0fafee7b0fe64ef3e82e0d7bb6e09f547
xv/25232.xmv	8914727	2afe35fe53b2152c7d937724739af45c745183ba14c77a99d9015e272877b04a
xv/25234.hot	28	9e1dd03da12765a60ef4e9a6f4154c850cc4b668359bfdd4d4740c8a86886ef7
xv/25234.xmv	1158837	e3ff0129ea46b504c4d9bc941671d4e60db7c22029b86ba2f7ad692b224bb5fb
xv/25236.hot	508	e302ba29d9d954bf2675195e85a0eda82ac54ef9cb91efa77a27949f20871c79
xv/25236.xmv	12088184	7950bd19be5e297971c1de8b14d23104830c999a608ecbf311f31a7c6c9d915f
xv/28398.xmv	1063717	d73e0023994961e6ecaaebc7434613acbed27188dd77da2ed5c326e0bbcebbc0
xv/28400.xmv	1053707	3ab51008b60818994a026f58005fc9b952d1d3c0e4c6c1b534dd0b03ff4c6b3e
xv/28402.xmv	1294552	e3599ef5f997d353f957bf4f807b33b80a1a0d2b6120a9fdada173c8b6d941e7
xv/28404.xmv	1278046	4f89834e1a6627c0d02941e43d4bd464f079a6ce6ccaba86f71cf840939f42b1
xv/28444.xmv	726262	fbdb72da7423342396e8a1ce9e56986524eff3a43ab0127c8dcf87f8ec940087
xv/28450.xmv	780348	299021461153e5884ecebf310a7f8396ef8ae098473b9479505ed96aa7297822
xv/28456.xmv	4208495	fc7dcc098898394cb3d3be912a749cfdf56c6dba5b9e32e2bca14c54446d30e2
xv/29078.xmv	2171571	d4af9232d893907c8f0859444f854824a876695a869f31fa51bd2804b26ebb9f
xv/29080.xmv	2076846	c1e756fb9043236f76e6b56fe8947980df30f4bfe449029f18f108df946c6f8c
xv/29082.xmv	1935170	e64e1071158076a5913a8a9d080413e91dffac5d007c087c058028963a88ac3d
xv/29084.xmv	2059039	c7b4b4ce35ba1aee72f301b47d58b15d8f821d25d70e99c156a365ed84fa2bc9
xv/29166.xmv	2250171	fd111a7a6940dd2fe1210b0779f96fa3924b00907cb754665c1e4f4632d52237
xv/29168.xmv	2134414	5c27ca25872a7bb5b332bacfed4f139e8cbce8aa43605e2f637458c5763175f2
xv/29811.hot	28	27e5814735a4840d29b28d5cde7dc44dd3d86c10830536a0b6c9b74d21079a84
xv/29811.xmv	824845	257d06b3c7c9edf204d893cbe9add8fccc6e31fd58d8632c34b03a2404734c51
xv/29927.hot	408	0ebaf0506613b89bfa80ba0d2a8266a98219cb3561d2be9de4cb391c4962e841
xv/29927.xmv	8328171	21c3927ebec32dc2c95319e2e762216af884ad001745290187653bb00c002dec
xv/29929.xmv	685541	0a50900af955c91becce0b24699bfe357bb7ceee1436c57ecb52c73d636cee1c
xv/29931.xmv	692467	c18f8a645210951314c73c97832a58567ba2fe2dc5ab857b92863e6f584e3ac7
xv/29933.xmv	490817	8b715dbf7f820ce0085f92aa8ae99e3f7ed1271dcee6b706a61da2dcd207594a
xv/29935.hot	28	0f59411e80afca4246918a9c9b6b4eda8e2e3f271f4818428a45550e879208f6
xv/29935.xmv	782972	740b109622efb2417e4046e5e12e15cf40a2b742eb55685b317211664399da24
xv/29937.hot	28	7b95adac347f7390b5ae0199daa31f21691cbe9bcfb831710a62793b9b7786e8
xv/29937.xmv	738717	68409d49ba45a9abb650be0d15cced771a42fafc116f27ec37b9c7b6d8245141
xv/31042.xmv	559062	789899b48d0912633f3388d2e404299b0f678ed7e2d3b1588fb4b7029d8e4956
xv/31280.xmv	252054	ed58bc3f4b32f900f37793899f316c33a10394974cc01fe511a5fd92ba584fba
xv/33308.xmv	482467	475f84f152760122874beee03a060f2edfd8b8d547fd2d9171f73f9706887257
xv/33401.xmv	698888	bbc57278c662a56cbf78bbc8888d8893df65bb4669cde02221b249f24b216ac7
xv/35990.xmv	914812	b11721f3efc99b2356976a8e4c77a07082a330d4cb20d8dca7d155484d900281
xv/35994.xmv	719950	0352634871f0963eff4352ee76cd874fb22a5d68da107dbc090b018ec17c653e
xv/38448.xmv	12179132	ad4858a130a95ab2f273d6a64f960612083c109e98e0bfd572b2c96b6719bffa
xv/38767.hot	48	c507a80be5d78ab6f60437326efe1ca141ee91cc66b1964bda4bb9ab2246a0cf
xv/38767.xmv	3346599	01395a829b594f856e7f0887a40091d8f6d574044dcf00dac2fbe2963bd6092d
xv/38792.xmv	4936683	5ed35228353a7cb975b49a9900598bc5644c623c66c0b154402bf6e71e4d2558
xv/41314.xmv	12030662	0f1ad75df607722143b2409a69a9cc5ee35b4c4868b0eb3d572976f598baf5f6
xv/41316.xmv	6239374	6e98824e29f53915be8c2960608fbf6b895bd6f500c156257154ea2e9fcbf514
xv/41319.xmv	6668619	30bc144e25a85ad91d455d3b7f6a4838033fc0ec06f64d9047bae9c82a2961b5
xv/42912.xmv	324622	30f1a63aa29760c1a2f4e6eb003bddbf5fce1697be5ab882cd54e506f6f87056
xv/42914.xmv	574587	8089e02bb8efe97132f878f11189557f452df36d223792e8a63d6a8f927937a5
xv/42918.xmv	288265	04605c4b7e37891257af09261e3b3fde8ba596b347f09fcbf80578e10da7ec2b
xv/42920.xmv	417054	cb97d60e20609b030bc141da0ed8b0cf06eb0e483b13fb078635b98948965385
xv/42922.xmv	324568	53aac2859cde3e6971e792e2faedd3b6ef3f905986ff28379277fbafe72d8f39
xv/42924.xmv	331679	698ef693a4d88a392cd32c708d92e0006ce4f3145fa647671eb58e3fa54edd1e
xv/43070.xmv	2136297	29827e750d72f1ed695092abedd08a851401240a40cb7d269cce27d9eb82f98a
xv/43085.xmv	325888	92eb62fae759dbac509e627b67bfacfb45e8846584957acef1787f4af84cff77
xv/43088.xmv	947774	1347e9aba0cf8e9bc92d624ca32995ffef96559b4301aacd30f046f01ffe08c8
xv/44099.xmv	9122109	48b692665d43857665915796175cb0ad4a88c1b36f3dfc8ea68e3002cd18b546
xv/44104.hot	248	3a80f54b7a43ba9ac2e790bf79c4206ccf121c00b16d34ebc53ad4805aa89445
xv/44104.xmv	9096353	45e2e42c6d6a6b4b7686917a36d9c98af47a938d9e701c4b88607e203f761c8f
xv/44483.xmv	2120796	3e097efdfb372b221d239a00797335c98b0fcccf35a640e0d4d9e0ff66be71d9
xv/45858.xmv	15735434	1c0607047254c9e4ae463ce7b890eb34ad248e01e661f4ba9320abc0e92df639
xv/47536.hot	208	9bf5e7fcb4814d01e13e7557b2627843687f600bf22d90d6e8f3f441137ff04c
xv/47536.xmv	1980981	eebad3dd0b73d1451af2e7e49069d738895e313796d1a32e40333dc7e7941690
xv/47538.hot	28	a5b51b33fd65b3c37088e7c26cafd8a2160e9427dd16b434f9aa69d60184f5f2
xv/47538.xmv	1143703	edf068048227757ae5f27f215bd0f70ee117e7a39b2b38955fcc24aadd335ebd
xv/47540.hot	28	10f1249b606a34150293865e76c2e790b949e422f4c676bef28df63d0a22df52
xv/47540.xmv	1433673	86ad1c82034af2e75f94f0ee6eff6de2bc4fcc8b5c54848615089177daab22d9
xv/47749.hot	28	88ab85679ececd3aaec6eff31be36debe95c30a95748cad7a65deb35f261f791
xv/47749.xmv	2302248	14bd70b172bac4f56f55fb713aa9e7c835871ac61593d9a81e6d0fd4a150df5d
xv/47750.hot	28	0f45215f550a2e3012e7171f7fbc45910d6273b5caf61896768abef7ef3858d7
xv/47750.xmv	2837802	4185b8b64e7912dd9c6c4ed3c00e43c41ee363a736b4d1f85b2ab4fa25302d62
xv/47751.hot	28	dfec852242c9fdc787726777d1fb9877e5ae7e0cc416481527130156e3fabde2
xv/47751.xmv	1712745	01f481c6d9952f14b26b9d99d52ccea82c01a27847ddade36f37f3fa43736a23
xv/47752.hot	28	cdbd7c687173d0f9a555ee8deb9bd7d39c947ec5f50e9f9a8244186fe26e7cd8
xv/47752.xmv	1539989	258c5359d24730c06d5becf43e0e993162cb3b8ec57b1a7fbee6fb2255305b46
xv/47753.hot	28	9e5d2b07d2576960a3243347679f49fd0be6f0b49b2d4c580977c25f13f192aa
xv/47753.xmv	1752038	f7fbe23ec5338cf9b788d7eb14f224b52f1173ffa7d49b40a695bf48791f44d1
xv/47754.hot	28	f5d836ce30f76095017c8046dafd0624acbfd8b3077fe0ecd2869d300e6dbbac
xv/47754.xmv	2145234	02ec98aa427344e17979b67fe9bfb14e4ed10d6223d0c7d577e41c79a1fa3a42
xv/47793.hot	28	58e901e67d0f0f5bd2291b1bbc8b412b81010d5357c6df6724efa5cca22889c1
xv/47793.xmv	2188922	e8e1eeb383111d4e6fdf30b3905ed389402c680d7b771c3f4def42294a2dd0d1
xv/47794.hot	28	09e2876404e112f3cc1505444b660294e001dd189e6aa4161b4a589d316074d6
xv/47794.xmv	1605447	78600a75ee78bf696539f6010b979bc106780dd2a69b4f1d54413f724f4075cc
xv/47795.hot	28	adaa24197a8739135bbb93067fa06671e635553594c042edc0aac8ae3cf32926
xv/47795.xmv	1405296	39ea2de03095fd339dfb9612356b27b08598de2c8e45a88e360806c1adf55d00
xv/47799.xmv	362175	eff9920f0127cc32c2b10d4219e76a089d21bd3b994d3584ecbb9df72e3173ce
xv/47801.hot	28	02b1c4ce35e45543913e5f72450a2e20f57f6135d922049d231e1980583db104
xv/47801.xmv	554738	2d2f843c4c1b5f7af3581da0cce2a5c8511f493afb43cfdb722e9132ac82521a
xv/47805.hot	28	1f16f0d3676d3311d0c083a5634728ecf7805b944ceb9eb60649283fdd56626c
xv/47805.xmv	809430	1698fc9afc199d17c5fa3fcfa49eaeb564a1689c5202e5fc54b8fde0a35a89ee
xv/49013.xmv	7176881	3fc8c1b2cdeeb1353b11bbd48fbb4a5b234ef265c752938ab1ffece6d618b483
xv/49014.xmv	764765	b7528ffd8105c0c2903c43f7ece2b38d26917e5102ce8b43ce1edfdea3c9186e
xv/49015.hot	128	09f0cc9b58446638c36f89ac15de0212673544411fc0074d59fbbec44ad05117
xv/49015.xmv	2672969	1784fe6057518fde122771fa30c2430a3c3f83064348bad08c9d1c1952e4e3f4
xv/49017.hot	148	f8c860302fbed17b6ef8246e4e67e3684d779b7d8ebc50eeac78c5b9b2dc6476
xv/49017.xmv	10756675	c579dbc231efaf4283449e2585d9e017ad070d8c11f5d4e02c493f07dedb09db
xv/49022.xmv	318393	418a8b7312b093ca098985dbf28f0224ccdece366fa1759d252affd6fb4f0a9e
xv/49024.hot	88	bd4880626ab1f67dee0c61f687d099029a10570e2acaf377e5e7ecc1411d3cc5
xv/49024.xmv	1765518	352d5ce82888cb80efcd1fad0f72b37a4351e1ba320450aa357c37a43aeb26e3
xv/49025.xmv	6478797	6caaf4f3d7c76faea5abd3b39dc1f427463054dff72d66466b82148ac1b1e3c4
xv/50405.xmv	24598	fe1221272e2ae07c90606913ccd2251ad2a77caf3ae410741da3c77bf6b1b390
xv/51167.xmv	1140901	deef1b60910d35bf867354560a5c40a4f690109da0a430931b23e6f0cc194700
xv/51222.hot	28	4b436799e0704b80ddd7e6fefe27e5d5b78b902985c50211a4c4233dfba5048f
xv/51222.xmv	1060452	7d71244889806040d8c05633a2018d3ab46fae4d76ba1a7e9f901570e8b6523e
xv/51224.hot	28	a681785f6019db6cc18649c012ae5c13dea103bd0f6ab557d99ec460e62dc906
xv/51224.xmv	1015631	5b8f3919855a9c99d2c8a3d28ba7a19178adb668216b8a230ff98e9628f7d025
xv/51226.hot	28	e575dbacea9766336c76b33d5bf58fde473713f1d5c59ffdaa4dfdd1fca3f3b8
xv/51226.xmv	2681707	d186df25f17ae955aeeda29d3be04462cbf85a74ad7422f0f17a73ac79c7821c
xv/51238.xmv	143794	7486454ae52527ec46b5030a0fccd16fc3107c1af60574ed1fddd437ce1bc7dc
xv/51240.hot	28	02bf665750bbbacf43f93b0edd50cd385a9465fd53c9c80e03aee72b92606452
xv/51240.xmv	941128	a1a7e4d4631b1a34854408afd169730fc7ad9652d1ce2e819a2f47581293a94d
xv/51242.hot	68	34b763a55454c899719e3e582b561bb42872e44c5008f73c5ab556df65aefe57
xv/51242.xmv	1443657	e1f0139ca692728b2a6f17ed4023c69ae133f207a2d1f49592d0b2920188d396
xv/51295.hot	28	a1f94f024b87afba30ac7f4987e1124b941f5ce9e1a636201a9ec1b7e135a54d
xv/51295.xmv	1645686	170ed1a995dac0c71a57316d9a0c9d4f82e514331cbe9cc1bf2c41c89dd0aaff
xv/51301.hot	148	8255eb2d2efc9862550a0bbb727d97966decd400ba7b74eded85793566ee6f0a
xv/51301.xmv	5116534	e8ba23d44e9fcaefa27c28aefbcbb0db630767315bbad72fe343d551ccb5fe87
xv/51304.xmv	293416	18188bd64daaeaca8c2feb7f8b3aa233b6d9e19b0ba46ced2ca2c2ce80f4e1ad
xv/51310.xmv	2047297	4de66df5784a2d8d1e69898d7a21d1ca837e0e042c6d4271f7541d5d6cd5440b
xv/51312.hot	28	1b27a28d99b965532f59860225452469ccda4b3f996e3825d13a956950a58db3
xv/51312.xmv	2111366	2b4615919db12b0d590fce7786d5af73f0c80ea7ee584e406d0e80e642ea4f63
xv/51314.hot	28	f36d261598a4178f09915ad835e620049d8513c7a90760437b4c72e6333a959c
xv/51314.xmv	1469532	6161fe74b23e48fef2f1ddc2e19e6684ca2c93a4bbaee4cb92cc0fd70d47a6c4
xv/51316.hot	108	75a48867524e1a3c6c41ca4edfa09abe0df4ed42b4ba50b30a20b66f45436a32
xv/51316.xmv	1861676	a2f39d69a0f1e1bfca91fd6ecbab3e9e1424b9cf391652b8f7974afd389ec936
xv/51318.xmv	1448856	765b7d59cfbff6a4bbb3527b4ae49b01f3ea3f524453b46f8c3a127134e93caf
xv/51320.xmv	4061401	74c7f5c9cf6878aa9cc48e1e11628fd23b563b64e77420aa20c5084768e5870b
xv/51324.xmv	598639	141c0b288ae5ce7e2f43199c858fa2fbfbaf74b2c291f0bce09f64a8272cd69a
xv/51326.xmv	419597	7cc4d54f6f274704dd36cc7c79cd6b52e9abb9c6e9c6fb6243cab41b41f0f8c4
xv/51330.hot	108	ba8b6a0a67cd93e5141918fee756a88c2f001f4586667b6b349cf7496133261d
xv/51330.xmv	5849882	2a4d6aa245360371777172b72f06bc2bb631202832b78cda742c5c76828fd637
xv/51333.hot	68	a1977222bd90fec19c77d39302b0f1718e61633a096911e08e3f41d3bdc0a2f7
xv/51333.xmv	2584899	f7018f09f0df975fcfb9300304cd265687ecb0c1736af1fab8d9ddd597dddb49
xv/51460.hot	28	34e2f53b2dbbc66af7e30ab35f83bb2690b1d113311b6a2f8c84749d96397565
xv/51460.xmv	693719	1210d975673177838a28c0d2523702d04f41ecd2aa1b97889d4517730477d472
xv/51462.hot	28	e727af4e43287020d3012ba6dfd2145a06da367b5cf355866b2507f5349460af
xv/51462.xmv	1614134	9bffb7000048b003fca8f98be932012acc4a89d7140a2d96fc6423647909aae1
xv/51464.xmv	364815	2841b07d381646f384d00ccd651f4eeb3191480275056cb9fbbc0de57c349c81
xv/51466.hot	248	5f4c9a7622b26b665a5c9c55130a8787bf88f7c36ba3eb46d3ed4281600d0539
xv/51466.xmv	1529756	4dc01fb48adebbcc3ffa06cf1b81efa6f4311c3c6d997615cee629db0f8e78f2
xv/51468.hot	88	1ba563cd701545e465b4e392188ac7356e8eb1e01a70d17818c5812fe5a4a367
xv/51468.xmv	4726019	873f033e3cdeee51876bbefd4e58244a84843ca2afffa60cca81bd8eb20c7982
xv/51472.hot	148	4eaa2138a8594f15fc1803d3a77f5623bbe91e8c5fa9c9d947c75066c512360d
xv/51472.xmv	1080177	f82225ba0559cc55fbf532e22141fa3ff1e7a68ba6bb12487f90e058434ed1c7
xv/51497.xmv	186611	2af655b26e2413a6bf3b1c449b1b354eefd5111c6ac1cf14e154fed214f5ea62
xv/51501.xmv	193366	3411fa99fe37da3e250b3aafaca2ba3c05d964d08fee49409ed47c230244431a
xv/51503.xmv	358279	7198df813f9f24826eda652871f055289716ade5dce8da7de1460aaba55f51de
xv/51505.xmv	255819	f66f722508cb6befec1d381d21f98499170b87dd8b8089056eb1166c1de53f99
xv/51507.xmv	228319	0c6156338e3dca6cda28e621aba06761d75fe6def735dc009a1bde820083b47c
xv/51513.hot	48	cdcc63c26e704ed22aad20ab3348054f5f66a5778df96d08563b4c64cf65f45c
xv/51513.xmv	1270844	96eb09ba4ce77a0104f8d256b70672f0f2a4eb29eff3ae7afa2d13831f81d064
xv/51515.hot	28	af7f3d9a791e9be5de56a4e25e4cc42f86af2fcde46ff97fa43152c71c0731b0
xv/51515.xmv	904325	adf9618adaeb184e269a390155e6a96b76486931532e7a87f6821c3e507fff57
xv/51517.xmv	345168	5fd139d0762bf911e59de0f25f668cd9809c28662326a67126546a4d7fd69a53
xv/51519.xmv	449578	7519982e090f466f096b16b7b87b8e14e2dfb77e9c9c4908b798d621245f841a
xv/51523.hot	28	0f2cf2d8fc8e21692ee1da39cbb95de4403b6749220b5053fcf730e7e87d4fe2
xv/51523.xmv	1072934	0af7fb2a2b05367590c58c0ff65136ac2dca0defb74580a1bf1951738bfb19ab
xv/51525.hot	28	4e5193ef2d18f4ef6c7b2fd9def93627aabaca32ba71426e3c3bb5b89f427901
xv/51525.xmv	529156	09c14ff26e9ab3d04ccc630063efa99612acc72c24b3daf85e9a8ea8c1bc4b5d
xv/51527.xmv	4898007	b1709b6e590dad27326554e75a69b3c6998c7b915938f1dff703a588acc16abf
xv/51531.xmv	572879	55433bbf320fe619a2bbcb8a84c82fa63147fabec2ba7b0607ce20c20cfff4a2
xv/51533.xmv	696116	266cfec835190755a769e659a2118dcde663df63058aa4c7805801a93329131d
xv/51538.xmv	5232708	61837e13b8c935253386e3cf741d66c888365d03495b23dd54c058600103a130
xv/51541.xmv	481534	362b43c8e3b1b599ac3de71c3f39b7bfdfab264836ccb5a4ed69302cdcc1467f
xv/51543.hot	28	0dfab3f729f9b627a4591dcd0d1385181c4e24dc60660aadd2260095f2e2e4e4
xv/51543.xmv	1561430	4ab7d2a4be46f8b31f40cb169fd912b84b5348dbbbfff03ab4ad5e14e3db81dc
xv/51546.hot	28	25bc9c30b007d091ce4e6c377f067d0215e79563a56980beff1cff17cc382097
xv/51546.xmv	1509826	2e4679208ef4d3c00dc4a6dc2537b0617ae2153a528f3769eb9193b4e916d27a
xv/51548.hot	68	22af5e8baf8fcdc3ddcaaaef97394981615ef45feb0dac7d0de5cee1e1246bf7
xv/51548.xmv	3317712	4203a7a5651903fbe5977b8cfdaaed5866caf5eda27d9256a5749c447bdf6a34
xv/51550.hot	28	20cf744390f962d908a0828bc9bf01222f15caa9af374a5aea519f358d40e8e7
xv/51550.xmv	1066013	8462c984c95662ddef090fd1cf206c703555117b95256832e2472d1bc7bd35a5
xv/51552.hot	28	1b489e80cbe5a857598223fd8750820b11b7be1e9377bca20f077d0c81ad0ae1
xv/51552.xmv	1573427	208b4cfed2d9e19fd45d52267ef72d8bedf10afb85b7e78b357972609929884b
xv/51554.xmv	459329	500b3092b9c5db4e4b6503a174010dee78596f6219eb4220eaa5f7ca60f79a35
xv/51602.hot	68	06be9c9786451c37eb39e1eda73bb2c9db91339ca62437e7c418a2530547d92f
xv/51602.xmv	2571576	c7d2a1332f699e5bafe218177774f4ca9e44f638b728b42d927694fc3a6c288c
xv/51604.xmv	668644	fed296f64a99d00caeeb9da1687cfeedc407547b6ff17165196e9cb56de4376f
xv/51606.hot	108	cd393e99f75ba68a2c4f4cebe88b1bf8d7002eadd79a106ad8338d9f3e690275
xv/51606.xmv	5680856	dc5f85991b4c741c65cfe59a0df417da18fdcadc4922a898384f05fa86dbcebf
xv/51608.xmv	605191	389b1b85f044948698a9d60169fcbac64f532a41de8b9c359f19487a978f1874
xv/51611.hot	28	93f05f2cb68e70d968064bc479cd8dae16cf4e696770402018fe568eb3780b64
xv/51611.xmv	1242727	8213556a49b52cd95f8d6ed31a81f317079887a553eaa48dba1ae88fe9bd3c5f
xv/51613.hot	68	2f5cf98c8e8b7d0950c3ef7ed254eec60b420ed72e599cd54325d88e9528d0c3
xv/51613.xmv	2518129	f027ebf1db170c632c9fa8922a94d61718cc784f293bf011ea9c38e6c5f9c244
xv/51965.xmv	3441369	74f97832dca78b9478dbeed41d1ca0aa0a62a50f3239dfa50f6c6a345afb137c
xv/51967.xmv	4449004	4f361d1efd62b2814fbdf23ce5b03982f809348c38c14ed66a5f318b5864a32b
xv/51969.xmv	3411053	7926fe0b5000ab5eca479e3ea4cf387803c2dd478959148fb4e3995a7c4051b7
xv/52547.hot	48	bcff2a10d82e6bbece2ac60bc70d6722b1525c93a29ca13ed39c9d1555a2064b
xv/52547.xmv	1837376	af20a232cf1535f84bed7fdbf7d7fa424e6dcffc0a2e67cbc5ca162d590d6e50
xv/54108.xmv	1239372	a46f2cb2fb398feecaff69aa6a3c152ea9ea696322aa3858a3b8d73fa8b9e099
xv/54663.hot	28	cb0c3ab7a936c634ea9b8015a803d0aaeadddde55af6aed9bb7878f8c9910b51
xv/54663.xmv	1421032	580509b56fde3889f6a293ea8d9950168095eaf37562752dc6a454048c6be83f
xv/54665.hot	68	27aafd9a180ea76a6b7ab8a7fce1bac8600d23512eb684841b72f7e73de99fd8
xv/54665.xmv	1284302	9438d9e145859b46e28314aee78f3c78888fc6b76d5facdcaa311fa2ec000cd9
xv/54667.hot	28	388fe9cdff183cbca688d41887c5b1a6f442a9177b36039a75c0728698b9bb43
xv/54667.xmv	1404586	5d918a3cf21f68a1428e93c6bf5b0b69307d011e2a2333dc621b45675f63f274
xv/54669.hot	68	54692e987363f5b08cf7a7daf3bdf19b197a0039fd61e1b55f1cec0452071018
xv/54669.xmv	5244121	985a5c48b793267caf54b627d85c201eb1de1c53801d96484e278089551b2f06
xv/54671.hot	28	93755cb33685e6dbfe398eed2d63e7a34ac29e1c7caf338b8b09c431a4a89d29
xv/54671.xmv	771673	52e821e2bb241be684f0b0430fbfd55fd6a7c199a8ed387779e7bee4d6514d6e
xv/54673.hot	28	68786991f72281baac430623ca53dfd827cf02480c5eb249dbc668da43421987
xv/54673.xmv	2250495	26839bf750a4496477a6c5f5e92598de1ea5f412884172b6ef21f98db4b92f37
xv/54681.hot	48	6b9e225594d24ec8ad9377dddefe7198cae428db414caaf345ab75525424b2f5
xv/54681.xmv	3154720	082d0c0291d676ab9037c6b0a974861edfeeb8e3252a0dd3977d1e5e4b845cfe
xv/54683.hot	128	590cefd92a2978f56b1362f1167c91ac543b27052361ae1963f39bbd28c73de9
xv/54683.xmv	5147336	c4cbae5004b776080be04dcf130968ce16ae67dbe9b4e9e68d8f814263a38cad
xv/54685.hot	108	b11b1546dc7c90c71836c521c76f5b124f4676695bf803f1927856b44a387690
xv/54685.xmv	3040516	08f72c76e769d98ec4affd633761020ec137f1cb095f530b7c466255343de070
xv/54687.hot	28	76f77fc4ac6fb0145c0645a7394f50323be082a763ff67bcd55867d6620c75df
xv/54687.xmv	2266375	574c7e42598180821a77f94ccdf41f0fc21d11b2d1a9e92babe423194cc8cbee
xv/54689.hot	48	ef5b3e282cb817adfea57dc5262dc8eaa2447409d5b51720f1c7865757bdc591
xv/54689.xmv	2370887	1250d4cacad76316b6d45cf80a3926103a21c43488053121bddefe1a0919bfd9
xv/54691.hot	28	e601f639668e988978386442e6865ab8ff8712cce4a15ace43ba8a83cd6aee35
xv/54691.xmv	1468501	7e47e9833d04476292531e9bfc961d5ae4c4c3b08f214beade74eb58b65d4eea
xv/54735.hot	128	7148e0f1de84e28da4582803880b4a8de94ae94a34855e12cbdce230120fa167
xv/54735.xmv	5480922	a0cf0720138bc94b13b88619f54fccc274c28fd2d6c1ad4b7d875e2b780dc252
xv/55043.hot	88	f955292c238a48a7f4414b4f845f4d64ff7bc90311687f69a1f277b5ea465610
xv/55043.xmv	4210296	2906ac5bfa7b4c86b383465f7974240d38ea82fb1bad03c4244640fbaf266c07
xv/55109.xmv	576183	e0e55833c9691e60aa0641e5683b5cced2a584b192aec7f189aca6dcdc7de701
xv/55114.xmv	3594238	f70731351ce246bbc74228ebf5976efd20229f96e24229950c3c289ddae0e02e
xv/55247.hot	28	873877ddc6b82802998209609277881db07e627d81cae0b78ed429192c183e23
xv/55247.xmv	931982	0d2a029075506b6070a164dd94f6e4beef8b4fbbd38811890b4c8b0ac9b4c2ec
xv/55256.hot	48	c849b923a360d2cceee78800c352ceac91798a5556fdba3c7e56d44485c04860
xv/55256.xmv	1668664	dd2aaae95c73d2feadcdb73e5bcb9511820646e47c70792dc37dacf19c6cf4d4
xv/56001.xmv	23391173	7cfd137e265a2a39c0dea83462423a380ad3d790db50afae1e66c0f4fd87b638
xv/56002.xmv	5238054	2a8247f9d07e3c494cfe1f291df6fc9946ba00d5f6247abfa06545cb8a9ff539
xv/56003.xmv	1402599	565133bb9c0b30c6208ac4040e1b485b8891deffe7abbb1d5d2a8d8494b65e5a
xv/56110.hot	28	868788ac8a5fe2d8f30251a5d18b5476687f1657f644ead25eb12a60fd35e3ab
xv/56110.xmv	1176314	42fe314978eda4ffaec0e05c6d24923c4a74506f00aeeeaeceda067879e27c61
xv/56543.hot	48	70238196e5b64b06477e36c97176298f421567b3bb80199056fdd7e3756d989e
xv/56543.xmv	1528055	38f04ae4bcdcdf8ba9f922c039d1cd78b862104780500805e6ce1fec93c26180
xv/58151.hot	88	e8a80fff6af0314d89ac91880b0d361e0f8d859d0671674403ad93982732c0e5
xv/58151.xmv	2757334	b73985b624cc0fc2f488376e07dbc296c9f06c9afb982ad879f03fdcab8daf77
xv/58615.xmv	6749514	a978284b4b45eb9a08bdc0d37d6ed49bab444c3c91e89f845d355ae0f24ab990
xv/58617.hot	48	a0771bd3cb33ea9eb686ed27b6c004194fd637451c545d1aad3066666f678ac7
xv/58617.xmv	1623282	aa992f536069bc294d55e4f8d4221c4dac4516f39a442d91e47a9f6cbe40a493
xv/58618.hot	28	72272ef0459432716a4fe06f4df26722adf3e7d1e6d0bd1064ecd4d76c506a8e
xv/58618.xmv	1718686	448222aa11063c26c1551bc432b20026222da40208a2a3f61c1c734a2cc5c271
xv/58619.hot	148	265868903c1c496ea578a44a7f1f8a7366065942888a849cd2fa1613392da459
xv/58619.xmv	1877114	51ae4bef78ef33438eb2ff9857518dde8be1d4838e039e49db3ce68f5eecdfd5
xv/61126.hot	28	756d15beb67a3704aa89748a54c10b7d19ac2afeabdd6c3874edb20c92ed7066
xv/61126.xmv	1476003	22425eb13f7af9e57120dd4e0f81bccf4f038147f2a3b48f165b227f5c060eb5
xv/61851.xmv	2348605	e4ead08527a9bf02301b6179decdac78db2dfe3993ad5800a2988d33b5302ec8
xv/63750.xmv	2301007	ff0cc980fbba4968b23984ba542170a19c6c20396730da43d5107c1cac683a1a
xv/63751.xmv	2134740	4ae9b87140a350ba892929a640789399deaa0ebafd55a61f09d0dce715099bc5
xv/64421.xmv	119961	dd72f9e255b98b649dd0eb7210e0b07cda7f6b0f95f905f6ad6706de2810ff71
xv/64422.xmv	92693	7a26f4c09468209829ac8bf8d1dcf4508b0ecd5853ca4b8b6aa7227e8ad099a0
xv/64432.xmv	104629	5f2bce8ce298da162db7bd7914dee2391970cecf131ca116a460abe6c0b590b2
xv/64437.xmv	112359	73633bdd314b71f42340e99bd6a7f1e493a721f24e1681ba0526331c59d4067d
xv/64623.xmv	2359303	ea085e13ab3abb3a20bbac46d772fee7dee78e83155e8bddccbce274f28e0558
xv/64657.xmv	164454	576022fded923c2afe5072558a85ca943952d17376edf4ac3a3ee3dce7fad02d
xv/64661.xmv	3401825	50dd4a0d15b317e99d1d32df8aa393190b27d792067314e1b508e76761e06aed
xv/64665.xmv	103368	f5cbe772d56d7b4a2c88c48e8af2498d4df31ec866b9e6c1e48fd3f5f17123f4
xv/64666.xmv	96702	eaa5491b0f70ba31f94e439309bcd3e3dbaa56ac83a0f28349cb3df096463f23
xv/64700.xmv	3143413	b72f5b554796e43f6dbae0e94b3557efbcc8e9169fd834a4c9f7a6639b2911f5
xv/64701.xmv	3109123	36570148533f56f63885ecaaf051606ad53054f160a17470d7a50f50a4eab795
xv/66733.hot	28	7851a960b06b07dff0781f26f6fdf35824e5ace2d7cdf600898fd1574dc28b4e
xv/66733.xmv	3205525	9ce3cbe43283a367659b86374ecd2debdf1d84927bddc974c3b122d42964f8a1
xv/67749.xmv	89862	867920cc2131dbae0c4c975bee946d8f8e893624871329f1a7273a530df9c1f1
xv/67753.xmv	80145	4e014dbc254fe1633c24de8afe60bff59870898f7f7e44162853b8dc5745d9b5
xv/68459.hot	548	0a08f48ced4ff9f99ae019b73fa6ff305b15874ee155fbae6f6afbfb6a51da39
xv/68459.xmv	11564126	6d0080ceeb0e08574b5a96e457032ffcc5b3a24f852c0fc95671ff2599746a80
xv/68809.xmv	953051	5471e493a5c08978065e909dc6dc522618943ad10e6ab627cc608c37a18b59b3
xv/69212.xmv	130161	0b573895e1b92ca48ce0a1222015ea9cb9a8d1122f6a746bbfc25b94b8873c75
xv/69214.hot	28	5ce03c24b683c0d266a2c234ab70be9f47ea7d67ac25fe85b79e322d3ec27f56
xv/69214.xmv	773923	a67dac96085fde6a84a210a2b5375a4e3ccabd2e946d8a5a0994702e58fbf6a2
xv/70387.hot	28	c20991a8b6662a944f929bb14094ab7cae2e845245df12907a9e1cf168a9cc0a
xv/70387.xmv	1834982	807d240fe1337fd6cac1898bdd20c2e4d8a126781821522184c9674901e3b5aa
xv/70515.hot	188	50ea9e81d84c06e9a3ed8926ee04083933251e7e1731516da82dee833b90c441
xv/70515.xmv	10046376	1127e3612b04cc1aec67479a655b0a69d39dbfacb57caf42b933c8109455d6b3
xv/70706.xmv	2001870	3bc8bbc58209ac6679c1d25607f853d6dbb258dc51c00fb634e7ccf8bba59e57
xv/70710.xmv	7911573	f40abeb98856afcc042ed4f9d3b77a95c28e921039cf9f7d9814bf4d3cbaa810
xv/70712.xmv	10024035	fb37b04de2e3afdddbf8fd58665fc5fac7371ffd435caad0b9690e37661c406e
xv/71003.xmv	3594240	8b2b9b8e30f4c2a8157e7bea4278488c75890d8f1d3b17138dbe16cb4ee37bb2
xv/71213.xmv	1953616	2e57c3c51d07505d21415273e855a7cd14ab0f26a925b86ed75b4a06c1eecd96
xv/71855.xmv	15085423	c1eadc2d69a7100cfd40bada41940851f456da23a42b3cbe8afbca679fe59bae
xv/71914.xmv	12715986	0a98c43b49a3cf2b68ce8cdab7f7752e73af0bae7735d7cd8681657f6e8a6f49
xv/73994.xmv	493224	fee92b422425e452fd1ae73a37b701208031c0ba5f74a60effd40da9f436b402
xv/73996.xmv	584796	283ca3df0ab3e2e86d8985569293983ea18e5c993277e88fa1acc730b5c7941c
xv/73997.xmv	704201	eab34c008b16b96c893420937430076e45336ce5e0393d54071cd35b459612f7
xv/73998.xmv	540516	694992370818d6aa79c45b58c52367b57db95cb7c34e5cba59de15711f92906a
xv/73999.xmv	492958	b4d5b3d5dedbcae7e50e3ce82e5d0c68b252d875ee9d8d080081111ebddaa7ef
xv/74000.xmv	536204	158c49a9063a5c733ffab56bb9d31069e78ed86d19d4133768853cbea1e9f15c
xv/74129.hot	68	8f38cbc72938c87b4b1bfe1d20db66b2bdc847e9386eaeec3fc4fe31e04d2fdc
xv/74129.xmv	9039811	25a0cb40c200afdff94a637f1a340a592e1343f400ce4ea47e66ebd179736eb3
xv/75210.hot	68	13b42100e22cd17ec5a284b3f9c2ac4a36c69dfdb8968568e85fad4622c4d13a
xv/75210.xmv	3551993	0882469e9aee46f15a2eac67ed517f6be750df360572a363ecd0ac64aae3c9dd
xv/75213.hot	108	7dfb7100b3a873f2c75264dbd6a3c11dc7495b56bb9bda29185d940250986af3
xv/75213.xmv	4867222	daf31c76a6bd32e0d706eedb66cba386f58f172e247c0d4585e1b9239b5c3b9d
xv/77995.hot	88	ed59e15045426691eca050da83fbb7eefe9907c1296411182ba0b58a14ac9ec2
xv/77995.xmv	4654537	c8b4091d62981fd2f9c401fab35e0488794b7ed1067153d12f44608cd9065f25
xv/78767.hot	28	68702f462cf59306065751974cfe54cdeef309d05b3d1afb027edb1012ae2c23
xv/78767.xmv	670341	1714b43b205a738ed9ae53a7698c306095d65aef3119f60b0dd45d6654c05a7c
xv/78768.hot	28	4f81f676f4a7a3c75724824a3f5fd4a3554cf4a86784bd3b0dba5a902a18c67c
xv/78768.xmv	745576	534929b6abf084bbbd28d16f1c4f23d58c91ad35998d647a3e56f380cca0d35b
xv/79653.xmv	586478	2211146b8d58726e327be0b38ce0bf9b2b836ad579eb12f64d8905e7dae62fe0
xv/80829.hot	68	b0abf75e35b7e60c1f3acbe2365b4c9af3dd8aedd3952f34898d35eaa1503167
xv/80829.xmv	3158223	6c3f61757507d877e4d89a68b799a2acc8c57200946a5ce28f9f925d8e31aeed
xv/81407.xmv	2968259	071b1ac5bf6364a9bad80e5349600c088ac9486beda9d842f944e87a690b5f23
xv/82220.hot	28	7c4df639edb6076f27eebc43d734b594ad63ead8bcada22ddff941e763d0d217
xv/82220.xmv	2094960	cd08637f99069f1b2bbdde90e8965514a8d48142b3abc11d94fe5ffe126ec91f
xv/82222.xmv	2486607	f7398185082f57caaa6faf55f4a368f3bf4659fb55e2256c4ffd914c291e5dad
xv/82367.hot	48	dfd3c3feb2c47454909e2187cea4804e648a310a00c6e532add51f0da5a9f9fd
xv/82367.xmv	3021490	2d4ba0aa66a25bf4445cf811f5f006e0883ae73eb5e6b7a5315156237569b737
xv/82995.hot	68	f56d8ef724241620b27fd7785700eda59bddbe02d64719d92370cc780d930d61
xv/82995.xmv	1624422	1c59f91e86e999fd0aad957e3662ac0eb95354ca83fed69d6d091fa07e6e38d2
xv/83176.xmv	3258613	c862cd06f9b35b72a3cca53e8b6d01076af14022abb8237f7d353901475f50ea
xv/83290.hot	68	39991f331b58d2228cf5dc9c51c39a29170d780e4123ef4201f9d73fe64a4b91
xv/83290.xmv	5766724	151d77900fe639d92f4f7596dec14e75ab8674a0c307e0d391a628a6c39a0a7e
xv/83845.hot	128	5859054ddbb4d25aef4e0c492b64e7134dabfb9125bd5b21f6f966db9f4253e5
xv/83845.xmv	11827187	96f060c470dff5a21b2cefc86f3311a33c665f5b00c122326d4439ccb4c45541
xv/84459.hot	148	9ed03b445fae9028f5722b966c4ce03d1ab26211563da940843ecce75982d06c
xv/84459.xmv	5123324	596d32b47bd2c7599bca72c0129644761d3e92f697731ec173ff6b821c7e9365
xv/85229.hot	48	347c6aa40dfa616658f8692ee2d2173b8a1d4519ca2a5084d5e3d50a730ac294
xv/85229.xmv	5611794	5ce0ab7845ddc04d2ff45c2021f981881fdaa53e3f42dd7f3915044f23596ad2
xv/87260.xmv	12990340	8d39bc956354b8538b4163fa16b9f4fcc46d7e50b499de24b6eec6cdaf329a39
xv/87296.xmv	188236	8a5d799633df671be21dbf888ffe97e3d250a049ebe9c8229dcdc1550192d9b4
xv/87297.xmv	186997	0a1e69b936fa9239f6f1d5677936a32371be9c9d976e125be7abfecc4113a58a
xv/87298.xmv	210792	3a7152c6527c20baa544672c4f322c4ff3585fea5642adac78fa25649aec201e
xv/87345.xmv	357802	2b303535a9a62da8d45300bebd8fffef4a2a2e185da2034c8228054c8abd2eef
xv/87579.xmv	2468983	ac1db635b9fe4e5acf2421457f68feceff4d98a8cf4dc215042740ebe5cb72cf
xv/87863.xmv	39641	91e37d02cb3ca4b586b2c77763f55ae7faba78ac013129b44420ff557a1489a4
xv/87864.xmv	2423018	5aee2da6d53c689ee27fb4a4389d26f069f72e2bd1acf498b296d787596aca81
xv/88316.xmv	4148891	f9c5c37a5b63c2c65c6c0a30e6c41ddbced8511f0d9bae9e24886908abf0e120
xv/88908.xmv	249160	991d996e631468c2ccd67c3b2f4043aa347370c95549e157f91cc69e6b25937d
xv/88909.xmv	270029	bff9f404c1660d4e57d5ff6cee429b9e67b047cfb84deb3d781df55480321eec
xv/88910.xmv	367873	ba98e197643b9bfa6c3c20141f048c4ce01ae2b4b98f18d1effc0ff3c2c88ee0
xv/88916.xmv	496978	d2abd80d1fef444e8ec573b01f88a19ef802a7b765a41ce241f9cf920ba0f844
xv/88917.xmv	302378	0a4137d03907fcd5292232d3a976a624ee53ca286fc07db5cec2e9bffd719ee6
xv/88919.xmv	317723	6e2d86bc301bc4a936e08222baf8955b5711ca510fdd348efb248578527c0a40
xv/89520.hot	48	cd622d0cdde2222681534c2653c9bb617669a060c091aa001586299df700a136
xv/89520.xmv	1516822	20f3ed37ef5b1383c5964ac75096d0a80bddba032f5bd6c4f5cc59300a2b1fd9
xv/89529.hot	28	0ec8a9a713836311efe42b9defa8783f25499b97a33109b326f880cf1cb5fff2
xv/89529.xmv	989010	9a706c2c158df81ba2a748bc895f888c501db10df35a09a91b6b219628493ff1
xv/90178.hot	628	4f6270b3a625efc3ffcd9f79cc50b02106cc9b79941dcf21f1f5df998f564945
xv/90178.xmv	31238093	37118eea66be9afc087c11c7fdf6548c23460142fa83b2608479e1e2e3866539
xv/90740.hot	128	d3793b3a74d0573df6b2630e683377952ff790a7e5a96ab5d075806cae739b77
xv/90740.xmv	4163778	c73affbc1e0fcc37f6008b0003f54ccad7c7917d8719ffb00258987f2ad0f56d
xv/90830.hot	88	76a84b5d177b05689d939836449b52e146b503cc78cec8a8a3e2e499168c790d
xv/90830.xmv	3858887	cd42ed0d4ed4b95d572884b05f50adb51c7db2b97eb5772109d08b0d3b4a8e0c
xv/90897.xmv	327241	5fa53659fb0cf69f8c3b3f7795fc0f5b64fcd6fd8952d6d31107795bc2297734
xv/91298.xmv	1862396	57205dc5d45abaa2d2e4c37e9a5de1b318414c3e2af1dbfb15a263f672d4c6ba
xv/91379.hot	68	d6e65c213b9b094f88d36ddb53177d214245f7ac5b402b9ef7b919b0e881be3b
xv/91379.xmv	4909873	91bcc408beb72b0631726fc1e0fa2523d24ce482cec844a9bb40941f42f36315
xv/93405.hot	128	288671ccbbca7698311e59c45210eb17180506667dd789473721d50c7895302b
xv/93405.xmv	4547673	ab4924b19f49432c4bb2cf75d576e82927e7debd1f72be9af6449fa0a242dc27
xv/93472.hot	168	9d6448a2811eb1bbcc1092dcd2d9397fb8e6cc076d83f1bc347f5c28a89c6b7a
xv/93472.xmv	5583274	b55d842f5416bda1b8e108038be5496b8da3a488993351bd933b11e64a0c5500
xv/93475.xmv	1659918	8f1e66b41fcd10ea73754dea60b9621f76e5782152762843cf999ad1dd37e464
xv/93573.xmv	821507	d6728c5d8c33429e1cfa29702cbb8908355d1e46e932bbc57fb0b57a8e9d05eb
