dlg.ttr	108776	e7a0aad7a63850c381239ed9ea32e5346847ee39ccbf818f6db80940da7b5e50
hcd.ttr	53472	1965d766053f9b461068e1d008c1bbae532579e7c518a18da9c3c757e0926e70
jrn.ttr	46996	ce1175a2a17ed67012cbf43f3198727a93947df6ad404228f602b6f48c31f8d3
nav1.nmv	6143233	cbeab0681536bc2765f3d5b3ed6757bad4f9ec409201de7f21414cbb6d622d96
nav2.nmv	13081138	7b66daabd3811e041850d450f5e40294716d3ba6f19bc598f876dc7af242b006
nav3.nmv	17939839	80fb0d2def6c4076e3245d6c70c4cfa02fb4917df1ebeebda1267c435211e3c6
nav4.nmv	19376762	9bffc154075d256f9a490bda9f6f942bb8c99a8961074a3a2e8e97da729f8e12
nav5.nmv	21660305	430eb7e5534fd420e0aee5dca810fc9ff4ea3109fa7ae5791a6dfe7bb1d8818f
nav6.nmv	25534643	b81f350a3828cc51285d583f634228f0df8bbfa466f01999fa3b161ff1bf48c9
nav7.nmv	9567585	c1286ecdef195025f5b87682540b594e226bb767473d04d5f1c21697dcf6b1e9
navm.nmv	6671771	88cbd52a9fa657f4d5d2e8e5d7284af2080f7e6b27a37894c605b500a83499d2
phn.ttr	42624	872370a64622a6692103d26854b3d0ae9a8ca5f94053431246c01ccc991d8e2d
x.pff	43672120	cbb816a2271618c58a8eeb3ac2efbf4e5508473ff4230aa78567d98c04159b3d
x7.pff	654084	601aba38dae935ed087ed4563a0958d7f9fcf5f1964bda9fb1702d230187b2d8
xfiles.exe	3376128	d1cfec26c69c03a41d3a0e81783a11b7892bc6846f6326b306f99f2ed534e1d6
xfiles.gam	155544	cb105b2b1c79b890102bdd0fa36434d0a24ad67018df24808c32b3f2d051f9eb
xfiles.hdb	6074064	1839dc35011f55d7d32ff4929c3a365e3176934898677942fd88546981cdd591
xfilesc.dll	22528	3eecfc8b7c52ef267c7e7481b7b568cfa439ebfad592e96119ed70a82093227d
xfilese.dll	28160	4d7a7fb1a40efabb4151823c77233b7bced4d9d8d0ba6a5857f3d1c8b8bbb7dd
xfiless.dll	28160	ff37c5bef17123a5eea6eb907bf217f213e696da08e36feb8e23e08519d71663
xfilest.dll	84480	5d090e17ed196fe29eec6ac074879f6744fd9e95349d9c84fd1e426b2b3e7d9e
xg/01556.xmv	164231	35ec4af47b7c996f0dce6f52bf97fe8786d32248684d2f532d93d04c2c18b055
xg/01557.xmv	155986	36192058870e10a0987ac5bf25b500f34a0f9e0a2753d4316a81aaab6f9e1c91
xg/07093.pff	4940	cc7e9a7a7a2ac82628470bcb7330ab3febf88820d9335be5610484a0e8369316
xg/17477.pff	20746	498e06177fafbf4ee931f206f01980f664f32a2f1c8c5a58f101f41a2b6f3eb1
xg/24465.xmv	84745	17fc1b715daa5af5fbdfdc84c9a0864746acf00f5f6a0e3af403a40a8023c31d
xg/24467.xmv	91645	7df07b5144c74bb212b34683b5afb68afa76371495dcee7769dcaa7f17a0cb39
xg/24469.xmv	94285	c298b9eabfc9bb31fb8c4cfb9ff61f4eea1472fc261989c8f12ac57eaf97998a
xg/24471.xmv	91577	79bde02a6eb850f4c710e4724ad6d4d0cc7fc811acabc5f57a35d35e7bd66d63
xg/24473.xmv	78761	51ee6f271264aa57560305d029e857eb927c18139fac02331916b8e88ec90919
xg/24475.xmv	94425	fedcf5dc4ede65fa466ab18172ab9b49c943b12373629d220c824bbedeca47b7
xg/24477.xmv	118969	1a9dc68333549ebf40fab7b45229044497a3a9de9b558c678362d321e1fb5eae
xg/24479.xmv	90757	8ee58764df4bda485e48acf38aeff1173100582ea512f6b8c5842a73fff562f8
xg/24481.xmv	99357	03e107858cda71fdf5bce09db30df8dd54f24ea39e01ebad6d59c1eb3673e9c6
xg/24483.xmv	101389	b2f6c17e8878d2338d0229b34b9a39ed164f73d55a756065e0cf3f4b31835806
xg/24485.xmv	118697	139ea3fa91af2b4ab51f9518adf6f1484bb99d6ad36d8a82b07b520bd972d6a2
xg/24487.xmv	152805	5d748d918306291b2ad643a4aad1b94ac740ea8bf290964f967e6b2b8e26d48d
xg/24489.xmv	148649	53a98d345716714ac8caa3aa7fe1dbfc9fbfbd934863ee834c5989936d85e347
xg/24491.xmv	74637	1c8a6b3519e1eca667d6fdcb0606cfb12aeaa4513f62e044bd421d37a1e70a0a
xg/24493.xmv	80273	c21e4fd5f7fd4e22c0a553d4e5f826787ac8b6e6935fee111ef707a725c20b0c
xg/24495.xmv	96869	fdd305f4f623de9fb553b440f2878d142cdec25c328bc99362f12bf332af053b
xg/24497.xmv	102017	894c4f1875f84912604133a1efccba4c1780dd42145dbb51eac8d88b54d5def6
xg/24505.xmv	140745	ec3978b5c70915d0c7865a3bc221631b1cd705b02fcab38ea755ae5838ff60ad
xg/24509.xmv	91469	f77d51672868a38cac53925dc262f2853851eca45a0611933623ea92d5fabc5d
xg/24511.xmv	98349	4c8603735d499f56a100b0fb06804e67f424980bd29e7d717d6eae297dd2c211
xg/24513.xmv	52497	50e9fe31be11550b5a0b31a192f7b9f9ea077abbb95c7a014e243ac086ec017d
xg/24515.xmv	114105	d68707735e51c091ac8fb578de2ce714d91a167ab9ef510b3949ef1317fa1e67
xg/24517.xmv	94233	d93d72b2669391d8c1c94fec2bfa7394937a46548b2afab06f8146454ceb9e2e
xg/24521.xmv	142785	2e2bd2a84d35f8c303e2984165a26e6f87d77de1856752be0383dbca109da26d
xg/24523.xmv	75497	8e72dfa10ed705230fc49db359f80d9a633929ef4c33c91313a35b65fb312197
xg/24525.xmv	103777	2f8fbb82716a3bfe5d1c6734a34888914a341bf15fed2707c831749485f01ecc
xg/24529.xmv	84117	aca833f9dee4c6c0928ae009f3f95b066d5b4b1555e16ce19c36313be3250544
xg/24531.xmv	42797	d10c2a454c9fb6b77398583ca42011fef935fee788c1bb0f771ae0e6257cc5ab
xg/24533.xmv	95633	f41059be175bcff571343771de014e8691c9eaefe534426a966d00df393a391c
xg/24535.xmv	112241	58d013076c67cadfcd88f094b9285678119ebda88435402620a7740e8c93ca3a
xg/25538.pff	35158	0c00d8fca2450f7e01073b3962705fb73ef49b429ea3537eb0b68d7369ac22ab
xg/27684.xmv	139477	afcf1ddd0e5a3aea61d1f4538218285ee7385c5150ce82106cb7c2b53104e309
xg/27686.xmv	135569	1f0be6b62d01da297f77608a9f3e21a99c5d866d7db355fde544375724b20b28
xg/27690.xmv	181824	a63af01779119b82cd1dbd311e3bdd195a67c0a689f14978e423d9581db0fe25
xg/27692.xmv	149443	ec95853ead34b1e4f98bdd21f954ed055c638628314234c102a8461082ed0c35
xg/27694.xmv	557115	42a83c4301e762baf9deb28eebc6e51bbfcf170b92e4e72bcf1b441043054d62
xg/27696.xmv	162820	3d7628117735aaea18a47b7170afa6521812818752fa8c49a67ed77f70e7b47f
xg/27698.xmv	132887	cc0bffa1a643fc82f681395d01c1516bb636a05c7800e38788d0b490f73f84c4
xg/27700.xmv	201317	520becc32afff66f5d5e3a3af216c8c55c1064ddb940eac93f06c1188ff8f890
xg/27702.xmv	183413	89126dd3786bbedfee8ba6ad9ac84bf60becd8b16eaca67b820b466f43bd653e
xg/27704.xmv	117978	2feb021d3353122efeede5ef2fe185de1bed0a11e174b103d73adf208d07fd21
xg/27706.xmv	224188	6861688895d91bae1f5a40d0d0b2a8d8a1022850abeca0f5e14b47bf0db8bccd
xg/28647.xmv	131618	bf8eff25b7b650480ea84137755a85cf844fcb95f4c525d28503d151a7b7839a
xg/28649.xmv	154864	ebfeed3e700586b49afe1885725a6c0ea0f03a6dca2c8a164dee0af9fd4a33bb
xg/49071.xmv	3147283	1eaa69614d5515114ddb6f57e98b2ddb6be92100c074ed5d89923d58b9398bf5
xg/49583.xmv	2242210	0d5616334b919ab8fef0f495bed65af055432ce479ca0a41cb3ce93ee3bf307e
xg/49585.xmv	1511131	1e2132707fc4f8d85ed564541184641c9d32ba7a50485cf1722171a348e2b7ca
xg/49587.xmv	1905789	2b38e4de0d2dd1eedce4040742f593cb73aba132f6be21583a9ca99fded5e71a
xg/49589.xmv	312108	48d466251926fbe0c171e68633c5d688c59be50b8c87f436ce6394b484fb1b1a
xg/52248.pff	1680	e01c4e98ebe83dc579bc8159161f7d0960acfe5df1d2d37faee6947449c91196
xg/52250.pff	8172	df6c2b15ddef53117cc506784d61407b458ecb6bd61cf2bd2774f51d6495ffed
xg/52648.pff	11298	b617277cfb6ba760b5e8cf07921bd1ffaf06e3aa924c34c830f37191dffa4773
xg/52651.pff	486	458bc09c3555afc3b474ab6d888b3d684bc35becb7a1a97c4669705f4b3df082
xg/52655.xmv	221874	50a8ec3c5c8c155c7958addb60c306718bae9e27fb5c6c91d8bf46c113073085
xg/54200.xmv	325933	b2332c52f1e70d3c58ee762c2f0d004ed39c6c574b90ad747cce7724e24f5160
xg/55395.xmv	31749	f6a7f94ce3793321767e168c2f67232101c216ef31466624c4ceccc8270bf0ba
xg/56700.pff	34772	fe2b9b51a08b7d886d6bf2fff7254171e3092292b6b596b0ff859174fc1de990
xg/58092.pff	21290	cd14bef70e991ae6da1e8fdcd50475956f6051b3977bd9a6f3e067c94ba5c08d
xg/58907.pff	24924	8e1adbc46afbdc7f4854ba7bffe9295faa054f5d5c5591153471cbcaf572bae2
xg/58908.pff	4576	3ba30e8d1e1226a1fed3ab4d0f10de4f9862e8748ae54bfa4e3cc010df9c7df2
xg/58909.pff	9422	481013f33a93cf86075c1aa73de5c164948c7c09fceda5fc230bd2919c09a9da
xg/58910.pff	28176	31d069acbb6702efd49c6446634d1a294e4f85e92524bdc2d7a2cb7594fefa21
xg/58911.pff	19932	c5d69431efb47552256a4c88c3abd5dbec431f54ac35feb9f36b750d78866a34
xg/58912.pff	13780	a6a0eec6d0e39b56461b1236f0c0b8369299be66323d76d9a87b30747a084559
xg/61046.xmv	905866	320821af4538f88e83df5765549b19cfd45a3f19ecbe79d840b61fc644b65997
xg/63457.xmv	112482	8ad684856a09806e6a12038867eee14e8b5cfc3d40a50b175839463e2ff279f3
xg/69328.pff	570	fd24fc3c848bcaa1f15b2f91bd034e2362e1a1c13da96f834a9cf489a0d6d804
xg/72706.pff	2800	13df74f3a2d05ec89159c8c35394da16a63792da7ebb31bd009aa93e15901c06
xg/72736.pff	2558	41d79bf2d451d46cbe2dffaa052a8c870b846fd091b24fd1266cdf69dded0fea
xg/73725.xmv	58699	f3d56f7d7df730cc7ba80097d455b6e59668c658ec26109548828f0544f5431f
xg/73726.xmv	115381	82d445c9312d3b9395df7602e6184e786c83468f518ea0a2c0fd29eed6161a37
xg/73727.xmv	87167	7c892bf14c795970e026fd40c977ece2241d10da4f22b8a42b8109f42594d31d
xg/73728.xmv	215287	ad6ef9cf48a42d95d2cff86fc32b65c75da675aa0e5dc9a78cd97adb6ae660b1
xg/74096.xmv	124928	fa6db3469251d70d76e67bbf9e7e4e2b6c9309370d664bc7737139d636e0c08c
xg/82524.pff	532	ef729c1dcd7d2f2f5320037a8a0c462d3214dec954526c3e780047949e40f99a
xg/87598.xmv	91840	83e1c570803cb230296b47dac90620f41b63374057d4a896c1dd9b244c1aeb88
xg/93779.xmv	147799	8074f7f9a130e851f13ff6fa9e5ea5131e3da8b7ddb445e038dc82e4f4540399
xg/94122.xmv	108738	f1346b1a19a58a93a57a829b199ec4ff9cda8d82ebcababdea2c129994852062
xg/94215.xmv	150893	0490bc04369d610d46d8693f58b75e04a44c4c68e2d14da9270562a9cd83cb61
xn/02522.xmv	756808	1071b2beeba0821d2538a6596c36562a6392c44ca0db751b39d5a5e2e45ecf9e
xn/02532.xmv	672081	bc6f3914f1978061ed304e392cdbbaa107b02814c25d661792001bd8e086b76d
xn/04237.xmv	493619	5b456afe86b5cfb9f5e6cb6531402148b6598c8fdc5e787d673556787b8d75fb
xn/04793.xmv	418397	e405f8908c1e8624d17c7eab0e5bfd8c86cedbef5506ddeefcc84e23d7a2c4e1
xn/04832.xmv	249545	5471006fc2bd95fcc7b40deb3e8ecf4cecca8c3a3c4a62a0fd02bb0af17be5f1
xn/06328.xmv	1016807	bbf5ae02d5ca5b9b46f8ced3c2d0be9a85ea8d6dc2ac5e6c40f9b6413f543615
xn/07170.xmv	887136	e537d7c7d4baa3d081e8e7cdeeef9a9939283e6040a3cc22e84fcf65e11c0e0a
xn/07364.xmv	339729	8f52bb6041b1b24972af81725d0df47236523a74b130eea6c11194ddb9dce0a9
xn/09620.xmv	307368	2b415924ecf2730c093b8b3915f6d943bbc43ee4c29c320ed62596bc3bc62079
xn/09628.xmv	300895	5d5e15af67c83420594a0549f94271b0fb21ae503e6b0a49fd3690641275ca7e
xn/09651.xmv	228197	8f479b49e5f4eea8923868af31fc8ec3a391437e3a21fc4f15f974fedc60be45
xn/25653.xmv	131692	c0ac3ee62451ce38c5c93ebcdd6c6d2a5c495ea365dd9e286ad31f99d1979c83
xn/25655.xmv	246765	5847685a86e4d769d78a14c25820ce11c3e89e7e938b2466b87050ac184a2853
xn/25659.xmv	667444	feb1910ee9066f6c5f472dcbf29332e1470ca4a1d7a358202646df89a714cf19
xn/25683.xmv	258476	767bffd6fed502f2cef700b7e53da8b427e1a40d7d53f22d273edec695a03799
xn/25709.xmv	703505	800fdaf3ef408dce3d32a1be52727ed72a1716509c200713ad0c6d0d762b0692
xn/25713.xmv	890127	d0b40545c51460c9b6d3ace522899ad2a1884e17482f042c0b46c197d645f0d8
xn/25715.xmv	40162	737099ae73a16baa4e6299f8150b6ddeee52ce932f47fbccffe97d32140f82e9
xn/25745.xmv	381350	39b91de33e58e06f48f9992e4687335f7cad403803020a86d42356b7cb75596e
xn/25755.xmv	789177	cbb93d13cf193710c0b2d3bc6e155fa08f333492c36624e7956719d65f1a70c3
xn/25763.xmv	391990	9c3c95b13ff452bc16d036ef372bf82d34ceb02f95e5d766e83bb66675922943
xn/25787.xmv	1271734	a3748090f639c9fc4dfa021b6bf25d9aacb096af707681062840453c05ff418e
xn/25793.xmv	412603	c8bab32958b3a9f5a506a6dd89d7b9974835a6dfac3b1ef2a7f55ad702f4f336
xn/25795.xmv	186694	e7c6a801a818129287dba8af4768ccdbde0d63e06c9b350255d1d9ec5f1c5a26
xn/25797.xmv	505808	e732738fe113236fd5ff4bac7f3d615d5955f548982db786c1db555677a8c695
xn/25807.xmv	434551	71188db4d026833db1af2ab898546673f5151e3321a5320cbbf1b943d851f22a
xn/25809.xmv	564581	a341ac2063d7721ff43caaa54da47009bcb071e0ba12154771bf471e794a1205
xn/25841.xmv	979453	5d1a3344ebc94b9879fb193a500140fe746c1afe460c54426e12c77affb6fa49
xn/25843.xmv	221281	4fb72af1d1972ab7250fdb04d7124419254dadbea2a011b21c826facce3b720b
xn/25853.xmv	766476	1d7b2047f8f3f1ec5cd166539d8765ea50668a59c2f5877035c68992673244a8
xn/25867.xmv	1194249	850d8b850f784bf4aadf09399d4a54bcc2e9e7ea03894c0b0db95fe4df7dd575
xn/25909.xmv	2015884	6fe55e59793b9ed27f161b54606d1c22931b605f71782f11438750f9645ac349
xn/25911.xmv	315366	1c1ecf1b930ffb0463ab972e9ea657bc7efe9ceb22e72e66b359c6b660f793ab
xn/25917.xmv	756807	5a0fec872e2cb983343efa01cfe1986699b3dd180bfe92894b17f8357e89aa1c
xn/25923.xmv	287203	a9eef5141ca0ec7b505ad2bf6fcc2f7ea232895eb3f2667e20813164539060cc
xn/25927.xmv	192235	33692cd7aaec0bce5dff411f77b25c2eb3a7994392f74c670fa4bec487c5b50c
xn/25929.xmv	134395	c3de6592a1df8b3211d03c0b7525cc14ec3f9dca0ed6af471073528c9b25fe81
xn/25931.xmv	496570	9d97eda8d6aa1781f5e02659b0165c26c99aa7d643a50a2ccb37711e00bac72a
xn/25933.xmv	366487	7959bbdf7ae7f9dca93219ba9f9e1a1e365ea95bde7f287e50daaa7b010a449c
xn/25935.xmv	1951698	e709bb69d343950480c809dfc3db971067ad1ec37c4d0ecf1a8fb805eed3e330
xn/25947.xmv	474968	203283cfd100b3262543abe4843011d332728fed93fe35f55fb9ec322c30c340
xn/25949.xmv	980615	bcac2d59fda39731cf1d12ccd87b47a2001a524159f334e353c3b29c8e0839af
xn/25951.xmv	1922990	aa35464444d7d6310b803532456c9ef780fb10fb42852f9f2d21c57ccb144f98
xn/25961.xmv	429798	02eee216670b629c42e3e9a205b7efdf503091fded072ccd551f03c4900b8308
xn/25963.xmv	142182	59acdf315bbd11b6682713f982a4f54a080d35470bddb5cfa756d9b75134a918
xn/25965.xmv	476371	73fe54e8890935f25b22895aabb85b3e443f1ea884384ee05a9bd4d868b2ecd3
xn/25967.xmv	1543700	a621d294cfe925052b75af22045e1c132a5247de58912cc322620881ff403303
xn/25969.xmv	787388	8b9755f2aaef2ff66e119fa4a582a445ed4b9dea5def5e2b59d2e7cd911ee604
xn/25975.xmv	487814	27d720bfdc25d236c0a64800fdff7848f48a63b8f8b74aa8113ae98f635785fd
xn/25979.xmv	1413851	06cacf5de81074844c23e45492771d4c520624e16d07af1875bb707673b58abf
xn/25983.xmv	180288	33ac847df14242af571c8890bdc7cab587af7f1594317f24d2164fbaeb8dd155
xn/25985.xmv	213037	4419c6257d9585337c8de74e8a0510058e32223dac5f563bae8a5ecbaf1a16e6
xn/25989.xmv	132601	5a6aa856429cc31366ccd1ac522ab621854e942d8dcf90d5824ae9f0a47704c8
xn/25991.xmv	776311	09dc5e4ed3a83738f9aa559574263decedb1e523d6d464d2d0df083cbdc4e946
xn/25997.xmv	838119	1ccc40718c56fd52d721ac491cb22110847ffd2ff8d8742920f0aae037a63a72
xn/26001.xmv	1376307	f7e84e217bd58651f71b97d3473e7116a9b2fb38342515fcd15920795dc9b8cd
xn/26240.xmv	510295	69553fa44047baa5fd33b3a3d84c07ba6d2155f2a268a5517c86964dc8352933
xn/26246.xmv	583327	4c46ab1e043ab4958f59f70df486335e5ce950eead17ded992825036e814a2b0
xn/26252.xmv	699503	e89a39ea64ad0c786967f543664366f88a94a53b44a8b4994cafe1ac64c17509
xn/26256.xmv	388410	4c0b8025a55a7c55a0207ad2ede09393deb1e7601cac31960e34d9f6706df528
xn/26260.xmv	355678	4d23f5926fe898d981c4fb122b9ac4f7c77977a1ff7dab9c6c025f30e5d1e487
xn/26262.xmv	424921	e1f4c4405c97b1f4ac11e7108de868cd3d388e4b80e5d023c40a751b06849f58
xn/27271.xmv	196945	712c81bdbd2b5f708ab9c67e406fda0b6d277d29b4f1ad6c33fca24c2839ee9e
xn/28751.xmv	495473	a9369950b6729ef81f2e2434aa21c163224266c97c7e3e0f32b3b187b1e285d9
xn/28757.xmv	373578	a674a9c7bbffde0fd6fb05ef310f3ea0040af65bbe633ff4efb2b362583e6f54
xn/28765.xmv	520899	135b48715c9075122bbb07acabf59ac286d0706d2ee4092d6b1a1e0f023d6841
xn/28767.xmv	385697	5ab43deafafe2f81e62d4cf8cceb71cec694337ed1e023881387e5d21a0e3635
xn/28771.xmv	524167	d7032f18746b76bee6a814938a39594e9ead74b4ed1d64b843721cea9cb27dc3
xn/28777.xmv	444283	89f77cb143fa91b0ee8e23039e04faa93edc5f9418c3dfb2afdf887852344055
xn/28795.xmv	498561	105c32ed3a7b8630d5a7c51fb17aea5ed6595bb364212234251031dea8c966e1
xn/28799.xmv	633215	7f4504908c09441aec7a95ec292f3a134f7ed0e01484b37cccfe7d6b389ecb48
xn/28801.xmv	582033	439df895f5cf92c79071bf8a570deb47b8e5e9ea48bfaa1df611487d7eee3a0d
xn/28809.xmv	556813	ed43aca8206142ee5d1a221cef35e9ff425c37b7edaa453ac48db0dff5c8ec95
xn/28815.xmv	294292	60f0b558adeeb8221ed32aff4f6546d36f72512d4d05147209011684645ebabc
xn/28817.xmv	453691	b896ed3bef821c2ea9a344cc875187c47f4f34202e3eea53484f1d3b4491a066
xn/28823.xmv	426301	5fbdae26d48ce0a1ff125769852c34b379756a26cbedc0378309469367fdc690
xn/28827.xmv	657426	660635f0ba708dfad3b8fbad09e4ff61e86da167e982d58d86b7cc61c93efa1d
xn/28833.xmv	416559	947efab3e0215b70053a280a2c19bc8ba6387ae3dcf284f845fd50c9885bcfe3
xn/28835.xmv	374027	ef8ccddab2a8595b4fbc43e8b487ca910a946b7ab9d9c2718702a04c80139f12
xn/28843.xmv	588956	5fb764ca057a60ef5ffdbd6578b2b7feb03dec6ab1f45ffde9eb03c616a1f1b2
xn/28845.xmv	375655	7fde45cd868a0df83971a94e63725a06240f191ced6b7b6d7c8f3cfd21378b4c
xn/28847.xmv	396802	6d601fc76897fe53a0b581374c0c7c64be97010695eea7c790f8fc33f180c70e
xn/28849.xmv	200390	387546dac970d2fd52ef9cd5673e28353d016512889b157892dd2dcbedb7bfbf
xn/28851.xmv	395038	2f5213bf27d0396e1a5a9e4d44d6ca3cd0feef10d64b8361a189fd3f021e2f70
xn/28853.xmv	1232099	f5da7b5a943b9fcc1abe074ae743ad84d26b17c1ee2fb1ab6fb06c270a758cc2
xn/28875.xmv	931529	2fe316227709e4666848bd7bc802e1edc51f8cc21d3e3bdd1abdfeb143a3387d
xn/28885.xmv	476030	27083895afa89baa49c617fa02e66d9454ba783eb6de0c0a9030e93b76a74a24
xn/28921.xmv	344246	0ef38f7a853a7cba7d7ecc4634a5a6ebcf3cd304f57518c2f602fcc2bac735ee
xn/28983.xmv	778116	f7ee99aac71af6f7ad9c9895b36acbbca074228e8b0e63082099c36fec8f5f9a
xn/28991.xmv	583534	8c49e68131b7a6f7285244a1893f4d3930333d7b0e81145660606b363a8e6ab9
xn/29010.xmv	879944	04bfeff5c885b758e0d42391a4479ab3d37ade19fed9f8526892a3fd16a6dbd4
xn/29018.xmv	647720	3fea2a23d961344c3e9d6de8a873703b8d3ee358923ba9197c1cd8f242191775
xn/29026.xmv	228308	ebb0c271cb598dd34000860bea74a0aab15f224df41bbad0c4763d95935761a8
xn/29036.xmv	813743	a244fd382dd3d83f78fc9f27e64a99105c6ec76389f6214137913ac48157af40
xn/29044.xmv	795307	ea1f61a0075a89c88fb25693addfd62e15b2690626c7f580f126392892e82023
xn/29052.xmv	450162	ef197e7c9571170daf863f1aa090090df8105346dddef4358e6fa62a00bd418d
xn/29060.xmv	488704	a3188e7d3b55d916b5b246802bd1d574bd8c0957bd27902833815d172cb0d403
xn/29066.xmv	379789	8fd712981fba0c9495bece19b75464cb979b3db01f77edae84deb3ba4a86f999
xn/29076.xmv	774217	9fb7c5f6b04db9ba054a5b6a2a02b3876f8bb970e7b8f830bead7790bf050560
xn/29090.xmv	380620	0cae3abc1e944b8360f72a4fce5f2ce25f92c9abaa90ffad5d05b46abcdd3f33
xn/29096.xmv	626347	4d8d5aa484a4e1706a0ff2444a58c037c12865da32156b8c748217f030024218
xn/29108.xmv	393730	b25fae00be9364996266fac1f256f6aeb7cbf0c3fd42b7278cbb505f6d95d33e
xn/29194.xmv	585619	3d130cb7d367d3785676c4b39c2f1b310f969a7b6f981d99ecbd2629bc81e1d1
xn/29198.xmv	910571	2bcfbf197204d6b9428797a9371a2934f05f5486db84068be954a62420b9daf6
xn/29200.xmv	641190	19447acea988d2025660982509118253e7fee493df7ae51ed533c7b83c83dce7
xn/29252.xmv	590205	ae77dd75606ae03f1baa20b44d036335990b4cba0d23d27a846f7bcf801bceec
xn/29260.xmv	509821	dd4d8a0433ed395f6109fc614ecf378fae7152b7fa68ceda4d4f114be54ec2d7
xn/29739.xmv	33503	362901e354378e6383a963c92651c0364a3b8d20492209a6b1528efe7a906103
xn/32168.xmv	297887	f57308ac4e68a7717352cd2b2737064bb08ca08ff65f8b170cac3133c8836383
xn/32365.xmv	428896	9192d15bab578183bbb8d4955b7356dd5d532466869a1b926a3bec2cd358d568
xn/32373.xmv	226791	bb3402109724d55c00f1c9b626701b309c742d6d43f4401edf0a23f8b26c2c00
xn/32375.xmv	183990	2d03752f9bfbb83664b290482d72c86d0a99efbb3c6d0c4abf5a57d886b3b366
xn/32377.xmv	296434	62a309ebb646b97858e84c65f2215a4b8467585e0ed10d91fb291f4f1f197f27
xn/32381.xmv	510202	68bf9169c2490cf3dee0d27ed2d41227585715a68544ef8e7c4751ac35389fa5
xn/32385.xmv	405881	de6b3e7af2fafd70ac02f7ef62ff7b6b775a415c2134fd7346ba2cd6f2c310d7
xn/32387.xmv	206556	60571518c388cbb78e7118246c47abd9de339effe555f122348de2bc5a477d5c
xn/32389.xmv	1763776	d8fcde930b44dee957b82dc7da11bb3e72d92275aafdc43ae875329e1c48c5bb
xn/32391.xmv	1010577	f6695c61845cc59ecaf3580fc12c5795892ba759e40f77e153a9f37635276327
xn/32399.xmv	609800	aa90efa9efbd0183efc5a8a0e0c906fce862d7c1093357d896fb0277aa7d8bc7
xn/32411.xmv	677257	5bffa02aa85152d5de17b28f0998843a55a5f6fdf0016103c83e8a5c714dda44
xn/32417.xmv	261529	29ce52c760377e932bff5b064d09fc76c22050ab05c7823dd7dec2f537bfcc8e
xn/32419.xmv	394844	c2bdb0ad5dea712ff87cfd0d230eddb9f221fa04149938762bd290e3286eb3ff
xn/32423.xmv	39675	a1931952c6d80047d1cc46fa6554af773d44d87d210cec8975b80410af7eb02d
xn/32425.xmv	411587	797be78d73033948853f9f79c51b4500e4715741bc325d04f5efd26bf3631320
xn/32427.xmv	607539	9f83ed4a5b4c20fafb80f443ae3768c5276d5e08522c95084cfa2c793c488484
xn/32429.xmv	519635	bf1029697a1ce089743e37806abe6f4b40157826d7b388b6ad4baa5846a44115
xn/32431.xmv	216943	b406e034619a214758f479d600b4f698b2d24f57a7e0a18b8a14c25c50f8b7cf
xn/32433.xmv	366491	2c5ecdce0cce7c5e14634879af275e2da7e02875a9c59f74cccc09618d1683de
xn/32435.xmv	370114	295d0dc10835eae7b0cc51247047da9480c4216749e1cecf68bacf17ef31b2bf
xn/32437.xmv	840728	8c5994605936cfa7175db6dce827f45f37c4861e68901ffa8c19fd17cdb495a8
xn/32441.xmv	303703	15c3eed511ee64b41ed9abcf00cbcf13d3b831c52abe2d4824df12e29e5276ff
xn/32443.xmv	553910	dc0c3b2fe187376f84f4904d462d463565eb31fd62cd8bc4b671faa9f874fdc3
xn/32445.xmv	388084	ab7cce4d7805fc6889e2cf852e09e3250d800a30ecb78df0b2261f83c3b0e938
xn/32447.xmv	1703855	21a52990e67ea100601d51e4f52172761784896f269f1f657debf60c1a1c0e55
xn/32451.xmv	387116	2facfd4c1f6ab0657bc8ed1f1d529a93178e55e8f9e3a9c0fae15c8f9a6ddaf7
xn/32455.xmv	1023223	608542991cc907d00a3bafcc05a2d3ad49f58f817a7d4c282a327bf598211e4e
xn/32457.xmv	214513	c006b458d81143995ba90e31f22ac355048eec06bc5005911805f3febee47786
xn/32459.xmv	297827	b2fb2179183670b85b08e8d407b4d343bc7f1a1534bc4bfd85a35fa9287816f1
xn/32461.xmv	785279	56df753d196361e469ddc202baa9dd445b1d604b7dd81093fee3e971cd6ab02e
xn/32463.xmv	565339	de26865e6e10f298d68f4335b3e3c24ac920582c1af0b57f3f00780a8e17a4b5
xn/32465.xmv	989923	f28b98f56752022a5e4289b3905abe5afc22f1868756410ac686c06387cc0552
xn/32467.xmv	401718	7ad1216b1291a314662d33a26f08f10aff1a7f0028dbd30b16d5d1a5090398e2
xn/32469.xmv	380453	5c106d8e023dd646b756c15852cb07bbf6d9056f86dc77e7961e867b5d8f380d
xn/32471.xmv	424212	d87978da1b70d2ca76a2c7529d49af4bed4b1de9abd9d4be48b53c5a34e9040e
xn/32473.xmv	209913	dfc49ab8e14f5d0237b3420aa5cea298c2c77a89b5f0623e703a660d8f45aa1c
xn/32477.xmv	821604	1ee97ce4423853604900779f687cd3488b73e56ed6f07cd5bb6e94d4ccd9942f
xn/32479.xmv	738725	12f3c2368001ebd5ce52eff10bee7b83e7eb71ec610077b48c619df08e02c0b4
xn/32483.xmv	438024	02657e2c3780488252d0657e8a43da6888a97b58e9733932ed1cbf2cc3afe524
xn/32485.xmv	425211	e95592f2b1099426370b7eb1acf4e84c733dd65c5e031b0fc4feb1fee90caaa6
xn/32487.xmv	881932	a80937fec90819ee6eff21b9fd331e32af404660ee6ad22f811badf62213247f
xn/32489.xmv	409162	83bc2a8dc1b8ccfb55b2750f6bd295064a8a4ad53b19adb4a6695c6544e7f139
xn/32491.xmv	326625	79899351887b17a274636cf60c6e2cdff469aeceec79f34b75eeeacff392d76a
xn/32493.xmv	364448	a9dbe259245c1297377940196e4c5a9e526af3f6f860dd971a75bce5c82dcb8d
xn/32495.xmv	1681032	e60880c3edc58186c3fa7322300aaafb799a26d703d0788119a66d6a58778ebb
xn/32499.xmv	189609	b214940568c59125a0c00b0f83a9ccc9233cbcb1db12421be99a2741dba6aecb
xn/32501.xmv	406494	4127d4a10844845a07ac634aa2c619baa8ce109a9372fa06b97bf8dc81da0e52
xn/32503.xmv	750852	03c5705a35d06b71ed62ff706c37cb906e8e8d72a1f3d44a8cc5ac9502538859
xn/32505.xmv	701655	eb9d27562298b424461e91bb1a3a91891852c27da532e059f95bcd0605b928cc
xn/32507.xmv	724626	ad2d622f3314fa23fcc9f43c47dc4768cf4d213b6cacfa924d9553c248cc919a
xn/32509.xmv	1262191	6103fd9eaa4142370caabeed6a8cda3063088078f4c3fe7a8f51a2b19a54c7df
xn/32511.xmv	662669	0eb80e79f81b2b34b8345095a80e7414c1b452df0aaa6a1e7182cb7f6e7e5ef6
xn/32515.xmv	279518	dd91019788c5236be8c55fac304acd3d945a5ed7dd272ed6df50c247942d1d61
xn/32517.xmv	528362	e49c7426a1f6eee433daec8a4e3307b810b9f141b1eb54c8ebaedf278d4b037a
xn/32519.xmv	262081	4fc141b2af9a84244ab5892434fbe8ab69829c437e7e9036c00bb43c6c0fffb3
xn/32521.xmv	671277	99c82b50ff27e79f3d4508c02eee23892eb0303fa4ec27c6176f71fddbe0ba99
xn/32523.xmv	604206	54c94a5d29b2af7ebfafec0fa097bcf207cf0566aedb2fc3f224f5f17f9b6862
xn/32525.xmv	327044	d9b31ff601f73da7686a357487ba3c34f4cad5c0f08a60419ae643657ffb04a7
xn/32529.xmv	1018815	7a0f247d9dfb82a3fde4dd54e74e2256094333a1ddfcacc222afdad7210ccfaa
xn/33426.xmv	437421	4f6f3921ce69476568c009527f346b3bc94d139aa28d2a97d3b6058ecf33e0d7
xn/33432.xmv	392299	d5ecf7005a60afee89e81d0a4284fb4b8c09592e90932bf12c8cfac584a31a13
xn/33436.xmv	392007	670f7e3264b4200424906e6017ae7ebfe9a6e7df9552b750c20fc82172036cb6
xn/33438.xmv	223732	4677b35872322f3a9b3e9447d30c3abb10314a875b7f828d4080bafa7adc909f
xn/33440.xmv	387502	f2b3b00ac7a97374d467b586f55aa959040c1833abfcc1f446c326dd56c55d26
xn/33442.xmv	436609	88c50c8dbaff4885b07e4bdb848990f42dee34892ea237d06398d903408d5579
xn/33444.xmv	404931	7d3558fd03ad8454bea8625de4627bd26834b646fb9ea58a57b46b81ac1cd1b7
xn/33450.xmv	372263	161eb5139f591715c681b7d1f83f8339c09c0220734ae54e85afa2939888a47e
xn/33452.xmv	33339	6161058a91405eaaac02e9cfc71e24d9b0a9dda40434a520f9f65f3953b7cac8
xn/33454.xmv	257787	bd6d2444259b52f4f67b183359c978a107b9dcfe20fd995f787b5fe7f18679c5
xn/33456.xmv	405818	0bb98966021e2e73dbba3ed09a3374f036b64c98d376d41d9b70b1e1b20c431a
xn/33458.xmv	376908	ea18f6873326a157caab9e8b1b978062314d5efffa8ac358710d653d0e89d784
xn/33460.xmv	242313	9f91c91a8330e5518e28ed3cca3c6de051708a08b69f33ff08c7fb531a83bd12
xn/33464.xmv	312433	a92168d7d54aad5287973ee84fdb5aa7f9190bd7d0970788a3b55958794b1b1e
xn/33466.xmv	200471	279d8964342c1af40b8093e7105180f31a47102c5c2525b1a14428bde3d65c6e
xn/33468.xmv	204077	2e5fcd3e36b2ac01fdd28b04da0fc97573fab621d548fa858cfadd4e3e5391a0
xn/33470.xmv	349060	c0b1df311d621a2910c6dc49e725ccf40e644bff81fd3a13b883af31a12a66e1
xn/33472.xmv	284605	6c63f500c58e010e41dadc53f8027bfdd02dd59a5ca863be364ec07fe50fddbb
xn/33476.xmv	768619	22a194900b99e8c440e4dfa9fbdd3ba44873fe957d30f0e83f99b6ed1d23fd67
xn/33478.xmv	358370	dcc80800af2e006d2bd8eebee7fffe9681ff270951a474b9014b9fb65b0a5d6e
xn/33480.xmv	536552	fef6727e53a48aede4bf46f7fd7a41efd40af0f67c5c36d3a7200a432d83aa49
xn/33490.xmv	933151	4671435ef279f2f9214b1d278fc1a4f27656f75d89cb37da9d4a9faa9a2507a5
xn/33492.xmv	554394	40e1299d64ee3134968438059ad815674f16933f6421e0e061d988d89f206a04
xn/33500.xmv	420035	08d9c06f847325e6ad978ceee2ddb2c0fe3f0d65f5b3992099ba6b4cdfcb327c
xn/33502.xmv	425228	6c64408adbb3107be57c5b25446c562b538813f5b2c2e2b2d4961ee36d888963
xn/33504.xmv	427131	8d9deedd7917b77c1d58fbffc272cced0cf078f0228c0e9c27dff18cca6c8a3b
xn/33506.xmv	444958	5edd9ee761ba2119c57a6a2d67944d42a6c2fb737bb079df4de47f8f68a561c0
xn/33512.xmv	198724	a70ba53f44f86d4e380d9c5d03c507f2116ae78546ba6521080ab17b3358856e
xn/33514.xmv	417992	8747c1c6a3c0f57f51b9d3e6d17c486c315c621785b626e56d602af6374ec423
xn/33520.xmv	750816	84894cdcf82c0d10d1d44f42455cd6485448a15c6397e0a2a4e95026add598ee
xn/33522.xmv	490817	03bd267502b8528648b8aabe94d505e78e1f43584343e2b995f10adb5415048a
xn/33968.xmv	205400	ef93c7a438d4f778eaaacccb7fb2cb6e155eb7746eedd8b43a8d01de9533e6e9
xn/33970.xmv	313556	0574c99f63d893cf7c21de7ae21555d7123fa425cc5ecbb24961e839596804cb
xn/33972.xmv	236060	a7780835643a10f24990d6d568bd530ad0c8b3763e41744e1d56bfb8e2435767
xn/33974.xmv	540124	3f0ee11ada97d1a79b0c7f29acf4763933e9fd89e194541b6591e1c9c8aff375
xn/33978.xmv	1163776	cb7ef61ef22b07e538c18702fa38242469f5c952ac41b89b177458a0fcec6ff3
xn/38796.xmv	839261	912e64b8074743f82fe0dd5f949addc843d72c840147727a906b43de20598c81
xn/38798.xmv	1223785	85fd6ed15ce7ab13c3d292a4aacc5a83839849f3546f29f77e42c1e4fdbfdd56
xn/38800.xmv	1628279	6e28cca4c8ec9c3f33f812872ec79b037042f5d06434666c07a31683e5e8a73f
xn/38802.xmv	1164064	f14dd3a0caeae60431e728945420e23ed3d9b19159f6b361794e7cc9958a2f30
xn/38804.xmv	2230386	49573aaaa83d67ce5c1a2b9e63527598ab2ee82258350cd438dd5f0512d749b9
xn/38806.xmv	618579	9521ba4cda09ff26383519168583c8cb4ff8433aecf00d3eb052b9cf299143db
xn/38808.xmv	1505517	5a92a55d54d9d0d8a4ebfb523af8db31d0fb931b13d43f10bfb9ec2ad393f4d7
xn/38810.xmv	1221058	89fe87d3c06228c7ca9793774e26669eb06e939af8338e4741f1f3013f573445
xn/38812.xmv	317071	d99ca848bf06770cdc6aadc509eae08091f9fef0d8c2aa8225799a2678108db4
xn/38814.xmv	305026	ce309bf5a731b1dd4bbfda6aaa6d4e247a414b16b96825762644565c634c1937
xn/38816.xmv	298560	24aea0d5128b45c61cee11feff0a762a5f181a86d22cc5b6d6a8b8cb8caef9fe
xn/38818.xmv	899601	a760e47e0427a0ec4afa3e2a39b0789b01c6549b604efa3192f1a9b2b90661b5
xn/38820.xmv	729119	5e11c5602d0f332acb073a6523bdaaa18292d2fd729514f25a76b1a8d4033337
xn/38824.xmv	771696	340690ddec4fae0f2ea1fefe8870a413d3982b039901bda0ff62e5eefa218517
xn/38826.xmv	825006	4af01b470b3512a7c8d24a9845cbf1584f5b0061ff5cf8639dc270c1c1e710ce
xn/38830.xmv	172469	6846d307ed2a5057cf8e7d7f9ec5d31b01b8d5879713724ad8491ba81fe99f31
xn/38836.xmv	2166062	b08d49dfec8a27bd997cc8b79eacd12dba7e2b2142b47ab75f69703459ab40bf
xn/38838.xmv	1685050	5908679defaf40a301dc86e3bbb1ec152c3696086d3dd92c3b61d721ac28bc66
xn/38840.xmv	2319909	bfb7f42783753024f5776f17a0c9f7fa82a889c4767f42d8ef6efb4fa8eff38a
xn/38842.xmv	710104	455e77c5b3872eacde5b7a4781b08316b8cb60cb93162b440825da63e8eab46f
xn/38844.xmv	655414	e41fa1c3fb0bedf22a46771cb88edc9ef57193170bd5834481dde1bffcb13cff
xn/39044.xmv	1760676	59de7ee4691ae580e580ace65ad7efec1a11c751c3bc092a75754f1f3c2fb13c
xn/41323.xmv	511612	17fd0dfa008c30711d9d5e38ee1c9ac3b54baed85ff6dd147eb2db27f9504dd3
xn/41325.xmv	213677	b8ba11af796e1c4759a85851195e21c425f856a731b137ac49dd7067234cfc9a
xn/41331.xmv	397034	6623d40d21a14989edab4753e4b52a053343d540ab9e34ae0d9235772164e61d
xn/41354.xmv	1598769	68cbc8ee3c010ba2f1fa7bb1d9ce315a6a6421dbd2648e509c0486cd9629ee51
xn/41620.xmv	1560522	0c6db3ff7c5f596ab526ef52dc5a0427806b28330002808335737bf56350feb6
xn/42378.xmv	1195812	3d5575582486e1fc70cfbb061464d6bcb63bd02b492d395a4d78db9a29a5f001
xn/43855.xmv	301739	347148a24f52761115aa811553b2f3a38d01d0b6fd757d21f781111baad8a333
xn/44874.xmv	406972	3ca764261645c53d2c15425b1071d917dddc10381a4ed1b9b3ffc2e3bb286f01
xn/44878.xmv	942488	50d1e75e61f8e5f7f02328362fa204b688963c37c55166880af4c05e658626be
xn/44954.xmv	756281	244091909c959df1afba86f9f382de60b148d3f84918c2b870312edb594e870d
xn/44962.xmv	351821	b060be922e903abd441959f997cd6dfe96c1e42d17d08bf910c43b2df75af44f
xn/44964.xmv	474749	c0762bcda18dcc62c79853a0c585358d4b24bb2d162a97b02e0556ebd669c676
xn/44968.xmv	241577	7944e314fe340e0a6fec7c3ffd1cb00495eff66da665b06064f7de5dd11c04e8
xn/45072.xmv	449379	97fbc66e899c2c65825d5f72c4ca53fb8a8c98eda250d48c7fbb146cbd0ab51b
xn/47251.xmv	1505633	ccc2764d0539b6c8d98823d4b17f0593ea8e559cf88b45eec8e33052c393a840
xn/47255.xmv	109364	fffa5d15f8b942ed940db5f81545e975b1c4a3cb4bea35a970cf228d2f121a37
xn/49069.xmv	913538	79e138959850aca400418195f0193371f51491bcce3922e3393cc17b5102e041
xn/49630.xmv	420103	51c2b8cc234a27497d516dae02c79b99c398f0c31b8add566b3874c86e76611c
xn/49632.xmv	813588	d9ba702bf900e6b205e39b781668a7d94e6d12aa9813db102223cde93970cf13
xn/49634.xmv	253512	fc8ebbafc006837c647f67ae8f21ddcc000129cf126f04d4de5472315b690134
xn/49640.xmv	414225	3002a6b7990f25c289be71afee9c301ded8b8ebf8db53ee4d82041616c1435dc
xn/49642.xmv	313016	89a9c329b5acbde85f9f241c2e5a7acdeff346c29df1ad9cdfd7d6c5749c8719
xn/49644.xmv	606205	2c72fb9bd3a3052da7de4e42aa3891f7ccc6d8abcc28e6e30d3b09835311e34f
xn/49646.xmv	288035	e3758ce4e44c7f768dd37b21b09a270f99e0528f163c86f0929ca85550de6522
xn/49648.xmv	579018	036b490186588af042b8530f5f920f53e31262d262d62da6cbbc0e327d4339bd
xn/49650.xmv	388327	3cf031e4ae919ddd8335f7c081d7ef355d2f2bf0ff3585983b41c45fc25fd3da
xn/49652.xmv	604780	7f97eb38fb89f8b36a8946eee238fbedd381874ffbb6a5758f62fd38a8c0cf55
xn/49654.xmv	454585	6ced6eaac2c9fa1d77bdf6f1c2d831b8af511402ea6f4de0297f911528ce5f98
xn/49656.xmv	195144	6f5fdbe5ecbb92e2f7a04b234d0f543cd2f77e8f111fc7283da5d26f84143222
xn/49660.xmv	188776	15c7f419a39ea14e9fedf87d2c126907587bd62b3d81aef2a00dd64b4c1f7b8e
xn/49662.xmv	330652	1edf0db8713f082cac7eda7a5b013eefb885b7b240c4597192119a7bc0a6bce8
xn/49664.xmv	343964	d91ddaffbcd59cf0275cee88b3cc6e3f71c40c41da243006ede29193d0d9ac2b
xn/49666.xmv	49949	5cc41cebe211bf0d93add7610ea68eb5cf7e56c64f42a322ebc08d1404527268
xn/49668.xmv	470761	b2070cb874e9cc1a36b1666350a4a1c02ba07db91cfdbdf6b0ef0f5e7764bde4
xn/49670.xmv	770635	8a4587735f39940701fdb2047ce405ee322bfdff13554023fe5e93953f308ff8
xn/49672.xmv	239884	f888acf6407a1e763817a20dd6d3486da67b134d50825d7925d12304e315e8ed
xn/49674.xmv	561905	7b11f1bd81c0d670e579e25d0678297110f4502c3e0759c840eecc1af71161a8
xn/49676.xmv	467244	17e782b428f9cca382817bad2961bec00447b49441cf406a4f849a7a88d5fc08
xn/49678.xmv	501096	844d9e3f0e25bc0390d04ef13638e0c0bc0bc1491a798da2ef5d6a2892922eb6
xn/49680.xmv	261875	e155a600471e86c269f3b05eb1dc1d22dd2bf42baeefe3ac4351b129e65aa276
xn/49688.xmv	76878	69af75525d80e6c09bad65be3e3858a10f9f7338403b3d5c6b7118acba469a7b
xn/49692.xmv	209596	17ef66ee9a55cdc5ffa498e5d2f32a20fda461b4b781e0cb714c22b646043fcc
xn/49694.xmv	230899	cba1a2f13c4b6475144ef8ed54383b1b2380e89c6d3818b11b624cc20113e811
xn/49698.xmv	754506	bb073f56b89461c799b709352cfbdd2873fe63ef3be2c1dbd06202929a0e01b6
xn/49700.xmv	220392	ba25ed17a74863b25d5cb884a99681354f73f40742813fef1da5ecd73588abf9
xn/49702.xmv	410015	ece4e72e2a7cfd32a060ce373a63311de4cee52725c3372b4eacfbaf3a3e38fa
xn/49704.xmv	691533	1510d283effc578d648c9301f643043eb657a199101e477a393f64cdf488527f
xn/49706.xmv	227318	4e8eb1f17899bc9eefb9d4bef357b909eb361276eb544f5b18ef8ee078d6243d
xn/49708.xmv	509243	0215a97ac40ba31f3e44d0a17d0a681df6cb3e12ce2f95ab34e7768a0df74583
xn/49710.xmv	437082	07473011badd59e118b8535aca4126578463df3b657bf63fea5c2275b34e0e63
xn/49712.xmv	335460	8e507a6f01ff5a7cb54d78bd6cdb75da4275efb00fcd970eb5063c260b9e4d3d
xn/49714.xmv	661706	ea3fd95902d36999c9354cf19e1bdd572e28a55ce34f6f147aa3c148b5bf274e
xn/49716.xmv	345763	fab60e9235c9e62a73d0913c406f784264e4f6b27962288697aac7328ab37cd0
xn/49718.xmv	317640	c886bd329d30582ee87cf99568cbae3846776d0af3d5446e9bfa1301879f6b56
xn/49728.xmv	169604	e88c391adf3a3b6cd2a06ec8eb187190372aba533e90a8d79c82dcab0dc60086
xn/49734.xmv	261832	275336c91cec513476d6450d066fcc7f79c5587fe93e65a5970ec243cd92047e
xn/56053.xmv	2134307	61c15e87b30b5cd8c12347197b54a648f289d28bfc69ee10fde06e386adfa94a
xn/56182.xmv	1727534	c8ddffd0561cf9a9c2ea99b117364863c2517e6e905787d516bebaf5bd0783c3
xn/56742.xmv	317809	7e99e2938cb85ff64e86d04853712dc4c85b69d2d8c1db9e4189ba6096ff1a60
xn/58239.xmv	850274	e69b7b451fbb3746eb7464e3a9b86d1eefe8cb4c1f3bc7f5d8d56d1f7243dc1a
xn/62750.xmv	374958	9718d54b63f20b5181f3222048d49fbf19be010b620ec5ef5bd5a9b75efc3660
xn/64958.xmv	287569	88b03fdd936948255513f22cfe6f4e0ae9231efcb6ee3c365ad9d089ffc27de2
xn/70513.xmv	412266	c70cbb608cb45bdf8fb6da8ebc8d6077028768891bfd4912e67a6d9625ec5a77
xn/71100.xmv	2585495	9b5753052879462aef02affad1e1610e0670fdf2b442e1461d8b7d9d0759cc33
xn/71225.xmv	414632	1a0c200135dfc7db5f6a8890285274d3dcb33b0fea1e26cab51aadd667fe359f
xn/71853.xmv	839623	4e5af210063ee89d9b5ac6409b86f14d841b5c7f2023e7e5d5d68e164b663e5b
xn/72288.xmv	5174431	f309bcaaaab84c590c2bfe11faf90146fef4533841247d2d139b484ddac8d7f7
xn/77806.xmv	1380991	2a3be15a843df6af5991e3366be3b37b9e210ff779237fdd725002125b003305
xn/78779.xmv	1341055	f55759b7937f9300ea05265c46600396887773bb3a908a24b324831ddaefa47a
xn/78894.xmv	300747	532dd074ea6930730711be65986a282fff588a82d5bf390453ee61afe6a671b7
xn/80614.xmv	46279	a1de53a21c3a8d6309892ca0f7d1ee19da18d6d6c17edb3c8bc8f71e17063a98
xn/81332.xmv	621827	2ca9dd695f07401f3b9a9f8b37d35d64438ecd6e4b56ab111b5eef810399f3e7
xn/81336.xmv	224279	d68f6e9d8fab1d6cb6ad866c35d706dcbe4a74cbde90244342770b226dbed45b
xn/81339.xmv	304789	180906bf1ba2602632fd1e48be3a2abfc888f4453a7ed1dc361cd16ac510c8d0
xn/81343.xmv	622789	6b2e0000a2f0f0d69b96dbdce84b677768df65fa9c1acb54daf9158e9ea8315d
xn/81348.xmv	584895	d2699d3573b4bc34e7eb3213558b3cbb4536979d9300840ef8c969c47fbaead1
xn/83438.xmv	690788	a063b9a7689ee3b4fd97b2e1d5d9f647844ff68eb277ca706c2970d65c730e9e
xn/87415.xmv	445721	a2272a5878deefb7488b67506ad35e0d49a807b40a673ed7388e0383f4f8406d
xn/87416.xmv	474540	668447463336b1577a14aeec40a09dfc59b3baf9c900f6a1c30982ca9230ded1
xn/87419.xmv	492484	8b179de014da3da8fde4b2609db8c1fc461ca8fac5de7949f7807648cd08fff7
xn/88831.xmv	305581	dea2efed28b3498f9be186588d544e741cad0342d2ebd3bc8ac45dd3de478c98
xn/90533.xmv	4156598	e9b6460876949868456ff6668007d29be97dd1c12dd5ed797433ec04a484196a
xn/91831.xmv	635097	75ae8133529d82a2265851350ae684ab743f8a241f2323ba998a9828dce58839
xs/20962.dmv	294319	f93853f5b5126efc1f7122d5f7319a8ede1a93ee5b3e588f9584b4ce76dc94ad
xs/26274.amv	108005	45125d4451b22c29f4e8d7a2c3170f23c52689bbfbf17ee8eb3cadcd317a649b
xs/26282.amv	113891	8b404f27186891e9fe4391aaaee716fba8e24dd3a4b717d9d2ebe415dad7fc47
xs/26284.amv	126139	eda5faff03d055bd70db4f3e333e776bc8f9431f6156b413ab7885f868e01be0
xs/26292.amv	52282	0314bd363e30f1c1b8ef218ae0aaeef6e3ba6b961ee3c3e91a92d0f92d375a38
xs/26296.amv	307459	c4010a4558e005ecdc715041794bdc146bcc4e107e711847a6fc0f969605baa1
xs/28464.amv	56415	052e6f475a19cc05cd115f4e8eacd8f7c1e6de39899c3a46148704bb69c598d8
xs/28468.amv	45379	40433bf47b0f724e16877c78e6caabe4887e4582ae2576297939d629d39bde03
xs/28470.amv	29103	d665124e9c26e95a8ade5972b9d7bd3bb8e5d2db022d1a8197fbfe189e421cc4
xs/28472.amv	103003	e82e1af859da358bb1c9deb1d7253af2584a15d395ab751a4c81ff9dd70e3ad1
xs/28476.amv	262250	4367a10612c948474dad4222123444cc2ecdc3ed144f8350e2484b810e2b8842
xs/28480.amv	138951	d87dd3d94ccc3cd10d045f3b6b87603fcdb73a236a400a5c07d45da6bae5d050
xs/28506.amv	27803	d99c62e6b144b9f1f3d6e594c3df26fb5294b646b46dacbd44aa11d04a1fd9be
xs/28508.amv	58737	84050810b9281ccf9307ef1d389cc9077ad2139761e28cfc3dc674c5685a89bd
xs/28510.amv	460395	546d7872e0126eef7ddeea9e2b674e7ecfc9cbb4d1872cbbb3586dd5e86be245
xs/28512.amv	474063	213f73d0f53205ec1e805ecd8ed7bd8474bfb4ec54c4105723d9ed56a9e03250
xs/28514.amv	591651	8a045d0342a5ce1f726ef618afd91efba1e3b5c9ee6684968deff9c9c805687b
xs/28516.amv	62174	2245373b38f1a1c5d266d7a33a65370075dcf41fa6c902e0887bac3add71142f
xs/28518.amv	23655	3b38f4a0a6538cfb9a0b3d808dde4a48cd4a94775593a820df44384f7e760abe
xs/28520.amv	25767	b4b97ac2d2fcc1f82e5ab0dd8e24cb70c36e295e57483253a52f2327ffd527ee
xs/28522.amv	234463	cbeedd0a1cd45da2816313c325eb67fc65d903d9a3e6d09fecf8eebd0bc708f2
xs/28524.amv	153541	dcc9ecc120130c86369e022e3d526515bb7eb299da6afe366e2a467808d5e2c8
xs/28526.amv	44681	c0838fa8f051079acefcce31fcd923952b8e3080a69080b944ed599205704300
xs/28528.amv	245605	601771ab54b7aa6bfe53aaa3a858d46c47cd254db9fd3cb7d7f4900d5a73e25c
xs/28530.amv	140643	c8932c42c74ee593603f33bd7a788917150225a86688a2f05436195b55005978
xs/28532.amv	140643	a448273312d15bd6818c0b4c8b22e21e4fa47aa9a2f4701ffd4439e705e017c1
xs/30399.amv	704375	51832eae03406bd634ab6e16d930aa6b511eb03386c3246a4daee8e9476ded7d
xs/30401.mus	2340519	abb98d2d3b72ab4295c9746aa6e235d172fdf16512546ac513b6be272311ed8b
xs/30403.mus	2358495	2b8a3efc7068dd08d7ec8c4996bc52fba0c73f37f564b83f1baca41d90344b32
xs/30405.mus	1631623	a4551aeef8f92e249573ea75c44c4b59edc8d6a641b260321383047cb363baf5
xs/34747.amv	15343	2d7b2268e9edd6e6957df30154fca4a6ac2bf09a09dec9cf4a1886500f21bd35
xs/36395.mus	1711443	5b1bac25074c43a78b97a8803bd5bbb3a1eb2befe9a661df9809b40ed3441169
xs/36399.mus	2065607	4874a802b8df3d90a28d3ee440a5816e8f6b97a58adb279a93531bdcc80f82a6
xs/36406.mus	3176723	4bede8e4dca7ac33c308d40ee6e3b4751de44c0f5152e6931f1eac11c69a9e88
xs/36433.mus	2247055	04467561bef5c40b350787950c764f9155c1226b4fcaabfc098c8c41dd6fe2e4
xs/36436.mus	75691	fc751eb490ae3730359f0e417b8830081c580ec3628d168465d15912446eb89c
xs/36448.mus	64331	259a854a50dcbfa0c02f12f4e0b81236c2fd493ebd2398e63260ddd0f21084c3
xs/36946.mus	306903	e42382a28d89b8a113d106d0a0c1b62200cfb653e756dd4505688610e2488ce7
xs/36953.mus	515731	d52fd6adc3166a873c504886a00267926110ab9bda79cd4e9b330b3853e955c2
xs/36956.mus	1455011	181a3f02655e6c3c0ecf810394443d0dd9235b46a37e43aa8c7a9ad19f777214
xs/36968.mus	2270283	0e693e163ac71025261b091e63b8fd092f1c309d3aca0ce451f91c13abe4fe57
xs/52289.amv	63161	b057192de29e5929080a0240c7f53fadb1395781a83dcb63fb568fbe07ca4258
xs/52293.mus	525391	519b76e19465a41424c049071edd62075b348a3186a0ff6e95d24b8e938dc3d6
xs/52295.mus	645259	ac2544441432b5e0adb4b560c23e6c4c158b77b4ce213b3a6ce686d8fe676b02
xs/52297.mus	303438	169fa7de88a40a471eacf44c50c84bb2d767c7388ab8c6d6ac24a1ec09c80661
xs/52301.mus	1015035	cf1dc4675de76b73140b842bdf2b90e07dbd7aa6b6824712cd0ec12b8e67d573
xs/52303.mus	2186107	fdeee13a77c5ef0f33eb48745c810801fd7262407207052108571b5b4f7d027b
xs/52305.mus	331527	ac0cbf96f4f557b80994e6ccd51964f40e3a7807abe749dc65e99c0109f30f1f
xs/52307.mus	291763	be82c08790f1f6390949b51cde2a79f81b93b84e5c12ee682a33ba00299d0b5b
xs/52309.mus	2658219	488545e9f1084e44b50bc51a95a0a7766165c317f7b3b26e9a64ff4b9788a13a
xs/52311.mus	4422231	6a2c2e45641a16b1c0b4b4d626c6f90cfdb3d9bc1083b00586d4a791616f632f
xs/52313.mus	2188011	d2092c936af3bd02c207558fa979bebc1a4703dffdd25b6038d1532976b15a13
xs/52315.mus	2645539	99a3ed49e896daa45807b0f387b23a2ae55bb528eb63362532ca0dcf33e47e1c
xs/52317.mus	2702187	1bde29467864ee03968d2c10e41adab235acdf319c9e7ccff2d262765429d2c8
xs/52319.mus	892851	ad4c0a7a1f6d5849dc201a96f638f87fbfad33b8a0ad0fb3050c563fe003e768
xs/52321.mus	1880515	7d67d859e447bdbd14fe96205e55d09b8b9c8bfb94559fd8c796fc581bb9ab0b
xs/52323.mus	1279561	091c6ae2c6165b8f7323842ecc95a1b38bad49f1a7ba79a01a2612caeaf895c2
xs/52325.mus	1040955	a085517ddf68b04a427cebeb3b3f8f6ece6ea249349f58296d7bf6ff12c54e90
xs/52327.mus	1585327	43a023501072b8ca6beb36d0379d2ebfe304f0148af1bc98f1b46c60da0107f0
xs/52329.mus	2255763	fc8e7e05d37922192358592a61bb165088a54f9395aa71312f5f4f5d33f25256
xs/52331.mus	2058307	26e4afd8d7dcf52d2a0af06cc74eb75ae6777265b6e5085ce84a3dc9bd4b696c
xs/52333.mus	2061847	2f319a598688d17777010cd75a810b6c4dd8e110d301cfa072c9df4d126e1464
xs/52335.mus	968559	3cc5ab5c51a3ab3a31268f24b6c4eabba6f3bbf4a11c4eeee2418e33440ed92f
xs/52337.mus	658035	d44f3f7be7d07bb117f1ca286a80fa32253f879ce993167f445c227eaae796b4
xs/52339.mus	1377447	93a6f221332467f08aa10acf50184fab8ff5e955bc0d9471bb0f7873af6cfe99
xs/52341.mus	1801915	5e0e5b945e35b65cb607c2710744db9667d906b7cbd05fdde331e3528a537299
xs/55932.mus	928359	0f0095891afcd11a9a93f3922fbd592efafc2d5ebfae88b38075b7f488e15220
xs/55934.mus	5056979	544f836d64723323b903cf477b892f1cca363b998be7c66d5bfc6517102a9cac
xs/55936.mus	560555	a8159acac401da6125e80d981ab441f779d1820ee9cf5c1f97c2bd08f961fce7
xs/55938.mus	2338547	6a1f2ecf8fb41489108a3eb677c955fb64ff4570742672869f2aa732fb2f6de6
xs/55941.mus	132965	453a9f5a20ea1fd368d6913bfd523d1d5f2049833ddb151e6d40a61d6399f2fa
xs/55948.mus	156311	a89229270ea294bccd3c72ca74c22fcdff1464e78a90398207d6d7683aca32ca
xs/55951.mus	96983	d7fdf9e97d2f35dafe22648f3d2777d95fe632fb11d12c533349979d24c606b4
xs/55955.mus	1155831	e6608cdf4afce1d50e428271e052db986d81ed0d65c17c05376c64190e63118e
xs/57104.amv	11071	52f6b80dc9bf99aee2a702a82c2433d24d8ebfac59a471800546e6eedf565c79
xs/58625.amv	7535	911af29c43b3c0d47f6b7865942feeb79519af4fb2847a2702d5b529e46c3dfc
xs/58626.amv	28671	64b4e5f784a338d478a9c1583ac70ae9ae27b965b9fb171e99e2bb3244a808c7
xs/58627.amv	11513	ae498ba1a8c5584736371b4950a53ec888d8ac00153a24edafa97a20fc6503ee
xs/58629.amv	2691	9105f125a43c8929eacbbaa49d1cf3bd62748f52a53086cb4a7b0e2fb7413e88
xs/58630.amv	3371	ec78779dbf349f14cc6800d9be1a4dca4f8a50c0594b02c3df835e693d9a556c
xs/58631.amv	3303	d92d294b67f7607815173cf280ed39dc25eac60141d6d4e6628df82069e2e283
xs/58632.amv	2981	0eac04d71f2720258bc19b9a2f300d6a779b92cc99ba6183866b4057e4dd3589
xs/58633.amv	3863	2a4a98cfaa27ef9c17aadb27fea6f137d23f2fbe7d640936ced51a4899c1aa75
xs/58634.amv	3647	0e1730e8e9d5a4bdfdbb51fa6f897d4d82f6afdc8ef7dfd1c305bc496837dbdb
xs/58635.amv	11219	db8aef57038f55af393087976f7dc36b41d63122ffbbce88f35dac7628e2c67c
xs/58636.amv	3235	03833d95b7729828621cd8db5a5cd4114e014f3ecf7cc084a6133373f8360ec0
xs/58637.amv	2981	9c805464ed45ca62b8bb7ed54cb498df7fb1e08db8cee7eb3da2f73fc87eccbc
xs/58638.amv	3439	86db68aa7883e7fe25e571d977729e53fc9a578900744ae35ba2f96e99215a0f
xs/58639.amv	5853	1337a39245b2db7b5d747cb99712146c01a61a53a71d0cd119ba705f2340824c
xs/58641.amv	3201	a305af8403c70d0bc373574119be918487103a41f45363797fbb90862db86974
xs/59824.amv	334686	156a1af5094b147c3572f205c796f267608b0732690e7a1a41f8ac9561fef9a6
xs/62422.amv	6091	8ace6241b2416acffadeaac3682847da91fc79ba46a12a183f2fbcf822a35596
xs/67038.amv	26811	92cdfe4b5d45d156c927d22262f8277abd967eff11b2403ab57e3eefc898a63c
xs/67043.amv	67993	d66d6bd8bfbb0839c32bd0ffdf76cefc9df772bbb6e6c59b948a1d2c0a86eca8
xs/67044.amv	6481	13b7ede93e574ee5d81fc14bc9e881cdb128d69542b4d651fcc07ef3d4d8a617
xs/67045.amv	88775	aacab0de1a85cfa5a2a3ec701ae7b62b8d3534489f8c4189b2501ee02f596d08
xs/67046.amv	58259	9a5c44a54e5a14b19fe201c229042169b8214afbd8a598ef4eb17fb453b9f4b7
xs/67047.amv	90619	fc524b699950be31e0c751708f606eabc4ece539e45853be54f271a12d24ab14
xs/67048.amv	87755	744d8c883d633015e94a93bbf57f3a9ea5f53c7a03fabe9a613700cb8e93c3c3
xs/67049.amv	152995	bf124e081bca439a09cd64871a8dfc9933b1c30b1178bcfc8de8efee21853318
xs/67050.amv	152263	8e1d2fce9ce414b1dd5106253c1e2a2f143a66e78ccc1fdffc901a899141d336
xs/67051.amv	164995	bcb36482235117a907cec7cd939e0246ffb56e95bca37f694f853d930bdd398f
xs/67052.amv	152399	00a5e17e7c2cd20009d8aba84cf1ade12d51e62040c4aaee619154908ef91723
xs/67053.amv	154087	d2d419f51b64286bf22efd1dfa845e01dd5233a33dac03b4360ddc859e2db3e6
xs/67054.amv	107535	1c36f394beb9d754fab421fb3b88df21dc8ef08b7527a8bfb58e5d1caab95517
xs/67055.amv	17649	fe444d6c5932dc423c0d61e62baade132413df7f779d5c04d19b58d3cbc2fd28
xs/67056.amv	23525	27b82ed6dac080fab8f78a5841dcb03627eeed5047bc82629cae83fd91aeedfa
xs/67057.amv	91831	891fcf4ac43aabfb6f917f6f41c3754ffef5fd7e976399f1cedecac7d782f489
xs/67518.amv	2283	a89b7ebf950c99414110678235f23d4115582222cfe2dc56197a5c6c58f7cd1a
xs/69313.amv	125643	3e713cd5798ea1a9c8a15da88c3d9defa3b6cb4b178b1a9e466c9f91fdd929b0
xs/71740.mus	1280599	21af209a1bfc5f774e7153772e339f3682cc9c3d77a5f2a9104de8582aa624e4
xs/71746.mus	69363	1dbbc5a805e4f6420f5d282f7c82c81599fdaf784fc75fc194fd9dbf5b77e65e
xs/72106.mus	2086373	e28c09badb6d26f7b99fb20b7473ab3c379c412f2b97d703ba4bc076b3331d0d
xs/72107.mus	1323751	3517d8261e78229efc47b2702b08595d59376edaf0826dc6771926cc22d91443
xs/72108.mus	1391151	f02b0be0eddfae2c44f48a7741cf03477cb9ed7a041ea3ab5ccf5ae9f8b17517
xs/74632.amv	167167	70d80230e19728155dfe6abbe61ef6a02c0034de28ae52800d4bd8a5b578f2a9
xs/75407.dmv	37256	59db407827bcd2c524bbb55ee413045d30784dcad71285d5a9ece4e29a7e71ea
xs/75683.amv	19231	4975234edf4f585743e93d665743de0fc575299c11717529dba6714bb4717c1f
xs/75684.amv	15001	1a86e2be32d7dab56e00b53a2291f49ab06bec8fbc8dac2ad3a65fae4398e833
xs/75685.amv	21251	dc657bdf8086bae08442c09de3ea70424a22c2ec035772ad8f444fa58b644f6b
xs/75686.amv	18899	fb65441c5427e4408c79816642974687342d022156179e28e4eab3a80d645918
xs/75687.amv	28819	a2d843d1abf2224564f6d1e671f561ede40fe255b7bf0341f03da22e284c4a6d
xs/75688.amv	14597	9da8d007a6476bb95d054ce4f8a5513d4efe24bcc8b43f220f985e76706f5cf6
xs/77666.mus	285314	c3e5f4865705cea2d752b8cd48d841b643b7f945193fad59e9b567c1f026a964
xs/77751.mus	457778	a05aa40c7a8691cb75566f7225faa132d989842587a62c8c4d5c3806a688a3b7
xs/77753.amv	19602	5ece30800505112d2f123512f2956e9473b1b4be0b41e5e6f99c7d28c3e2454c
xs/77764.mus	93715	b4525b1fcb73613b5ffabe39ea34c886cdc6fe3288ffd07d951d5e298f88704d
xs/78281.amv	55269	92c286503c63509d6df0fc63d237524ec5257d3faa3dcfc538310199837d590a
xs/80310.dmv	255047	0d00980a2b921489ee47abd0d78ce8d33f726d959be20bfe45f325ff23f47599
xs/80373.amv	2803	877290c2f97cd8a32a8ae6c06a234b4bb473dae5aff798ac681bd77133291baa
xs/80476.mus	208683	ee629fc2cf5a20247ddfe8f8fe6db034e9258a46c7623077044ca302b734952f
xs/80487.mus	1524619	d7c4d7e0b5906b7a2f0a1a0c7480fa29f701ef9926274b74946a16434b4ef554
xs/80746.mus	897850	556cbe97b5e45eafa969ab83ae4b0f975aa4f3fb245e2c91caf9e95af8493fc8
xs/80748.mus	374419	97d52b7bdeaebd32223d7614b514081b71e11cd814366176f378deb2a62eddaf
xs/80788.mus	586983	c5f29658063ab3cd7068bab596bbb4c0730e693441c90ddeb435184079051eb1
xs/82291.amv	61878	7540d8d51af49a4c4cabee84ae8aa61bb563b5f36e91cafee5a7bfd5d4e8cf68
xs/82298.dmv	57106	10f6c36487e3c835a37c29dc702d1171287d251024490d3179bf5e98c8e13253
xs/82299.dmv	77379	15accdd032e8ffbeed53d4a5cdbe7f951ee8a46afb29002f65307a5d1b76e051
xs/83299.amv	23525	27b82ed6dac080fab8f78a5841dcb03627eeed5047bc82629cae83fd91aeedfa
xs/83861.amv	105671	01487a289c2a2cd8dca11cb654387345c9af68bc1edf00898e579e73525abf97
xs/83871.amv	52307	277d52e8757cc7e23c10adfdcf5b79b4bfb61aad9367fec2e8bc1c80c70a371a
xs/83873.amv	25091	9488f53a69a3a042aca69af29580d7f4aeda848a0ff1689a78d3f10d79da77b1
xs/86303.dmv	33211	b9950092d5bd389f333d5b0cd07267f676bca61a99553758a3dd534495929ac3
xs/86304.dmv	33211	89f4886993a3e95c338d963142814cc7bf2116a699919dd22c05c74642981c30
xs/87413.amv	47266	2222c4b458eb02896ca765dba89b611ee19a9c4050fbed02d06b995814108bdb
xs/88892.mus	927412	547659249cea880d47610a9c368d47160002ee0349b2ca16befda1e498764d34
xs/88900.dmv	22275	b97743c532745e06baf5c6b553c645dd2294508124088765b80b6069ac23235b
xs/88943.amv	80008	f18ec4ad6860a70f607515a199c6822a0e8f8e1689122b79d51eb2f1eccba61d
xs/88945.amv	135468	ab0bad28db8aef174000c4e53bc79e214f1649bf6f4e6ba74a135c281278c8d3
xs/88947.amv	147388	484de902746dd50d7f6e66e005d83a3cc4e213c47741b57e4749f0eb4bbc6cfd
xs/89487.amv	17557	b37d8eac3a4be7907fd96e32bd05b272a6cc2485b2c76c093db3f491946bebdb
xs/89660.amv	11123	96c2223be8db8e9a9e4f38226be0c86eaf582f87c3ac2e0864525c9e3785aca9
xs/89819.amv	124434	6c052a93636ae004ff7a55258432976b6e562959d7f5c13c63b171cdc77e759f
xs/90634.mus	453682	1139e0de35a19dd0714d7d301b1a979b09706a3591e89f7e6e816998b748547f
xs/90643.mus	1040955	d5f2fa10e9073c9b5d08bc8bccb502be482845e2c9c29521e760a27aac19efaf
xs/90691.amv	12385	9a8df8b9aa4614390e6e94e52fbeffb9412929ba55c142c7ed9be16c3b61e023
xs/91270.amv	7447	2c6413e8075b067fbacc5df426e55cad8a734bf01ad14189949e9e81c3ae15f3
xs/91328.amv	103065	bc637aa2d7eb6d034d1dcbf253e060b6f5a8f121b29369964dc7ab1c7c8ce861
xs/91606.amv	58566	de85b45849c5785c10ae158bf76ef06de6c0bc09ec7e84208d97076af00dae6c
xs/91988.amv	233026	ad571a9a2827091538b1e182285ffcd7ad00eafc2985b407aaad684e9155031f
xs/92148.amv	22095	990d3c709c2309a1341211fd1fcdfba1c7accd4de76a3fd4dd1e224ba3eb542d
xs/92289.dmv	125527	cbfaa19fc92cdae8045a635e603a123c233b6194bd89805daed18432bdbf1fbc
xs/92450.amv	25723	ac0673c7c87e18e15e1eecc85a4628f4b2fcc05e86597b6c9985f3e1e98457dc
xs/92452.amv	22443	4ebdea2d5b5244d9110300a33ec225b62d8a762ba630944514cec4104bb9ae43
xs/92456.amv	18083	624384e9b214075ac488e7e2f3f5927e97ea4f9be2639b0777f98e69c4a16d53
xs/92460.amv	13727	79fdfa1d5aa5421c0d8578e2e37650c79c33cdf6e7d313b0701dc96e12646922
xs/93608.amv	34494	25c5e3276be8b3821fc829f35efcb26aa83730a73112fb1cad7fce639d951e2e
xs/93610.amv	162624	eb285e4f4d3a86a8a745a13059ab8244fc2a0fa11ea1798c9757356454a49430
xs/94320.amv	230149	76ebc221eb37f432961049eecf3a8f19d756e8cc8e8c7f4a8aa289100f02433a
xt/49526.xtx	252	66ef441da9552804e5700d923c45e065df5ea979978d169e325d5cd19ae8ead7
xt/49528.xtx	254	f6458ae34188deb17ef54eb79c6ab9f0922a4cfd5242eb9c8dadb2d89441b16e
xt/49530.xtx	259	66b2159c850685016c0621fb889f8671f198f74fa78adc829e77e4def10d8340
xt/49532.xtx	256	a93c2f1b29d8392ee59097c0075cfc9df87dea698541c22765198fdfc6cbd9ae
xt/49534.xtx	257	aefb26876e8575dcef406c72b8c588442c17921492b3fe4117e08c9fed334314
xt/49536.xtx	256	702eccdaec3e4d2416fabc000cefb4562142705fd322c740e71ef2a3eb27c6be
xt/49538.xtx	249	f4754fcccfff7eda9f364f0b877329d307029cec676db7ef36de9ff0b0f36b52
xt/49540.xtx	255	198d1f40083edc5cf1ea23a58c268455432237e2a32ced8f54ea188652fe945d
xt/49542.xtx	250	6bb359b9067bd08051e92e754a48e47dcb7f0f44cb5aeaad06b8423467b8b69f
xt/49544.xtx	254	84c27329371dd929eeb53b11f3ff443e89d2d9eb9d8b7f8f374634e1fda46b1d
xt/49546.xtx	249	da65b81e5fcc8248440c8a1368eae2149ddb249c9cb3f96ed4c775def8ffa580
xt/49548.xtx	260	5f9bfb127af92ca2daab29c3cc6df639eae0375427b2134e5df0a1e5909a872e
xt/49550.xtx	256	e8d22feafb415548cbba301e8a75f375fb8aaf45a5feb50b7c33508e3e89bd15
xt/50312.xtx	258	45df5af7ead9caafa9fe6e7c40966ed4c99d107455709824091bfab3377c54f6
xt/50314.xtx	249	a8a13867ab58d6d535bcfc0f46d4ecbe3e6a457c023f77a04331503edbcead0e
xt/50316.xtx	258	7354569c5d63e7f8292f9c6e547fcb3c79d931527e98df485c6bd249bdb3432c
xt/50318.xtx	253	9732f3f6c86b352b6405f2f27887c85b86f3168e96dafa46713298255aac9fc2
xt/50320.xtx	141	aba2ca7c9074a7811f0a4c4c7c6bd704d1829f59a3a3100ed727433e471ea3c3
xt/50322.xtx	257	02a7713cee5dec65263d8dc8234061941ae6f904113b0ff40cc49f62b451580d
xt/50324.xtx	260	60d9d2002876e9af7e092d129557bfeefc3c04087af30d28c1aa4758054e5278
xt/50326.xtx	256	af1356998327d0d9cd9c97903184fdfe1b1f4a87b22252b228273a37eb8cd9e9
xt/50328.xtx	262	288b6d2b5e1d60a09f74ad6fbda69a271f6c20a15e8b6c7e17a632ed70d0e04c
xt/50330.xtx	253	acf14d66b2900ac065c8896ac9dbff2a44e82c936e650e37511dbb20a70bd168
xt/50332.xtx	262	b0054ee8751c2102308742ef5560b7e62425b86f2e0172b62fda5e44d07ff313
xt/50334.xtx	252	0fd47f4145f86c8e1e36f1f3a5dc75431ec5a2a6c9b4223e504fa62aa172f637
xt/50336.xtx	254	41bed86ff95d6e2fc164e816b5bcadfef60fa06df85977a25b770d940656efb6
xt/50338.xtx	119	5b0c7b29bfe9af743b1b75b629219e8e5d49369935c2a952e6da1a1867467b02
xt/50340.xtx	260	c1f58844c5342870c33d1de86f0e3f86f3125f4b732b8f151307ad08d992964c
xt/50342.xtx	261	c7412b84f798b70d438b0628cd5efbb8510560d449d2be440179de24ff29a4c2
xt/50344.xtx	258	321c14b21ff974359ff19b7516bdcd6a3a151e9ec0c6b7cadf67d995ce49ffbd
xt/50346.xtx	254	b445d9fb7dfdae1312b7c0c8db128713f76a4981db3329dd6964cbe27ec9de06
xt/50348.xtx	259	ce56b71908fe9344fa8898e9dc5e2fb032d30fce81515ab4c379908ee0009fd4
xt/50350.xtx	167	5be19163285aefa4579a8fd392aad0afc27a88d0ebb9f39f120e5cee18c293e8
xt/50352.xtx	256	a5e89939376925bac4cc75deb032d42f99b98a4c5f4675101fdc97f490af78b1
xt/50354.xtx	256	f911979afabca39748100d36f46381586f62cefb351f7f339fcfc3bcd30a64a1
xt/50356.xtx	158	f63fcb84a056bcb4713d9ee9425e18ee2775363b35df176af57005ba362c2810
xt/50358.xtx	258	011769880472d439cd06c4023e15d3d20ccc54ad1e546a039d1968d4bb54ddfc
xt/50360.xtx	255	a0840d596f647cd38ac93612c6a68a3a75c0cb37eef173a4efba3d8270914e85
xt/50362.xtx	259	53f210ff7509296751c0f09319c83904ce05c526896650e598456daf7d962c3b
xt/50364.xtx	126	8475449861e08842b2fd89da3a763acff065f89929eb048bf5faa94bee1aac81
xt/50366.xtx	257	6964c07e8d7be65d4cba6f372588acec555cb9b21dc26ea4c136cd09dd62a3e7
xt/50368.xtx	152	de6b8f87d22379ed600477ba17ae38a5978c59bb592985ee5bc423b01e399c2e
xt/51070.xtx	207	e83ef31fa8543e7650e226df5b7282f01c15aeb7744c81bb052cbdbd50d7b020
xt/51072.xtx	329	1e89103f96b0e3d2d28f689446f3c157e2eede80d0aeb52270476c425a2a4a7f
xt/51074.xtx	229	a25e88d4e6c65a452b2f1698d08d9a3d82aecf9cc2fc234e2aa5d52d2585e98d
xt/51076.xtx	314	ebaa951cbf7eb8862e3429287ac3829c8bef3383a3006cef48d43e3992d54961
xt/51078.xtx	122	dbe253c8d10effc4b5548a5ffbbc73cf1c83372e90b3ec25ccc079300df4405c
xt/51080.xtx	237	e7bb3ade30bf2343c56adae1ad334a0d2124a5e144843a8883d55d9d4df85994
xt/51082.xtx	347	c0f6170b4f9b1f224d33ffaeeea279ff9af84c7c52a4b5b520bfd7460d85b7f1
xt/51084.xtx	260	a18992a335fc61a8d786d04e8f4a6893c79f07fb4b190ff1819fef2e0d849f14
xt/51086.xtx	260	04460452905c5756c0ad95430c9e9ef5468b9edcea5396705d396aa9a6ec80a4
xt/51088.xtx	173	c637e9caaf4e8050ac7437e997187885605981c4aa6f7685f947713a28cb10cb
xt/55583.xtx	2033	a9a3e4246206bb65195c2862055aa700bc38b08f3acf5a9a541927434a9ee59b
xt/55584.xtx	2213	1d5e6579887641746e4f68653dd8a3fe630455c19ef96614fdc6d8b8e3c0f1d5
xt/55585.xtx	2524	28f771a9bd5f4cfbdfd9639b9270a9b89e7f43ac4d5163dd499f34d406101396
xt/55586.xtx	2029	bdd9a5dc32f77e609362ba4dee1f6273cdaca58959b3934ae8c2dc05875bc68b
xt/55587.xtx	3585	de07bab5d7de60ab3c18ad778eee1756554a0545cbaf00e99cdb7e67e2e83192
xt/55588.xtx	2296	cdebaa5d63c17a4e24f82b2b3b02f4ef7ec49cf6266e59a70a9180efb343d434
xt/55589.xtx	1499	560868158811245a83ae5e6c608a06d702c2979374e599bb5c7c8a786386663f
xt/55590.xtx	3706	5a5970d23bd3f4a44f9515e7944fcf86863bd5a39021fe2c0003ae76786d17c5
xt/55591.xtx	1160	7dbaaaf029c98a8dcd7b66daeea0c34ae1065c83d21f3023221a59d6ab20ec6f
xt/55592.xtx	4563	242a46c6a2274aae98d65a77af25f20374199b3f9a5df649361a5b7cba708af7
xt/55615.xtx	552	457e3a45a8d0aee9412ad506c4020323b86e50a5f17e833e7392a09933d83683
xt/61137.xtx	260	9ffdf566435b01cf7d07924a75eeaf975118498cf674e8652b072b1375c8b220
xt/61138.xtx	304	463b7a1e950d7440da77f1c6f08dc33f714af8160b1415f830e9d4236560ee21
xt/61139.xtx	220	892bf9d04e56c6c780d03505268dadfcc57e140b13c419aeea24e46118f65725
xt/61140.xtx	204	94ceded2419ea41dd13e959f7d2727f7a1f3eabff95353a383e0e2f6b05800ab
xt/61141.xtx	231	5256e7308ab81e8d60c16ab97ad20c21637af652ccf4beb643619d612ae78c1f
xt/61142.xtx	190	e2f5e6b769996fbfb9d9027409db3ad270218c5c76a4db17e95e8126c6cc13fa
xt/61143.xtx	326	000f55554450cb0569bdf80a7c33a457b0b97f6fa051b181f1085bf48a330327
xt/61144.xtx	357	3d97764d6c3b3dad0067991796e273a5b24e0b850aae73f5868f0921d99093a1
xt/61145.xtx	419	6c030b7d38e3dd5059fffc8709a1899c336cafc4c81362723998fc53a048941a
xt/61146.xtx	165	9d58b8f7bf0c3d26f635c71ad4f9956e518a85bc8e52a6fb04dc60890007a55f
xt/61147.xtx	234	a69e30436becd9bdabefa8bc9d6aec92536ab6b2baf79d1b81e673610f65aa52
xt/61148.xtx	238	6b29a3e455711a33108b1955950ad96b5be7bf1f08cfbf14db42f2cfbcf0b750
xt/61149.xtx	383	184e88cb78af1044ad058dec2c596102b56d76b4436ceb39d4e0a34fcca25508
xt/61150.xtx	267	977e2e969907f8651405a100bfc7a81659bcd406cdcc71a4b9520af8826f1f46
xt/61151.xtx	310	01de204d7d83701450623d82d5b36f3e56e3aa57823d65ab444f9a99c578787d
xt/61152.xtx	190	a1eed6417038ee5f583def37ed3ea1dd00d9b67328f284f0b6b57e181dd08b66
xt/61153.xtx	188	824c9ab204ddb28ab496e532f908852b5b4ddb2bb29234b661762ee5e46abc77
xt/61154.xtx	210	77b9d2f91fc1a774d91c39ab6ddbac5eab063cca26e1d7e88dfcdca10aa2fa86
xt/61155.xtx	217	fee5e8c3cb33703e22f423b40fdd9a2b90c9e649b1d8e45b8ce0d3db3ecbae25
xt/61156.xtx	219	7216dbf2c62fd9f032677746913eea252784b44de5aaf219d502bbb564f1363c
xt/61157.xtx	193	65e92ad2f5b0d5fe982ba29be9895f934785675bf7ab53963c2e788254a10a33
xt/61158.xtx	232	4805e321867d6c26a367390191402cde2e684e08651b42433e78eda1164ef567
xt/61159.xtx	205	10aaed28d620d7f4412332f11f4c2f29ff99c4e74c10ea5c61f4f09985be08cf
xt/61160.xtx	203	8e86bcf42bb7601d58760359c1dc00bd96f11e12a57a83bc492b5cd95eb9955b
xt/61161.xtx	191	a28c0aefbd4d613bc19332859e17d42784241af7b46808f0b063ddc4fe9c3c8a
xt/61162.xtx	200	d1d63c970752caa4232700ef74260e52b979347202bd039191df9e980c7c7e3b
xt/61164.xtx	335	2e002aabdd17acc3f955c0b65282284048a06fc42de711ece39b84993a30ed6a
xt/61165.xtx	411	ad2bcf393f9f52095df2f025d0c07d7659b847e05c6744df201116d848960957
xt/61166.xtx	296	1f84394ab974f221eeefcf0bd737d7b9b49a9ecd575b40c3b55c12f69d4ac3a3
xt/61167.xtx	504	c78d8ca895a77ec6e5c6620618f6f107195b0e99271591796860534ba5f73144
xt/61168.xtx	390	03fd55b9151d2b319cb4acbf53e0801f98f7b987e4da246bc6172501686b5277
xt/61169.xtx	285	3ebe81ad7f661355a217280cf29ade9067abb54b3c2a0902ddde154be5b8ce8e
xt/61170.xtx	302	9b836f33fd5aa2f2d8a73ca3e898b8fdc79da3d06efe1385b467796fddc705b2
xt/61171.xtx	254	f45c37ac2f8f6905c666bac3097c86fc59eb3df51231a8319da556238b1fd397
xt/61172.xtx	415	e6e05151834d120167313434b4b5fe2db173f7711e7bcbfabf435fc75e8dabca
xt/61173.xtx	194	b21b9a16d72b4923baf4746382c82a9139fd7ae0cbea7bb4e768a3d4214b725f
xt/61174.xtx	490	262bf9666c459ea00ffc2ca4195f573e3f4096a463420b12d4390fe2a0f7b573
xt/61175.xtx	220	e19745499fef7efefbf6cb173b84924ef8be3b91388754502f475486360c1358
xt/61176.xtx	421	e4e393fd59a83f84762248453d2cf7eeb108f068054fbeb73e1618ce100e4637
xt/61177.xtx	280	25ecff5c2f0049c7a427813da9d20b490d442f98132c398f1eea0fc5b1e83c64
xt/61178.xtx	203	e4a3372444aadccdf9cd88f174867d055fa628434de40842a20c406bdd2f4cf6
xt/61179.xtx	316	ebe6e47f8af0384bbec4b024747bf7d2cd166fda51030497528b24f4aa1bf480
xt/61223.xtx	216	45f26929f396028d98719754b28c0d68810dd946b026b00bd82ee1ce28b42679
xt/61224.xtx	435	e150ebddac2e04a7bf216d342b268073aea48269704db4d79d6d01c5bf968d59
xt/61225.xtx	209	88bf08a1c3b4495a40b644eb4a2ea337ab6bbe055aef32ea340f9fa9ad788321
xt/61226.xtx	212	7e4ef7e602634f4d71272bef1388db70d696acda123c88e08be823ba6c4fff86
xt/61227.xtx	439	e816f560e182fc54ffa89c54a710aa3cc8f475aa930212551143326c5052ebfe
xt/61228.xtx	228	82019475f504975a7fb39fb56ed4d02c83088fa24958c17b7e5a5fe26c014ae2
xt/61229.xtx	248	5603296c469b41b9eda80f9354a55ae35058262e2ac5d104947dad6bac055cc8
xt/61230.xtx	299	a9110a28a833ff3a6473d3fecc4434daa4c0b6e1d587ff84a9bbaa9f7a34cede
xt/61231.xtx	174	54729fb89fa8a704d1941821fe78b97e0e270db2eb5b685c11d19a430e679a0d
xt/61232.xtx	319	e489e9f22d5c02f2320463ba291168252c2c2e7bbe4283576017825a6f471555
xt/61233.xtx	170	67739dd08072d0dbbc9df09383c52ba5931bc834077944406988e144ba18174b
xt/61234.xtx	185	c06c74744c5b9c103a928685e2c29993ae5625935bf43e85154d37e458003f94
xt/61235.xtx	305	17d19ac0f2f07330e06fef883ac1142ff43975f2652b9a6292b20a79940007cf
xt/61236.xtx	290	1e02ed6602075cf109a858742d3134da5935c58ac877297d64972842c8e68ec0
xt/61237.xtx	212	9d0f599a407f3e17e00430a5836f47a6773fad9d9a0a6b0964709c6f26be9585
xt/61238.xtx	239	6d1ee502de1cb002d66bc39d7d5809c44639a7bbf76daca61fd7341e51bf2b6b
xt/61239.xtx	250	8f02134316b3bc3a8bed0c25c7b11bde18decb6b4162cd33c3ef41d693c18471
xt/61240.xtx	172	12db7440ba42fe93169e0af6fad18fb08031fdd3d63670bf56d5d276b9579b45
xt/61241.xtx	192	d33f250d488a3bfd4da15810840a065a0f555c2aec301458a5812241dc49b60a
xt/61242.xtx	313	32df9a5359f7ee136d7606cb89516791c9c49a6ca95830fc5e295f713efbf582
xt/61243.xtx	186	dd7e4f120dddd9a9d0ce43a14f2efb205f3477470689314433eb72cf7e77292e
xt/61244.xtx	257	5556305ca15b3054462f3bb424cedf9d7aefcb9d921f428906f725a76543bbb0
xt/61245.xtx	187	e9dab51ec8bdfae3bf7cc86ce0751024bc4ccdb828d1c1ebf8864b4db3122a65
xt/61246.xtx	197	bb07fe6eb06f64fe988b49f761cb6b59cd9fe13acc678d5c19dc2879e12481bc
xt/61247.xtx	174	194323a40e00ac2dd328158c3860ca322c0f6b9e8daddb3f7421205b84ebadb1
xt/61248.xtx	238	5f22b4482f7a34d5c976e45f7bb1abcd79e579ddf790bbe81f4e9c4b92407002
xt/61249.xtx	232	93e9b3d9e201258cb361a7792d0903be35cd4c51c20ad830785b67b12e3e8cce
xt/61250.xtx	183	e16e67c0a501ceb3c0bd86c4513b6719f3d3198c6ed3e086778f086a7ac64bbb
xt/61251.xtx	217	a18d76233ba7177a974607a723a2ddbf4c23aa4c2ee82a80cc427506aeea0c2a
xt/61252.xtx	433	5910c66279ad4075918fbc4e400532016791e586e04d953a01a8cf7ae308d0da
xt/61253.xtx	166	dd19a8980984d14fad513d31df1008c2d1f68bc1c6daf1c013268726204e83b5
xt/61254.xtx	249	9f29c5650e68536fc60c07c2b0f6ed23579f74e85a029105b00ff3de15fb301e
xt/61255.xtx	381	35611da2e4299805c9417f057f617e4ac42fa054b045e00d6905425f358e9d4f
xt/61256.xtx	191	0f3843010a23b3ad5b18f2e039eb7bf3634ec4865f5670286065abef59184b4f
xt/61257.xtx	338	97bdb1271d916a1950de9dc3d32b5b7ab0203bd326c5e5e16beef14145d841d7
xt/61258.xtx	349	fd6635a623e21196511664ca74ea861312883c5ee558b5f538dd7a61c0497bfd
xt/61259.xtx	315	cde4e927b26c518a3d69a9b919f6925a2d1cfd5d398220946bdde09fa96baa68
xt/61260.xtx	294	c1681b6777e16df81599bc0535872988c1577319cd44c0c2758906b400466161
xt/61261.xtx	315	181ace2241be6fa2b4760c26891d611b5afbc773bfc1b8251fa459ef4492dc2a
xt/61262.xtx	178	526763fc779206e9f5363f20dcc81298ea8fc661d00e8cf479d5139d5d73ce8a
xt/61263.xtx	200	4fd83ec8f2512c35b5fdc4f9af6437a180bc5e93e563cd762bd6a2d3ada2e3a5
xt/61264.xtx	201	d1f83db37c0e825bc2d269101185ea27778207ef2b831d13cdf92b1c5c6b2ea1
xt/61265.xtx	275	652da0a3dcb8d4d399e7c7d11c1e15031c754e17c5bb4e8698915b55da95598e
xt/61266.xtx	277	dee378ce286a8c36595153dbbd6606329c418fcbe500d780d16f649e831b82bf
xt/61267.xtx	295	cd0bf75475ad9adc4db2831c4c006af5aefed4659e12132bde82559927a800f0
xt/61268.xtx	287	527406e547b8e30d26213d35c0f8137ea77ec0943a1f51ce00c37574ac703ae1
xt/61269.xtx	370	e11e7cda360628ae28e628bd305bdb8d660974457708dce1d42d418f19690074
xt/61317.xtx	268	1cf421bb2332db99ffcd86ffaa6aa05a90187aa3aa2268756b4ef39d66454f26
xt/61318.xtx	217	e6fbe67861ac2ce3d461a45fe4e35e593992d6fac804cec97a52793dd29a269b
xt/61320.xtx	448	e4c534d1083e3079623945fbafd452e4c5007f7a4b28fbda4d4f1cb4631b68ab
xt/61321.xtx	345	66f4349ea8f7d7e50f7be51db08dd0fa37ebba702611ba84073fe091911a8557
xt/61322.xtx	228	e7906f9cf1bd4ee32bd43e6cb28c1e73165a43025ddaef1d41062f2703e5ff33
xt/61323.xtx	305	ba863b4b2feaa56efe411316fde089c0a8291e5d2735ef46b732338f3482410a
xt/61324.xtx	363	913fc6219d85df196e8978e1b49811a647d99f229042494d4b61b0b6946dcdec
xt/61325.xtx	363	9334122224e9246f8ea7ac21a1d848ceb36ecbfe1e90c29273f6a2a0aa0d1b81
xt/61326.xtx	306	bad8b4bfc2c683347f1e75d68179023d6fd459d4d0b87d4541c677357f511140
xt/61327.xtx	509	f13fcef47f7278b07442a694da02f6627295e8ac676fc746b42dd053c38cc84a
xt/61328.xtx	320	f2af3b25e7278b486d54afc83314dbed8ff92fc50797db6bef5c12907ff95a56
xt/61329.xtx	333	46aa31bfe69c015856e365c1c0d7187a48c2dd198edca2caa83dffb42caa3633
xt/61330.xtx	249	bde9acd2ffec2901825551c29cdc7d3c8ea98fd1e018a4475de6375b018de663
xt/61331.xtx	280	16d6e66fd83cc22577034223963571dd7433c8fbe2e20153fae2f40c187bff5c
xt/61347.xtx	307	02393fb937e5240f6f753513082345bad66d66d902b105e20dad9d8426c95767
xt/61348.xtx	255	f4626ec3e62880dd2e387ebfe924778f0099520b3d91db2d16732eb7eb595a00
xt/61349.xtx	260	0a61ccbc7088b7bc30da116edd0f2de133d9a3a64fa2e288b07d5437fdb96141
xt/61350.xtx	181	e270937bf40fe191a883705453a3ed040badeccfea8eca53cb0b38933b577ad6
xt/61351.xtx	351	c8ff9fe88235eccad04cb616fbd00aa7f4d726ae26539d622085d23187f16625
xt/61352.xtx	313	7404ff491956d44eb700ad206866526b4986c3680b433d32fa9bd0e39e02d1cf
xt/61353.xtx	350	14b166663cfe9075cc159f7c4ed30ec6a287e12e0a24c57a4e146a1c190ae5df
xt/61354.xtx	228	e43a8142dfce0fd52111216e74c0089248dc3746f20b47244555e9f8486b13b6
xt/61355.xtx	619	d28aa627bcc28692c74847a6ca8695457e0136075e3499df1ea4af1cba9a74d5
xt/61356.xtx	1022	3ddc3aaf716d199d1803bafb7d0f116636ca9ae30eee2223755560f7c4cf6567
xt/61357.xtx	362	948602f5f50821881d3f1878f6cbcac84ebc41c1bad88f41567d00d62a255cc2
xt/61358.xtx	497	2bcc42ef19c2fabdc58ccb49ecddf2e8646203792f0d2df5c77fa0b318b8ebcb
xt/61359.xtx	496	64b94900c423bf714ca276c5b4f3c59cad238e3f29eed899d376eee493087e74
xt/61360.xtx	268	a5f246a61aff6ef5f1910015522a06a14207a9db6f6ab5f38cd92f2336d424b7
xt/61361.xtx	226	79b7ce2c171d47e3d1c24cb4619bf8f59bea8174aeb5a98123612ce188e6c14b
xt/61362.xtx	313	875dc2310eb25ffbd427e27f934908e8f8162aa55b83afcf9538b82bd6fa8ccf
xt/61363.xtx	239	305073c6bda2f10eb17194817464be3c8fa25d469c2ff196db3a2ebcc2ac5168
xt/61364.xtx	290	8b3e86486490b8ff3fdd997036c84a1a59f8a9929903d406163ec24249ae9e44
xt/61365.xtx	296	a776441785e1adfbc3406350bc25da2342c8d4a3ff9832fefb500c6dfa32ea82
xt/61366.xtx	248	51dd20bf82187bccfaeb65da1ff17ea1bf0d5506bbe6eee4e4e0580a5ea23c19
xt/61367.xtx	243	d66a25d330cf63424595ba8dc958fa1875ca459c6e8a3311178c8953e112bcd3
xt/61368.xtx	402	859295693a59be25930e25e6df53f710eca6fa911424237ce3bda7453ef8bed6
xt/61369.xtx	237	ccfdd677a029841f72adddb5b9b154249f92f35a34fb4b1b39fee2307b8c982b
xt/61370.xtx	337	68f61dae146a20c39267ebfcc8fd9b35fb255a447e2ebf339cd64b0188fe5206
xt/61371.xtx	273	656b5d620cc002e354da7382bc9f4b74e7011a03cd097b38706c7ecaf45621a4
xt/61372.xtx	273	2f00e87535b5f59b669deaa09797e91bddc998d48aed221cdae488a5f40fc35b
xt/61373.xtx	239	305073c6bda2f10eb17194817464be3c8fa25d469c2ff196db3a2ebcc2ac5168
xt/61374.xtx	258	4f8ecc5dd2654b1df1b96ef254de77e26187525b48897dd3d4f3d1dce8f1def5
xt/61375.xtx	259	f82113881d7b9cb597e178ea88566e4b611847257a86ff474a79e5dce02c4e95
xt/61376.xtx	228	2cef6b53856bfce6ab280fe686d89a6d7cd1f50397e8efc7878fe4058dc242e3
xt/61377.xtx	282	9e91901b6a7ebf7e8c671c03a8b2cd35e250ef89093c1d814c2eebbd3ae0dc07
xt/61378.xtx	694	923740407a7644a04dfe7404fcf596fc4b1165d37fe9c501d2893b5ca1835436
xt/61379.xtx	512	4916c13e9e87aff7ab46b961ae908b726cb26d1c9d20bd757cd0305d200c7676
xt/61380.xtx	383	aa108336fc67ba76ae7280199fd3557f1adff70bd5353fd5fa86ab314e71dbf7
xt/61381.xtx	397	73bd2efc7fadc0e559881fa00d8778748a596e5bd357ecfbd48d803b56e8e449
xt/61382.xtx	244	9c3312130f2fefa65b3b3d7f31b8b4bd561aed5f96533ebf69bfc72660c6201d
xt/61383.xtx	622	24c52752aec9f80b7de538c9074eaa979b403242c5c62a1f339dbba4cee29886
xt/61384.xtx	440	2cce77ffffbbaee45669533f8d7e38aa2389ce1c9e2df762150bd467375c43e2
xt/61385.xtx	543	96a449a2bbbaf4e397b0e882d265e5cc50385626528ea851dba2fa5b6e3df007
xt/61386.xtx	489	2cd76bd782cb9666676aaca95647d9dd8e3bc137a7feb24030d98f87cdfdf2c1
xt/61387.xtx	295	620b95bb47ee2d253560b0252fc3045bd323c706cee432dfcfdf28c1d3c08b80
xt/61388.xtx	213	c392805ed47f3f375ce87e8552288641f074e1abe701ccf310a8024fad92d649
xt/61431.xtx	178	e59371dd1498b4d017c0ad0fa14a3f64262b8416badcda66e3bd1b0e9a728582
xt/61432.xtx	317	37c554d9d9f90a9f25e9a108a97eb4ca7733b07cebaebcd4a741c16f569c7e6f
xt/61433.xtx	252	a955408a36ddffde7bf15b330c7eb91509c3b8eea7927208507190dca07f35d5
xt/61434.xtx	287	f239add3005bb2ee1f8067fe8c6260792610e0aea8d7e0a0444d798ef0a7ccee
xt/61435.xtx	259	4ee5ea4db1193193dae7544f6eb64f53a5bd0cca2f1825c1d3e0993332d54991
xt/61436.xtx	325	3b0f99973a8253c1ae4bb07848d21d44d82fb924625dc755a26590a329969d98
xt/61437.xtx	308	fe03a3e7d7810258cb823de3ed4e741479365b9c7b44e953f8e88e957b7bde76
xt/61438.xtx	243	951de9dbe261e44fca77cb9520dddb6379a0cfbaad2b2e694bfb464a3fd87eb6
xt/61439.xtx	311	4528a4f0f26b5d901af707a53bf423d9f7db4e63038fd4479e21ae386d44c5e1
xt/61440.xtx	244	bc69cb93473023907e0f1e0771463ae3b2440aa9f29b80a556e497d07f012a10
xt/61441.xtx	210	6c60dad197376b7d4186c3ba26ed996d1260eaba34007f7c8425490738a334bf
xt/61442.xtx	334	a543d810a618d529292902bf6312958b41343447a963d73200e6918e7a71db1c
xt/61443.xtx	232	229f647a33400c2351a41ad6456de6ed297c4523ea64784cf80894f7cb1b75ee
xt/61444.xtx	225	82ab697da41595ad4af749d674525340f2bfd77cd68464fd3e15c5781a6d2782
xt/61445.xtx	295	530047f98ebf69298108c65fb811dfe57ce536999026975686d9220428729aa7
xt/61446.xtx	249	6d82dd74861bf73aa3c325835e225228d75c525a805798e74c049548bba0434f
xt/61447.xtx	240	f910721ea9ebdbd0a26ccd99d995dcc3e039a8c5d34b76727201cda250471cc7
xt/61448.xtx	245	8dfa900f0287282eb42c0c85798dab66141c760bca5425d21efae24f90818336
xt/61449.xtx	221	90ec9ee46383722d0d1192f56b971a290cbcf521f5063e5e07a81a0975d0477d
xt/61450.xtx	215	35c29ee39ad96bcf638cfd0fce09f8c2bef319292995edf79050f1b481b52500
xt/61451.xtx	231	7dfe06359aa29d8f03f63674d6fc08a0563bdb9a6f8beabef41a8e9eb6f30315
xt/61452.xtx	257	51a0b4eaf0ee71cccaafdc5f2b49b129e5067dd703cbaece444408ae0503ce93
xt/61453.xtx	216	1d00b85f413a960aba9e455da70efe3e704baf0a9cb763a6ff068515c8901158
xt/61454.xtx	226	728853d447d04f5aa85861cdbb2ee3bfe1ad2c9f558c6ba170590a4a61918ee1
xt/61455.xtx	237	c1548ce022a0947119024a8af8251d61d2209b48520d05600dfd7e0ce437c262
xt/61456.xtx	242	57f91b1d8b3e2cd40d28fe39591495ad7bdd1ac7521a63a5703f14505c88296a
xt/61457.xtx	213	dec319715c633f01bed8da442545e5e93c0d0211ebf65a1aaee40900d940d727
xt/61458.xtx	224	ce5c37666464a8e4665062960b906f0c5e94f132d01c5f353870b331f2b3370f
xt/61459.xtx	561	57111f44cda4b1d1002225d711416f9568e50ecc9ea810a2b2cb2b093b173b55
xt/61460.xtx	170	87f508d332a9875b5df666533444b61be889c90c722b83c97d6988515e89b58f
xt/61461.xtx	455	ce095f0c17a1498d2e8c0a0af0a5829270def942e65ba34483a7c9e1a7494a9c
xt/61462.xtx	395	811f3f71187dae6ba5019c4163ffa453acaa43467e3b97f35c35a9f57d39fdea
xt/61463.xtx	351	019bbad1be090d1f5de47025b55b236c11f611c408f827d87ab1da9bff43c162
xt/61464.xtx	331	bed35dd639911d24151a379be38ac6ebbbec15d33a8bdb40469a468ba14cf985
xt/61465.xtx	305	3bb556090938d8788b06dc01a3a19cfb9d928eda052fdcf0e3f15ff713d0bded
xt/61466.xtx	505	a47070934b7ba7efe239e8cc86d6828a674770fe8ff4a2c6b6f2f7abc2fd0e62
xt/61467.xtx	318	49cfa4326491e393d175747a1259da3f14262058d24faaba3595bd887239a1bc
xt/61468.xtx	229	6ab4165eded9db7c3d07206544f2b465951e252a347a5aa76ef064a8d3f47d5a
xt/61470.xtx	353	e4fd124a51126dfc1b4544416e324813cb65bb54c5b42347b9d2421bf0474734
xt/61471.xtx	290	c0286d257d5186c4078ddec0db91ff0951f469bed8ba84cb590e53554db654b1
xt/61513.xtx	340	63a9622107d5cd29b03707fed236d0cc3cb86c7743a655e65446f988b18b02bd
xt/61514.xtx	356	59a7cc4de8779ce09bb04cabd647a41f823a0aea41f63322e80a7b5b6bf33a07
xt/61515.xtx	282	8dc12064c62d70ae4c4887588d3092387dc332e0e12af398b391e28539fa61e2
xt/61516.xtx	328	bf036a727c8e214c6f76ed659564a3cbf0dfefc98ceff855ccf0e8bb4a545fca
xt/61517.xtx	385	7189fe8db59b8a364c10236d499a37fb669968f2b84922712e2b6867029f885d
xt/61518.xtx	391	a540263465d526e2b9337b53d0f3e5dddfed3cece535881a798a5a3691d8477b
xt/61519.xtx	273	66ee54b0e7f57f78f9d52aff6b7ae8e5a71f98075927a31e232701699a61ed9f
xt/61520.xtx	367	665dcebcb2f32454fb3898e570f92a1b3d0219b092461c4ccc1e114b5d0a60bb
xt/61521.xtx	247	d3a11427b7a11fe96420b52bd785eddf7f5c54f7d717617d685eabc8e81ec035
xt/61522.xtx	528	c33ed9ae321ef4210ebdc4a930403d824c64f0ea071115c604064e4bc5919636
xt/61523.xtx	352	2019d5b65c09e27ed199725673ee01884d4f9cc1699ab972ff6babb2f0b57ce2
xt/61524.xtx	310	cf3ec1c9b238bfa12e73b9a32cf5319b073431c4f1ba7d2f63eafa7ee793e98f
xt/61525.xtx	291	926e9b0fe6bb272b031fec66fa5b18af9607e243bbaf13c31e41abbf9c501cca
xt/61526.xtx	306	c5c28c443c862654cd94b12bc9cdaacae0da36b925cc3b466f5e793005bb41cc
xt/61527.xtx	399	f10ba6c85abc800ec606edd52b24dc52fc9a42565cda8983712bb88aa4766450
xt/61528.xtx	385	d382414b89109ae35634bf45d7e06d3a91b4ba15a5fa5c3dba082f1b2cf25e0c
xt/61529.xtx	379	a8490b143f0642bdf7c4237166f4eef0a9556e781858f53bda60a1ef4379db63
xt/61530.xtx	405	d02fbfd93180e7cdd52a90e99373b7fb4f1df0f4b947465b8a9a4e33b629d7c2
xt/61531.xtx	243	f642a21cee2736ec6e228bdc2f3d95c17b5b7140e1b50f2be7fba5033dd4ca67
xt/61532.xtx	378	ed3d2005b19a5ea493c4b9f3703e9f11001de6b330da2c39c215fea73397fadb
xt/61533.xtx	243	a1c28c4d92c9afdfec81506eb36b9367bcf6452995a9627dc1fd9f718d4b110a
xt/61534.xtx	305	ad4ff3dd9f31970f730199d3271fe1f52942c88def098c099a45ddd3674f5ac5
xt/61535.xtx	269	0fa95564a445e57c6ac74285cbc90021572af058f03e7ad707fcc124595fe9c5
xt/61536.xtx	391	8fc48d58260f469f458dbd56269a9ede54d06d429d25a293ed2be12ea64f6c8c
xt/61537.xtx	229	8543af2c08381eb0616ea402a303babbc7e5e0c69a27f3e82983e17d9024a7b6
xt/61538.xtx	237	bd26f07c0a8485896f7f41744c80c83adcc1f56cd3a892935fca8a814e180a27
xt/61539.xtx	266	646b797c286a31cf15249b5b48e71d7e5d4736d719276bbfa5dac2bcbcfc30ab
xt/61540.xtx	217	757b67e21dae3d6f7b99f78360df109fe0bb5fec829b76077782a162990ab9a5
xt/61541.xtx	242	67bf2479fef976c533b5918bf0dec11660007fb759bc1f24d20535c6a34cf943
xt/61542.xtx	490	48e01ab19b19fbcc98d7b65053a335fba86ef9deff03005dd66218e761694129
xt/61543.xtx	466	15d1b7200d95f525946bec2b25a39cd4cbdedcbe9c03a30db28b02fb54328779
xt/61544.xtx	417	60baaa295c685c9e048de5e6634dd10b30cf074cacd121342ed9a4614abc776e
xt/61545.xtx	406	e7533c12eb75d5dbd82ade5cccd8b2cbfb13c0782a8c88878b448763472b6f22
xt/61546.xtx	447	95aeccde5de61b613ec0afb6f95d532fbdc19c0c6234d269de6a30e7bdfd7812
xt/61547.xtx	385	b6500f79dac6c024bae510115d715ae22b29fe58f583fc38d4e74276b36643eb
xt/61548.xtx	293	bef5f945253c8482bfa463f7de45fec15e87867c5c61084583df14a59b188799
xt/61549.xtx	304	6b9263efccdb96eba735bf8ad1a7c4000f4f9a55fe578b703649b6e02bd7bd55
xt/61550.xtx	454	e5369e52f1d132ba631b21cde82b725968585a9c8fc75cbe301f054e8a9d0da2
xt/61551.xtx	299	632494ccc8a3b8d13834fb25fdb3bd649897a9efc6ed308c5239a654eb69805d
xt/61552.xtx	249	157c9a8579f76dcbb2848e7edc2463f22a2aeab535465f160fb2ff290317afd8
xt/61553.xtx	340	9b63e2fb9c59fdd3fd9e5d7495b3c2e88f3fad639ee33c715f83dbeedfad0a47
xt/61554.xtx	285	b0e34725d4efeac32db722c5457ad3bca08b19c839ca9d4cefe84589e76c0511
xt/61555.xtx	580	656375393c0f4ec256a9bec138b9e6eec26033597a7ee1828b84a319d7f47de0
xt/61556.xtx	289	70932621c41ff5e90b428df8170bdff899b728586ae3b0b68402466e7cf28111
xt/61557.xtx	363	be26a0129bd3383ae3ef86c68b1ca699abe35886d65d71b92c069d2f75db2630
xt/61558.xtx	348	e434a1acf2cf5c3812fa1f497d4fd701149e426e0d4994f94fb22eed1bb74f42
xt/61559.xtx	342	7151ea762f7a53b8a1c7beaecdea036feeb5c1aa5798f0baeed76b2fcb71e5f8
xt/61607.xtx	302	ab9c5745eae5c897c061eb33363bfa9d63636f4892287331894a3f904d271349
xt/61608.xtx	528	3e456445e7fc2cbfc8b4c498715e6d5e6e615e2bfdcc5c22833bfa56461e4d14
xt/61609.xtx	282	f862c0d09275b68976b4644804bdfb0baa23bc799bd76e662e13961f1d7db884
xt/61610.xtx	395	e133e4bdf9d81753a8a950a399b94815770189dfcee1a4573d599dd207dd1c78
xt/61611.xtx	242	9a3990b377f43248ee45202230b2c96b304d68bd022fcfc9a8be72eebf651e60
xt/61612.xtx	325	1ca51e945dc43058bba41fa6ba4ffe20653abb079a4ac737d9025903853be128
xt/61613.xtx	598	d3816c5819507bc7cda90bb00a7f9717c1b9fcc57b13fd75d42a1d757e606acb
xt/61614.xtx	269	f186ed4d0bf8894705f7c760a714f1090c45683bbbad7a892022f02e00c26ffe
xt/61615.xtx	271	cb61cee0844e75f8089f16fcf7af6e5a3417a52a0d20d8fc9bd40c3bdb7a9881
xt/61616.xtx	324	957fd6678d1506c85222eb035b7af01ff05d93ed9863525333c7885d293e556e
xt/61617.xtx	267	1d7b3e05c4124204771b5090f63886939e42e6d1e11de867a3ae7cf0dac01e72
xt/61618.xtx	278	3b4993c95f6e5c7853fcb65862005adb74e2663e8910756148edfd9d763b3a68
xt/61619.xtx	406	fda83ec02e6e8d423ae801549ae6ed6ab9bd45e3abd3a1e32e71543c97f62646
xt/61620.xtx	251	00c42db1c4bb504076bd2b1b0a58040ec65981d803e2423db9df723e93d98924
xt/61621.xtx	216	3feb0324f1b7883cab683d1c103b68550bd8a4bc9b5d059e3aaa2be3744e9caa
xt/61622.xtx	209	822b9e04f3125f808fa7480450974877450ab3f0f01890782bd8a6919ab2b2d9
xt/61623.xtx	246	fb52c2230a841e1b3393478962edbc394ef4b87be0fc4f6a3d26bf87737290d1
xt/61624.xtx	209	822b9e04f3125f808fa7480450974877450ab3f0f01890782bd8a6919ab2b2d9
xt/61625.xtx	213	31386bfd0104830c877981881a5cc866ca9a5c51d727915272c0572c3f41d56d
xt/61626.xtx	243	7b53ae8c5de8ded79951e392174351e643d200c8626bb27328ec3cc3e4c60f50
xt/61627.xtx	245	5ca1f5103e43db88535d94983b2f188d1f11dec5552bd52823e315285ccdcecb
xt/61628.xtx	218	0504e83d5d762c53deddf56e7e0d5a5f8775221bddb90c3f5d167645a8ad76ea
xt/61629.xtx	212	1c9567f3ab85b7bbd9aa7510f6caeb2ac922c130aac92e905736335cef742213
xt/61630.xtx	200	314a54ea60c80aa7a49d3f3bc1dad94c1745b9d90408c830eeed1b35f06f0fe8
xt/61631.xtx	211	0338f94544d39161bf849bb75c474bb819c87d1d5c01967f41ea795b5480b9fb
xt/61632.xtx	230	48f140d5a72ab4d259866ffccfd0d7550b4bc83fa0e56e95fb1c0e2677479eb6
xt/61633.xtx	251	7822f868d6cb6e06f4fa61362963ed743c65a77a245983ee9f1834f7dbf01525
xt/61634.xtx	229	f08f8607bdcedaa8a4a3efea6482aa781cc8e5b344897cd66c18c36d52f5f8f8
xt/61635.xtx	373	93066bd6fe229b3af052131d32ae64359652e2991e2371f69689f745333a9d7e
xt/61636.xtx	255	b42851ba9eca78466220549de6896e876042c4b8c7d672ddd9de4a192c8c04f4
xt/61637.xtx	314	64da001863794a607c13e2977ed33d3b00a4e9dd063f924cb618f84bb55f9785
xt/61638.xtx	257	5853c55393270124ee755f3de650d0c01b1bc97c0708449b10c7ad90e7f4c1ac
xt/61639.xtx	268	a1084d3ae55cb0741d36773ec5823e4bbfe4708b2093f23266af5b731bb4c8b2
xt/61640.xtx	292	48bb3865329991a40b68521f061e24cfff2233e9aef53eec46d0453de9f923a5
xt/61641.xtx	285	a65c85fbd0c10dbf073536119cc59624634c9f4982f6a1e15d96682a0732fb16
xt/61642.xtx	256	f3e1c96ca06cf908dba3cf7bd9afdb146a0479ce8510496021d568f709b20140
xt/61643.xtx	339	1d984ed6ac205bf3a6c1763f57fc802ffae574dbd9c2bf1e8238cb4c38bb8719
xt/61644.xtx	199	94ead022c2e200df2dbdeb3986854989854431423613de2d0a155c5b1be2c4e0
xt/61645.xtx	258	93d8f9d834d65ce4b53e0ea27649ad09b328914246ee9a806968d02ab630fa03
xt/61646.xtx	245	06456571a5ec8d5876d49a8474ecc214fc618c949a086efa3d230f0e2e4ed7e6
xt/61647.xtx	241	9e6e30afdec78e215e8c1bac79d006ee013e28fd06bf3c8c1ff6533a76b78cf4
xt/61648.xtx	253	5939b5fb1d059cfcb4f7ca17a974d927203eaed076c2071d7f34ecf5a91e3feb
xt/61649.xtx	277	2947ef99b22d9801445ff10128e6b9958374933c198c9d85cf428b207144397f
xt/61650.xtx	242	0e1a9f5d5011623afb04314bce9cd72144d386d75e31997a8246637083596b18
xt/61651.xtx	230	1a1f8b3bee1a3847d0136a93d5600fc424ad60e0dbe6e78f36912a864e81cf10
xt/61652.xtx	273	2b26aabfbc15cc0cf6279d416b167c48830466ea7d1aadb75b2f8b7c2f03ffe4
xt/61765.xtx	309	703fd866d4866db109939dd60bd51fb85f4e5e87fe5c3da58d7ced72f1d313a2
xt/61766.xtx	746	8778fcca5220eebced65795c075708c9ebee0ed41aaae0f676a3e62a570ec41f
xt/61767.xtx	1022	74b959b70c2eab73d511257981329e0a2aff8be7e5c5a51db04fec664431facc
xt/61768.xtx	616	6cdc50e90cb0af0fbff715631b7deac531a9363b47341845fb9fa2dfb5270cc3
xt/61769.xtx	682	9d56b637d184fc78385ceae96f10a321d3d38aa7f8862db39a22e44629337fa9
xt/61770.xtx	770	e2e7cc02be5715f4fbdb037085986f18c37863c27098d4a7a09026255cfd6571
xt/61771.xtx	486	7690582030e80608e848709b6e396860820823c55aaab62430565182da110309
xt/61772.xtx	767	f55d4c72cd6290556716ca671a0acf952c4a8815c631bdb14ce8bb6e2e168e0a
xt/61773.xtx	248	513be6eeb409142abd5cbadaf0d00f94a23864fe4cb881df1b3d2043ec57bafa
xt/61774.xtx	1566	243bfaac82b82d0e34a464a3c5cb132d63984b25b58295e5dc848dc0be8a76ac
xt/61775.xtx	729	da0282434fca87893607946430a2643bcefe2b10f7b404e7de14164397f522c5
xt/61776.xtx	226	0d31701039204a8305e25c8e370b91e897870dd4f9ed8b08c91c38cb28e73714
xt/62868.xtx	280	990a6fb15b9c154232445d78c2ea844f30037ed454bd43ab568a87eaccb8559e
xt/62870.xtx	213	25b5e26e583ed1509aa66ce335a60fdad5d7321609e5353e045ee5da2ebede4c
xt/62872.xtx	317	aaa001113a831e05c3413473557f52dff36088fc16dc9b801ce76cd43cc1cc38
xt/63271.xtx	222	c4469283ec438518a578102cdae5c252f082559fecf32fd0aea50683e16f30c3
xt/63302.xtx	313	464218c05996112e76d41d8541cfcfd0a9e72b08eac06844b7365ed95f57b90c
xt/63326.xtx	385	c4b80ae095b86ab41a66a3c5803e2a2c376c134f8265bd4616d2506471a12cb1
xt/63329.xtx	417	05bb3b7b9bdbbc2dbceb8a871b5c12fc491900f722365ba885253e06714e3015
xt/63332.xtx	558	98ac95aa36a2e9e6f251dc539e3ee4123253866dd8d5cb944c9a6f53db0aa248
xt/63338.xtx	416	8f3e57d4732f9da10d1c9452c9f14fa21548297eb5ab1b144a3faf217206f86b
xt/63340.xtx	332	b9ad4f6c2e43978f7e41d4cbe3f927e21637a9509aa9f9f29f0689431637c60a
xt/63344.xtx	475	5afbe524dac3a2fb56f5324c54bd46b63fcb686e1972f73936a1860c1cc50d8d
xt/63354.xtx	282	3fc3d82c23a9a958501b84dd9e59d80ec9d24626d4ada2997b7888cfb7ebfe86
xt/63356.xtx	484	3450e00782e3cebb76d11c6cd40d14f62690a0b17e362da299f371de3946bb96
xt/63360.xtx	327	4608aa242a42999b4e64034a70c6e0d0d34f6f863b813e5e587a322e03e7e306
xt/63364.xtx	531	20a4196012bf7651295a5b8cf653baf3ab853136437e650ca28b3c2618847b29
xt/63366.xtx	620	afd808b545ace9b7c554f535183406934bc4ab6565785a3439917a69df7a2447
xt/63372.xtx	287	33f232040eb39c2effc999fc278f4ed14023a401c50b8a10ffaa96b96ca64b7f
xt/63377.xtx	354	6b36947a8a9f278e5291e544a2d8342da4ff46e264166b8325ef66fc710c6a99
xt/63383.xtx	521	d32cb016b1d79a72ba3609f5b993e38f0a688a689a324249fe66a479fd498cc6
xt/63385.xtx	191	e1907aeb1a9bd0e3a10c6686ae4d376a3a2eda1fc9e3b58eb440d1c0fa1c2f96
xt/63672.xtx	243	67bd13af2077c891069011dc2e3b2b32506636ccfef72dae0242f1f72e89bd19
xt/63682.xtx	236	66f8c6ff20a4f6a89197fe2afba27270f7518487cd9bea46a6e70ed1fc81f971
xt/64497.xtx	176	0d400ceef549c1c992d8e36c19c3a4329cad9a2a8c4d2949b4918a0251c72692
xt/64498.xtx	253	df2391b33d39dc234de6e795e8f193bbea7b6f7d27cec4f95365d6d2e515b452
xt/64499.xtx	185	0f609d3b85c143dc85c6912683f87a75a19b4c4e0f24f90fd27f93cfe67ee5f5
xt/64500.xtx	181	117d2f9aab0afa1a59ff8b0552839b7bbb661b4b204be979925bb8c2d2d351f8
xt/64501.xtx	216	ece4d687f841f76d04867c6308888e552122c778aaecbbce17a04e0cdb6f7234
xt/64502.xtx	248	51dd20bf82187bccfaeb65da1ff17ea1bf0d5506bbe6eee4e4e0580a5ea23c19
xt/64503.xtx	248	51dd20bf82187bccfaeb65da1ff17ea1bf0d5506bbe6eee4e4e0580a5ea23c19
xt/64504.xtx	223	aa71965a554f4fd9952bb3683f79e6196bc19f974b09f7a57d119e3bc18604aa
xt/64505.xtx	223	6f704e02f6ace0e0d2228745d7a39c99da41105ac0c97e234786176b5ba8fcc9
xt/64506.xtx	224	9d5d70b0c44c91b118d8cc6f078a1c04c13b6ffea90293f588cc960a538f8487
xt/64507.xtx	247	31566bdfaff301ee492e122173fd9983c35c8c9d3aa4f14bf1ecafb54b10fdcc
xt/64508.xtx	261	51377e8bef145ae7c52dc229e40c1c299e26af575d19e3aa67eb969075c2ede5
xt/64509.xtx	176	0d400ceef549c1c992d8e36c19c3a4329cad9a2a8c4d2949b4918a0251c72692
xt/64524.xtx	669	17938ffb5cb9947d1884cfa2e04bd98081d0b3750e9ff1a9c627b45a5f9bfec7
xt/64525.xtx	435	4ee2405fe09f05d100028e9b641bb05fbcdb49274f6bcb42da13c2cce6f0d36f
xt/64526.xtx	1091	e1a8460ed988380f7bb0a3db4d7377d4aeed46390aa51811b99f854ae8e5f191
xt/64527.xtx	306	c6ad5493904b1b691c2df040e649d178163c1060614555893d6c40a31411625d
xt/64528.xtx	2311	24b634e8818504560be005cba9be0f56a45e4f44572e4e6c153bcf5d13ddbf62
xt/64529.xtx	658	3e8c017a5197c2c874e4b54ac521c49dadb6edbebfc1b7d02460ba850c009cd6
xt/64530.xtx	461	de1fa20fb4cff5e001ccc3f4a311120d9b19165711ba6782693d94fe2994317e
xt/64531.xtx	1174	185507859818cdd31889a0df3b198f704e055132314e313b94645f09d85c38ad
xt/64540.xtx	475	b1c1990af3f0d8d0100c6bd330762bc63884bdf3235f9ac6555b4237cf27d2a3
xt/64541.xtx	579	3f3eea0725cf1affd2a3fdad0d34375f43a260259ead5ccd6fe7ff2a493338a3
xt/64543.xtx	484	3cb21fe6b68b94d4fe7a2452e92794eb57f4b6a38645f6879630d89d63656a0d
xt/64544.xtx	504	c12fd415a08170dccc56a42f721cb63c7584cd76f249450d37a62cc871a0ac48
xt/64546.xtx	416	52eaad00544627633a307c3e1cf0e26a05c4251ad7cea07e9daddb2847aa80c7
xt/64548.xtx	616	6ed6b8d5e747b392d9165fd5805d4b377f3eb3d04a3a5be9bb10509e2ae927b1
xt/64549.xtx	445	8a4754beb420aa248f85db0058618028af78cf93d3df38685a826497130ab23a
xt/64551.xtx	702	4e891ff637503190f359fe0c9bc1ead88a629a9f1cd25aafcaf512c3197b0683
xt/64552.xtx	385	9704066e00f623b6c21525b523876a6a2ed7de9e2a92431bfd5c7c3e04be1898
xt/64553.xtx	557	e16711da3469b4679dba3f84992b5e33b8abd116946c1d3b390ff13b62b058b8
xt/64554.xtx	111	8e588c533e4ef133b72ee4b380ff29cecbbf91b90a2d54b72b8e9339a28594d3
xt/64555.xtx	481	4652d05bd87e2a1b3eb5fb29733a3aa8a7e8687c13802cda1608cf1456eb56b6
xt/64556.xtx	639	1cf3403f8d916289c2a6af050abd71cc2ebcdd251b814b1f454eca6c7094bb51
xt/64557.xtx	475	d2f56ac87f4d1057b4920e316e745c19a3415015a0092acee4f4240fb34f3ef1
xt/64558.xtx	475	d2f56ac87f4d1057b4920e316e745c19a3415015a0092acee4f4240fb34f3ef1
xt/64559.xtx	437	81ea4740b3e0cf122246ca2e9167be2753751fe36d0c5a9e06a723f3cf8f3bb9
xt/64560.xtx	373	e3b0bf3cb71c4152db1feeab5c0e23800ddc6e8eb307f880d822fdd298c9b060
xt/64586.xtx	249	884ee20671795cc2107e24a2aa566ed4ee73a4d0447612dcb3dc3f44f5121603
xt/64587.xtx	215	caf6bbf466df99ddba05bc25e86a6cb37e650492ed9e3893e00babf178a41940
xt/64588.xtx	218	1e7cf37282b8a508711281e64b9a6d46cf04dac3571dfb45cb6f2e29462e3d77
xt/80249.xtx	309	49e0ef8aecc9d387f752b796c17b38eb3d2c4ad34e24a730e84bc56073e8d69a
xt/80887.xtx	688	0e063d42df1fb022f2c6b311686bcd68c78e810d456c813a7579f4b1c362afc4
xt/80889.xtx	693	eed99784c6ed3e52534e1c54201d47729cc3e228e7df72c8ff8017292779c972
xt/80891.xtx	706	d5fd7b2d5a50e136716b1d1415975da4638c8ecaffa28a688c1d692615d929bf
xt/80893.xtx	717	8bad1591226f9c28d6b43bae26185b64e0969ffd95ab71a3f1a3ff72fb0d0622
xt/80895.xtx	659	5ae09accb63459a4a8b52d068046bdaddcbd065bc0066f97906639574bcce30c
xt/80897.xtx	712	bd0890e58bf01b8716df6b8d8c14234885d8037e306d9dd9d211586cc24f236c
xt/80900.xtx	702	c6f0e0b3373a0472ae83f227d1c0bf3f42f840c9dbd04f2ef4674d7bc75129d0
xt/80902.xtx	740	d3306955bcfabc39b67a9ee6985172457c9ef88e98671dc0673cf889c1642d42
xt/80910.xtx	609	63a236176a8545b5f129e0ba2f7ce98e45eaf01df831b6aec4e6da74c8bc6abd
xt/80912.xtx	465	c685d02df200d0466083101ff9b7b1625c21b256ace62a314af17469995ed3eb
xt/81279.xtx	513	421d80eae1ab63322cd7c995ffcc5ce90dde51322665ba611c82b67aa1d4e19e
xt/81280.xtx	505	9c339fabd04bca5276f08855e70f6d4da743c379e9c7cf4267a45089798083ba
xt/81304.xtx	445	46a263750b1e6143ea0e34706423e3cb7232dc2328014cda6a6cf27c773438d8
xt/81305.xtx	267	060223307ad50caf37ae08c5a3c16903573cd283652df4487e56624fee02391d
xt/81306.xtx	364	b0a048791c2c5f80fdd9bee69f10eade76271356dfc65a4a755fb93e721686cf
xt/81307.xtx	350	d099e70ba2d28abee166714e66ee167405ab1f0d7c79433b6acde0f6f31232ed
xt/81308.xtx	283	5f73fa3ea948550448aa27e58ac3e4a63db7e1e2de9b450b83d91391305720aa
xt/81309.xtx	202	8756fbe19ea9e1813cb451f599b9a28e3f6088288d05f8f719a6b1fd2e4db1c7
xt/81310.xtx	654	ea5c4e9c055ffb1085312dec19503464f3cf0f000fad71e6af51ba233e9ae8e9
xt/81311.xtx	809	d5cfc015156ab4b8584188574459e505cf5602bf8605b9891d3fe12d927b0b34
xt/81320.xtx	1499	e0b036230acc162ae791e6c9bc00f6b8e4d5e73a923b9203365fd766902e5c83
xt/81321.xtx	1440	3ee6411a365b4bef7114c85dc209f2a222c30bd0bd030e0406893323a2c9090d
xt/83891.xtx	760	ecbcbd1ba37677b1780a3d74c5224ef5000c1166ebc732461e447f60dfe79a89
xt/86072.xtx	254	54d960d1bcc460ed75eb53598ab11c66486198f9f4e6a338f3c06cd1fd9754c3
xt/86074.xtx	96	38c61d7bd97479381aa6c42372b530adc2ae9ee63b006951f79516c8777c956c
xt/86076.xtx	378	90e3cb64392cb92daa33018a76e382a768d78fc32c62257123b00babc4c9d780
xt/86078.xtx	284	7df2d7c473b833471a6e55ed32623980a29d6b884396b7051982854ce43d806b
xt/86080.xtx	616	507ade972e121829d05c42c7b50917ab1efc8144043161f135a4073697f1f3a0
xt/86082.xtx	13	2ab64517020b392a9fc812ab964a92701d227470faa4b5a000f005f65df742f3
xt/86084.xtx	13	2ab64517020b392a9fc812ab964a92701d227470faa4b5a000f005f65df742f3
xt/86086.xtx	249	2a8b6cf26461a5c523f72d506a3c1446531e57967925be241d99f8dc3d76111f
xt/86088.xtx	486	87db48a42dd50e3ed93e380d380e1d34f5dbf1152a191a479ff85dd6d372f060
xt/86090.xtx	14	a7d6fc2c8a9bc1f9958929d73424e5d1bca8b4cd1bde40d86262d2f2618ad4ba
xt/86092.xtx	13	2ab64517020b392a9fc812ab964a92701d227470faa4b5a000f005f65df742f3
xt/86094.xtx	257	a34442370cc9f42d9515e5a3582bcfd23b575c048695e7c29cb4a6acb15eafdc
xt/86096.xtx	1099	a46ed74067b8f662af91b3b560eca916d491eab1b3592cb6c3f5dd7e4623dbd8
xt/86098.xtx	106	dbb605bbc19e1e7ef641947a539dc4a429810ef6d566d44189f8a0fe84591e89
xt/86100.xtx	385	a94eb0ff9441ac0ec91d99bf9237de1fcf8b660c7d4c7e6e3a0e707e996bd066
xt/86102.xtx	403	67a1eaa1dec64883fb6c64af0be134b1ed85a5cf921960ff35bf3e7f9e7e0842
xt/86104.xtx	269	325cb5b294a68e7a6b17b28978c232f0e34679489568c7b23af7c4ae0d7ea55b
xt/86106.xtx	51	dd6066a3774402578191ccd352791dd767aee38042a0dea527b81296b6dcfeaa
xt/86108.xtx	413	4a78e725bfaecef98198358c5d595966b068e2109e48f3e8e3aa609cdd517f76
xt/86110.xtx	298	3637538707960b210d4da74faa684bf76b2b267b50e9301a48b87b6531c14633
xt/86112.xtx	14	a7d6fc2c8a9bc1f9958929d73424e5d1bca8b4cd1bde40d86262d2f2618ad4ba
xt/86247.xtx	524	163e62a694ce0b65e14a213927be4c6c11469edc1b0493775a6bd6fa2163f65e
xt/87887.xtx	413	0156f19753da2e1257eeb81381db4721e9f8a9303e6d0191ee479c6a319db81e
xt/88440.xtx	400	d4a7a6df59f066be1c15b4fd22467d4195fff1655a4d44a33894df4bb9651806
xt/88643.xtx	618	e56fbcec9a64e50ccfc0cd84cacc8dea71db2b637e8c712043b6992b2a5ae052
xt/88652.xtx	115	7bd56366a1d0a6301d3292a87e362fedb050ef7307c15ac8f316562ce8175b67
xt/89077.xtx	221	d8d570c37a1144d1630002628778babb373eaeea6065f20242d0afddeb3e37b0
xt/90727.xtx	1701	d3619c99330a622d87d90d921f6b12d2bbb158efccb6b55a3f6947819abecdd0
xt/91101.xtx	1611	b0b8ad1fe26e6c4932ad68a1fe8488b3df310bc71bb97800b23a799724a3a3ef
xt/91103.xtx	861	cae1987209370ecbb63baf06dcfa224c821d459673fc2d179d4b2edf4d6e6ed3
xt/91105.xtx	880	60784f7b66208e3400f90799f1eb0e7789acb7b3c2780e1c23599530f834c8ec
xt/91107.xtx	2092	482533ae251dbb661048b7a8e86bebfcc3ace91987a4b1de30ed1fab441a3025
xt/91109.xtx	856	b788361a0cb171d0fe30768938c09b59f20df0291f97effbbe9ebaf599a43edd
xt/91111.xtx	802	a5e516fa52b5b2cad913e9719f4d9d85b04baff7f0cc61cc549f958a674d760c
xv/17923.xmv	8554329	5c34b881795ac1836945149c3b694a4e9724264b08acf526264545a96ef3e134
xv/19650.xmv	8794671	20eab00c434bb5d6102896a06cc2249080805dc41e5ff9b0a8bf8644ecef941e
xv/19652.xmv	19545515	810ec4692da18c4717c58b9f36672478f10717fb949e42a79bb48feabdbf1d5d
xv/19654.xmv	5543885	571992628746b0398d240075572d9156157c77524ceb449bab71af5a8e3270b0
xv/19656.xmv	2087971	0526762430cc8fcd37bd87cf879276a29718c6808edc7812a54960dd3b3b6c1a
xv/19666.xmv	6375967	4b6c782d0cd8cd4dc17ffdfe93ed75674cba72aec7d159241f10d79682e234bb
xv/19668.xmv	34838727	69cbc6568a0532ec31c904db8a3b53772f2c37d20dd622c48943efb154e43c6d
xv/19672.hot	188	2103f976e0fad4e6321f31020bc3e03739fe37741b12fd0cd1bfcc25463efcc5
xv/19672.xmv	5377858	408df3d58309abed84ba11b904ba8ce1740ff4d1e877f5dd5f12346bbe65bf9b
xv/19674.hot	168	365537fce88f7f907ddf6c7a12cc022319358a7ab9705a329c82ad7e55e52547
xv/19674.xmv	3235755	57def48bf535f0581fea3670fea0d55fe1fa67dfd73f127f76ee53febd98cebd
xv/19676.hot	48	dffb424c19f9a7f0298c112a78a3b36655abd9eca7a4b245bd66dd53d9df8273
xv/19676.xmv	2872272	8fc71b1c707211cc7a3d8676dee4c8b3a8942f5845ae73731b81cf72ea650b58
xv/19678.hot	48	2f794e11a910bd617a7b0c8da5789363338df772be545f8631589e4d73a1bcc2
xv/19678.xmv	2957108	4b553cbe0beb0bb4c77695df0b3e1e513ead414110b14ad7e8692ee93083ee99
xv/19680.hot	48	d2462ef861fac15562a1d72058068d7c5465520a4eecb0a2043ac1e078ba36c0
xv/19680.xmv	2172819	8b0b3cd6375b3b022973dfe79493bf13613f253061ff06b0e07af43d570b1004
xv/19682.xmv	2807586	0dc4c6ce83bcd96dc7d5867fbec98c48808799e95d5794d545908ed44c2fb99d
xv/19684.xmv	12231117	a6c262a8ecbd15fd12e15da4821128e927b4e32cef71834973b24affb0d7f540
xv/19688.xmv	7236854	b24319f77b50ee499d52ce603432bdee1b7cb3dfc98f102a36e75a62109da79d
xv/19698.hot	28	0879b544adfad2502d1d0169a6cae3e85e27947b32c60c3eae9f89f90659559a
xv/19698.xmv	2329875	80e021ba274df26cecb22e4c30e7326b628aa318733db5c2cd5fe943d0566197
xv/19702.xmv	941193	c4e21475c90f76011b1adc0a34c52d5e74bc53c41b8ca1b3a8e859ffac9d9875
xv/19706.hot	48	d931a1d8fcbf1cd66ee0b39c9a819abd54a73441510401cb07a0affa5017cbba
xv/19706.xmv	4461492	bd10c8c0e43cf8edcbaa4d5d799543f6329a61c010279d98e8d6f32b12f6d3e7
xv/19708.hot	48	619f369b1b6e64f4682905365723247b045bd941a0f84c2e76f5cb98e82c3517
xv/19708.xmv	4106172	6143063e5b8bbdc05e81b1d5c0b9b242f245b1e0e4c89bb7f8c253f6f1ce869d
xv/19710.hot	88	e72dc3c0fbf4e287cd8944a34ab72f20c4a8bdfde1523b39314c6a1823923522
xv/19710.xmv	2382984	3dbb8c1e49e8220f3a62adb5f6ddbb23eee9e8bcb3c92d136caabee850d9da21
xv/19712.hot	28	f236a61b9ff1448be9ac845e026f3d226321f75090cee7f4d087a3ccbbd5e107
xv/19712.xmv	1059564	042706778ddc21b2e6ddad84fb0b1e60c803f09332d0dceb43af64ed484f0c8e
xv/19714.hot	48	dccd344b112df20d7f2c041e902e63513672fd84fdf5e28d65a7ba7d44686ed1
xv/19714.xmv	2821931	e576ddb9e90aa1d62fb402d289b4fb6acd29a6360b5e343c2a234ecccf177f4d
xv/19716.hot	68	2743badbc47eacaf60e12cb80a8b88e0b54bd78de60f6657dde9c14fccac2703
xv/19716.xmv	1850281	7fc19a8768a902da453c4a709f126a0e387ed764538591cee162df58d96a386d
xv/19718.hot	48	c50726d03948f2e5e54bc8d460cc135eea937a64c1deaac101877b3a11f928a2
xv/19718.xmv	1762800	2525464fa52342068b8ab253de781da014d7044b4226cff25921f2577f79a65f
xv/19720.hot	28	e6d36429a37a118306feb5e086ee8cc6dbb15ac4567b2ae7dc6d7f52e181432a
xv/19720.xmv	1092782	65787ef5bd7ffaee36eea8aeb47dd3c4847d61a89ab0b790a5b44f1aab0f3a74
xv/19722.hot	28	d922d18df9ea7a6599d30bd3b1a02019783f0e9dfa57bf25e6b416091c7ad5b1
xv/19722.xmv	1265623	91184f95bf369ea02578c7d3906e567740192c88e0104a96f57787ce3cc88db5
xv/19724.hot	88	8d6e94bfd537e4b23204e288d840f9a5f97a4a3129d06810e373f72ba248f5f7
xv/19724.xmv	3450834	aa96a17c6c52a0bf7179d2888733a7c8642019daaf43477b11fb33729250d90d
xv/19726.hot	28	9a7be8d3a803d0967c966b79d9a9da4bf59274d7dbb974443a3b2160dfaa116f
xv/19726.xmv	899871	5f051b08cc62d70c118fa709ab304052eefa572baa4c95c6c900410e3ff71e0e
xv/19728.hot	128	24204eb68db98dad5562da0ab46fd81a0d4ce73a54fbd3872c277423d08e889b
xv/19728.xmv	3711549	72c7210f33c75b93a6177167d84f8077eca704bad444172bb03553bafaeb7a79
xv/19730.hot	88	a00e26fa6a2d6ceec7879a72ca76f46371c2b9a3cc4173ae46b2060431cf4db4
xv/19730.xmv	4948940	037ce8b28b75437b9d26342bc73b48fbdcdf2841a58594ce04e045eee8116d4c
xv/19732.hot	88	42fde25b318edb8369457fc54e3d08408b83602b53a261bee0da28630992d458
xv/19732.xmv	6429432	42772de7e01f30c54757c254d496f3ff07e09d67fa0047e3102b80008e1f6911
xv/19734.hot	228	75f7402c0d43960a35864e0b27ff01c56921ef6e5a1a44db5419943ae8e62d1d
xv/19734.xmv	16083575	b754cba1012e9d06109fa8edd4bd283ad094544e65e06981e6451e11b779fde8
xv/19736.hot	28	6a14153bd0d12e395bbaed0f87263522598914ba8ce652cf9abdeab052aad4d7
xv/19736.xmv	2177891	f1ff0bb05f0bad8585d35908c0daa54453d6b56735c7dc92449d98cb1a41cac2
xv/19738.xmv	598324	d387dce94b621fcb3c2a2fb8b62d9b496ce27c40195c8d41f08404547403f7ce
xv/19740.xmv	447634	6ae910ad78514a97565c695848316b375db6a7192e39b93f130cb6b772c45b76
xv/19744.xmv	669672	0932da19fb87f2c171091cbcce5e2cf2fa8986992460d3aef217831e66aff287
xv/19746.hot	28	eae35acdece450409637c7c3349822a6bf2f1f2b218b58b9cb0397d23ebf2570
xv/19746.xmv	938292	350d997a28f871c9541c4f4de7dbb14416fb13f0eb9135f0ef91e9436605ea17
xv/19748.hot	28	77c74aadf11020702e3729d6ce684d09fcde73a4b1132d504affc9561abdf8a4
xv/19748.xmv	1333972	633e2da69d2c8c0ae99fb9b17f3a740c477acc16f52cec073fac2c070ad6e164
xv/19750.hot	28	a515f7a7019c019d4414ea08bc0833e7585b10855b81e540f148220135929725
xv/19750.xmv	635236	e03477251102391cbda57929a4c81da2854d68bbe4a1c5b63fae749c12954c27
xv/19752.hot	28	622e0968e7b8c5deb06dc805940880689ca59a6a7b0a516a93e46416c300e4fe
xv/19752.xmv	1646552	3d163e6822eb11fd4d1b958e6bf92b48715b4b91e715d77cc490061e08232b34
xv/19754.hot	68	4e85753d5e158aa9e1a97cb4cc17f10b90224cebf230dfda38dc35455c7e4944
xv/19754.xmv	2189404	5410600085a584a522a1a5e71d6f699902c13a8be73df77d752a7f0badbd037f
xv/19756.hot	28	1db585059045c93a720e29114ccce38c9a30fff5f9c2dd929871c7b54a1df2e3
xv/19756.xmv	749066	68b802c787c153d1309adac8c29a8b6840e1de19bd67d421fac5ba148a9a1d30
xv/19758.hot	28	9b7f39909b9d426c3f91af8a7a7348709c31cfc0e69310598c968ddbfda9ea1c
xv/19758.xmv	3082413	3cbaea9a7db0992520b8ff5829601d7e113549c2c068b2adb05a345b482e20f2
xv/19760.hot	28	6cdadd72f9e1730511be506aca81efdf9de4dabaf0990b33879d03a22ccea092
xv/19760.xmv	982957	ffe1c42f36fb2d36f9ab3a6240e2d9a8e13df812777be3a918802d30dd073884
xv/19762.hot	28	11449bc2b901dbf8b8d60ace18404d5b50a88dd4505fb46569bc00fecb5ab4dd
xv/19762.xmv	1354323	aacb09d104607f918f57d29a34d74079d4cf3714fd8ea48d6a50da559648e063
xv/19764.hot	28	7a94e6be9cb2407eb34e6e5fc910524af326e1f28160e13d1215a8a62dbee2b1
xv/19764.xmv	464946	8d4221d864fa0d9126e928b2da4c73654e1c26f6f0656d9e54a8d87336b081ae
xv/19766.hot	48	7a098858e99ccece1b5b7ed5bed28953505de8189e291ffd0b25bb45e672ce5a
xv/19766.xmv	2236287	8f3643ca297cfc05ece41c83a0a0efeeaa7bc74a901af77d02b8b6eeb0cf4ca5
xv/19768.hot	28	74f873edf238667d2b1e6e849e22ac4e7a35dfe251242a64b31e80888dfb0e6a
xv/19768.xmv	1341848	4b08774a6535553990ced293f86f80a8361c3be147fdc03c0677b1dbc80341bf
xv/19770.hot	28	871d7e9179977874e5a1a2ad3ad7fc9f3d50a91929024349c8ab07ef2229b9a2
xv/19770.xmv	949891	be226108a93f40aa90b8186a118c34fd62b8a963d27bc88ab831ac00eb98acbf
xv/19772.hot	28	67c197fefb08eb61002f41b5437bd7ddf31d40dd4fa6d4217f1b9595b4ee3e7c
xv/19772.xmv	612106	fb7ad0ec1aaa0b8c6dbc8b1450409c30fab7a53292df9ff4e40ef818649b7071
xv/19774.hot	28	070f5733aa39dfdd5a107596bb5ae3fd568b228401f403ba8259f9ef4a903afb
xv/19774.xmv	784314	65fe9100df0a797da2431ec99b250308b3d5003ab0d53004626ecd3cc629449d
xv/19778.hot	28	d57d37e57523b0642803472aec8281a2b816ccbc6951cfa38bd900476b7be262
xv/19778.xmv	1691522	724b4f4efd745d31a17c74fd7b64c8103f7b77faae3e6823a433ce04257675a0
xv/19780.hot	28	ffeac672a8116c578e6f48d3ddb3b8966dc662ebc6e9fbd3dbf64c57da02fcd2
xv/19780.xmv	760220	119582487cccc6a1f8ae5cc1ac96cde51a40c2e21a6f2ce34305508d3121847e
xv/19782.hot	28	0401e2b120b8dff81a757ff246140660ab746b3db51a4ed2e355d867d494841a
xv/19782.xmv	1525947	83dee9f24a7b3708596b9d23f4d5ebab24158fc1409ad30774c5fff383ffd008
xv/19784.xmv	364476	6aab9088e87fd267c17e69e9f91d1e7fc3ff9b5af64dc0b783ed1672ad54ecac
xv/19786.xmv	541743	e088c1c8ed7ea5af996cb9638a8784237c742e73c32f0684e632751253074c94
xv/19790.xmv	576798	39d358eff4f8d1ef69feb41239620ff133c0786252301bbedce5de3d9250d560
xv/19792.xmv	595972	f099c34cc278a4753833d5061da547d69af24027f196b14f5d0cc8341526df64
xv/19794.xmv	675532	c178c167656af5daedfcbca899fc865e9c0266955813f62849ec531d90c24c83
xv/19796.hot	148	cfbd7b8b39611edfda83db5428fd32dd1ed2c0049b76a9dfc9df07aca80f5af5
xv/19796.xmv	2511612	e96704fef19baca82b69c5eaf3646177949ae213e779c763b80f48d26da8efab
xv/19798.hot	28	4b35dcf649b2d701855f6a85880416aa77d214376b010962ffe459393dba1543
xv/19798.xmv	741556	6d84f9e49b7db1fa4af7a4ec5be8b9f7355640ccd7485cd9b22bc3e26002b3d2
xv/19800.hot	68	882405bcdb4dc8ab08ae58ca12ffc015159cbf978cab16ef6467f543f988a2f7
xv/19800.xmv	2458307	7df9e6b7bae8dc131caef0ed097e476d68e613a787b46fc027b45286217d8515
xv/19802.hot	48	06425118b7379c7dbde69242fe65b689850f29897b8fc205d5bb84abbc55410b
xv/19802.xmv	2158864	de52aa18f7801068a16f51fb4bc489e3b54ecf5cfe0076344fed1a2ffa41b820
xv/19804.hot	28	26f2c8ded3e751e54b9c00940c728b773d49398760b0278c909426e439338dc3
xv/19804.xmv	1913163	80144c2f147cc807014ac2de580f44a47a74babddbcf8a18a9ef04a6caf607ca
xv/19806.hot	88	a65372b60c492a106d3b88f32270564efc7014a7baa95b24b47c7aefdea7164d
xv/19806.xmv	962616	304f9684449806c93b33e8db0da4af48e7191f301fbacbb8b34051192fa0cace
xv/19808.xmv	1199032	8a2ba61f76a6b9309a1139d5658fcc33e30f120eb1fd5db1564460dc655bd0e2
xv/19812.xmv	4115434	b88d60abb0c6458f61498862c539b886359e40d300ba8186c16d2c0c53747b7c
xv/19814.xmv	716657	7412b444e2ce457e00da58533f3db24944d19f355140c910f110951b58837b63
xv/19816.xmv	1635260	09719b5ecb80c258254df0d3f18c11f05431f0aa12d08e7135bae36c99042caf
xv/19818.xmv	617724	b8730802420ed135e263f921ce9a0791ca54b6d648f1710dfcd3bdba2f6b6be3
xv/19820.xmv	2184762	fa36e46ee9c5be4d01df2f260e6b53cba3d9d9c88c8b80f454bfb1fc8f61f740
xv/19838.xmv	732600	35f50ca88dfcc033c4ae8e484b43233ccac9d8b5f3c5e19c745b21ab595d46d4
xv/19840.xmv	336101	c367476ac5a4874c5d9bf9e0a3e5ce6b592ba62c523a99c948982cfc7dc128d4
xv/19842.xmv	1089629	762e13922ec0fa97c7d1f3377e3acfa3048f3f5a804830327bfa09822919a10e
xv/19844.xmv	395951	8e7e81d7ed0a6190c727a8d99f1998c4978131a71d2a657ebd9cf572a6561bd1
xv/19846.xmv	633337	ce77ba11982f5ae57dd927c5b0fb12dbe43e0729ce278741e1de7eaf7072f2e4
xv/19848.xmv	453403	f8c3901e3b8ead1cd7dd20cfc941a8b6f971d21a8eeeb74edefa2bce9ce7e6f0
xv/19850.xmv	895991	7f6c941dfef728e722244c237fadb89526e044d64e80613ae10b7ab7238e30fa
xv/19852.xmv	415609	e7cda3035692819993d0c4ea91e074747af5551541029429d7fa12cd4609c966
xv/19854.xmv	366737	eef1284b72297ba4496eec378767952c76a186683ac9abf72f5030603f56287d
xv/19856.xmv	450939	c95e54278630e97c83d5d7cd344793feeebfa5a8fb8fcd27ae7ce0058516e40c
xv/19858.xmv	353884	4491d8aee4c8ea973f963e42c77ad129ee28a6099444294327af24ce4bd8d3e6
xv/19860.xmv	511590	a958cfd02642da0ec1bf0414cdf97ec5046a98b2f0cd1c1e2fade780f83b87b7
xv/19862.xmv	480392	fa177cfa27093c809758a8004f34051e78de8aac1cea16e7a617e78752bbecfe
xv/19864.xmv	637984	3e0411881fd55c682f81e3f884f3fac9fa3211e7529605d08c237b27fd51039f
xv/19868.xmv	400775	948d127664830b0cde1c8ad07660ca091e23964f54d94c8ef91c83f6c56c5cb7
xv/19870.xmv	477378	d5fe6be7c24a04cf51af34182a539c6a32c754329c99e8d78dc7e6eebd58a28c
xv/19872.xmv	169415	d75de5c2c963f0b52cc5cfd11cfdda897368fd149e76ee3f1215beef3777d73a
xv/19874.xmv	214245	f1e18be04c0e8caa987f932e07d0b649ca2d4bc3de87a567625c3916c83cf789
xv/19878.xmv	869764	01102cdd2a2e46046c6d6b6f060495efe848953b6ab18d57d2f55ae4696d8b4c
xv/19884.hot	448	83f92c0c6acd446165331cb8a0eb2f9cba5277609b1376bbd9c519ac5d73d0c4
xv/19884.xmv	6516093	5402114212d8a140defb5ed5381f7ba4e5d10a7f4c10157117cf4b17c5578e0f
xv/19886.hot	28	5fa3587b8785d444bdf6c38100322a3bb45a32772effc7c91112308d42235e5d
xv/19886.xmv	533182	e6095bc24eb7142af8c4fe3f3e8176aa8db9471d487b3560d5ac16d233b8ef93
xv/19888.hot	28	f166f2e0d31a4e6415b0fe74cf1f2e0b63748ebf447c4df9fbb8ddf692289a5c
xv/19888.xmv	1227543	2c7086d01bbd558c6d660a2960ba61653ccea9cd1f15dacf2e1d81cd5b50c8e7
xv/19890.hot	28	37dd58941601a5519b7014108a9c6c9f3704fe16055f92f91c898b3b8c0b92a5
xv/19890.xmv	471530	e5a2763ea96eb409b8f0ca3c80c454b2b35764693f48b5ef1cb05442a5557baf
xv/19892.hot	28	da3f853e5e5241a24be97906eabd1cc87b82694efd408a99226386e7fdd2abf2
xv/19892.xmv	1202873	08e34eed65795370b772c8cf2fb909f44d00fd031151ce1914d21d357e3a6b64
xv/19894.hot	28	4e075e50901b1352a09049b999db39a730ce08141fb991350fde6a8d313d217b
xv/19894.xmv	716939	71371cb8476147b21bf7daf0e99c0e1d24877537fcc8df6425d7281adffa786f
xv/19896.hot	188	d282658603c155393f3724f1517245f37db589c6c314b0287d75bc7201939c70
xv/19896.xmv	5305381	12c9e7fe3cde92a7f0b8be5dab2db9593d1ad65d339a44df1ee9ec465b0181ce
xv/19898.hot	28	3b1705beb3a172e16097c6d4af3ef35fad54d22e62688d95948a4d0185c7f62b
xv/19898.xmv	602500	0c05ed2c05ff0df697e282d4496c2234ac958e194fc66b340ba41af8caddbd06
xv/19902.hot	28	4d5463ae5695ac99d1124a7aa14940dbcba6690def1a4d19fddc6f5912478718
xv/19902.xmv	1326704	2f6f4877364beb42d27a5142edea61ed6e1cd58257c00fbe1262584ffd82cbd2
xv/19904.hot	28	3e51a6d0fae5da84155447a5b3caaaff45b9a0297598c49f91df8ff1bc1dabc5
xv/19904.xmv	662424	96172a8d11537f9ea1c0087fc242bbaa5259cf52b181b504088cffdd9c95e98c
xv/19908.hot	28	3f09f7cde98db86ed178426afb8c3a274bc55a6bb8f0304cfce012464b9c6a1b
xv/19908.xmv	2535888	cbcc7baa2ed2de58852763c69a4e2126fc81d7d47a7c482a2cb77e752e8861df
xv/19912.hot	28	d6927dd866e66cf4da9f0512b722173addec2a38fc7e181e9fff257886b0b800
xv/19912.xmv	590974	4bf5482d245284deaa9f941e8c55ae407c2ca20c95899dca7ecc172111265f6b
xv/19914.hot	28	f125b73c2ad02c4f809c41bd747f4620a9663694b58282fb37019b6cdcd1bf6a
xv/19914.xmv	741584	0f8d7b5be161a068036c1a76d338c965309c3f812af21edff6531cb5174e3681
xv/19916.hot	28	1eaaa3d3b6f6257385b5e268108e511222a71ced841252aad33f4d4f0bcc12b5
xv/19916.xmv	856353	dd967ee1b2ebb8b3c7b198cfddc1ce212ee3a07cd41c28023e9057d5a8cd9ff9
xv/19918.xmv	728977	dcf5959984a1e531d1cc2f5ca20e20ae87e031ff34e9ed4d73a707e133a921ca
xv/19920.hot	28	0dd98e0491bf1ca61362374f32fc684597c80572d1d674ade00045bafefde6ac
xv/19920.xmv	581556	4f17b1b202132403d077a293b76a7673e428ab1c2e861d490d4a07e08c448792
xv/19922.hot	28	4d234263b54751725cb410f01eb32ed1b838feae607c5d5a0f338917a6e07dad
xv/19922.xmv	927699	efae5f9af80fd8d5b12d96529bce4c6a4c0fbd5f0d9e9377e061388786fe5e00
xv/19924.hot	28	8d3b484eb125bb95fa8d9423e03021a3eff4f23d256d5c0f67c2edf3eff38bf0
xv/19924.xmv	693996	48c06ea3cf6c2758095425f2527d81a40a5369af23e2ccd7afea2d0a851c92e3
xv/19926.hot	28	428c72046151acf94cb37e81cad085ac314f11417ca3ef0af78f5763bde3a5cc
xv/19926.xmv	888207	24e7633e49bb30b27952d0df8c41f16a090e7c6ad25ec26f1efe0e30e24d0779
xv/19928.hot	28	5997fe3f2e6c17192d7eee3983e8093669f25388eb38a1807ee858c2e108c77f
xv/19928.xmv	1131384	a69d949fa2c075d92421729642831f3066660a59b1d3bbde9528a0153681a10b
xv/19930.hot	28	f85cee3b8e2ec9a7ccb1c6b64f36814a762c014fbefa39bb3228d1d074fd0557
xv/19930.xmv	2408160	56b75aa6caf1c0a7b78d1443cf02066a31ede91040d7f55590bd67c9a2c7e45e
xv/19937.hot	528	7e7280fd3cac1bd0a2aad8ab77652bd4913822b0fef3ec24ecdef6d79093b38d
xv/19937.xmv	16171276	df93568b4268e77357220dafd166504d967dec7a7d32784096f28476e479260c
xv/19941.xmv	452280	3faa5ad8661a52cb9010a23e12bb1a49d7ab4c3b5731cb7971243f3985652d86
xv/19943.hot	48	4e983ade7d6106965aebe2b9fafb1705394733e3ce0892d4229de34724416f2a
xv/19943.xmv	1149876	db329569b3ceced84fb18cdf55b69e08b7828df0e0a0a64cc3b473727d43b697
xv/19945.hot	48	d00c73eb0be3bb71fcab135f1fb98871dc57562b3195893abf6e622d274466ce
xv/19945.xmv	1363641	6d18ed100cf162e28e80b3f898cef5c0dd1615177fe5a7823772233817375012
xv/19947.hot	28	5a0e2afc6d721f8f098fbc7b79196f1b22f81965636ff460783c9c3f521074d6
xv/19947.xmv	1541943	e01fc9616c9fd3d070e1234ee858b2b5bdc2a15585a1c8821492923d2851ec12
xv/19949.xmv	514655	3b086cc0ba4f382db3b2d8001758d8b9effb91fac8be7f9c0a8d209c30f82d0b
xv/19951.hot	48	26fbe371589fa8e6f4643f78efb6f8bb25cc993b3e0da67b1d526a71e255935d
xv/19951.xmv	2434364	f338caef3604e163d2820f25edf91dc67af2b0d6b2d538be47e97c13ae64d223
xv/19953.hot	48	8b57f544d8503214eae0c52b1120b6decff16ad8220689c89cff619714f68c99
xv/19953.xmv	584640	5ff8ef8224d110edec1ae366ce44b04050665f981dccc27df8729a72f3282075
xv/19955.hot	48	90e4f9177c525da186d0d30cb029e66b116bd1bed7ca8e20ed68724ca958c2fe
xv/19955.xmv	2555113	e5f505f564e53440a966eda487da7a491575fc23098cc06788ea2d6048306a75
xv/19957.xmv	478117	db7a7b8c97dc1dfbd516deb92c43ce01ff6ead2aab8f4a89a8d11f09a3714dd1
xv/19959.hot	48	25081c8217015bbf8e7807e9279313b1632f85e61aa3369bab8d4037643833f1
xv/19959.xmv	2028217	8edadf507f9c233fad449bd296eebf8a863f9724b4357d4eeeaf9d1a4b30ce80
xv/19961.hot	48	84bd757af32620fff5ed1c82efd4eaee3bfc3b1119b8199252253a926acf0bad
xv/19961.xmv	857048	a4bbddf87bf4ea739212a5849d3cead7e73f15d7e99ec5db340e6bcbfb69f3a0
xv/19963.hot	48	23a06f9e7da11379a6362472b8085b72ea54dd87d8743aa33ba8e32b4bca8f86
xv/19963.xmv	2893052	2af1a07d5516d7ddb1e3265f95f9c71423247591140f943a1447c1012d13c244
xv/19967.xmv	555474	6772de27bd9049986c5e522f4d35fed218f5e9b58c53cec73b8965c1d48084db
xv/19969.xmv	724997	3ff665e2f07170d436d8f5a8f719615010476609dc6609b733ab2a04ec39856b
xv/19971.xmv	644177	c63bd9eae030158f0898b619e550ba171180937e4d0ed04c5de417b5dfce3a9e
xv/19973.xmv	690035	2961a318b24c93e97d10b9014fb4db3ecabb8a466604ba2cdf9b7e4a58d18b2d
xv/19975.xmv	642396	ae51e1a18a7b5024c52536a4a17503bf37b1aacf69bbe8b68a139eab9b10d8c8
xv/19977.xmv	757936	77d93b70575c6d549b00cc047ae176e1df14c1b5a500921c3cb529c2fe5984f4
xv/19979.xmv	634059	568468feb6241e72b746a3404e206adaee03220d92b7607235814265b78d9648
xv/19981.xmv	3810368	c45ef495b6ca9e0440471913bd4e4137d9a10ed716367e255a1ba7bf0f1ab2d0
xv/19983.xmv	291679	09d44e15ac2c27d7b9c4b75a2c4789cd2d97069a258c42e728f7361390c93c5d
xv/19985.xmv	328844	2422bcfa49d8fc59526d75e41a67b1f257623248cc4c2afc873090542adc73d9
xv/19987.xmv	411558	43998ec001436b5d93a9c75ba5b99840fe16f3a35016c7fddcb6e0df0fe25173
xv/19989.xmv	263602	60765705cd608b6e74d3b39b87ec84061451571b1e066268a2442897f645f771
xv/19991.xmv	195125	cb6a0019b57eb0c6afc91d3371f1e0320c782e6ea599a8ed114283dbffe18d14
xv/19993.xmv	239182	5080a2341ede88e3e922bf458d7c33f4a419f6da49ef11f6e0c47a82680ba98e
xv/19995.xmv	365426	3e7a4702d67651b77deb0360ddc16b6d32e7a1d4e785e79cb6d340bda9664659
xv/19997.xmv	203275	82ce8e530e0ccd251f566f9d3c104774fa1915c40af3b0047f3e217ca4250487
xv/19999.xmv	276803	85cf07ba9ad495e9dff91b23082f9a28033fed79b102538e0aa220c4fdb196ef
xv/20001.xmv	439050	6a9a0a35b6bf7e089fe39577780da638f0aebb5273d1a60da37a261867325dc3
xv/20003.xmv	263188	e0aa2239f49e7f9953b23e8cde71e68dbff23daf551cddaccc50a9a75382f62a
xv/20005.xmv	262281	d3eae32e3d333e6ddef5bc5772b388fe5ee1affb75c42097f6bc78b44ce26c5f
xv/20007.xmv	215542	a2c24664f72503516015d1c3a0648cf1886693da0ab0cc68da0e06e56b80c7ba
xv/20009.xmv	242030	de9c9e78d8724abba68e5750523a210bef06dd873a08045db450b6827d71f2e4
xv/20011.xmv	259964	a49f371710d39ba7b0e18dbce2083d2c351d11ff103549703a77d1f7f2efa7d7
xv/20013.hot	48	7c3e24bb188d52218f1c26c9491f836dfb55ba617c211dc5e18bad957ad77529
xv/20013.xmv	1662367	069e845447f9331f889eb433c187c3670f9b32291d6cfada3968d8594ea6611d
xv/20015.hot	48	f44343d142cb926b57aecbc38a3e976974c0989f8c7bf24538b4610fa0fec94c
xv/20015.xmv	1727690	cc1192d8daa979986edc8a22986eb17cec39327d26d64f384ae09eeafec5f6f1
xv/20017.hot	48	3cd22162b736c7c62e26cc50b42ca20564b5ac1c716180908f2c12880e3353df
xv/20017.xmv	1165051	2f3ea07b8039f2c77cbccf7d50e1b6c0cd93a528ff5d8705f2430abc0997627d
xv/20019.hot	48	61b74ea0b03dc2647fb240f9a24e91e53cf0dcfc799dc22eb2d7d24feb463a87
xv/20019.xmv	1493953	7af63c50aca32c8d5680b18c30dda1ff7916662dc6ee30317dfd52bc30064a9c
xv/20023.hot	28	8671a676569be2c69d397907926105b4c9dd2e97589d8eb563db31978d1457d2
xv/20023.xmv	1698099	3cef7dc67e38068cc0657ae981b1d7ef6593769efe4ab81a4b33f073e07cb061
xv/20025.hot	68	2639ef1ae33bdab5a56cbf244d55274184aa2ef605177e79f25443d5eeeba232
xv/20025.xmv	2196066	c6628066bff69f939c3c0926fa44a7752d62fd53c3434cdcd6e979a671e6a480
xv/20027.hot	68	eabef734ef8f97b228e8f37553bec3eab30e555e6e44cefd406e515835121f80
xv/20027.xmv	4681340	738d1dfe79e25629a43b80e2faf001161817475522c4fe5ab82cb0abd35c7e20
xv/20031.xmv	422964	72cc3e878b9325635d8d83f7e90130d54fca618827125caadcc3aa560cd4a22e
xv/20033.hot	28	476a853248591b193418ce4f8ae51a40a4d8c0e8c872225468e9bf61132b4b0d
xv/20033.xmv	666415	93b2aa5b301cd266a4e1f37a2445d9774339f0a256c58038f412160558a212a9
xv/20035.hot	28	366510161c883ecb83747a6e6d367d910c290939f5ea4d86a3f3ddfc58360987
xv/20035.xmv	601436	ef5f31815c5dc0e88d423e219809d9e6c038703811c3a1280905f937f15b0318
xv/20037.xmv	437735	f94d0fdb19ea12b8042ef432ff238752ad19e2e00ded3ae3bc26510209e5e853
xv/20039.hot	28	04c8e241e27e6e0ec889a58c40c01f223998993a3cc854f39f5c6b99ab4c19fd
xv/20039.xmv	683906	c2af24b0d3c81ec6332d7ad08d7958eed508c4174121a2af0d04dd9d2075ed28
xv/20041.xmv	356410	16a25ecf605ac41682dc65f009a9c2c94d3ef1ccf7d3bef4e772404705e33b63
xv/20043.xmv	478397	7b1e2e5b70e8317f6e596a6812cc460ff29f4a74999b22e77ee60d0a54cf94c0
xv/20045.xmv	238286	f7e483fa73d76046e6d5edcb7301dd49c2014d14880baf50d3192a75dc333a09
xv/20047.xmv	292920	dc2bf66cf6b4a673c395fc7b2c80f4b1c2d39d2f3fc39f0dbfd398697fae3f65
xv/20049.hot	28	3f42b8be130314fdee7868323f2a041384f243bab32299c0efa49ae22e237d34
xv/20049.xmv	873687	2e771279a593c102049140703a08314e5ec3b9d1f3f71b385e8ddf53fb622e22
xv/20053.xmv	538351	dc73ce7dca894dfad98ccef5e97f8280d7bc0818b706c57f64d05b0f7c2dcc80
xv/20055.xmv	501663	7b2eb9b9fd7f55da75bc6159b72567491d94d2e64634794dc829bd3b89a19577
xv/20057.hot	88	95e4500b9fc0a6a14829b3476f925b5e2030b256603e98a83e8069832b946961
xv/20057.xmv	3263299	3417ba4af250c2eaaaf2c85bcde840ace94e10224b8f6de5b98f970f3134a30e
xv/20059.xmv	202703	0f7a701c8ac80a74228ecadbea0c729ad1ef3d4706d7d33f6a9c5fbbe4b62dc6
xv/20061.xmv	1165150	7b9145135a2e349aa3da1e51873d276ecd1c98a8265e5ddbe657a7f751d70879
xv/20063.xmv	250041	db1d05b02d380a01efefac3e71b098b958b4a28d9e0012845c8c1cb53f1be810
xv/20065.xmv	151090	1bc4f505cc3932da6d2c1f46ce7c18eb597dca7bc1fc428d02c88f884d76c811
xv/20067.hot	128	6ca758093ba483bc68b1d20bec268b4fff44776be54a921d1684695c56ee3de2
xv/20067.xmv	3145227	d5b4c94d2d4ee87776390f72e1d315c34b9a7f8b5a62ae1fac8d86bac4f12ab3
xv/20069.hot	28	090503d02eef0ace1445f455b03b332d569e4793926e785e28126a5abc053b99
xv/20069.xmv	541566	725dae8c1a3589c04361c9cba15681298060f1602117aaf6d5872e516d7bbb4a
xv/20071.hot	28	a58dfa09779f097892b449ad731deb13e715a1d8faaea77e8a4dee666b17573a
xv/20071.xmv	1356505	5e0ee0de0d166c9bca850d293895d952f23f7820de7dc20e5eeaf1794476ecf3
xv/20075.xmv	285077	12a022cac7cd860a3d955bf3d4dcd85982a8af91796527166316fc089e241263
xv/20077.xmv	367628	34f703c54cd7d4755b6c46899cfbb631e3f728b02c4ebf66cb396b6bdf715924
xv/20083.hot	28	0cdd5f60e8e767c79f61a55978ff2bd8519288cbf496e7b1f90821c01fbf43b7
xv/20083.xmv	1634132	ef3d0164a82511887643c890d8fb77d1ea066bc1260120fb45e86983bf531724
xv/20085.xmv	399608	efed5dbc7a0984c025f30739e7be491fc891ffeb43646227cd45f6a42c422ee4
xv/20087.hot	28	e731f8d850fc226547142250f7ff125630c6eb58eb96d573e20d848332d096db
xv/20087.xmv	1690106	60bb18c001787abdf37f9822cf58b3b9f533fb98292a7af926a22df031bda49f
xv/20089.xmv	348193	fb61a64b473ba3af45cf36d9ff8b60e7769630a17e3b07a3b89bd1722fc98fa6
xv/20091.hot	128	5f6060d59355279acebc946b8b9c39049617c12ac75d9e51bf2e96f67e5c38f8
xv/20091.xmv	4907829	198b600f3192fab1a218b2394497c888f60284cce41d93a43c5b2460c6e6cf20
xv/20093.xmv	518785	9bba313b197c2fd4a15a66fcd346ff032ec0977a6239ca9e53d3ec96397c62b2
xv/20095.hot	68	1290b37a04c1e0e8163299c892d28daf9c64d671fed370a0136fcf9064d07738
xv/20095.xmv	3904808	0d9ca5faffef1fa7d48251e9af558cc32ba55dff462e90b0e4dea7a3e8c4ff2f
xv/20097.hot	148	e56cc365ca993b714d3c51a5c78854c8a20147aa110c449d32b38a6e6c381e5c
xv/20097.xmv	8310743	8f6cf4e5d7bd130cb31c3b99f2d10908b6527d5338adaecdcba91ca5c0affff5
xv/20099.hot	188	7e9fbc9a7059a467d9d05fbefbd03ca4fc37814046bac107d2b45d5ef700fc67
xv/20099.xmv	10747553	5554fc91ad976fbe8d07253ff04da892e0f625c7dafc117162af414174ed9af2
xv/20101.hot	68	5d5d04010efade3197cf97f749c82d99766aba9d35875d55f9eee8c1bbc4ff91
xv/20101.xmv	3249753	c43c9a3adfd6e621b153de7173963bebba90b61ed7970d3fec5379d364289f40
xv/20105.hot	28	356f54b21443695a13daf424b7a6cbdf488f85cb10ce756ebdd20767296e1202
xv/20105.xmv	695036	5e2ad5a90a74386c4adcc4629b178fea55ad2b2708a113f05fe1c84ceab936ca
xv/20107.xmv	309906	5d510f1f7b1c99cfd319fb0b605a8512112b89cc79f9807af08e6f73371d43c6
xv/20109.xmv	470620	d6521582decfdd7e4f9a4f3f0458bd24d78bd7abe39375d01804a96212d238cb
xv/20111.xmv	896537	fd6e6a32b6af5058174d25f4e021ac7c4b7d8609b2bb76cae23c04eb3932bfc1
xv/20113.xmv	345213	f467f075e1fcfe4ddb76d236b666d92047373c090701ae737e0cf4097b9454fb
xv/20125.xmv	393842	e49fe761adcabf5500d680d2e8eddc4d477a322bb0f7a24ae3107ea3f513ff5b
xv/20127.xmv	228707	5612a51ccf0da7bd21ae86b6ee02a7c20b8e6d7c17db693ac90a0d01c365bcfb
xv/20129.xmv	523504	33f05e0c6b399ce734250d5bee59e3cab9de46285c57bb686011b7717ed7a0f3
xv/20131.hot	28	30dcd47edd0fbed9c0d8af9b66f68ab3defb22530e4385d464d871b50939d576
xv/20131.xmv	701466	4be0d78d23a9db7e7eb45b8f2c23631a7a6fd5d6a442f5642761cd05d1f4b119
xv/20133.xmv	344823	4009cb885f1d9fb0e262cc36c26c61c21044519a63565fdaabb09a683617a705
xv/20135.xmv	473531	9c0fab9c54f9d18027f90cf0dbeac3ab37793ad962af09d804c004e5b1558612
xv/20137.hot	48	5fa474fba15d204233885840637a54875a481dab3f61a87603570fe2bcf77a41
xv/20137.xmv	668927	fcbc380711dd5905fad18016217da175b170adb397a8aa5dc4665086527f3704
xv/20139.hot	68	3c82d9e176398c8c968cdffa1f1a96109f9e8fd02ffe49d5788c59c51cde96bb
xv/20139.xmv	2188799	90926e25fc756834575b3a0e54611eadb85b24d98f43f2a494e923a7f6365617
xv/20141.xmv	439954	6e15432cf7bc310e997944b8f077784d4f8e4a6b7eece79fdcbcedf029c5a608
xv/20143.hot	28	44695f61032d7e5efb12b63bdea5dcf6eb25fb4b9d9618db74c6deb96330cc9d
xv/20143.xmv	1754096	6fe64e512a54d43583bc2d0246b952029451414a8385b6d164c25c3de9398ca2
xv/20145.xmv	604504	113c69faa872b622481cc310a1c98f00f07799421269371647f2fdc0ad6f2bba
xv/20147.hot	28	1ad51fee5e33868b95a4f73f7e37575165680845f1b63ecddaa44a3fc578ba8d
xv/20147.xmv	2373330	40e7f8786ea04dca97a1282c8e3ff3c431932a8cb9e7b1364468568f6dd2c5e7
xv/20149.hot	48	575ea6e5a86d4e23ea0802cba94b41754ed661d73048ed8e7586c137e75af79b
xv/20149.xmv	912187	28fc7d46dc7d3be3fc3e8aef1ba7ae9eb43b0a5d6b561672d8469030d83b46eb
xv/20153.hot	28	f7a3c3415d25fde628681edf2172dc294f7328fa6b2d7e8123ff74dd9fedead3
xv/20153.xmv	785261	7bd728f134cd076f2a26665214311026d23fad30733e9de636d20b616d6d742b
xv/20155.hot	48	b21fe567363644af89c0d4716a19df2bd680d740bebdb87de842f43fce296493
xv/20155.xmv	634058	c963e8fe1a31d7827b675e4c09dad4a11109f1a023a10e3d563f502beb442d3f
xv/20157.hot	68	85fb5f0da4651b9bb39aa5d173658a1c4f88a251444d9185d73a428e2f861163
xv/20157.xmv	1397861	6142224fc34b611a082bf2f494f0450400fd774f29ea9d8f068b768a9fcbe93e
xv/20159.xmv	478386	60e6fe9f98000e3c878f65544d8e4ee51a8a3f8d215d4e837a1ec5773c14e56f
xv/20161.hot	28	0e12ca0a15657b631d2b914aa1ec9dd6872be1ba8fdf611054c30abfa4bc8e16
xv/20161.xmv	2139557	61d3ccf9320ffd499ecb832d3eebee9773efc7ff1475648dd6255938700e30d3
xv/20163.xmv	479692	f1a919c82607da3cbde5f9c2d8fbd54add8278395e9b85280637fb5f2bbc2328
xv/20165.hot	68	fab4e79c9743f1a8aa891aa3fc800f8f02c371c2f54caa6d79e0868533781f93
xv/20165.xmv	1276336	1cd2506eb6b8a24af88af43d0173975f8a4a6bc000af6600f714246f06ffde8f
xv/20167.hot	28	56658abeba49bca2efb25f185d65cc14f15dfd0dc2d83318103339f904752dbe
xv/20167.xmv	1865117	09b4059daae9a6cedf7bb4280e6dab76fe1c51647e000b137c1c25cc13265735
xv/20169.xmv	706082	d72c70d126916a2eaf3652546ce44036d1f029e0c861c35b5761dc162ee7dfa3
xv/20171.xmv	533584	efa66df1d0ef0a72ea6fe4c84ee46e59b46d4adee0f8425d5fa4deed7b0f9d24
xv/20173.xmv	446443	c8118482c9c759808cbc7d110b9f2fbe6edec5effb5236d1a62bc45020e2c2d0
xv/20175.xmv	428321	16277a815588e8b3baa81ba16f914a2ad93d3ec124b5c46fb21ca712193d8f39
xv/20177.xmv	455948	9c00c37f5731fa150a5e4d21d6abc6e85183b91a464143f598b1cc4adbb2aac5
xv/20179.xmv	471326	6247c645bcc03c4cec73e3933d161d0da72cd59e31637768d418511e2a3808e1
xv/20181.xmv	395836	a4a14fa86b98e0c87251971ca30962649177b8578b0155a84661d29cf8cc2a13
xv/20183.xmv	332080	cbe5226d65c277ae02745ab45f5dd578aaf075cce190f3d4d7a16e1587ed2721
xv/20185.xmv	258705	7f6fdcb8f28b593660e8c18eec4b59f53fb2c93e5a09bd30d9eddbacfaed7e0f
xv/20187.hot	28	39f1cd603bfa720a641841ca72791871bfb6260e3e147106ae736cf905eabc24
xv/20187.xmv	980295	ed770e901b5854ff6ea0ca7667b0933313114440b648a95951289f35bf8bc2df
xv/20189.xmv	532870	35323d5467ffa19e087a7673d75ac740ea1b178effa1c9caaa010d68b6d57722
xv/20191.hot	48	c98ac6aa8cce26d888d1dfa54e775b56705f9b90ba02c1c3ca1f7284895c91fb
xv/20191.xmv	509845	6201805768635a515ee89580ca0ba48b138a5b3be566a59a41859a9413db5f9d
xv/20193.xmv	239116	7fd0ee7a0622f0039049cb5d7713c3cc2d7ad82c9daa434cffb259dcc99dc53b
xv/20195.hot	48	93f74b02e6908201aac2d017d6107a59c668f0ef267a60785cc410f19cb844fc
xv/20195.xmv	1023941	e595a36fb8d26ebc4e0e5490279b74228b196b43f20c45db2bb946adde755a6e
xv/20197.hot	48	f790b65dc85b13e65a13f7b8919f3b5b7fa75bce0e3d067760536101e623ac25
xv/20197.xmv	756707	afff9c07f9a559e0e679c08106482276a6f7ed707c337c4ab2e4ffc2c072b2bd
xv/20199.hot	48	ab64cd1c13ab120ddd08bf54f5602487bd3a74cace7f9e9bd9454851864481c5
xv/20199.xmv	728980	10192a7849fca7d016d820a28ae2bf71ba16e705c74a8c5ab7ef4d1de62dc72c
xv/20201.hot	48	8f843060139e948db7f85c79dcea20abf9c7504c31927ca351ba423f7b003151
xv/20201.xmv	806820	8842fb2d5c983bf00954a8b106e23a955585487410627ff1043746b01137ddfa
xv/20205.xmv	795778	5e794f6499b3573b483d1923e22e85f0df11ffc263b2779ad55dc9d8a528795a
xv/20207.xmv	988216	d05696ecb6180961a71c64b3d8b771bd0b8777c7d5edeee6518e3ec858238b60
xv/20211.hot	28	61fbcfb31bdeb9db0e7fe349cf3480628a53c09a5d8d0909c55880ed3d4fd61f
xv/20211.xmv	923143	5de054c2984cd90bbb68f7fc4f1bfa5ea0a38c8f16016a1d77c9ccf5ce98cf84
xv/20215.hot	28	1cae26a390df9f166159c7ea8515e76e1ebd5ba220e6466d43b6d2423dbf5bcf
xv/20215.xmv	430379	bc6243fd4e445cc2e4ab324f78323b7612d725b5bd9ab2d4d6eb3b8a45978c4d
xv/20217.hot	28	cb36d1442ad9b1f0e496b9c25dcc5ab0926ef8f9f5d5d762a4e24745ec81cc7a
xv/20217.xmv	744089	a38e7d0d36a77b3efe8016d376762c0e4abdac45688a0dfe25d490c19be9a756
xv/20221.hot	28	b758fe7ffa894906e0bd5efa880c0aca1e695655ef0dfff9b0bd11a2b1b9fbfd
xv/20221.xmv	859845	c2d3c5b4522ab7b417601163191285e5fe61b89688f7cab20d856062c1e86f24
xv/20225.hot	28	fba39b73b770bc17bec864f84342085eaed33b5b03d3513bc85ba98f9f4ec514
xv/20225.xmv	1140832	b0d656a260af45c06bc7acad7843bfcf4922aabe91016751e2f2da0775b9dc07
xv/20227.hot	28	75dd0c3b1c53c21578514895cf6e0f5f90a6ff6b093edcdaaade76cc99aee3bd
xv/20227.xmv	921163	6630489bdb410c25d520f54bf2237ae7113bcd77d8c9ac205ee4ff2c16d95b11
xv/20229.hot	28	28e3fb66ddb05c53e716182bb34134f6bfd16a535cc7cb47c56942ebb23ef5d2
xv/20229.xmv	845106	f013ce677dc725925df98581424f7dafd2c3fa8f0e53dc127d63044a793e7e93
xv/20231.hot	28	b38866b97477310e51ebe7c8a8ed50ea9b419034e1132b773f3c7ec94deffef8
xv/20231.xmv	937466	0d8fa5211c9e6f211e2584c8e0d7f7c6c514a6a676d026882e4370604504e336
xv/20233.hot	28	ece736964ab8714fc55c9686804af493e8c67e8e4e8aa539a9d4a0a9a0cd9d76
xv/20233.xmv	1437921	107dc042e108efe76edfa06e1f1d619a2ef9d13af093bc8f27e159fe6d224d92
xv/20237.xmv	496329	38fc850624913f05229043cdb1572c0660a53c143ba59e9a49e386b8dc41bb00
xv/20241.xmv	601317	9b1c06337f8ba56274b79af7f6b4957e98d09aed8354738752d3bd83bc76b40b
xv/20243.xmv	768648	6e458cd539059b4112f9d7ac9a301cd2a0aa31050c0a38b24e44eac03330236d
xv/20245.xmv	472469	695efdf797a4e6448861e4ab2638e92d22950f9bb91a114c60e651480d1c540d
xv/20247.xmv	751477	cac0287938f027b557b058b84644278cf9d0f5183f19e6d9fce98d4080503fd0
xv/20253.xmv	380751	b80f3f768c420161d9cdf7509ea91e0eafe1b0ecad66d9b5788e79a7f9c073de
xv/20255.xmv	562883	bdea54c39f722c73d1fb1b54141a2e5f92ae20df77ebe74e500ad7711bfec838
xv/20257.xmv	690722	df9c16baffdcf7e4ff1e04dbe731abb677d1f6d962aede49efa1000e9e0758ee
xv/20259.hot	168	ba712865a986acf1b792ea8e3a9cee3d73a0ef05d2f8a1f090248c3b01e8626a
xv/20259.xmv	11418689	8cd6565f5ca84236d4b045489bd043b3fd132df2ccde9b9a7a598d2cfacc6177
xv/20263.hot	28	186b56ca780bf66bad2d38801beee698fdc562516aec4bf9f14878155d92d9f1
xv/20263.xmv	695770	7cfe8dfd9f614eaea410b391bdb04e70f65ae022dcf6d587762dd5bd54702901
xv/20265.hot	28	6e608bbcf6340b5d660d3d656371ca1e232635fd6f4d47fd5f7b6e9ac8531cc8
xv/20265.xmv	654157	249d91a9663e1abaf1211d1a351739352d5a818d3eb7b586259df191fa64ba3a
xv/20269.xmv	410337	2393357ea3f9c50cf4511af2f7a47bd725d362bbfc3a60a5ab32e65dd0b9d466
xv/20271.hot	28	b8d300996c33352bbe92c500a9c3e56205f7422ed5a4546dc06d566a08f759be
xv/20271.xmv	1516208	21c9aa950daa38ecb7bc14d7b81a0d47f97afce7158722972fcd575f5cc600d4
xv/20273.hot	68	c36952c15ac413bbc86440e9041c4a946861c4b5a5c47450abbc9fd2c6571f26
xv/20273.xmv	2662163	37304c366266213fc98fd095cf7a4aeb88a8b7edc6f37b158a355a13a25cf542
xv/20277.hot	88	6092869637fc28e7baa84a28734fbb08e83bae70dd68d7a8bd6922456efff70a
xv/20277.xmv	1986629	9e149d786ecb9599864b04322400f20c1ac05779875fbd90a2bf6e2bb4dcec89
xv/20279.hot	48	d4fb8c11a1b096326e1c34bc7a483ab7ad5fab0f8064e9ee09baec46a54509dd
xv/20279.xmv	1499808	666e3ea1724980f14bb98bf17856865d271427d0e20f2b3f1d95419a92cec249
xv/20281.hot	88	d5da1105c3cce5654d978a1bbd6e1c32ec1451569722be8bd627a82c3dfc7c0e
xv/20281.xmv	2826513	ce2b916603d01a2bb331b49f5bff49badabacfb7a68c6830dd173be96805593c
xv/20283.xmv	851606	c0aed463aa6ccc50f6bcb01529a3b3fc88267e7a67c916d56fa2a635b3775560
xv/20287.xmv	237963	a8e33a665b7f56172120258db326e4cb4879220c43de53352aa327131a6b1ec0
xv/20289.xmv	389357	f5698758f87bfb2b78d786053ecccec3471e9a6a89b55feca3474e327461b69f
xv/20293.xmv	245661	eefb2baf798329392ab0c741e43d05856df0497535908a81c06fb841aa8a4fb9
xv/20297.xmv	148870	a21270edbf4f8c10fadeb04617d32a82c14bc05801a61ff3cb12f976542702aa
xv/20299.xmv	181206	513b7c4c7b98727767ea34e1d2b637a4835614c284a16df86de60fe4fb57a8de
xv/20301.hot	28	e49c52a44477f6c46d64c057f3bdbfef650278462ec9ec2295c2a876177c1e17
xv/20301.xmv	1434317	1c193d50def69ad27c7a450026e5eeb1d034aa3170c785ebd2414f2fca7c4788
xv/20303.hot	48	52f7b737bb1250588894e9fa8dc344ed8c2d33995f5556c4a8d4713192710037
xv/20303.xmv	1693422	c1048e6639d1111cf8ffbc3b02354f4a433bcaa113b001c41189e79d803a90e6
xv/20305.xmv	1171206	c0471b9ff17de3158fffd655dcddc006a590517eaadb7d611e49bccf57d344a9
xv/20307.xmv	905701	b471c2f65494d78f9d1e089c5104c6c50378fa7d256dc457d48eb845af89cbcd
xv/20309.xmv	374070	cecd63ec539b6b0d6d5837ee741beb2648526a48b98cffec8ae687e7f053b1cb
xv/20311.hot	28	e4e5f9a967c4edc2a7e8356770008574f4f145352c68a6849a387c758b559b10
xv/20311.xmv	1178195	40e46b325d6f8edb01894758a28b918b2ab781ba754530aad40011be6f6fe425
xv/20313.hot	28	6ff80d0d2dbe1d75bf11b5691af1289e88e950ddd59620769a9f6b30fa7df2ed
xv/20313.xmv	614412	6e002eafbd6f14fa9350eaa3bb87ed716fdb49e7f10f8401ee9d528281e9cfab
xv/20315.hot	48	1e633978397fffa51cb5b079c4dda14d9a11b4bb03c8604fb20e8ef1caff368f
xv/20315.xmv	1308380	ed54cc1d217b8f71de7c667b9c8b5d241d4c710ab8aae2f5810ca26322a65c85
xv/20317.hot	48	6b306b89055ec342744edffb07b95ca047151f5db956a601c6385eedf1a98e35
xv/20317.xmv	2028201	d18af6b1265cb333f4deb09a6e8a10712c011d01c93f5042a2256f9b36f898a5
xv/20319.xmv	792589	1ff29268dedf557444d39564b6757bfc8067c90988898f05798552eea9b09ded
xv/20321.xmv	589582	a05d8bda26e3569039e57f221aae080df1d81c93a2740f89732f171c19cd1720
xv/20323.hot	48	f38cf07173e8f466a4583ae336b9e007a38836ab783143ae59ca318eea93f356
xv/20323.xmv	1281620	f4909c2e97113459440186c57d5ec44a82fb4eacc27359a7d0a36a0ba8d51309
xv/20325.hot	88	f91f3f1711c31bbbee656dc473851c5438fe348cc0120be31d8e19af1f75a98a
xv/20325.xmv	1586013	5a49edca0d5e89bd814f4c642746e934aaa0cf4e1a9a6a2ee99d7425739e60f2
xv/20327.hot	68	72999a3ca3bdc5be347bf386e4ac09481e8b12d3ef200d79fd148a67f1d8af09
xv/20327.xmv	3393707	505a5d28efe4629b67e48ed240ef59957405946faada1009987c605577f42387
xv/20329.hot	48	4e9d5428c33f6b7bd9f8d44d4408c9f0604d280f28dcfb3572e90939c6441a98
xv/20329.xmv	2061027	98653494ffca4de93d5ef5abcf235c69dfa8176c5acbf0b176231b3fc8391bef
xv/20331.hot	108	762ab1727387331c6510e72d919b400afd0b81405a4b44ef32ceebc0f1896335
xv/20331.xmv	4726846	220fde562e2922c9298174812328d82de90c6724d8cd821f00e8580f6fc148b9
xv/20333.hot	48	574197f1924cd736aa0766c38b8618f7a68813fefc62a635e54c6996fa3cfe69
xv/20333.xmv	2683768	4007bef6bb732269b3d8c84f21b90590c912e399d48b6b6ffc4523b5109e5c89
xv/20335.xmv	853708	95c667ac7be129e49a6b84ca4d5e41cbc3843d4e566a9a133133a073dd9d4644
xv/20337.xmv	579780	93bb7a1344c500b19f5f55cc23f7fab1ec33b58ab96fa396a7967351e8ee76bb
xv/20339.xmv	771767	72fb06729dea3d15e430434471365d72d14cb2589f4a984136581c9f82179921
xv/20341.hot	68	f5c2dc46995a06f036d29695c9a0f7731573bc54b23fb51fbd9149340eaa773a
xv/20341.xmv	2063957	bce01ef6c785ae34063bfe7cd9976a7510f962a623e6b9d1115469ef83e593d5
xv/20343.hot	68	daf0145778b426d49794a02f1cd59afcf732198a01a421191293982557540caf
xv/20343.xmv	1707845	20dbcb0713bf9afd0ebc690caac02c7f321a696023ba0dceed76f224f826bd9e
xv/20345.hot	68	11585385ac2b0e97cc3304dd52f74490a13c57630110380f9edea751b265fb3a
xv/20345.xmv	3070387	d6d97fb5e966742506f59ecd4697b8d4bd6b02390841fc61574ab188b6305224
xv/20347.hot	88	64a3e3510c3e821656049df2c9b696ebba0142f46f08b7bd8d4d1ab763a30851
xv/20347.xmv	1800881	bfed0c90e4304652c23b8ff09389112eed905a38e320e2425d081d09ad9a006f
xv/20349.xmv	1484166	07f4c519bac855047c1bce1142f6b3cfbf491cc82a34829b2e004d04aa9719ed
xv/20351.hot	28	4caa3bca68963eda5e8c0da8eab1325effa34aa9483438793b15eb3ce21b74f3
xv/20351.xmv	1211999	6ce1e12c4b5914db2d1289e9f9906db507b5b15060fb03a832ea9461c278b1e2
xv/20353.xmv	471002	670a10f59f0cd60cf557c13eefa2652a6a7499ebec88fa9c5aaa571d5740212c
xv/20355.xmv	359882	8be0bfe76fa678bf2d400a86927c9e05ebcf3d3ff8c96b8526391cc5c245acb3
xv/20357.xmv	357910	b19feec87b971c3d237a1a93ebf539790aa6fbde24349dee66ca483c443dab51
xv/20359.xmv	468708	afce4b3819b9879add40d1b867674461d79010dea8736c37ba9977f9b0a65541
xv/20361.xmv	476876	e573cf72cfd8ecd8aa50fc2b01816adccf26aabb77163f05cbcb7ca583e34e5b
xv/20365.hot	28	34d162088b8310ccb14b962d063874c39598ac7f2811ab7c5f20545aefe4540c
xv/20365.xmv	813824	aa6f802de768178b1b51a42d74232c9bd2f6ba1362acb036a5cfecf41c46151f
xv/20367.hot	28	a8dee8a831f11cf434637679595fda63123d873c2c18fbeabeca2bdae968c721
xv/20367.xmv	761058	9a056b4d7cbd9785cdfb1d6246d3083fe10e40cb205dec298e9d743d33a55d23
xv/20369.hot	28	60604d536d913595a9626841469b346de03227830fa560fe9325f50051fc9c07
xv/20369.xmv	4245401	c0ed187f19eddd6a083675fd10855168777ae7614a12e12ed694ba7484f1ee31
xv/20371.hot	28	027efb851faaacf4b06fb39cafaa989b4900fee64c17d61b1282356e0e598a04
xv/20371.xmv	5484885	9455dedec16713108040fa987c10a27469ec2c478c6702235a9b566ea4e32c7a
xv/20373.hot	28	68663a3ad007ba8bafb50910718f50351665920c84f11bbd9a1188949952f3db
xv/20373.xmv	5411988	51256669f1605f494eb8c150f663f74244e413aa6ebb602b464b4df1254af1be
xv/20375.hot	28	1c58f43ababf8cfd85ff6ccdc24f8a5415aa73a8a6ef86dafe9688a886897b0a
xv/20375.xmv	2060656	f3561ff1d0b334a0ac5a980d9acc444e404476ffa2d991caaad818051cb04b72
xv/20377.xmv	4775052	742fd3f05a5d334c2501b31e62db9d88cd2810e6d84eff17c37b0a53471ff815
xv/20379.hot	28	f4cb22f3d8fbf534cb7fd26e5cb8005b71d438af2272bfbe0da6d7ceba47da81
xv/20379.xmv	6459131	d445c66167e5c62f8ea8ce446b7a37be37df00253b93f99617c892f1a0831ddd
xv/20383.hot	308	10925324d9b8828fc581079dedaedbe5085cfb5e4acd9e88909df7afe49442c8
xv/20383.xmv	5914496	b1a9cab60407ede72ce117b7fa42c8978727e0e2d7923ce7057c50f3dce7ae6b
xv/20385.hot	368	f9bee3867e5b68fc1d905ecf9e54aaf69375962ebd13814a94adc1a6e466ac18
xv/20385.xmv	7205826	65eee1f6223d05f83fb7dc45035dbf9ce827f8c8e92fc20bcda37c81889a9e8f
xv/20387.hot	48	12b1d172ac55639c82c44e46ff6db05d4a785101e52fef963cc73fe5631eeb82
xv/20387.xmv	13429651	9e25997c4b967898850ba5847a2cd74b983a70170df3cda4a998c1b6266047c1
xv/20389.hot	88	f4915e44b6bb885dfe6e1edcc3f9fef2b2baa4fab1ef58b1628ade57a38b95ed
xv/20389.xmv	3343378	8d2f5690500d3409ab60127156a78710820591e633a58760f783284788a80b03
xv/20391.xmv	2522173	0b41e994d4879fc2962f93719876eba504736b2e3f0ffcbc8836e92ad5123dce
xv/20393.xmv	2881465	19f58b510cf6811b1e4fab87e550f114b4a40b9e3ecf874c2e3936b3b1de5a3e
xv/20395.hot	88	244d6d9d7eb45409396033bd61a43eedf9778db43e84314e416ef331c8347bc6
xv/20395.xmv	4708174	c57bc47573fd6a9d300b1d6c58b701603467527de6f0d5f222d38cb4963f8653
xv/20397.hot	28	9d440020fd2649172dc46230449368148b49c5abc8be0b339d6d9a5dfd024494
xv/20397.xmv	655800	e98164db62374f3b4c4a175ea0d8ca0f1a610685c7240e6a5ac78f7e4430fc3b
xv/20399.xmv	368155	4eacf5927de619213885110d5733c3ab5c296ade965e326dad2d6ac060ed99b6
xv/20401.hot	28	4cca628d3bff19e64129d36eb74c7d8b3fa5fa0f0721c36019e848a1c1131200
xv/20401.xmv	921554	669fde543bd98b0415215c591bf382eb1b9c8f2042f80101495dc05c5f3d1557
xv/20403.hot	28	9e4181b15884ba30f9331211629d2e486d1fbb33964c532d6fade238a328293d
xv/20403.xmv	834739	9a17e72de4c0732f06c368da92e68e5ff20dfe8c99e9eb0ef167761be827a502
xv/20405.xmv	458322	663319d044e88dc230ec50fa5ea83c776a99c26b3f9870cf53f52380d28ebce3
xv/20407.xmv	606473	f2e27c0d123fbb9b222f62db9f4522195f98cfd4840e5fc601d296e72e22ca35
xv/20409.xmv	618299	3382f239538f01f8a10d04108b0d32dbad6225b36e9630c95e08192a4f7705a4
xv/20411.hot	28	fed58d4e95b8bc1c37ee11761de7ed8f0787d9aef55c842a0ff781fca345de90
xv/20411.xmv	1310805	11b8f13de2765736052ce9d94a4f170eab710ba51c8b6869e47da719ca0a39f2
xv/20415.hot	28	9087f5b56762cb29597fe5425a9a544d11da241d6ce3eaecfd257fea5e9e554d
xv/20415.xmv	1346670	eaa3a2c1bb65ac3df5a624f9240883813cc40eb6d70aa78007aa68fb4435da55
xv/20417.xmv	1207272	89516d5a1da87e22c684614a277d4a93c24d057b332992641433018277a8604b
xv/20419.xmv	924072	a025b9aa0196dcc737e3de88c606c2bdbd85bb17be3a89dae8993244e3c72fe6
xv/20421.xmv	1116738	080434d38d3153d431e70012e87464c12616340fab800c3b3ecdf8ea234f91da
xv/20423.xmv	1014632	cd65ddda0238aaf84e8bb3a7ceb1d7e08851349e3ca52aa4c7152bc063e56d02
xv/20425.xmv	1076732	cb13f08c1f7f5776e8e3aeb47201ef5853e0406fa1ba688ea2edb5b471cd44ee
xv/20427.xmv	1101218	2fe8fa2da8501d7fc06519d54e5311c61832884c6cae8b66f03b00b2fe1b3897
xv/20429.xmv	1014306	1f6fe8068bb1ef16065f9ca6b3ed4a35f1accb1717f1ed8fb822b9d512eb17e0
xv/20431.xmv	992188	c17b3067cf0ce5bfa7bccc1e85c5797fd166dd06ea27aacb6541e22871b418cf
xv/20433.xmv	1060480	febc754dc79d6044926d4095f6f38f81f89a9d7cdfaca16d7c44e9ae05859761
xv/20435.xmv	509059	1a1b4d968d3591021049e6123074ccdafff4d2dff2d71faa68bd316a231addd4
xv/20437.xmv	283729	8996ec596218f1cc19db1feea2cd34cdda2386ebb68b3f07a164240fc639a6b5
xv/20439.xmv	282718	d32f2e21ade8adcf2378fef4addcde9e3d88668e21e83ef733a8589e183a4094
xv/20441.xmv	340103	8b41f57898bfd0ace5e4d9e76ef26ab08fadac5cb823f95a536d60bfb14fd861
xv/20443.xmv	338488	15156fe7c6d9ff421675ca32dc0d496f464b8ea1fc2f0a9e08e99944cf18a8c4
xv/20445.xmv	271653	f6c13e73f04272c1387116868406b7179befb13a9925783014f6388ffaefff54
xv/20447.xmv	398872	2b70839928b39a2f73e6aa5953760b3848a395c7ec1df4ef45dc3ae04046c0bf
xv/20449.xmv	307983	c1139fe0901c06fd37c5b908354fd340ab8a70de896ca91508d7c309b5709b6a
xv/20451.xmv	464768	4400bcd3ccb29d456fd36eb81f8239d250b48f665fd01ba28a5f70e48784e995
xv/20453.xmv	319581	cc544ee8b5cc001758745631910ad8694b1a1fef7e1f5d7a77f412178ebbd2fd
xv/20455.xmv	246889	e73c57b9f9b92ec3098722d149e289d9bf00cb5f15895d9bf21a64274bd1e3b4
xv/20459.xmv	231183	c27d9a498460f7c3ceaae2e8a76695504619a12171b82782148b440cae4fa1fa
xv/20461.hot	28	06c446504af4e28eee3d5b04f1d036409ae3ea4fd083c926de1fcd10e79ac8c1
xv/20461.xmv	736906	4ef011c280c3d7b0d15d67674680d05a0510a23d17eaf0ccafed8e9facafa7a9
xv/20463.hot	28	6e145e8825f4d877ee49eebbee23ac18dcdad02f7608960f6fecfafc2116d180
xv/20463.xmv	954452	9d0c9b67a00ab85df52b1f446f423b379dd2e3d37a02f7c2bc44f5dd3e1a74c9
xv/20465.xmv	342771	6bb9c21d66db185d37de5cdaff2255f50986e403450057530ef33c380a4b2c04
xv/20467.xmv	167792	8f67fa007c2ca7bc8ec239abadb9f4e3a613b20c01a8d6f2364232ac202d7ab8
xv/20471.hot	88	3ce8186ffa095b0378a4d5a2d49fbffd24591918ba57e59fe968367da10e75d4
xv/20471.xmv	6115933	d30484915e3f60f7ec348bff21dec317c663ce8e304fa59158ef5df483730cc2
xv/20473.hot	48	3cef79f2b8347662ee5ef3a57d27ed33d02e444888ca1e9f96d1abd57815bba1
xv/20473.xmv	2022788	678ccabc3604fa5e7cc6d8b97c6371ce31423d6cb5c3817374647886673345c7
xv/20475.hot	88	cc80d54cfbca85194dec8af9d191582bf739589bed5dcc65dffcffc33bfdec57
xv/20475.xmv	2993836	4b579d1ed4a603023991a5297bb4cc0a08da2396923b6cbda74e836ae6a18ab7
xv/20477.xmv	534729	35bbe053053d9247553db78256b6c68970584a5ea283e5063095ddcfff3e5b93
xv/20481.hot	288	dabbaf3998db1213f064eee815752b8f1b45c915f153a775264686d53de3ee11
xv/20481.xmv	10008012	72110c53c6d1e63e2f80cbc5cb51ee88c060061743a66d257f5a973b7cb3483b
xv/20483.hot	48	93bffd8cabc589e3a89f13b9ac116b5f2bf6475e4bcd084716cd72baea366b62
xv/20483.xmv	2316929	83b4fe0fb46a6e77852afaff04affa205fe26f3e9569b78ccd169261b802d0fa
xv/20485.hot	48	54c979c56cc75b256eb48d0428699956055ae21f1f6f79a816c7545db59c14c2
xv/20485.xmv	1866693	0ddc5e9980bd5de6d1bec34dc2d75c93f8090ee1f93773e988507dde2d5eb54a
xv/20487.hot	28	fb37f1ffe2738f2acff0097011afe830284363ca51b7624d175f1a0ecb21f27e
xv/20487.xmv	1648606	3c8c8660d0df26cc437366f4673e8abefae384aa411295710a8c8123c933a081
xv/20489.hot	88	1d9ebbc1c538946efcf17bee85d292cc7f29180fa2b154b2868d09222a2fc348
xv/20489.xmv	3791806	0ca72b4c5a159b40f508444249843090bce5a8b5e799bcdb73218c1303e8c444
xv/20491.xmv	580633	5bcedae78ab85569050d2315351e2ac58b03ec698644d7c0b8c9a9ea36862017
xv/20493.xmv	655537	2c728a014758c71b8f5f8d76cea8a9a21f295e25a01714f46d4bd9754e979814
xv/20495.xmv	526479	ecb968ffdb2bbd9772b87b8165051d153f229587f1e26f684c4643a6e27639a1
xv/20497.xmv	683247	fb4bb67922c03a36a791c7573c8f0949462198ea63db9077fc19db430ea1d610
xv/20499.xmv	579280	a82a82d5a09535ce1d05573a7d6ec33845d724f9cfbe888d737c6699e1ca64a8
xv/20501.xmv	609608	97ef55a28d5e8a3d52b08a7541500a1e6c27305500cb09e32d10d0fbbc044f28
xv/20503.xmv	656818	67d67741bd4a29682bfc23c101eb473cab4509d4beeac29bae78292f5931e3e9
xv/20505.xmv	732856	6d5b58fff4412d88a747ee399477e482d3a59eb070d00af6ba14bc12e359a1ab
xv/20507.xmv	521174	eb0887a3774c6de38660c7e973975c8c0821c4324cb3ac6d7f14f65d743a4ac3
xv/20509.xmv	545396	152612184c0a64ae8cc218c541398f57f590da4204a148395d7b620bdefa8f86
xv/20513.hot	68	12883f0c3c3adf768c29347bedf9c0d9ddb71e4c914a7420c82ca1c87ec60028
xv/20513.xmv	1533923	1abfb3d3430d81e0b84dcbfe5eea7044fe23af164cfb17c63eb122918847c878
xv/20517.xmv	651697	3668d3af45a7f09c674af3f7626eb5f3983d1591ad355c018c10479a9dfeb808
xv/20525.hot	68	2413fcd8590608e6c0fd0453603c5f3c851430586f62465ded5a4a8b6dafd03a
xv/20525.xmv	1965571	1ce9676b50c671fe1f6ae9b51a7bb3b590926e6f7d31ae2015acf03bfb651e62
xv/20527.hot	68	1c749febd0e180027447ade9a5ff4a16b169d91a324633626ca7b6a1ba5f7d2e
xv/20527.xmv	3302668	2c3d7bd385c55ccb799bb13b346ccdf30649648eb85375d844d6332f92c2b57b
xv/20529.hot	68	4b012d7ffe6d02f98f200f9e1f29381d6eaf3a13672f46c88c8ff7e13fde97cf
xv/20529.xmv	4265602	4aa49d06437bc0320835e325bfff89382d9b2c7f93863c06582ef4624c016ea5
xv/20531.hot	148	6d3d0b2b22687c7061905c407230d543e79342218bd3a1f7f3366dd1df63472d
xv/20531.xmv	6528830	df66199915907478e9fc496db01b8c04fdafb4604da0424ad901d7ffbfd8ad63
xv/20533.hot	128	18699267644d79927d67b83b958dba7112a009a8b89297baf7f1a4f7b3ffbbad
xv/20533.xmv	8597492	ecc836da949bc84e4a141d5a7b4cbd6e060a927cc1ad838a6fd0b8437ab10d14
xv/20535.hot	48	17fa4d2fe4eba8499d7117485f6c18b829c1a271855aeab9e65505db344bca69
xv/20535.xmv	754906	2f854efce01d22e64270e92e083de0e89e8ca9585e349e379b389a9911267114
xv/20537.hot	108	178a5012e404afefa6e14ee9f4aff26ef4cfff18106e22a4f75cc717ed800dc2
xv/20537.xmv	3179068	52f443af85adcae64da22c91037e73877e62e88bc0a447c2a73b694988aa2ec6
xv/20547.hot	928	903c6b0e457ee8447c14c0d61d0d024c2b8ba3d67067703ae13a4daeeaebbe1b
xv/20547.xmv	14322073	3433765ffa141f3745567ef3826a10317c97bc6ca8b0fdfe1e9bad517c3b2a15
xv/20549.hot	108	68572ad0509dfec463451bd6fe7d74d942ea89f37dc110ffdfb674610056235f
xv/20549.xmv	2671045	c544664964cb668654d9f9129d39bbb05c13d853ba1499cbe3a616a72f5684b0
xv/20551.hot	68	83959b24c3c9c92c211cdefd2e973b07fce20cfe8d35392bbf4f371aa9cef2ae
xv/20551.xmv	2248018	bd76846e05b02ebba6eedc2d06bf1b6183e2d1db0ae97d5f8f9718e5bdd0d02d
xv/20553.hot	68	686d364e208d2f673154aac76bdb54712534c46575b6bc5cdf3431b68252bb5f
xv/20553.xmv	2360290	c62bd0c0bbeaea65aeca54991c2520ca61876f2ea9fd528f85376afc6673b424
xv/20555.xmv	328475	5f719de2df0404fe1e105913d109a798608269cd4c03628226752184fbe270e0
xv/20557.hot	28	f6a40fc94571033ce92bf6c8ae76dcca84765876ce2457b976813c0c022a0fb7
xv/20557.xmv	1271542	d66b8d74d9b4a2008928f4d28b939b045e7bf6bb80a78f08f723aa58a3708d35
xv/20559.hot	48	9d2ac5d3006a45d92fb5f0f1a099ad4239a4680ce8026cf06c8d937b59de86e4
xv/20559.xmv	1315304	7fdc7a01682841dbede9bf59865580b4359a8d3dde3b4880a72933376d347ec6
xv/20561.hot	148	c45e457acdb230d1f1e3071be901e2e45151b906bddcce98557c118f92662e2b
xv/20561.xmv	4802935	c39c6e027602bbd7479614bd6284a6668d3e7161d2fcc1d2311afe6a66aaee06
xv/20563.xmv	377154	41dae6435d89b44bdd0295b2c6d6384de2d1a6357a077bea1492be3c17515f8f
xv/20565.hot	48	f356369ca6fbb4986ed11db0c21e03ebfb15586aeaefa408f85338298528b4ee
xv/20565.xmv	1362944	8ff354d6b52c0c787264078ae621a5204569a0694712101616741fb7ee0c9537
xv/20567.xmv	251634	9dd2ffbdf8ef578146b5be6d2e379589da35ab1cc0c1cb7e0ff3f797c624233d
xv/20569.hot	28	6b7b5d7c382b73669391cdf3667a573582264b404a3bc43de5bb192fde77db0b
xv/20569.xmv	482440	c5cb7ce82654157dec303c5f6267abdf7c16c24dbb21ddda11507e0a6830bc0c
xv/20571.xmv	339644	eb93c5291ef84e7994224995432aae4014ac6fbdb4c5d8a036aef64db088759a
xv/20573.hot	108	8541a87e607e214089ef6f8fc5094d60db51859bd407143dcb8208ec94124229
xv/20573.xmv	3869462	3ed52f60f8ff89f33325f5e6bbcbf9e0bc5a64dfc4f2f0987da6a7ac724f42ca
xv/20575.hot	28	fd931e5db0d1df7606a94cf65293603606af2780e63bd36e5a2b933813590f18
xv/20575.xmv	689653	8021e364b0dbf9e579d2a6ce186c46ae72aec1bf59646ba41a39ab67d153edad
xv/20577.hot	188	f67f110fbb7b17ddea12cbc72b204f1d45b105ba1e08a1c95bb664624ba9b86f
xv/20577.xmv	14598830	936296018f7b505676a02397584700ec2eba82529fd1d2eaf91f38ccc1bf28e6
xv/20581.xmv	5455128	a9e1ecf1b88b2c104ffa3da841f66ff8bebd956e7fd55c30d78ccb0b9082b0f2
xv/20585.hot	28	55cfd36e12bda2a060a39eed27c009fb9dbaa4190e295a4f0a4ca5e3dbc01471
xv/20585.xmv	1309662	5b18f2c5767f31f1534e6f1b22a405af1a042b2f95593d7ad4bfb650f5bd3978
xv/20587.hot	28	78610f6a82cb4709b5e921bf1a9e118326554de69a644c8b68a27e2d02397533
xv/20587.xmv	663737	ea9fb38d7396fb9c30bb84246a7a54535828ff5b9001e12785ed5fa87756b1d3
xv/20589.xmv	364663	d648bf66bc433734f1534c4caea297034f04957ca8557775847ec80848dd799d
xv/20591.hot	28	f851951c9516c28571adab180bdc0cc3dd98081b9539ed5d8e00f1767149fb0c
xv/20591.xmv	2228362	291e01711fc0ad9e9eb562ad0c7913a125a29c5813515540c6c1f130468ba3ac
xv/20593.hot	28	d13e3be864e0d646a0c5657d2bb10add6a7f33f542897ecb502956d2e89ab057
xv/20593.xmv	657245	fe37577fb92a25fc256c80d22136010cbfe1f91ab4ba3bf278eb50605f525739
xv/20595.xmv	1903575	14fffc3dec5f93100be7511a0e2286cfc5aa139c5402a1d10740a3e5cd8c96e1
xv/20599.xmv	507175	445ab5f8098134956cca4c9d49b96496890da58517bf473c6f4aa2be1ca30e0e
xv/20607.hot	28	73b0d9456e020cc0596905730dc36403e5e4edb59d124926abdea1b009d5e64f
xv/20607.xmv	511508	466fa17ceb66105bd5ecdde7e25a11049fa72276cd2c72f72f83caa9e5e83ea3
xv/20609.hot	28	ae141610edc634c6c5b438e8efefb277eaf0c57881cb8caf440e538eaff22a2d
xv/20609.xmv	612309	d628abf393eedd29027b7321417d9b50534ba7e9be6bd0ff192eac2f35c963b5
xv/20611.hot	28	493b3a5c81815898cadabe9ccbc45978ed8ff6a8edd86eeee270dca71dbbc350
xv/20611.xmv	537266	829367658d68221cb787b5482be49d89938bf1318334945124f2388d8df11c07
xv/20613.hot	28	2c7ecfb7e8aa48922b9ba3953a777ffeb559c4cf7e376a6fc6bee6c9705faf66
xv/20613.xmv	665182	0b9d1a62753e7dc5967a1a52810b1519b632759d42638d4e68454e58a56f96eb
xv/20615.hot	28	791c05118ed2fab0ae877dd25e691e2868ba28e801f201c8a9551ff17be3ccef
xv/20615.xmv	637038	eccdee07bb731f66e187c4fde2417c22836565fda84abfa3e12b699bff59f487
xv/20617.hot	28	867d2cc6ac0579a22c38a91d9fee3e2535921b41afa929be3c9708a96169c430
xv/20617.xmv	885815	63b9d0f7cf3e470df419f5805711d97754a31f006499d95043bc00571b563ce1
xv/20619.hot	28	ec538971a34c9fc303b5470edcf96bd8591f26d950d616777ef8db977e049d8d
xv/20619.xmv	706445	775922e94e2baba3f0d3001737c614ef9679112182963beb38c4d0680570e162
xv/20621.hot	28	8904fd43f90aaede627ebf1f97c8796eae0761903a387919f905f1c93cd22631
xv/20621.xmv	609697	6272cbc69b06f3cf288236e608eb5e3d6c13361c3e2bf82a0b2d0f3ba95361ad
xv/20623.hot	28	bd69016eefb443d21fc8152b97958f785ed665daf119d2602c0b4366ebeb742d
xv/20623.xmv	1349545	385eb119dd12da98e871770e1ec97939949181064cd0e13c1ce2d286ee495712
xv/20625.xmv	471347	37f7bb16b0cc4288872fb4b37b9d8140c5447122e47340888ec4b2d5fd8e48d8
xv/20627.hot	28	08b4fa5317a8764f2f27a59b4a386ae15a7e3f106964b2f509ee45a13b260632
xv/20627.xmv	1336424	1282590160320841f097f21520384ba23ef25baae3651316f6eb004384e016d2
xv/20629.hot	28	758717b3376eb770adfde2ff4f7925044d0c5345757636cf8ae2abf37421454a
xv/20629.xmv	631064	178a878618917696c196f44318feb52ff97950fe33974417793f30a3c9b0f2aa
xv/20631.hot	108	53024d9c241914add6eee3f9ba1431509adea81068f58837eeb3319a78e5c56f
xv/20631.xmv	5153914	af439a08d61400abd1b19bedafc7deb1d5965d0ac63279dca2a839527955e214
xv/20633.xmv	430940	d5a0e062955573b128590ec77a474739f925e535fd26dcfcbaf23cb48c5e3404
xv/20635.hot	48	83d734ed17732c5136c18ba170233d62a6d8b599fa84b633a56fca71855d7a98
xv/20635.xmv	894825	a55765fe73d13a24f7a7d1299a0cfb05eec17c8579d46fad8e9b39357ceb77ab
xv/20637.hot	28	ac000273d2d28037b4683e8204036c3dd96688dead5837e541168a89710058c0
xv/20637.xmv	1038519	47b2a3bb51a994d40439439a40a0cbe3a053dca5c25e431f1cb715c85a521ac3
xv/20639.hot	28	3582328a4a5c0407e8b228f5422ad5b50de6df26417f8ab3c9ac9320d3503e47
xv/20639.xmv	964102	3e95c91adf782e6312d72d6d0bcaf94798348e595798425ce6454123cc214487
xv/20641.hot	28	0c2ff4da5439effe430c58d07bde1f9db6759afdf6983cf2f7cb1bb4611fbdb6
xv/20641.xmv	1175744	0216f797f3c9541276512bf7634ff08b86a746e51a520e1287d3088f7980642f
xv/20643.hot	48	adc898a774814f71f0bcc72565af6787bae9ab3c11fc353e3d92b836bb4a1fb9
xv/20643.xmv	1404488	ca9819b3c13918fbc36c20a85a5d33dd788e0b35836d7dc70162e6cba0b3018c
xv/20645.xmv	277451	82cde64472ed862f77c5ee9932b515055c2870f67fc012c41b1a4ea1306b0676
xv/20647.xmv	229923	d966b597bbe8308ea28be0619541608e752ee96a970b0f0e16c36b6fa56fcdb0
xv/20649.xmv	343873	47467eb4fdcdb7c0b2e7d1b64d4aeb8cbe8173570660792b51875f85b33dfc5f
xv/20651.xmv	290382	b909c5a2fd19954db85c1cb64034de4f00fac8ecdeb9be247f98d3833a17d46b
xv/20653.xmv	250291	551302632cf653687bee2b0f76bde7aff177002db1b3609cdbda99c7a5de6085
xv/20655.xmv	287248	8f1ea165f2256d495769668021674774bd4a30277368f48b18ca310b6c40b0d0
xv/20657.xmv	137431	ab595f0965eba090330337efb5caa48fbe0f3cca3b041fed55bb5831e621c23a
xv/20659.xmv	175403	67324c89b29944713d95ea455fbc091077335a784b1419776aabbde0db294d1c
xv/20663.hot	68	f681e46ba23284210038d8f61f689514ba667f910495f484ce06182ff6a8625f
xv/20663.xmv	2436175	88e6b66e8491fa7fdae5fabba420a840e1446c8ad5985564a6705252f2e694f3
xv/20665.hot	88	c3ba6fcf8ee7d6a797c74667896355b662602d953253efb57433e74e7c1cc3b3
xv/20665.xmv	2089665	e56910ce9420786af5934962501efc52fd6d8354decb2dd6154c7fea5067a93c
xv/20667.hot	68	dd3b8cb9b2d45b57cb3ccb7a88e784267dcdea3ac1b88e580fdffd267c65aa3b
xv/20667.xmv	689818	17bf066ff9c771d6da99c0359331dec4494987e19a3f1d95e70b9471adb1e775
xv/20669.hot	28	bb29438d95e3f6bdafd9f7ed0837b0375354a96df8bdba2f4265657b4044fc39
xv/20669.xmv	466678	94f86ab884508e24c27d63172fe7c287e143339c9620bda4e4fe343ac5d8065b
xv/20673.hot	28	a12c5fb92658e92f9d9b6ac65247e420032316fcc59e9701174c831f996335ac
xv/20673.xmv	833202	ecfe9f44a29cd9debc4750c43b71e627de60c901f6883c0ff385b3ff7ee36e28
xv/20675.hot	48	73a3e681e5b5adc1456251c61e1bf0aeb12e179e1fcde0319efdee955630ca15
xv/20675.xmv	826206	c31390563a0751c58ddf974e39b66f824723a583777c3078409e291e8599e594
xv/20677.hot	48	3c1fe9726f832b6f01053d16c230c6c07811f68523580cee152147bc31607c11
xv/20677.xmv	2165678	7dcfd13a5b0fbda281eef3f0f7d6b236724ab2e4d2d4f2519d7fbb851f5c9a58
xv/20679.hot	28	40263e1e953a94a4660fbf0b639b965a10d787518c63b9cb45b32620d528d6e9
xv/20679.xmv	834418	1c08c7d0c24dac1588bee0e9ac9f5a8212ed08fc0b20db9664d52634452ea3fe
xv/20681.hot	48	97ed978ffbb28505051438f3c1c1a47af09f765d60c046c1727984c306e11bcb
xv/20681.xmv	1499299	ecf648c3b49b69a8bc76ffb3343ee5a23d0173274c636b86ec8e741a71399a6e
xv/20683.hot	168	09ac269b7f3cfeb123748b768d0e01d7499fc6af9ad9adf9af9ee5691cbfa42a
xv/20683.xmv	2150923	b1f73c921f8243942bbd97cbbbd9ad95b68a8d544cfd7655364817e81dcfabcb
xv/20685.hot	28	1399e3ce6ac7fcce532e5ac249d692ade485d6a2f1ed37c51f86042900658ce6
xv/20685.xmv	841275	831efae137b2f71e2bd77aadc03fd1b125f373f5defe2032de89e7d8f1de6e87
xv/20687.hot	48	ddbf405459eb24ed8b8c41e250d941dcdc9824aac4274ecb67458d93f42c06de
xv/20687.xmv	2484839	76196cdf55b8f92e25b8f100acf45b043f5aa1df2fd2b47280b0a0ec48d1dc9a
xv/20689.hot	48	c10b065d449fbcc0fa0e0a4b9551a410c8969de3f4155b69e8aed1430c776963
xv/20689.xmv	1346868	acf2f27ec63ab17f4ab7e596c0c262a652233e06000c011057471ebb8d5e481c
xv/20691.hot	68	178b60b6921d5518b7a60b2e84bb65f691c4ee8c07aaf8870a606ece304b448d
xv/20691.xmv	2935921	1d74cf60d9bc40f6b4c88671d4cf523389944d7030b438a01ec5eb9adf9e31dd
xv/20693.hot	108	d10f3e043f1e3703fa0303d585dfc4aa0c9b0230baa60dfc7131503204786956
xv/20693.xmv	5116093	a34069b53173e062d59e32ccda8f01568b43eeac3bb205b3fbf05ac1f0da169b
xv/20695.hot	508	55717c2c65d8566eea4445bf423adafac5371fbc1a24f770333007cdbbcbcd2f
xv/20695.xmv	5795156	43cd459c2a206c83d819f43884233924b66991223a231aacec5afca67a0621ee
xv/20697.hot	28	1f29c08c371ad82257e6500fb38ff7ad2a9f2335f0c8a31ca006eeb9599a7919
xv/20697.xmv	484961	9d866a7a584045133d1511e85099674edee29bc57dfa10c4c515b5940262103e
xv/20699.hot	28	c50f4d626c6c9cb0053b410021a1370eea3a5e156531ac8af6e6c0e8969695d5
xv/20699.xmv	1088923	bbd557fa1d4db5b321c7cfd04eabf97f0cf5097e3e4c672d36cf8d3a07a512fd
xv/20701.hot	28	24c77f037c9f242fb7687aa31182e2fc63df4913f77a5838a40561e7fb506118
xv/20701.xmv	508817	b617f93be08ccd23320098177efa0f3b6e61cdd378feb27327490e0ca80747eb
xv/20703.xmv	412997	6486ba9e734f8646f7755650c5e59442a5f31571c67e3957b3422ab852d5dc56
xv/20705.hot	28	8c40cdf0034fc0b8938864ee7e610db162631b7fdce4dccbfa36de134ab3f7c0
xv/20705.xmv	1198372	a4470ecd3d371e522b1df0fa62b11892578c1ae0db7c9287cf69bfd922125364
xv/20707.hot	28	87950fb06176da5421cc31df338c0d622e674a9087e12b089cd7e1adbf38033e
xv/20707.xmv	690480	9ba7956e9080ac2e24b9b937b79456494135c7910d2d7cd7349b1556e82f7d43
xv/20709.hot	288	18236ba4d5476e9405f1b609088ea56dd5d4d6893ade9c47c4ffe63ed1a38bd9
xv/20709.xmv	6684925	dd180753c17cbfe8092694f550c121f63b4e6b0647baad69bf3a29cbe93ab7ea
xv/20714.hot	88	08ef9d9a29a8df12cb9940faba423faba290276f62640f8103dd65b9fc579ac0
xv/20714.xmv	5246554	3b663239ce4d8f3e0877e27bae69c682e1b5a34f94c978283bf1af3190f0a91d
xv/20722.xmv	174828	95a23ae64bb2490d945b312c565ba7af136affb1145c0996b881fc9f907090a4
xv/20724.xmv	318181	241bac5f4fc2f158b8619430a71801d9b43a1ae4ade9c2006f34d7cf2f5b0e12
xv/20726.xmv	251232	942dd1ef8be784219c85204b8c00ce75ffaf4f07e9eee9bdd65f3ac9b830b11c
xv/20728.xmv	313527	57f426cda3c35f7695648eef6e3c55cb340691ad5ce5e3963e50dd190a44259b
xv/20730.xmv	289916	8b1f17894d1f5c4d61a73f2d0849c2ddc6e54e29e363f78464b68ddbaa6df4e8
xv/20732.xmv	150474	b8cd8faae590b134d5feade7f85c1286473a2958afbe8f778f551c963d6083ca
xv/20734.xmv	138530	98356e53c53e740b3aa8543eb76546ddc0057f2539d785fa255015e913fd3b32
xv/20738.xmv	482188	089b25e45554a6c016efd5254f629ddfa8f981f763645217ddd66e35780520ac
xv/20744.xmv	233159	87abb40922deea3bfa633e7a9687c111b53ca840be451a4469ebf1cf310b51b6
xv/20750.xmv	176856	885732df03317eb1af75ce9543eb612c96a0145a9c8a91a8d4619fa23849d22a
xv/20752.xmv	272817	48875a315d3790574ef380a74cd26f9bb37be860f0719b9ee4906f7d1748b727
xv/20754.xmv	152682	dafe5ca32a38a1eac82be1e285a1d313acad7aeee27ad882efea2cef03bb3c08
xv/20756.xmv	269827	550244238a30ede90eb7c987d8c4fd17fe7b0035cc41b140cfc1718f6d6696ea
xv/20758.xmv	267007	4c4fa3636aeec524598d32f59deb7edcee6ac9769b7f05cc6bb179d7cac39e3c
xv/20760.xmv	164951	ec71ac2019d9e7dc390ecf224c925828cdd1274d1f2a194f1129672c790b84c1
xv/20762.xmv	105187	173002f912ef7657e21747cca2534a68587a52a71b9d4cee3febe3efafc087b5
xv/20764.xmv	102797	e6aef3919c07aa1969a335a7f18a8d09d02bdb301341e73ca887b33aee675751
xv/20766.xmv	175011	2e92ba27e36211011cef97946104e5ffb84dc3208ec7d1d6138444e457c6deae
xv/20768.hot	28	f41070d7bf73723a0d1036a0693d3ce5ba34ca43eedddc521f60c810550dd4a2
xv/20768.xmv	1376389	2c58ecaac017ae8b30aca642038ddc004d381f5055d4178a4602090c15c27323
xv/20772.hot	28	3a4fcdead550f78eaa9616ac035e5c774cd4417ca9347a84213a671476d2a7df
xv/20772.xmv	657242	23e1181412c2d0a4c9bfb9f85870100025fbd50a27b5c999b8fd8509ed4e2179
xv/20774.xmv	501869	6b100564ddf311a90f927572153a70b82e047e335d1184bbe3757aa5532034d8
xv/20776.hot	48	e146c8a60a915249ca5f04f39e4b17a1c090c9c5c09e4ed7ba411921c0018d7e
xv/20776.xmv	1094687	28a726937c5e3336fc766025eaf40ed390d6c12bb42f3458ba7f5c417fde84ff
xv/20778.xmv	250410	6eb62aa2df95b1be0624f4e81871df8ca0c1a67aa871bebdfafc1528a6054c0a
xv/20780.hot	88	73187974d9aedb3c6bc63f95964ef6034ee07e6d5c5b262fc77d476d4fbde8cd
xv/20780.xmv	3325632	6f1ff90c822ac3b154ddfc09e5f2fad92ae796332cce9d7c69ff61005bf28d70
xv/20782.hot	48	4b3f8b1826c52866517176bab745689f661819c5fab753938953a512e5bb774a
xv/20782.xmv	2203408	d24bd1b8f81d71e611064cef8bbe9302a785c9fa5f2887e5ee8e02dd4ebaf439
xv/20784.hot	88	af9b8c75f1c78b41a246a6d813ba817c0efc9e6b623da33e03ad4666f8ced7a4
xv/20784.xmv	3812025	03dcf88046eaeda5242a72a50096d51769d08411a2d72a192f014b3f22f832da
xv/20786.xmv	623247	e6b52a7bf0739faf2938a3b8719efa6594bd583a9db01a5344dce5184eba6a8c
xv/20788.hot	48	db2870a8cc3c512e63954e2d3d485a97cf57f03b76e567e0941fc3451fc84f5b
xv/20788.xmv	3432597	a2995cae23174eec94beab84030d44bcd4cf899f0f1cb94e4fe96c418f6151e7
xv/20790.hot	28	b07599b743fd562af44e639e192cf98583dd043898a0243e50d57f992df28038
xv/20790.xmv	1466961	b1d684c44055cc9a6cd35036465927a3c84bc24247574dd76b81f4b4ff48251b
xv/20792.hot	48	0b6ac2dcd1e3c539b693284cb00cb1259ebe47e2c50f6ebb794f2fadf8717437
xv/20792.xmv	5078124	6b9e2889bb341289cd7debbfe80dbeb5fc6fbb6b340e51b631d41bb738c3eead
xv/20794.hot	208	6164c4e6c727f139d70da216f2b481da411c9af79761bb172fcbccce56945087
xv/20794.xmv	5372015	cef40cfd7e1ee96fc2fee1c9f98dbf909b667f6cf7a37469f80522735cbc2348
xv/20796.xmv	3195586	e53f23d26a7b9bef2780b0bc998c5690d62135567138c05d5dd2b1a63c71ec5f
xv/20798.hot	68	4304ee6eeba154399eb17e7ed4c087418364e775a5e70244052f65b1159c19f0
xv/20798.xmv	1468525	212041a1c67af4eb923fad1f318d361fcc2dbd9b52a20d66049296ccb2edf098
xv/20800.hot	48	3424ed015466e910337c7c99e2ba6f2a38cfd4ba0055a4c80f34e6f77a350269
xv/20800.xmv	2390035	3cd5358c5562468cbe6e84dd17bcc1dd2f469f31bd10c7c748cc1d888f4914fc
xv/20802.hot	28	77dd713fd4ae0cb4bf16aa50fad3a70757769cb0a18358ebb03da4ae9a4b24a8
xv/20802.xmv	1526501	b0e94e63313a31d6def39976fca0f43d3509dbb16407c14aa3895bfdfd8fbb8f
xv/20804.xmv	496864	58f161fa11a06a70fc8f753b032d89ed88830c05b2400dd028b0b564355c550d
xv/20806.hot	28	088be2a0a10bbcb125b583c04e8d34db12fc33131e0d09ff1f1cd8d639028aa3
xv/20806.xmv	1671900	37408583639c44941c5f5e9c70e4e7a54e240ad4109272d2106675ce0ceebd44
xv/20808.hot	28	bb7ab5c0b0c0306f236f9ee7a7a397d302218eb9d75c4c46a644860d94f9f78c
xv/20808.xmv	1371053	e6ccea13bd86d6edc91c45d7c939ca1b4bb1270079e953509ef5ff72ebd8a9c8
xv/20810.hot	48	6ced1c2803858d6ce9afd57c3c8c73e2bb90b9f4afb0d78f35af6fb3ca03ef07
xv/20810.xmv	2374279	81f96d262263fc6aab64a8ff61143b6efe2ef321de5ae9c6f2804cfc776c9a55
xv/20812.hot	48	fe203d0d1aecb2b3b5eee0a27b61f69393729b918022d454bd267804c948385d
xv/20812.xmv	1775701	0aeacb780fe25950ca51b80ca117d2e6da0d5aec05ed389d3860cc22efbd12d4
xv/20816.hot	88	1f77a201dcf9a5f3a2a1fa9fc939dfd7bce1c75b568798b3442d09591cf1301a
xv/20816.xmv	3830534	f0b8be7afeb22e9e0d3eb7d3fdce77e0b4443676836d2f8c7d9b2d286f477b67
xv/20820.hot	28	1fb1f15d8ef7adca9d0ba1d8159ee0c0644b2208f38a69eb00b2a888bab0bac1
xv/20820.xmv	2331688	54f16db5733fa124ad8ac25b9cedf47312c40b9c7113ac977754963945230891
xv/20822.xmv	186314	6a64fb2ad4b7fd39976337a580d9ddb50502595e14a2dce8ce595b3be7c87a9d
xv/20824.xmv	153764	b30a6d760f08a969e9f05ddd28de715bc3480c5273dae5950870422d68ef9145
xv/20826.xmv	259596	81fdf9ae7f46f4896985e443a49c916a2e8ef5c5921f7043b899bc02c70b5b68
xv/20828.xmv	307766	2e8792343e11b37dda9b21fa3eebcef1be6c764f4486aac2cdc476c268519fd1
xv/20832.xmv	310226	8dbdbfc2103036ff85ab38f7485d3e30245a6a53f20b96df44032b8cd63f031f
xv/20834.xmv	415317	4fd5a361bab8edb0a554e19ef30d800b928364c56f7d51c727b7f47fcaab1516
xv/20836.xmv	401922	de42007803edce832c442d9eec15cce0ae70d4bc112623248e34086844cf4cc1
xv/20838.xmv	538589	d0ce00b5cd93da74007c8163bbddbb29cc07e14b23df5a6e76ad2d8714f80903
xv/20840.hot	28	ea8c2969d6946d904efad4816c1f4d24d151fb7ad465080ff8e42cbc169fa093
xv/20840.xmv	914646	7104ac76f874c9b368cf35d1e4343a7a0c2b8db49e463e01cefd0b7ff9f62fe2
xv/20842.hot	28	58f88d3a1e9ebc6520a3129bba25cf54dff368382b217fe181d830a5680138da
xv/20842.xmv	821445	2ac29db2380dd9a75c0721f0729838c2ea0eea7c1d9c1d2974ed573d6e3f44b9
xv/20844.hot	28	cec3a59923e34cdc22273cdad9dd5ec480a692648cda8822065b9595027df618
xv/20844.xmv	1055939	b0372fc52d1d8cb91478aad848f338fc661008ca68f4206b237aa23ab8c76195
xv/20846.hot	28	17153ade533dee422c2ca29c7e971a7da43cb6994f71e0057900e0b7d4b57ec9
xv/20846.xmv	1160672	e8f3d86489945496ca1f67438fae79296f64e82ca45221865ecfe647b2aea01e
xv/20850.hot	348	a3494833b1a4a53075eac12d228b7cee44c8ce6a6423850208dd3074b5570453
xv/20850.xmv	5278934	4296539e9a5d0905574649d3c184058090543e4c11a891982bdc4226e075b043
xv/20852.hot	88	10c9e5c89acf5ea09da98a0d0bfbb872f030db4633a2a7a666a0728b70142e51
xv/20852.xmv	5646276	8265c986d73419a21a8566d2dc49d54722e4d26da978fb32f11d2af6a5aa473c
xv/20854.hot	28	72cfabfd55d7273597686c58cb0b294206e7d94ade5df05d2a73479000230a1c
xv/20854.xmv	708332	cc6c0bbc286838172e2f1193596345c1476b31cc86d010a287c03e6c82119708
xv/20856.hot	88	0e580ebccb386883f19adf83eed640d730b09e311e44df04b8c1a39adcbf56e3
xv/20856.xmv	6301589	4afece284190830f2e0ec146fa8529c4a3281c165d8ae69718466bf1ff570761
xv/20858.hot	28	b4a689f8dab044b76a17fe2457afbb4d7173aa721ef309f59c0922d6bd4dde81
xv/20858.xmv	708110	f3cb83ac8ef02e0a0ddece01c66620076c9e6d03efd2c5feff0f648bc6f82e6b
xv/20860.hot	48	988eec004e6f575343fd50a1ea7533542186c41bdccaf0bd08d94d9a187b9c6d
xv/20860.xmv	3765645	6d2754ab2ded8a15266d6b316160344ff68c29f53333b454f9a6fa9f1ee400f4
xv/20862.xmv	397942	c9f0e81ae64d0822331a7723596c140ac6a999a518425cb64acb66b58cddf486
xv/20864.xmv	1552952	7fe63ba5a308bf944d795b0b6bb6eea34088e26068aa40541630005f5566548d
xv/20866.hot	28	fdbf9290673ca7fbd96d89acaeaf319094feacb3034a1f0e906056cfa45ca765
xv/20866.xmv	824199	33e1c6b33ffa668716cd2c0a820d1a4c4c1479ced145c0c59547fae661c489b0
xv/20868.hot	28	36a2500a5880eaff48ce6f8fd8c1a4df44af55dfe1723490cce277af31964cf4
xv/20868.xmv	889502	643c8b000c15cb0065dc6566600cf6aefebe162d4fcdb394ecac5cf7c3761893
xv/20870.hot	28	6f5b4cefa5295ccb0c7b836a697bbf0981737558e0fbe13b783db39f385be234
xv/20870.xmv	609471	b9bda7f7a3edd80403b1896f41b6fa84440b811e6e6a2fc82671e3785f1fd9ac
xv/20872.hot	28	69f1e6149b421772cab18b38ed97e77b21b37b2bf37ea60de176f3ea88685f28
xv/20872.xmv	1951983	3a48378fc2230e2d7c76e3c854492af3731a8d1ecddc3aa80cd89d9c76a45e14
xv/20874.hot	28	3d31b32b4683ba3c9a4992c1c1d31cce50bc2493433a832221fa9397d7c53b9a
xv/20874.xmv	889440	0806227b339c548c04dcafd8d6253b147fdc6a65172b850375f65b4500a02399
xv/20876.hot	28	8a0e43d65e0dd1f015f67e8e3e2ed91338bb0265c070c130d396c627c504fe5c
xv/20876.xmv	2479354	3a4d96e531798253a5b5cfbf5f1a7a87cac87c41e5fc16e10a5dec1f992f7444
xv/20878.xmv	408904	606af628ec1eb11b75a1be691f7ccc54df4edd47e306553ae8ba5118e53a77cb
xv/20880.hot	128	b490027d6f5f8975746826aa902336e337b2085e07be7d2f3a0ac392c9dedda6
xv/20880.xmv	6855186	1e49c3a502c9ebf197d97641e356906defb5c0c38941aef66ace06215c26fea1
xv/20882.hot	148	6f55b7fa9736e208fe5c9a2f0ed99903ae4e0b05c49c098e16ad2afdef9f61c2
xv/20882.xmv	6743394	c420ee26caf8f4e1353d04e7846f58fa3403371b6d278804c5cf84fda03d10d0
xv/20884.hot	188	6bf4cd6f1b0a25287b0e84c5210786d5aa43696b121c9b4745a56bdee0aaa1de
xv/20884.xmv	3854083	61928207a7bd0ab0a24664f59233d7707dccce63562f27cd919b00fdd5c60469
xv/20886.hot	28	74c7933b306b974551b98fa7a0524ffc14e2f76e5a41d6744ae858f0aa54e420
xv/20886.xmv	738840	adba9fb5369be58b459358fe34393bebc6e630f8362f7048471ce1d35666c2a7
xv/20888.hot	28	e74cacd6da7ea1de36c5696b8c4941e9dbe689de5e47efd1d68c8523e5fa268e
xv/20888.xmv	1096065	b274316a0f2b88fb6f96a59157ff734165a544b9ff04b05dfcc8f615d109f718
xv/20890.hot	48	dba9d3214fa3f7026c48ff2f56be993440637a40cb361fc9d1ce409c578cf196
xv/20890.xmv	898535	76ac51fca1629a0a1ea2326f21a3c1f19e35a812a0defd2a3d5bfc498d82f892
xv/20892.hot	48	a2514fd49e820dc1c75b868a083959c70d4cefa895d31ad64cbb1b24d3a7d44c
xv/20892.xmv	1741056	fc52ce5acdf6439554c2ac3a2336fc1d924aba6fd07d8eed92a59faefe5af421
xv/20894.xmv	891787	7bb6a1014ce9f1ccb39599dd235b37b52f8fc25677f528be549c838e4ccde6e4
xv/20896.xmv	1263263	95ffccf4500d32e240413547d92ade89463b75d59801457f9d90c0b97fef0470
xv/20898.xmv	794776	b76bb7f499412629586fb0a5bdbd7412271354fedbd89e413e58b170118218ca
xv/20900.xmv	203718	5a470c335812c2ae73d275ed4c9cb1e7fbc301f58891148bef485aadd24ea091
xv/20902.xmv	185830	8ea9173fd623627a5ea9b5e919f9f458c6344173edb7b9ce46ab403999e8f528
xv/20904.xmv	185788	022de870029c1edc906871e9793577c5b728c81a323edcbf405cf728b195933b
xv/20906.xmv	402458	a12c5b2a4e055e364979fadf102da7c3e629bdb2087e11c308cfbf33c1ff3dfe
xv/20908.xmv	275405	cb9e9617b32d4a05ff102354621f675b1a4d95d8dcbbcafd05cea97f8e1553da
xv/20910.xmv	494677	502a3bf4579f304f5baa138f0bd3a970d452622fc36c1af97500f902227498eb
xv/20912.xmv	466669	fcd13088adf32b5789f9e28cde424eb1b024223bc8d759b8f9e297b1a97766d4
xv/20914.hot	508	33d8416248948a88baab949396eafb3196139910b775252ac143f3b18e1efd5d
xv/20914.xmv	10449892	e87bf5edf07dee9b2757fc8066bc5d96524c1631ba0e02bda318f231fd3d24ef
xv/20916.hot	28	239ca22fc844c8db3ddeb3f0d199656d1555fafb8f5722278bc0bd0edf4098a7
xv/20916.xmv	845543	28805db23e1bb041db4f223e9f7b34ceaef76735e10583c057ff2ccbfb014e76
xv/20918.hot	28	d381c7c36e5ad85f373d8b8e22d3b9d421b5790ad1292ee90d7a27d0552d7a19
xv/20918.xmv	1068076	ab2ab83d83229fe36ecd2a1281d75f97aa2d35777e5e425086c6f014f1100aa2
xv/20920.hot	68	e8d5f694b8e5722cb2af1a781f59d3f933f4b35c48003686259bc0b7811c580f
xv/20920.xmv	2512916	eae426e15152d05f5765ec2916b2565cd6373af755e3766243db39c94f24c4cf
xv/20922.hot	28	0622b65ec838d13b8cf5a2c1031cc30ecc2b25aecbd1ea32716b7bc99af45993
xv/20922.xmv	867688	b7edbb798447f241bb61e92ee5fe959596cac81e9e9cae61eafafb3df3d60b58
xv/20924.hot	68	cc829ae66281cf37a532f4e1a6b6c895269589607a253f8a98010e82d71262b2
xv/20924.xmv	4293060	05afb6a66eeef66242da019c273ed9331b458bbe7442d4683da0409b42e2cfb3
xv/20926.hot	48	8891735bedfc7956a2cbf92f9ffd49f77b037e7add6bc275384ae4d8cdbc689a
xv/20926.xmv	2266476	f1b4cc1889d09e35eda3dc6d97c9fbf66fe6f166c32771235adb3a6171ad3ae1
xv/20928.xmv	534929	0e65316c21b39d3fa63f3820364eee2a1c5af27451747bb9c6773e027eb6e696
xv/20930.hot	108	937c33ff371af340d1b484e1b17904ae9beee09fea7d02e2c2f33003727aecde
xv/20930.xmv	3245576	ff74c5afab09d66b983926df12a15a4b394b54f9137be1975fd21e6561ef5236
xv/20932.hot	48	871c8c9f90ec73e9e1607d924a8174885184fa116ab0029a9ad6466680563332
xv/20932.xmv	2158104	23bb4ef812b300f493289ea2c98d60be5054cac21cc9f55461a199e43c39016e
xv/20934.hot	28	67ff7d1b2b8a9251668c6ec31a07616336e6d5d80a4418ead9709cd6c4136851
xv/20934.xmv	1001262	041447a31ffa515c0e74160c81860f7946efd7a97c9bd04e3b8dd3d3d65ae892
xv/20936.hot	28	f82e615a83493e94bde44b704d02867e9578b09489ecfce1df0ced9a9978f965
xv/20936.xmv	2671745	50970fab86928dfecc58b099c8f98201e377a1a19e5f04f98c2eae41c239a491
xv/20938.hot	168	b789f445c96414fcac79303c289f9380b5565c672ce24f3f96bbb94a078787ca
xv/20938.xmv	4804350	97128abc35e8b3e4e74b3a3ea0517546126b21ee3f8509744ee8d98893e68b62
xv/20942.xmv	734386	e441a8e017a902881daec9cfc3f1bb6212d7ad5171d00a0a3f61db17b00d7753
xv/20944.xmv	556896	b3709c1507b4367156f449175a9698cf8c45061066749f2da53f0a3a449f9681
xv/20946.xmv	734949	57779d7e660938fa48e13b758be7ca0ffa021fab644ed577b1ba406df000d7b6
xv/20948.xmv	712372	46518d65412eafcb4d1cc981ec1d9f558840c40bd5fc32556da8727455cee3c2
xv/20950.xmv	645214	f7d5471d51bb7186098d3b3a91ba48369968f6600079b554e341d72c0ff40846
xv/20952.xmv	756983	0e68734bab2df4c3c0dbb505e211ac4a2892c4755324e291a1931c0a7c238189
xv/20954.xmv	534273	f599668eb19a71864254b172885a2d0b4a393d1b6de07f8b0a45110fa33b3535
xv/20956.hot	28	45ce0d1335311e413e326c6a5ce15679bf54e22ff28f926815f327ae40a796b8
xv/20956.xmv	2160178	3c56a64c549e6e234a7aa051264bf7b7612ac6590b33a054ef92af561b59e881
xv/20958.hot	28	20837f9959ac5984a7a68efd097e44f4218279b8d7805fbd3297efef5a10e2f0
xv/20958.xmv	4663313	45705ec5d0605ef0b6ef86ee4db68ee111c716c4091975733e667b91c92f4084
xv/20964.hot	28	be75558eeefa9ae6e849cdc6c45db8e34fdc96139bcf7985c2ef8fdec0ad7ee3
xv/20964.xmv	6533543	f7a9e385a80e9de82c279f6a90296c09ab83fb33a54f33513d2ca6a00416dedd
xv/20966.hot	28	ebf101fd4c22c02b70b01b653cd50951819d861439e7305aeee6ca509ab848bd
xv/20966.xmv	3115839	b21a238e2ffc263d0317401b098ff11b968edbc9884c4c7c5f99c1c0dfd01628
xv/20968.hot	28	da37ddb3f963d70dd9118ff801dbb2e1d6024bc5baac1fa6064b95ddc51b05d1
xv/20968.xmv	831150	b36c4b03317898d7dcb2c29fa034fb440ea129f4ec100ce4623091a51e7b4bd5
xv/20970.hot	28	cb367536313ee5af0f647f5d4e3f0c03347adbeb10391ab7ced1a40323c90aae
xv/20970.xmv	2348579	820f8978f964deb9435ea67150a260b4cea8e6b5d5078c56259d6772cd64ba89
xv/20972.hot	368	2c6b911a5822badec03f0be601337f7d1cfbaa77ab2746f6b8bf617fe893f12d
xv/20972.xmv	10723663	fdce09fdc4774229e459aa8bb2b4b5ebde00e4219ca062c91c2f92212c015350
xv/20976.xmv	495789	fd6ca06e450eea8fe5dd33771cda0df1e766a47ffb11e7c429c50a8e0d5bf33d
xv/20978.hot	48	f277ff0b16ab07e952589ed911d83dce5c8d305435810af723232d1f213b0629
xv/20978.xmv	1057944	278e02238ce3b066b4184c5f5d7b333b5a8f15afdfd546ca95b0113c7fd7b9cf
xv/20980.xmv	357717	b33fbe500605ec43df958116f8caee945cf80927eb06eaf7c06dff45fef7fdcb
xv/20982.hot	48	0b78bb12ca7ffaf20bc7706852b03f9f73f98d76caff262633dc4a7dfa3a7f60
xv/20982.xmv	1367133	af21e025c82021bff1c0cc4953fb7596c34f6e3088372a5adb0da2af33083a19
xv/20984.xmv	442527	f142702a2d0eab4a2080b5ffcd742d983299fb7b47c2ad3eb5cf67b445a7c989
xv/20986.hot	48	7bffc653204ef3471798d35588a471519c008f529261a72508318642f1163051
xv/20986.xmv	3288319	12aae75ad26fa247a2abcc3b3f4db876f55442aff0a6395872efd2b1016ee580
xv/20988.xmv	506988	264c1d8acaf6dad3276a39bb8609d8776dd22926b1a0126d74375945cd3665dc
xv/20990.hot	48	dee8a4a363714292c555eb2bb83d35c765fad0dbcc6b79bff8679883f4b29ae1
xv/20990.xmv	847295	833ef4ee7c5f3cafdcb398569c1dfff6363a3728815430753ef42b811a3cdbc4
xv/20994.hot	48	314335558b4d6c1becbea8c10cc5da8128d0a82e726652fc4619b13f81bf7244
xv/20994.xmv	3385490	af668feb0df77d586e1fe8b557182da141b77b26a0b2089fa987c94d0b35e31b
xv/20996.hot	48	8f2b289a4e1d7d791e51ef7f2615f11cdbc20da707a5cf144718858981454510
xv/20996.xmv	1479369	0b2c8c51ad3ce09599750c31366e6ee66a76394fee5b862fa88ef82efdef5ab9
xv/20998.hot	68	582367259cfac7b1f5f7760773c4e2b8cd03210f35204029f06b1405e391ddbd
xv/20998.xmv	7810172	d24963ccad18a413c9a435efc75675d7d07843c42c26e0c2ba3d68feac1bce2c
xv/21002.xmv	142453	5f1d3b3e9c6c859fb754e11f9c930e2c6bfecb3274047ba4d89d3a9d59a02f28
xv/21004.xmv	173161	749fe1adf2e71b5cc922a2b2487107cbee81f2ecdb37337c5f784a7b6ea04823
xv/21006.xmv	271847	dd49a05e9df00928f782cff99c166a3b12c0fea918ee7d4ac80a3288c038b97f
xv/21008.xmv	193840	c583bef5e0050a5dc7e0c4e72cc43b750e80aa53f62328ba958f9af4f2821b3f
xv/21010.xmv	310657	51e1a7964a9b4f551b2844ddebc395623444e3eecdc38f5469f199d3c9cbd2a3
xv/21012.xmv	258519	e5075aba1fe38176e382bb1a1fe2d38595e6ea159bdd62d62f9972c8ad459c98
xv/21014.xmv	267876	330464bed57f57371dd93d52f7aec7ea279473d849b43b8c7ec0e7c20fec51db
xv/21016.xmv	159559	dfb99552163f7231da88ea3e652824856b9aebac36f3924213583199a0131504
xv/21018.xmv	129845	37160c843768d50a80c607c051768f8c21357d574eeee0f9ff2eac72a576aac9
xv/21026.xmv	371916	881cae09769434a0953e41302ab388394432339991ec2e2e8492731c33a08f8c
xv/21028.xmv	441962	af22d3aa00ee6a388fc141daab2be13c3fa59920352726ecdbe95758d8a394f6
xv/21030.xmv	303135	a47e20df28a807bd6330ca01444abc52dbd47a923c92847ed48df978dd5126d9
xv/21032.xmv	450249	6710332ac79cd2c310acbbce6481af482ac04aa5fea17b12b80c3ec45078a49f
xv/21034.xmv	267275	280eb1c49bd3bd1fafc76e2c4a3d110e03ad34f60e7f4cc0ad05a28f8cfd9b53
xv/21036.xmv	193856	4943beb31be70ac5da6607a5b38c308dcbbe418ce94e509e22b6568ee108420e
xv/21040.hot	28	7ee82495754cfd141f2c13cb85b53b8d080031d0ad969125394756c9e1a9f872
xv/21040.xmv	902600	90280cf77997cd96be8ec5771ea64a3f9cbead6c511168ded8b6c32c478824a6
xv/21042.xmv	1612069	0c9817f965e852e47de28eb80a5a852bc755af62b1c8bbc2e50a0f0310a978a3
xv/21044.hot	68	c9b86a66828e4edc845ea77534c47826e89ffcf2ab343b6ffe1da89299f27134
xv/21044.xmv	702648	773a40e3069eeadeedfcb9fccd75c9224750e5690694f7d01b0d3c0cc7bf1821
xv/21046.hot	28	deb25c0cc2ba5168bc0484f08b82a17100510c083da9a9f94afff70bca4c7b76
xv/21046.xmv	2201921	0b238829f8eb6e0a372bb803971bab0bc1b8e9c9fd077ebc6df471155c1d47c9
xv/21048.hot	48	e36bb066fbfd58123f9ca45a271124e2046f893d189105c61a29923f5ef84a18
xv/21048.xmv	2154747	da0443318efc13936480999e261c0c602c142229f66b9ca612d1ac73de90052c
xv/21050.hot	48	892f128bf3ff392fa8285d9a430b0e57f1612286eb26f67599a905bd50c23478
xv/21050.xmv	4034706	da9d85d16161401d831a16e12ae0e0564760a7fbbbafbfe26feede08295ebe02
xv/21054.hot	28	78d53a8b61dc0c25a935ec88964803f64fceb5dc8d0ba591b16ad04f6d103333
xv/21054.xmv	1606474	68a73fa794946bac732a54a36ebfca67ee3460fe0d4e8a72a35a2936100ad330
xv/21056.hot	28	2e2085abc9b4e93086ea7e278e373533510155d6942cd761e73573969475328a
xv/21056.xmv	1366663	b755c481517ea18fb0accdf4898c193a7d85ae7e0e7f29b4e43864aa4c3e6a85
xv/21058.hot	28	48d8d45bee3199745c76f1e0d96217780e033be1957286c9132eb3cc28d70afd
xv/21058.xmv	1392299	66e2cdc38a5108b8a5468c7b410b519fae04600843f760b72bfed3bf0396fb8a
xv/21060.hot	28	08ae9ea199aefa99d85ad2f74336cfb349a55aece57d6d1647845705abdc4c58
xv/21060.xmv	1862752	3342c4548ec754bed4f35159cba8c130536dd1931617fa966f0f12d4a2358c44
xv/21062.hot	28	a5be939c009a08539ead85cc0e1b2b42c4ef494a0ad42174fb1e1608f548fecd
xv/21062.xmv	3388503	962ef50b85a5ccc261f88186722b46e235895f56130871099031b4e18a7f1a4a
xv/21064.hot	28	3e92d4e1b3976bd139b141ab1539c2a8f89385f65db01df5961b0913dab1cc5b
xv/21064.xmv	1765679	317541f84351beeb901daf765223a35c3ac42674d126ee6e8a187e8e3599606e
xv/21066.xmv	918241	5b40ed8520419e19cac3a4d6b71ec3cd7d2f9cd4c1d92d6b911e5a85c362fe98
xv/21068.hot	88	c8994abdd4164745af89fbe1ac5b4bca77e02f590084837d8b3afe663b96f9c2
xv/21068.xmv	3929355	cc893d9df09575c567f75ad8cf59f6ea4a5ae5c953573828e7921670d72fb8d7
xv/21070.hot	28	d4cffbfb78b8c29cafecbc73642b11ae52240e2d52279009da11674fb0023a84
xv/21070.xmv	1203508	1710ce638b082d13120fb11a99c4b8432cd2f46b43b0bec25ab99d7127bde45d
xv/21072.hot	68	515ffc9b90a8f4b74ffaa5283d7cbdd7c0b40885c3ce0616700f89fca7491024
xv/21072.xmv	4420480	4e57694714e0f215144f8c6d4bb6021f7d3d72b5f74ed74b60f053ed0a87c0cd
xv/21074.hot	28	c8e98645b39da48dc78b25fff93ea243dd3ca3359f813fd84439ed9baa27bfa1
xv/21074.xmv	1720724	8ffc1ca8040015ba3ffbdcfb2a4b0e46a504df8f3482b7839038d82b8e3514a6
xv/21076.hot	68	ec8b4aee174cecfe92f638b1797dd61cbc60290acbc39016b8a19f3930bd4ef8
xv/21076.xmv	5835404	56a78cea9ea13f226b94f89b6133b92c4cf42dcadb6fb570e94964619d1a2ee9
xv/21078.hot	108	0d9384244f18afb9199a758efb47702f965df8a9d64a7b20b0ea13dbd3d802b2
xv/21078.xmv	3948795	614f97579a82f2f3d59b87b6c338a034a54006c7418d57eb77abe17af5b7abcb
xv/21080.xmv	815850	b19de008aa3ed0db95bf8f58acfa0adf79d484510e8c4ea39de0cd7f4c5c31ff
xv/21082.hot	88	784f85ef6ee8a6043df911a459925bf091650a1b5f34c90d634944b29a178d7c
xv/21082.xmv	7607070	fedb0ad32d1abe2616d40f6854a051b8ab80bc8e6f1d624afdcdf721e324b50b
xv/21084.hot	88	f3d6d6e388dc25a24c6310b9e7b0f2e5e2d0706104bb26156d11940cae5ab487
xv/21084.xmv	5139493	9507d376ce130901d62acc58f3c697b2bf0ed5742407792c8ad5c162b9640577
xv/21086.hot	88	6903283e80e94f953a6501c14ee1c653bd6f33c03c436f66926d0c5360fd4d74
xv/21086.xmv	6470756	d2916355977203c4197e1a3527af165009264c550cad370db11ebdb50aef100f
xv/21088.hot	268	244746ea560a4c540997f1693e700a94b5530c61b0ea50036b8d36f61cca19c3
xv/21088.xmv	6699697	488d5fb7d199bfad05b51145cf9fac46fc93c052339555bafa72fac01eec2b06
xv/21094.hot	28	19d460fec63164c9ffbb328b99f7db929621e9fe98093de60340eaf6c104c3ee
xv/21094.xmv	2461032	91161f0d61a86d8be6af3bdfef6a16423f5de832976651f6b799dc13e04495b5
xv/21096.hot	88	c4557b4e30d788a5d0d50756e085d6dd70b8db6240d9eb36095cac36f69bf7af
xv/21096.xmv	1108832	5c7929f8d5072f5a355ae74ee710591a95c8c5bd37df925b9bed00772d5e2add
xv/21098.hot	48	7e0758cc3600b875fafb6c4c8d52e70bbb18ddb66c25e3846cc93d9609718ce5
xv/21098.xmv	1243984	be453ef68bcbb44207c61d423be344dcb85c35440e61f199db7aa388aef8117b
xv/21100.hot	28	38eb9fca45e62fa8ed511496aca490a20d1b23b4ea1ebd37666f4ddd27add590
xv/21100.xmv	1089608	17532abbb2afb3d5e495d2d24d5198a3cabfc446d47623fd05c08946f6a6523e
xv/21104.hot	28	8ae8b338e3059f41cace7694bd9d8aa6d7f28327a414d09a45e025a609df5565
xv/21104.xmv	2324943	aa02a4087f5c2757a0e191f78c946ee8133b9aad6b9d51a25295a8ec500ac3b1
xv/21106.hot	48	0050ef90458f51619d9854aab8608b5eed5d3b2c6f7dd42abccf8a7a1ecc70b5
xv/21106.xmv	1594420	c4f395dca5c734617ea102dd6f92fd3d2bec625de6f6dfd6bdb3988faa3f1009
xv/21110.hot	28	7faa3da3007121699750450410d4ae90332e1967090d88bdc9dbf120ae4822da
xv/21110.xmv	690358	5328d16c8739595d6f4435c18c1398c546da9a86efc8e4890de83a401c1c9be7
xv/21112.xmv	583778	10ca61eb711666715e7d437e961cbaadaee67a187059701ada310ef35b27d941
xv/21116.xmv	23305162	7726d8a06c528736c5079d3350efc0a44d452222956a9295ada62a7155ecc4c6
xv/21118.xmv	25268401	036dcf9e1d61b37a00e6d6a2bc7455ce1094f911e977356863a0debea2d9866c
xv/21120.xmv	7421090	f761206ca2b83e0f53aa1574d45eff454c4a6af291b06912c4829bcb6f780743
xv/21124.hot	168	4a171ee09bf800dd941d01bf3cd297362f64a8950328d7c20b8a2e967349385a
xv/21124.xmv	6117050	f785f20bf08109ad2b8547d9666027340e1d1f85c95432be359788b20b7a4725
xv/21128.hot	28	4597b4344b7e27a26b4e95e4233fded0d2f77f97053db64a541bdd39810af00b
xv/21128.xmv	2629078	d5b526ad16b7b5671d26b168f650a8600e1698e21bbe11149822ecc7671b54bd
xv/21130.hot	28	07980c26c2abb3e65a36654f1b9eae05503d8e0e83a9e6e9c8766b8a1fc637dc
xv/21130.xmv	942294	5b59953c0fc329a3018b415c05aec87d8f81f70982c70b998266db68be3cf9bc
xv/21132.xmv	332332	8ccceeb39d13aad86cb3b9ed0bf89301f4e62f67739148874d1f260dcb033dd1
xv/21134.xmv	317686	437692e4f7d7665dcb36072cfb79f324a3fd0817fa657bdfc8157a863b1ee1a1
xv/21136.xmv	268993	e1ca51a6ad1761c0e96a29d20805f70d61cea99016ae918b111e1d1d1c784009
xv/21138.xmv	459856	3a534b63fdb4704ef21cd988e8a7730c9b708c2ada1c28cc8fa28d6dc621b1d9
xv/21140.xmv	363692	c2811b3542e1d69c395b72fd80027fa673172ee2c9993985b1cae4aeca634853
xv/21142.xmv	331656	ac5216c3adac3563b1eb0181c43d96238dcccfa90525044ebb44c65102b54c86
xv/21146.xmv	311621	8cbc2967590bfa5074e3f0f2372b41bbee5da13a3572262695ae723fbce46479
xv/21148.xmv	270653	1059d26f4ee94fe70f11bf1edaa8cbcf679984671c3c46a384b686620971f8df
xv/21150.hot	28	9c093a3522c2b1d5cdef4a3cef66c214c49079bff8b53c08403327651a6eb491
xv/21150.xmv	1475568	369066fdb00b2890a1db780e917be15d0bf29c5641152c68409d180a1baf8c00
xv/21152.hot	28	fc085706f013acda7749c2389e41dedf034dd83d431cace844077f1e097ffcb6
xv/21152.xmv	1297047	fbf311a64df1d7df68d5cb80723c323d01020533f97ed9840807ee7251cf10a9
xv/21154.hot	28	c9be8b51f94a316cfb1fd323b4ba1e4a3ea9581761c3d87c77499f6256da125e
xv/21154.xmv	1890590	e9989ca14917d860a8b96d0b24a358e82b251c44df806224e1c61c9d9e7d6cff
xv/21156.hot	28	dd53612845ba494643a347350c189a71fb270f828f742e4ae73ae7f200386573
xv/21156.xmv	793238	9da719c1ab745ae26ad26f955b349ac32570ba98343aaa0650f26cbb1241772a
xv/21158.hot	408	7e2aaaabcae044a1c7d64a1b7a4ed779789b789368de7fd12cd8c447da5ddc61
xv/21158.xmv	13322750	588beb23b47fbe3b05257075ad8b30caeac1e6be7ef9532d436db0956e7b6989
xv/21160.xmv	2711191	b7bdc8feb2d5265d5a5418ade91a6680ead9d75587469c596435f1cc9a4e3bc8
xv/21166.xmv	1097129	c1f27eb66308fdbc985fd34caab3952ebbf421faf31fda250a5258dae00e8607
xv/21168.xmv	857072	fcc01a09f4c12f04f9495ae7ed6c1c52e7cea9e36332a56c7e68c679ee5dd503
xv/21170.hot	408	728bcd53a39d1f36fa0c7aa8665527168da646c9eb1ae9438075fbe654c8fb6a
xv/21170.xmv	10622101	5ab9aafc4822d64eff936945598549803fd14519c85a24d4d6aee1f2bd50ca9f
xv/21172.xmv	272375	349d3523c0ff84621698b00e1618356c8a486eeaa0a8a57b4a2d0b43a8270f0a
xv/21178.hot	48	875dc813ab6dafe2416870ef98732aef211b8309a79ad909eaf6abf2cffa8b98
xv/21178.xmv	2630991	36064c6f873d5776893bffa5f35eca9f7e90ffa17824bdee350e609f0ee508b8
xv/21180.hot	48	030a1901c72017b526e46da0a5bdbe264bfcfe6840f1d1acd92dc077be9fc10a
xv/21180.xmv	3305561	270a3316b73df275aa8838001b95e503dd1ba9bd2c5737ae4ec40954bf9c7963
xv/21182.hot	48	b03d540a78e73828f36aa905abec085a96801d4ce72f8c5c0f6875d34da92c1f
xv/21182.xmv	3524267	c01a3e490076dd327fdbc6e0950094c7741e69275d86d3d1080a5fb6f5af9c26
xv/21184.xmv	598310	1449ef0cdb067a38c57ad2de74e615a3a263c5ead27cfda4b6e6295dff6b9805
xv/21186.hot	48	56b8717f31e8a6eaa909239f0c2ca8a2c628cd4293204c01d9b7e0e080d47250
xv/21186.xmv	5813772	2d284d05ff30a4ec56cec72c78687fb11aab3cbf7196f18134a522ad0b2af089
xv/21188.hot	48	548081dcfd71254b5aa8b6ed2dbbc9bb4277f47490fa373cb1ada21920560395
xv/21188.xmv	2591583	1f74252321a784aaacaf25e250523e731c5cc257c1d929e1c8ea04dd932cf59d
xv/21190.hot	108	cc6013af202431a344137d112bb0a1fa3a459b2fda7e8f8c07767307959ed8bb
xv/21190.xmv	1231518	4fd688de5600480e3630c9c250a98bbfb6d7b962920bda297c67dbdd1c8cf769
xv/21192.hot	28	17130bc3af70ce971632669b5f5398b8da694b2a7796de098419f7f8f71d0191
xv/21192.xmv	2244122	3afadb91b3f5849daa417ef949b278c15a7d46ccd7f50822f666e1284eaa0c8b
xv/21194.hot	48	68302f585724e807640a10c6873af0e5ee5a7f82de6e4499689b694050d9367b
xv/21194.xmv	3327933	3fa3f16a61afe96e0bf6e84e317810a19d663a0ef29dcbf6b508807d5a363b58
xv/21200.hot	248	ede3038b90429f8ea178ca7d56c080f2e18280f4ebf8f4ee7aa3c04fbe6c803f
xv/21200.xmv	3852729	667da3995e2881c66ce99db18067204caff4ca757c91c55548ba521ec840f79b
xv/21202.xmv	292763	5b7a297ef5569a7c7214376fc51671368813b18dcf5dacfa8191855eb813b34c
xv/21204.xmv	538560	4447e038ec192ebe361bdf9088d215dd34b78d6e9393f65f6e1b583359916564
xv/21206.xmv	314422	e5399bf4bc817df43f9d514e250dfe3659b3d6295d8c6228076f366840d83109
xv/21208.xmv	583668	cab4c981eba5487e90fdf7222b86c457a463c20a7c9294e7b05de7807d907d28
xv/21210.xmv	361089	b23b8b4127a47fe06045e7979ad13335b43f7bb71290b708cb3d0ddf61f4fcc9
xv/21216.xmv	330172	6c481c679e8bc33eeeb8a80142fa5c43180c17e463184a211b05c9f9939682ea
xv/21218.xmv	234961	6a31d7307ecb7b1015f10e301cc21763ddba1d0b506ad90b4abffc3d6de76b69
xv/21222.xmv	253082	b23c8b5f5c15052f4c19293788f670e26dafb318511fc0dda8c734ebe7ed554c
xv/21224.xmv	451964	b1b094c887c26e1861c57a27d923ee33ce842f7e90c52dc312984df7c15e189e
xv/21226.xmv	345366	4afdb2b50d09f7dacb54bb56da0f3d92dd114e5230279b0a1bf975d76cd2a9d8
xv/21230.xmv	627266	c67489217a6c3968ded4bbd4d2ac4e8bb1eb8751a2ae9fbbda88a6cbce89467f
xv/21232.xmv	675983	1ce2772fd1e7bd195d29c7f13355b762b352313bdb54430027abf5d8594c8539
xv/21234.xmv	710536	1c846866c618234353c9089358720222340c2b4a468d40c8894099da668e5925
xv/21236.hot	28	14ac00cce7538de2dfda53f817741a52dcb933f4866255ed57db0f3a096bd346
xv/21236.xmv	4588151	9bfe7c877e705675d26e9041e7e5d9e22506f0fb4aa4c71a93d242307cc5df9e
xv/21238.xmv	838373	9da2003a35e6a0c893963c0081e27e96a7d96b628082c30c57bbec9137652176
xv/21242.xmv	1940460	9917f23ce3ee8ace227ead53592dfdcb0444d7f1af568481540c209a03320b00
xv/21244.xmv	847628	894e9055a0deaa023600da1484275d7670308e15ba9de0651883cfc7a2ae5718
xv/21246.hot	128	805d93c60c5877c286d09815108bec6c48af900ddd08c54be6c7296884802a34
xv/21246.xmv	1602123	87d774ee7aca82a0b3960a9b80ffd57d9b39a00a37b1ea17b71d48b212238ec8
xv/21248.hot	128	4777266b184c27ab326f17bbbb9eceeee568a22c034a528b5178ef914ad28594
xv/21248.xmv	2710743	ddfc81a8f1fdeb387030e4dab0e6292b5dc46b96fcc4ab81a113277ddca48519
xv/21250.hot	48	57a1cd8e22f2641f606baa33bb3f09c08c6b00e59475e7c1a55a40a7e7078b29
xv/21250.xmv	2761543	3307a6b57488d53a57ab4788ac40857614e202c93147d3490e8c6d28e71f9ec4
xv/21252.hot	128	68b1a2ddf43a3f6ac9c2aaf34c72a1be5fc37f34cb8a21c177097bfb8ca8b1e0
xv/21252.xmv	2051800	ed83a7c13fd54025d62573fcc517bc9a672b0f23dcb3006caabbf49db48f6177
xv/21268.xmv	837741	f9936e7ca4bfe188397fd7e22c85f0af63720c9ea37e2646ec8ac1d0e7ee7742
xv/21298.xmv	1833880	65c7ee8d328262a38875816fd1d605ae63676077335cbcbe5f3359cea38316c5
xv/21300.xmv	2981563	f654129c14f01877a51ff5f0b786424c5eeac049f2a3d379b1b9d3f0729cb213
xv/21302.hot	28	0efced70c9f5fc4a5b1b8c63007d5b30dd9c438fdcee60680bde24902f8b860d
xv/21302.xmv	6240883	095b1f09f483fb28faf6fb135500d8f52f0a258cef68e5dc3300ac8448970c2a
xv/21304.hot	48	d8127c00451ba16284fbd6bfb4a497fe50c948cdf304c1aed7955df734223a76
xv/21304.xmv	6853158	fe5348882fdd5b58fc08409ee964cddcdf0b7df8c47d46b96d0ee5c1b459f527
xv/21306.hot	88	941220c8fc9f8c81cf9115e193a9b850e7938fa0d93ff7a796fe3f32a5e9953e
xv/21306.xmv	4002453	71d35a4c5a30731ae191246860c44d78e078f6b92fc5a5424b393c49b461c3e8
xv/21308.hot	48	7e3cf1c9832abcd932b827ea9518c4b72d1f2721b634ced7f0981961ed9eb7cf
xv/21308.xmv	1856357	90b0d03cc441810f40b88494d3706c18389992d17b241a0ef038220b461e7ff0
xv/21310.hot	348	529cd3454888e267e5bac239ac6f6715e3e23f062cd5682f925cbb36688287f0
xv/21310.xmv	18281673	9946de5a52e8291d2e4cd2faece539d5a0c33e76d87b6c152079a5029f51cab3
xv/21312.hot	128	980cb45a9e5ab4cb92bd48ab61892c703b60767dffb3764e52de269d9601b9d1
xv/21312.xmv	5255052	349277d7fe1d67a3c3d4b0435585403151eea71eec7929c94e7f9b52244b29bc
xv/21314.hot	108	52261b2d95c78b255fff0a7680eae216967d09cb98b20bb0f59e8d73102fddc4
xv/21314.xmv	4152551	ecd65eb76edff8413bdf894cf141347d2a87c190fcc0d88187c9bbc26c79473e
xv/21316.hot	168	34eed077493e40e508b90be7fb0c9ee2ced738f9aef9443d5bba7b8dc3e9e574
xv/21316.xmv	1681975	26153333f3b78690ec9ada24f7c0173f7b864572c0d74f2f093d7534fe705090
xv/21318.hot	168	019550c701a3226d7126c8dc3a05bfd8f6c2983c05c161bf14320af63ffce4a0
xv/21318.xmv	4306101	f78a289a6e312c452468ddb3d6f4777be25cd4505751376ce8a1e8a4949d051b
xv/21324.hot	348	76436535fdf3489ef66de4ae1c50127a5f21d08be4e382f90c48b7493331b1b5
xv/21324.xmv	7706081	72c10411fd4536e13a11ec225ba9a34e832dc0cb4f18058a7a860462ce4746ca
xv/21330.xmv	6497869	c79e5d70d16fa592894f9f8dae1ba5f7dbbf93b9ec65b8968a2ce7f8d5224c8d
xv/21332.hot	28	f5ff43b183efb44785c872941e11d76821aca0aee4589da8166dd815daa97825
xv/21332.xmv	2925015	4b8c3115d53d5b5549400790c156a3065f5784769832c6ef63a7ccc61cea9657
xv/21334.hot	48	e42ef1a7b2252739da2fa189edcb2919299a5bf0489ca2385e783e3b38e2cbe8
xv/21334.xmv	947102	9e351d547670f98569b53d210f6a5d7456b01097b8812269c7485d8aa644df6d
xv/21336.hot	28	fbf7545c2405818ca264eb64bb5534141b631cd53ba2a77a33bb8cde3705332a
xv/21336.xmv	1190644	4177883a1c4c9c63552afc6948aae02a7d055a6a3be7754c68393b11b891c257
xv/21338.hot	48	8a32534f39cc9ea713589acc88b3a130eab381b0f235ac6495ae7e213486ea39
xv/21338.xmv	658978	1d92316fe74e110f6313bc6da16ec70a78c9786932da49dbcb5a9c3075e52bd8
xv/21340.hot	28	ae146978eb89963d6f29f9ea88c8045405c45ef88a215756fb9dd13e1f0438ec
xv/21340.xmv	6180169	4f5347207395f64fd315116224c8dec3a8fb47749adcdfe7e36470e1df2db10f
xv/21342.hot	48	fa519c12ce9b21ef2725661896d5d113df6484e51f30851e9a7f0a6f1c0071c7
xv/21342.xmv	884589	0236d4e4fcb6aeaac426bf2c4ceadc61c391bb938d7c9c56da88875d50d526cf
xv/21344.hot	28	6c5dbc5f418dfab32a99c65f797813141dfdad5121709daede591beb72ee3a4c
xv/21344.xmv	1906769	b0dddd426974fc1d0595ac215108f371a0808e025b108c41ce4387ddaad96c4b
xv/21346.hot	48	a9c673845704d148423dc9891245087332941380def992bebb57d67745209f4b
xv/21346.xmv	802222	5b8a033c06ad1b797abb54c6ad8c46d8594ffeffdae65b479d81e10072ae127a
xv/21348.hot	88	fb6f296914f5c56e024b3c4c85e04bb0d1d2bdf143899ee8beb187594af97471
xv/21348.xmv	6577360	3980a1693fd56f447c5d6e141a55bd0ee97c891a57698e676292c446df96cfcd
xv/21352.hot	48	898664a28854a50c47b482b4232d74d8b142f6632eae15d7b3d99b6742200c65
xv/21352.xmv	740789	9f534bbaa15873f5b70f37658c01aa2234e24de494df2324b6684e3b4f6c6932
xv/21354.hot	88	7d1d625f1e3c35e26dd6c0307531e83ecfd754a5b41852fbdcc56ec64c440fa3
xv/21354.xmv	5246341	daabfafb6948432696f13fca9aedfd4e61c6c8e2880ad527439620289678d9cb
xv/21356.hot	88	42f7ea2924b74314e70a624db43796f22d5368ad8b97137efcf2616afae3ad2c
xv/21356.xmv	7676608	6a0fcc61fe8d17225c7c0605968393f8a4952fa4ff1765f0db7da663140bfec9
xv/21358.xmv	618399	c4098ed98229046e11a7d3f3c7ec885bddc8bef97621dc64c42e5674d8f8f69f
xv/21360.hot	28	9a5c797bf145726cd8921db8a6a8145677abd725d0b2d52ed9bafb53cb11e844
xv/21360.xmv	2030575	a30b9a5a347c63357bdd1c0da0577593089fd8b59f2ed22c1635871c87dbad37
xv/21362.hot	48	ea562d72a91a5848f396ac7644fd72c9de1b87e44bcdb9070d12cd6c21138143
xv/21362.xmv	1130680	5648ef406c3fe015fb358547f539eb81eb2e284b35cd703081a2e652f96271e4
xv/21364.hot	28	df6834b94cd672bb5596e13350b046c79e0a808f3ce3f174297cee4cfa606ffe
xv/21364.xmv	1924260	3d95b283fa4440dee7820edc5277356164f403c439a3c6281565f4a0f051f2ff
xv/21366.xmv	597262	102a27f901c41410d5ede0810a3cede2d72f8596f4733925b164538bed742522
xv/21368.hot	28	cf13207b36db33481d646e2a1e1d8bfa6dfeb89f136fb33ff3c456de1ca76a8c
xv/21368.xmv	904321	ce4cb5b11ecdccd7bffaa21ec1059c4028f5c4604574bae22cd60adfc6482a1a
xv/21370.hot	188	9823f9af6f3e87c8b90a8b8db5cf1647d188dd40da7a480f940e9b9849dadda1
xv/21370.xmv	9407307	687033bfb5e47f810d69f16abccc26dfc5002b4a646276f1240dc237ff3ecf3f
xv/21372.xmv	986513	0b8a16bc263872d421767dfdcbc8f7a9365fb9a082ef34d2244c38030cc63607
xv/21374.xmv	965813	b554773d8f515f5cd5727f38deb1fe4ad374f66fd4bd8bacbe65ec8ed8a4a1b0
xv/21376.xmv	926126	9b4a06e2c8abb9b37d172c1c47381098d8c6ec930c79c3cd47e400ab8e3c2918
xv/21378.xmv	782077	e0705261c80e60e1c0e43e5ac60f97fa812dcf651bed625967946544a3508826
xv/21380.xmv	556879	ebc463c0928fa586ef573a0612a1ecf978a5f97e6cc3fbf2bd24e675aaf2df44
xv/21382.hot	48	defd89a85bc714931c3a5a1d4d6a28f248c581159ab05ea2a5ce95946bfc1957
xv/21382.xmv	1812081	e7199de2c2252f8016f4cb44b5a0ecea34073aca0f9edea9d2a7acbc6ce465a7
xv/21384.hot	68	3d0f2090f3d3b7002b67707b9888e782c5840e0e937879f373a52a1c02612c91
xv/21384.xmv	764610	69013ee3d948ce82f00a142f6c671d59b56f7baa1c772e0acd82855197d71f69
xv/21388.hot	28	c07271350baebb474e46d1767bfec1338d61bc5690643d802bead3e2a2f4d206
xv/21388.xmv	2257587	b42efff715b9d371274e93c08a42fe01b39a02a1f6ff445df16d31e8e098a932
xv/21390.hot	68	dff1acd30358a2f9ef4863f137ebe8d595030e60a8ecb2042a78fda0e3f4c049
xv/21390.xmv	785007	9d4928ce9a48f593212abe90749e778a52793a5cce7e263f8f4f0d5804162bc5
xv/21392.hot	28	7b1b7799362101e8b8f8937ce12b50255e2ccb8d323ef375e40fa87d29e28fe1
xv/21392.xmv	2592356	f53ddbf6a4e0b152aca3ac2d6b2701f9ae5eb3f574d4b5632ff3085d14d8be75
xv/21396.xmv	229429	8e6dd1dd3d604c1faeb36bf39c1b85f7db5ef62a342c44da1702ecd7b0bc8bf3
xv/21398.xmv	475838	4ef7b2b8a93b633c99a4e5738dc69b4f3520ebe16f81198551c6ed1674d6febb
xv/21400.xmv	291035	3ec599b72e22c66ae4847153e956e3d80f727d3e4d16738cb9ed3cafbc854b9f
xv/21402.hot	48	0feab933e7b540ae733ae9e7c8b53cd4312e531305941af6aa3840a1c25eae69
xv/21402.xmv	925764	d3a054c3cf5d7842522c122865d1852f64d648e828e2f3bcbd1c0650d50f12b9
xv/21404.xmv	208897	5b1f0a2b13c9fbb75aa9f4f212322bf44f731fc084df766933b738299bab0f3a
xv/21406.hot	48	ebd1084914a40720db0acf5933017d3382354e4fad5b74e3b831320dab88ba06
xv/21406.xmv	761964	378c7d0d215322b38254e6681f6682c6dfb9e0cd7f82f4be591430bda545a6b8
xv/21408.hot	188	5dd9211c615e0caf363b525df5fc10270b577a1706ce03945af5584735b6af01
xv/21408.xmv	5013891	86fd97529f95e3ea99b72f03d7fd58cc7a23aa38ada188cdc20a3f3b27b2052e
xv/21410.xmv	270431	416c3b7322962dd08cb99a0c575a748e6529aea290329f3dbf910e4bcdc5b242
xv/21412.xmv	229513	4448ab6602b594fb857666ace653a8c047ed8f9714c9d1130b87757169844bb2
xv/21414.xmv	250092	5a5c3bb0fb105d377352251d3560105f65bea08386e1acfcd7abfb86baa5757a
xv/21416.hot	128	26479bb66906f785675ad3d9a13c587a988307dd4e6979865d6db39c24c5523e
xv/21416.xmv	2531085	56ce69324848407091aa992e9bab926ae935cdf1e7214737238ec7fc34201e2f
xv/21418.hot	68	ca55225eeb32c6c6e8ade71d346bf02acaedfd889d7ff75f47a612df83d9a057
xv/21418.xmv	1194493	aa824e34d877c6936976d46b6f061519e19812c21d8c0724c8a5d4b45a3713aa
xv/21420.xmv	270169	782116b8fcd2150aaee4d309e415ccde790db98c7b521d735bef720edc57f8b2
xv/21422.xmv	331752	a958c9ede96ad2f1a02893d35f31a89afb23591bbdfdc91f97062ad5e458ea56
xv/21424.xmv	393065	e0f13922eff3ffd4bfbf2c5df968c41b4fb3b61dc1746e59b13cf909168cdf91
xv/21426.xmv	454470	b8954cd1667d301e1c5ba42b4d8af3fac4bac8987dcf2cb29fe4b66c744dab21
xv/21440.hot	68	709c3d4ac29f7a8534f83bd9b22b928ff4fa2f333ac06bef4377355d3b86ec05
xv/21440.xmv	1341873	bac7eb9b39b618d13c9def9a1fbdff7680fa42e377eeb4fd1bc28127d305c228
xv/21442.xmv	431734	0f5b39b9d4a0b31212d7ff1bb6e9e69d6a299787333e51c68dfe5c727739f3f4
xv/21444.hot	28	786c117b45d85a5393a5588053d02c062d9d94d4b7997d10ec970fd50c806f59
xv/21444.xmv	1060377	e2a4ecb4cb1fb5266807b581f59024a55a5925c9c00891798b01355bfbd3a819
xv/21446.xmv	453303	f82f824e1cae8e2905807c1452b944176335a269d6e00552c3d53c2aa53f91da
xv/21450.hot	88	8a35a14bbdd1f60747ee3cee1f5a1856e52db4ece3e857cf7d6f0fceae8db2d3
xv/21450.xmv	1622459	958a22438be348359f744f5480cd6c56f0255b25c6e6f611fe115ce73ee3abf8
xv/21452.xmv	615924	aab5f7dfb8131c2839747460dfa0781e60b815ebd5af08ddf38c86e774d22076
xv/21454.xmv	580713	68fad81c78928d248b8da82e99365c34b7b31bbbd4443fa9246b4941bb8250a9
xv/21456.xmv	339438	2466cff74b9fb23738120cc9d5432909f1e60f05bce547c076a8be0d72eb616e
xv/21458.xmv	462114	0a7e81bdaf83f16ef566b3c96ee4a0e083f7a369839f83f6c2d8c333b8eb8d7c
xv/21460.hot	48	7d3d8175e072edfb65fd1a9cd28e8b11015952ed27c5808566b5d978febf47f0
xv/21460.xmv	1090844	0d88fa773286fba499ceee8081f33dc6921c6c890ff76f1b3b598ae1d5857438
xv/21462.hot	48	f5dff28f1031f201eae1ec1d5fabe1dafe8da597e754f534b92067840b33d35c
xv/21462.xmv	1136147	529bc296349058c91d1304ba5be84ca4cc38f8ecc98fe996c9d3a2cf825a4d00
xv/21464.hot	48	b2853a9e38036dec2dcc004310db5e7c05d476c7b2d4554eb24a5288c0d1706c
xv/21464.xmv	1052048	47fa436d97143a48474bbb45dee9d12a1d69214f855a3ed29fb5f525d192621f
xv/21466.hot	48	93452cfde4ef354826100765c16c037d79d429e1e2be0431f6751d10d2a31c18
xv/21466.xmv	1537754	0e6b69074d548aec3131becd6edd31473d8dd6e72f7cdceaddaeb61866ae9e3a
xv/21468.xmv	430714	172f32b72f0e19b0d8d4503d291b8a3814b4d3a09364a6aecb15fad38ea544c9
xv/21470.hot	108	f0b34cb3916a12ee402aed43af187e4c7765e538469d94fa278dd3c8c0e7139e
xv/21470.xmv	2029988	8680f2b19ee678036918ad3a9b084120f33467d6c789d0a7b64ce59b22c2a8c1
xv/21472.hot	48	4f74c4955246e707b5ed2664faa66fc846f5d988b6f483ce718aa74f776e538b
xv/21472.xmv	1104419	678ad6921cbe7b49d4cb280e6e14a5a0dd722053c1eeeab6ef95bc7f3dec8369
xv/21474.hot	48	4cda7e43206f259733449e0aef1f5ad2e1cede7a5d7c1af950ebabacc0321d87
xv/21474.xmv	1609749	21616fafc656a53a39458c183225a3c5438746e7a5ee822038c31569872ceb05
xv/21476.xmv	384009	e9527f6de11b1f8293ec962fb671627d82a9b6125b53017253b644b24a1db8ef
xv/21480.hot	608	8d5202be486082cd6de8019327c91432ba9f142b77916b0c557de3974cc52f49
xv/21480.xmv	15148461	46ec65a296d56689b062c7fa15a40ff1603c1cfd31c8d398e3346218e851d6f8
xv/21482.hot	28	882e6ab6dc2ee64e88cbe98111c7ef17ae886eb0bd140c2057a3e91e0b8b3ad4
xv/21482.xmv	756486	ab9f498605c8ed25ad17551a0718f837f0f8f3e75697fece74f76f15cfd9673a
xv/21484.hot	88	b532aca30b00c3181d66976cdef75347b8393b096c64e67bf8553cb519e944a4
xv/21484.xmv	3603753	77887aa4fb2689ca7dc91892ac5064224935a201c6e35ec42e84395299a9cc2c
xv/21486.hot	48	0a5e1b29a11090c7f4e2560d32d453fe33b973a07dfea5050e972242788556f4
xv/21486.xmv	1851317	0f76e032de6977400d5cdccacba8ef0a2468694cac0d7486612a865b9d1babff
xv/21488.xmv	327386	614883134359b9267902d2baf5347cd81cc056af57848209d6123ba525e81208
xv/21492.xmv	683083	0210f78e66ea0c8468e8a783e346514ec4ec678db02546fb1274be2dce644071
xv/21494.xmv	272806	efbdbd895da2021bf4167d71ab2222cfa073bf84f267225605c3ae8696d1e51d
xv/21496.xmv	562098	d74485e3332d44c48bf23c37fc0f925a0110c5d711ac2d642a7c21f20f88faa8
xv/21498.xmv	314544	d90d3e99fd41a570b3dedb0a6a01d1d4f5d546cde1962c2299bdc433f81b637b
xv/21500.xmv	419201	efbd75cac32250ac463e97253432029cf498091293cbec016c789a67654d7781
xv/21502.xmv	361469	9f1344d054600be7fde3bda3ef545239effc29ae36b42fcd6470423dd5e13fa6
xv/21504.xmv	342461	dfec438c701953ded6f00eebdfba1d824beb9a59ec9bfe64880b560792f339ee
xv/21510.hot	28	682c976272667608e1c8a1deae07ad4d65436dba2c7d514a95a7c43d4de5c8ad
xv/21510.xmv	1887386	dcae8b1e5dab1a5569f67c2a70ced103784bfc95d5a7c53802254545884d61ef
xv/21512.hot	88	44826960c8bacd112740f3163184d33db1f336c55385bdf0c232781486fbdfcc
xv/21512.xmv	1814470	79f42deff97ea79301c3cd49e588bfd7e25cc0e6719a9214fd55c7e3d67fc2ae
xv/21514.hot	48	92daad79077383a61badb174867034b0373425a1162bf308f85cafb24cfd5aff
xv/21514.xmv	1168245	ac3a94007cb10c81bf556cb422c612969874ed164569fdde490cf5c76dab96cb
xv/21516.hot	128	6a175111416736656985b398110d63f90fa0cd941cbebb726587ce1208a2e47d
xv/21516.xmv	3246651	ef0ab9c8a50e3937b5e0621a4d3f6b051def439eaabde7fcecc46d55c58e1d6b
xv/21518.hot	48	b94f806f41d4d2fe3c8c1b2fa66ac93cc81fb6d5d5f3152b68dc30f4b114d53b
xv/21518.xmv	1912095	e766c038f181ae5c5cec72530bfc427f8bd6ac4544efc45e06f8d7f1136a0a98
xv/21520.hot	48	ccd9e984971723ecf84df7ed2167c31f64ef3684674aa68397e7db878d54d909
xv/21520.xmv	3399138	697447d30bd4d2f30ae8bc6e95d36dc2dfc717a365b534bceefefb170e099448
xv/21522.xmv	422782	0fe24f50d564790fac43a18ac718321a709177aa3f16c159270640f3c7e605f5
xv/21524.xmv	533314	ec495edd987e8705618220d06253484def3ac2ab8538a3ff3fc102b7defc798b
xv/21526.hot	28	7d5d455f660502b328ff20fa45de5d98f42c1035f2b914e277adcce69e0ed230
xv/21526.xmv	2448282	276c47536f5e84ca7f9ffa35d799c1c121484cbe5ec7a481b6ef7ad4467c4832
xv/21528.hot	28	021c653fce4f20fabe1ecad5bad40f7fd6d913ac3d077c346d43627b7caace06
xv/21528.xmv	5287050	851b7b47f3ef4d3f5e819df2c37aa9c75e346db462d045498a11bea792552412
xv/21530.hot	48	51db9127e7bf2842b1473812114a46a53c9b9d1ad1770d24ff46c82b45c423cb
xv/21530.xmv	2629302	5471b00112da2084af26d488dd0b6f45bcbce106e94ef75ba61137825832f001
xv/21532.hot	48	77b2334f8ffe5e1cf27659c13415b8ad0816af5382ec90f8a3dc161e0b0cada7
xv/21532.xmv	2220460	1d37fc02bc8e73b56fb08c16c3ad0c6a2c253bc720910188de29d4b24110b768
xv/21534.hot	48	e672ecde2615dc9e9dc675fde163a433d307867255d21a2e15139b0ad06e6dd4
xv/21534.xmv	1553217	7181395cf618dea759c92ca11309fa7ff285bebfdcead4a2a37ca8762729ef23
xv/21536.hot	88	ed7491350cb4e3a894808fc90ad86d297e7c86897454491d9c1b1b5f15d8b18c
xv/21536.xmv	1771316	734af6e00a775d0667c8e686fc670daf6f4592ba50afb9697079284072cd9ed3
xv/21538.hot	48	580e3a7d1a2813c623fe4f1313637074a4a70e79ca304694ef219d034596238a
xv/21538.xmv	1282705	9e60c6286237c3f317bdab3cd3fd18527bd8b4bef6a592f1c9365c265975b0d1
xv/21540.hot	48	5295593487cbac324404cd13381b5cd6b58ccaea5e81dc01c262083dbba82e38
xv/21540.xmv	1888817	64059e8acc1135f3b26e49c5db52e6d46c92053f351553a9a17f4b060bdd92cb
xv/21542.hot	48	0beca4e608349ff8901ca87b20230639e38a05a031f62c7827aea0af1d9f1ff9
xv/21542.xmv	1445443	e9d28a23b5e54aed9914496795aeb089077b6a208ba09b3b8acb4f0abc63d84b
xv/21544.hot	48	bbf0681b7d7863f341d609a932695233bc6b168de0948909c4456ff5c5e4d377
xv/21544.xmv	924885	6c63c7bd960cdf42a9ce656d520aff8d174c63a1e30810f95d44750055a6c694
xv/21546.hot	48	be6898e03f57094c9484db310ed3e6e6213623d0432e9f0760d6c89cf177fdb8
xv/21546.xmv	1954106	073b75042cbfb232b83125ee1abc4b939b2b963bd006be460e84eb59923d4fbb
xv/21548.hot	48	ed67b576ec00501ce700b5c7239b8d4449b7d3754a74b1d691584191001ee0a7
xv/21548.xmv	1122648	105e9d7693699a0cf504b1cacce67c35b4170c4d34236adcb4b751abdca82d5f
xv/21550.hot	48	5ded8586953f30477cbcab233a6fb85fa3380bac7d1299163c5080f26638a164
xv/21550.xmv	2026505	f38e99e9b4a34aa57c084770553400904316a7a9c1b7bf9cb5e4da1990ff3362
xv/21552.hot	48	5eb9499a813c66456793dc7201a4778b2fc529fa983b0aba6209a2d5b9b30a8f
xv/21552.xmv	2789526	ea758bb1dbeacb3bc6202cea1df2951d1e82c893fbf46bb1a2d3215fb803030a
xv/21554.hot	48	4f9dee48f28fbafeb6591fb35c4057939c1381870ab1b2687a6539b5c6624d88
xv/21554.xmv	2880253	d26a35237a696d2a279b2644a1992ea17193a6d089542be84d58e8b71d4dd576
xv/21556.hot	48	9d90b01cf949766b5095f6163102f75027bf6c47c7f2aca9bdf608e0a34d438e
xv/21556.xmv	3174551	3624383ca5c08462c86bf9f7000332772da0051f9384f79f3aad84a7d509a4f1
xv/21558.hot	48	d4c2d99ae914106254a3cf2283966c1680d06b841402b7f4c9c4c91060fb07ec
xv/21558.xmv	2699245	111cce72eb4735fb5bbe2db5babc70ff402f7ff916ab8b4b32361acc79111bd9
xv/21560.hot	208	d15864794d631adca6a940ea95c31eff5f3c71758068fff5fb5a165b0a1baa36
xv/21560.xmv	10317576	40ffa26fd274391aabe4bf140acde232c2741fc9e6186136968749ae60e37556
xv/21562.xmv	515330	4a555e1998f054f35db7c382a2b9bcf2deafda89b2651efbe8bb894493f1e46c
xv/21564.xmv	359539	f41e1c68db43fc0d8a694859fbe2077dfd7addf2680d27a7c0e64ceaec0dbbcb
xv/21566.xmv	969448	46bea24d205f7092bacbe693041cb1a97043370ea74041e40da2df8a1b8a43fb
xv/21568.xmv	426070	98d6c6fb1429455f846621056ddb3418904132305ae729efe61d7bf420d85287
xv/21570.xmv	3802805	62ec53b19514be4306ffc13cf28ea724394b0adb8057f5548a1ceb4e2e9caf08
xv/21578.xmv	444539	9de00dbb1671668862b0c4df2f520d0f33e61163823e987d3c08ae53028688e6
xv/21580.hot	28	69d12c3535b0d80eda6dc35d7773ed5ac7e6cfd7c06b39d695eae06a0eab5cd2
xv/21580.xmv	651178	7fe5c7010f945619029275ff79f1f39da20c0b9cde7db68cad3773f714d750e5
xv/21582.hot	28	ff418925a0768575f2eb0efbd710ee6d894083dff84d047233fbc9a013615ddb
xv/21582.xmv	2235040	9f2c8d47ea1a59d56a11e2a03eb8b835e2a36b76d69301fccb5660d77e05096c
xv/21584.hot	28	46f830e4e2c3584ba10ab742aa01ffaf96b5a7d164ebf221475fad9f4a73d542
xv/21584.xmv	708994	ed811da25a491bc6152ace4144994208a7174c37cd6940e3baa5ccc60a3259e4
xv/21586.hot	48	c201174a9cb9043f062bd463bbd3bfcf625f33777872e5cf4d675fdf24108006
xv/21586.xmv	672237	7f6643498d376877ba6f4ec9e958da8c0d1b380fd6ff2fbf7fb4d755015a8a47
xv/21588.hot	28	5c77d7460dc96a2319dd18225f97d24e17be2fce8df5a7767809239bfe2befc5
xv/21588.xmv	3111425	3d9737bfac1cf14cc695f1eaf4c84059e5cc7637dbc0dde9c0283666ab5fc3e3
xv/21590.hot	28	507bec95bfa59cbc16241cc23c688dad3c5ae463f2b1f285de13f070d8308970
xv/21590.xmv	2640067	3be7a3a4325a038ce980f66cda89b822caf53e774ffb8598f7896d3ed8830817
xv/21592.xmv	470004	33219390bd8c10401bf05cfaa437d6f4e621be374a3ad21c44b878a553dd9f79
xv/21594.hot	88	6d6bf313755a55f4e34661c9c5e5a823feb94f3fce0d9310dc79fdbb29b3a779
xv/21594.xmv	4209625	cc46a32c034e9be0d3aa5dd877b53004e8fa14af3042ec348e2cd4b5db93c850
xv/21596.hot	28	b496bc932fd2d54df30a69221a23d97058f74957764d4f37b0806126d0a824de
xv/21596.xmv	829764	3ba450b80c6eae6eb2557e7ddca6a3f0cfa3201fcbe9567f29de708de49005fe
xv/21598.hot	28	72fe5fee2c1950a9523185a44d26d434c511b2331ec8065e3adf79dee9b62d90
xv/21598.xmv	609298	7fc5f23abf2ef994dc78e96adb6019c01b09e7c09f05a1750a69d6cce374c62d
xv/21600.hot	48	69e222f16f902b4339da378c936ce0f4661bf366dad1f05a73059f40d5a9ab93
xv/21600.xmv	5275928	ef4697436866350b9f17a85f20965794e2125ec5dbf065aa26de243d1363efc4
xv/21602.hot	28	50acba6b097deba2283c797e3956713bf95ac1f97c0b9116736429054df7f44d
xv/21602.xmv	2521031	5db1a8ce75fd6290d4126003e7502e28494ecaca1ee7f8b4d4494b44836fb9cf
xv/21604.hot	28	8339a61efcb402b39969cb35085e46ef74861d9375ff47de63534649000368dd
xv/21604.xmv	4594974	8482fd760f8d5dd0f0330e4835ab3ef79d9ae210ab8924453eb7a4c5aaa3467d
xv/21606.xmv	1799690	18ff4e5aff6fce174e5a2f8ee377eb1b46c47629e27d9b0c3b876124e1db7ffb
xv/21608.xmv	1009524	690a80da38b3ff81e7941727c93895d021f4717f6e24ec54c7ecf023e506461a
xv/21610.xmv	1074855	f62a74d7007d2370a47824ade0eaa681d2b814730ade59a79143dde1c702c10e
xv/21612.hot	28	c99b719ca8bc1939525c805d7793ec1b6ea3afea000f53bede8203069165f17f
xv/21612.xmv	747254	ae5307f34cc7e0f1c9bade48017e437d98ec3b80b75512303e0b6f24c85c4deb
xv/21614.hot	28	2dd46d883c627ee11ad17cfd1b7d67aa7112b6fcf62524cdfed2f7ccdd2082ad
xv/21614.xmv	1257094	d50b2449cedd4f85c98fbd0f7608e2e96426e4081e4cb90af260c2df5db3220b
xv/21616.hot	28	68ea16b2e87fd0d5f6143feba4994826194c63f831eff4fc0c441d6626809caa
xv/21616.xmv	4582943	760aacd3338223351ff3c196184c5439da0229f85d4517142a9fcffecd6d8821
xv/21618.hot	48	17ddbeacda0140728530b96db4cce8c0a807bff73de044a361d9a95bac732055
xv/21618.xmv	1133159	e9678477de44a66f82701e329b8d0501320c78bb1f47f83b8c705fc2fed13d59
xv/21626.hot	288	1d3a3c0292a4dcad139e4a112d7e46cdb920b98cbeb7d62d285975c6b744f806
xv/21626.xmv	7109466	ab23d39b0b962d273ffeb7f350730c5084fdaa2874a4ab2bd16683b1633b0cc6
xv/21628.xmv	490444	58148051266c07cfc538d275c3945130bf5ec0f8a71fd501b52464e4c8a66fe3
xv/21630.xmv	346071	7dbde8b3bf339fbe344c565cb7d7dc90d1b25783a4bc45dde29bcbc699014589
xv/21632.xmv	416195	c8d1b0ca7f041e408ced106958247624fc19e7971c36b7124f3422901fe282ec
xv/21634.hot	68	b987d73cf55c62c76e8a490b79e3aa69368c40041f4059c68142aa5018063d80
xv/21634.xmv	2812579	faf3aa0eaee3f1e44dcd591e6d0cac766c1944b8a0102a4f42b6457b8a90a65e
xv/21636.hot	68	9e6b80fcfd543c526d0cdec16b37a3dab890296d559e3656fa481a167cb30012
xv/21636.xmv	2419020	86683afe6ad52fd56c39ba40d80a66ae2cf8dbabde80754e61b1eb0287ee7356
xv/21638.xmv	485111	003f6c1e2802e01bb7b0a675ab2cb10a14216d03461658ae80068c3765b5f20e
xv/21640.hot	68	0398e43c6face20779fa1d34e0f009c6d5ad936684f59138a8a6a61fd3e33a94
xv/21640.xmv	2087758	e42a590013b7db82ccf06fef9426ef772230c5ce0f7b822a0372f02d84802802
xv/21644.hot	28	592b34cdbe176084b94fd0caec3be248dff970efe63429016e54308240b5cb15
xv/21644.xmv	951603	2b1f59ed7b00aa119d9d7743330a77075429ef56e5a48bd93ca7b17653475f7d
xv/21646.hot	28	20a2fb3c8f830e22b7c83df1ac481f06e98e019cb16f3ff1e9765f035d0be83d
xv/21646.xmv	997009	23a7a62dc180a19d3f1b7c1f39dad4c8ff47124af5b44abc1d3f91a8373de8c9
xv/21652.hot	48	3b6d25319f3e04d3b0fe0ab67ab61e2a59791af80c12dc74289c7bd0faf61f97
xv/21652.xmv	3392554	9be48117cdcbcf4efc4a819e5fb125f318044fe8144ea4dab2193364f408e36f
xv/21656.xmv	8115323	d21c8f5715d019a7ad0141ecb78eebb9d8513c4a2135e66781e7b4e7461dbd05
xv/21658.xmv	6002589	222ab005a53fd88d34fff9150dc37246e7363fc979862e81161546acc5497ae0
xv/21662.xmv	653099	ce5471d7ead975ae943999718a05102f0f40d8508528f6d36bc5d70471c903a5
xv/21664.xmv	703218	a572be79919ac5ed2f00fe2b059da81533886bbc3bf7a5b95f8dbe083416dd0d
xv/21666.hot	28	8e6000cce0001e7f6f819bed231fae39152eda1e1431e43ad748b62433dde31e
xv/21666.xmv	1325454	9d1abe9c8068db3921fff6f29346a14d505bbe23db485e56295239ad124a09fd
xv/21668.hot	28	af34f85b427c8e2a81adc5cb70e208593e1a8ccc3f2cb5895f378930c58072e3
xv/21668.xmv	1389519	6e41c3103091e7f7cd151e543efcef4006591215663618982c45262842153f77
xv/21672.xmv	760116	848d3fbb367a4d5320f24f1a9c074226de0bdc3970dfdae3265f8ea8f7e9eb69
xv/21680.xmv	8105206	81226818df0db2a9025ad0b14b286f9587895155569320e3932e641c081a5a81
xv/21684.xmv	489751	7bf6ee544557e88bada1331cb1802cc42d8181b9fa3b158912d44a8c8137d236
xv/21686.xmv	406684	a7fc00f14886e651dd0488dbe0f92fa3263f7e630b51152f929d08d057e06e30
xv/21688.xmv	358109	408a8ff80c70a9ea9c90425d21188c1bbff5f55e25fa9a24c72548a03efe04b6
xv/21690.xmv	3136164	a1d659e8da538a2e1fbf256dfca32d06c3d065f6b1e4c51b332c6c357cfd872c
xv/21692.hot	48	451fc1728fa27a9b4b51f13e2042d5ad767d770933a76be60325e1bc8cb0f28e
xv/21692.xmv	6620211	c192be8bbe71ee6cb828acd1c85958209624b1946f545b4dd94d60e55c08df51
xv/21694.hot	48	a9bbca15cbdf71e5c6d6d75ed6a647f94686db1a6223d945b8f5db2cdb60735d
xv/21694.xmv	2933707	12c0dd75ef0abdc323f631778ad33c960647bccd6fae492fe919e51458c59efb
xv/21696.hot	28	f0fdadf3465cc47ae5b709e8143983cee2667650fc24dbbce8932ad9d9dfa6b2
xv/21696.xmv	888982	6023d01cfad1a61be413b25bdd0d36aa3cdf6d609f4e84a4d59195a1a3687f68
xv/21698.hot	28	0c9bcf6438035969adac765c5fcc4c64f87828b399d92e1c17064c4ea9e427e2
xv/21698.xmv	820078	a3f07ec34d36f1792f1a6b34917d1c5557bf2938a515ba33934d4e51632642ee
xv/21700.hot	28	d99da5d6aa3092073dd23af304a124ac05ca7cf4c0c280acb2ce5027fd9b28d0
xv/21700.xmv	744037	5153bbfe6b0c0b2a857001141f8d1e21523661022c78db50f0a2106f16e6cbad
xv/21702.hot	68	3792c21407ca70c171717592e558be16d19cec836cde0636ca059b6acd54de0f
xv/21702.xmv	7042931	ef4c872aefa266cee5308039e0206487373d6eb750c159ecc4262d254498d2a3
xv/21704.hot	268	3c91e5a41fab7a94c73bf7c8a3d7d4135e49c21607ad5a652870e6fb51348e2e
xv/21704.xmv	6832537	a5b5fa9d006b7ede4d4f9c2e595b2fd309eb4b53846ba84f2db229168b3a4922
xv/21706.hot	148	d51f52574ee4bf0a48b403e4abefc1d48f72ab6e6ccf833f8faa7039d8fd715f
xv/21706.xmv	21909606	5ba635291d0c48cd4edb1a3c3d4fd65e5a156bc760bf354724fafc8aed5c94f7
xv/21716.xmv	596048	809b69c11423fbb89b8edf2359db6ad2774dc2988028d94d67a898436319d482
xv/21718.xmv	660944	60b60ba97801a67b3964311690d21076725027aa3e0afaf4753b43fb187d0373
xv/21722.xmv	501257	ea4dee2ad4d8895841590317d9fc2327de4c787862e637674d9dbf6f27ff77b5
xv/21724.xmv	1255012	03a77142b554ac5470210bb9d8490d87e6dc06a24f84dc64352a12daa566e23c
xv/21726.xmv	757882	272633aa918ef90c69df238dbeeb67bf0f2da7f1407fc634a3e891b3667ed459
xv/21728.xmv	1185521	86513518e65b36dc07a7c2dbbfb6501f8e9c100b422b8659cf58dfad6b5fcc37
xv/21730.xmv	1203942	b78ff6c107b4af345fd4faff1d81bbc8bb6975c4c5d952434f9cbeff1cd88ed1
xv/21738.hot	148	364e37db78ed9c077fee752b38acb6ac2d353042e65d0e565d970483be6eb628
xv/21738.xmv	2072571	b11e6021e5372ee3f7b8e12af4773d470de63b612852fa9c87446acb5c878c78
xv/21746.xmv	3940419	bf25439910b4a76b0d6f47699f9e94040152acf79363768f73b8151b12b2210d
xv/21748.hot	28	06d9cd32390435a230cc57fd2f2fbcb03a274935bc2c4e713f35396827e401d5
xv/21748.xmv	1268189	51ac632c86a347de028275073a6043f72e6591e71e003ba96e6a6157e0302d4d
xv/21750.hot	28	b7f1c8ac3286124eee2702985964c7635b5111bc806901a054a189a6c3a381cb
xv/21750.xmv	1082428	2e30644103b31c1c60f000b0b0c81d7ea6fbd816a9554ce71d7fde6fe71e1642
xv/21752.hot	268	0c08601fb9570ad4965c9c43ff2b34c8197989e1728e5a62872983e7682cfd16
xv/21752.xmv	5045371	69c89b95d3242ceec3759990d0596a43c81e23613883bf0f63b6765f01cf07cb
xv/21754.xmv	3508284	443ea60ccda4e7f17e6f9f1fababab577fcedc82dc58bfd4681199e1340877af
xv/21760.xmv	11050851	3d2ee8a6e75b1eeee1b7ee49ffea3a2b66882edb8b2d8b79a8203c8fcf448e85
xv/21782.xmv	1671746	729ddca8cfee867185fa57348207badb3d9cafb67f2aef0c83cab87c79c2545d
xv/21784.xmv	2357881	57d7d05985243b6bae96b80df4bba44740087ee344aad027a01e6851d3c63925
xv/21788.hot	228	bdd47be66a40e3692653c14eb6f1391f79124465900a9dce00eb58c6cf727dbe
xv/21788.xmv	31194999	3d7b24f5c6a855398d27160f3ce7d726b066fba81cd1bb2ffd9beef356de8cb7
xv/21790.hot	28	c93d0a82e52d952b1785d5330152e301ef9ab8aa77dfd4328a475202d667e4dc
xv/21790.xmv	2924881	a04d4282a65a2916b088fe6720969165ea372760159407a5c10237ab785b439f
xv/21792.hot	188	90b95221e68f591c52a5ece872baeafde349a2dd944080a999e2dfd43549c82e
xv/21792.xmv	7342282	d2fcbfa1f274b9844641aac9dfb504d1e60dda6437c7328d52144bb56e292343
xv/21796.hot	168	129b5dbcc503ad36239bdaa52f3b4008c51d7fbea9e6550c88e693b846470445
xv/21796.xmv	5712921	4bd4b5a551d5ff7967ddaf3d652f9e89564e716d678a859b158c5bd993af5bab
xv/21798.hot	88	388c37f6ef842430bacff63667b85a7d75d45e3d736eb032a54793fe4e848546
xv/21798.xmv	5353680	bfd06806bd60cf5d2f3b90c47bd3c9e2ad6ba966b718bf2054ce555a6e218326
xv/21800.hot	168	bd23e8af920a4e88235bba4b3cba3fe1ba4df83d48294e30397f9fe017af3316
xv/21800.xmv	8140427	aa4d4b643284a2de79de6a29cf7965b6f0058da80e08e81c18490a5e5ddbed7c
xv/21802.hot	88	f6308c4a46512b412dc2059b510a35d94363cacfa62869734c8f82a92bf6658e
xv/21802.xmv	4321618	140bc147013ec48a0bb9fed648c5e6bef8e709cc528b2cb9493c26a2e2b77214
xv/21804.hot	128	7bb341a2c9e510d7d17af9d31a03a9af8ae0b083258835e271ca23c3c218006c
xv/21804.xmv	4461191	89d822bf8f03b8d017c369e7bac68e45fd03b1da5c8757fc959edc40769a1d55
xv/21806.hot	68	94249d57713e3d78211b2e6878a71d800ff0dce137874f9b364977204390c028
xv/21806.xmv	2427975	6a75ada269d44510fef231cecec1e99d530e5893cb48de326cb0dfe387e2673c
xv/21808.xmv	653079	0716d0f911a97527109d97644903cac804f5b15028263660ead4c01c89d269c5
xv/21810.hot	88	330413e468375ddaf51f5cf003fc92f8235377789c2e40ee8c5a6e42e035bb61
xv/21810.xmv	2719521	8e6222c8f26419e6b1698a6fb8ff975db6fe78691a25d394b4cfc08a85801461
xv/21812.xmv	2118824	99f7b95e3b2723e2740ea647d4ddd42d2019b5475a7d62e4f2ca9a5190da8f57
xv/21814.xmv	2824310	48ce51cbb78aea02fb13e7101774081fba70ccdb9fcefc93a93c9d061a566574
xv/21816.hot	48	96b3e301fa6f878880400a59af1012106c8bffdb7ec39b2e715497b6233b623b
xv/21816.xmv	2124031	f832c0fc1e9dd7f3f5d2fb273c813dbb3e0000c2284daf5f33863f76ec21596a
xv/21818.xmv	2854230	d01ceb69f6d78555a1110d8660d7ace4fc94724f6ae4f036671ad1400c136ed8
xv/22505.xmv	1869889	27c7c12a6d4fa1c9be62acbb7b4bb6121f81cd1c61064c7e322a3dc49bbfc4d7
xv/22514.xmv	1948859	d690227c30d485f3b542d51a864d18796b0ac483648c99580d6de3704b68657b
xv/22516.xmv	741956	517fe69a27823928e2c5a2ca7118a3ac695ef3855c457af1af64cbe5f77b05d1
xv/22518.xmv	656254	eaf0e280d7899824f99dcbd944efc4818d4f2409bd479c5f334f29df3a1a8985
xv/22522.hot	28	ec4c51d4dabba58238b1c5f704bb70498174b5ee9b09b0ecfdd1c27d31814387
xv/22522.xmv	2666999	26df7dcb65d589f7e189f14f7515f92fde91d9c53cea7531fc78c20115e7abb5
xv/22528.xmv	2027911	464a73b51ff70874ed33ec5451352468a8484b165929d6491cae4c2ddc5a56ad
xv/22531.hot	268	413708713634de9fa0e71251f9ab8322784263e171928d1084fcf6a82a576f53
xv/22531.xmv	8397999	531ce59d5e927d6e0f11c2c6314f15da24bc79d9a56cbc37cecf6fbdc5009cd1
xv/22533.xmv	383493	1be79430824c34671a7cc637daaceeb658422bcd9077bd949fc3c794da32b049
xv/22535.hot	28	8eafabf3111e36fce7c4e43680851f9b0d8b0ceab2cfdc2c220c59bb0f2c2f2b
xv/22535.xmv	1775285	b018c8f43bfa3a2c7eb4381c057e41ca999efbe573d4f604fd6448132d152d36
xv/22537.xmv	448114	72fbcc8975668e51f3304b177a1689151906bfa4782d6f6c87b161fcab1ff0e3
xv/22539.hot	88	62f1e221d47f445596388de81130677d4ef9387b9ea27bd3a4117c7d24ddc445
xv/22539.xmv	5353700	61bc3267c50405df462da649f9c610d660171b201b02b7f8dc57ad174fcd5da0
xv/22541.hot	48	010e9d0366b7ae4e99f326b52300a9304f2a61da65cf47e48f66dbfc2945de21
xv/22541.xmv	632312	93e4918fe110eb38f9ecbfbf73787a08fd9be1bc44d8501b2b1d878a41ea0381
xv/22543.hot	28	24774f9b134df844b56a765874844ca32cf07873a18a4736902fb074c59889d6
xv/22543.xmv	3156649	e2ee8cc4ce8cb879a5a95c82025c48077dc2171491cf5cbb1c90a13bd9d2b8f3
xv/22545.hot	28	8486dedce9084bf3846f615d63718387843f5ecf17998b28f49deb4cf1bf8147
xv/22545.xmv	1135270	e38aaffe3a6a551fa98612c3ab4286da39861a1668d4de114edc9c88d09a0c4d
xv/22547.hot	68	ae9200b6911a74e732449580d1a15236204b8606e33e6ab44c4c8d3ada268743
xv/22547.xmv	2570063	11092bde043617d1754a2aa9cb95b5318a67ea4db7cd4e3c6cbb879b050a9c5d
xv/22549.xmv	376793	57f3f906335683aaa84d9dc7fd4fb45ba19c3258a8eb8a9bcdbb991d211eb9ab
xv/22551.hot	168	d88cedfb4a415b3a2eaf835082d95a4a5d24f40903e0891f3408bf6a43ea3969
xv/22551.xmv	4950705	56ab457969e2602c948e38211fa7aca5e57c299b49dba7a35d619015b8719fde
xv/22553.xmv	508411	95094de7951cece9dca7755612880480abcf455474b355a384e443082419f981
xv/22555.hot	68	6214f19f16f817d795543ac4186821f48cea80c110014aed9087d74b0fb0a13d
xv/22555.xmv	2531492	63288aac4adf62f6d47bf53740d352e9ea51b8fdef0549d58ccb3737a39e1b7b
xv/22559.xmv	317094	c61143f67b43239e382a12715dd44eebce3eea4b96cb8d7242db461ee05e9889
xv/22561.xmv	431828	a542e0ccab9e2628d97738276797f4fda90a6e918ef15c6cb41339e144f9b199
xv/22563.xmv	305954	43c9a19af09e9d32620b2da974032cf9a233bd696ed3011f0fd6547e96e3f3ce
xv/22565.xmv	263693	5d8e0043afde59c159df3c1ae6abe19c92cf2874504d5afdee5f1e96a41f7a2c
xv/22569.xmv	185052	49d549682b296dcf417fd79f2a972cf10786229094f734e7cf749a4faabe47d8
xv/22571.xmv	331538	48f26f7125c5b90a8b8d6c6e322286081c01b5e4c4426f6cd41923bcf6143b88
xv/23099.hot	128	1070896fc3a605de36a3ea442efd6393520be05e648f1b963927d8ab153f9f38
xv/23099.xmv	1708042	cd3af8a4c8408147bd62569bc614023f5ee94512517a9a6dbd3dbd20308528e3
xv/23101.hot	128	c229e2aa827ba2f6c9b35eafb7eb906f1886bfdd58539a46531be52366de8437
xv/23101.xmv	3934554	88d38d0d3e81b04fe19c72b6b555b691abe625338f5232422c592f50da6ef6c6
xv/23103.hot	208	d03b24e7e0736a8f0f9589017c75861355ca1a2c608d857ef780d561879847a5
xv/23103.xmv	9063907	fbea295590445b38264fc353ace9dbf1e27f219812d38c3b1ec879c20502594f
xv/23105.hot	28	a8e24b67f93146e10624806c758be7d49dd47a6f39572adf95ebf360871f3a3d
xv/23105.xmv	464928	c2892de0b16404aa7c78bb7c927d7df9ed45120c80b6cabaa08f2eb501dd8aa2
xv/23107.xmv	420807	4d0da6ad684278fe5e815855b9a406cb0126639ecd112c71b446777eb47ccc59
xv/23109.hot	28	906a714969f1fc465f190d861bb40acdaf2f0119455304cc7d00a67b3dfd6eae
xv/23109.xmv	2669198	4be6ee197e0cbc1274f3856d07c01f6da7f830ad702baed8cf08c5470c73507d
xv/23111.hot	28	26577b9548345460e7f60806a5f280fbeecb78bf24d030cd9293e71efb839af7
xv/23111.xmv	360761	3e405e978fbf6de50119d14bd599df30385609738a8df6e11f27dec1cc19e803
xv/23113.hot	28	ce58d796308192915bd756db7e6faf9f4754e451dd09ec255a0c81736cfc877b
xv/23113.xmv	2864227	d7a3d4a3db9b81d7838d707f6030706da7d21b6d33cb7a22dbead7e7d0b83f52
xv/23115.xmv	421067	c5c99a9f450322b17154366a23caa7059cb76c058d51cd89d714aef2a6da7670
xv/23117.hot	68	19e9f79071fbbe621314d99ac6399d13476f48641c0ee9d6b6bf8b74afb83908
xv/23117.xmv	3795307	7e2cac834d93fa97953e9efcb0e775212f417a796b47d231aecfe4612734d34b
xv/23119.xmv	375684	3360961caad47c8f56ac3ea43113e0dd22239746bc6878cc4f9dfe774b263a61
xv/23121.hot	68	694515cd0c5409044d459b262c4af347ef487c73f74ab9ce683fafa220275bc0
xv/23121.xmv	4413300	86f334d8a573a1fb57eb7f0de73e7e5e859703905870e4bb68b19011c80b9439
xv/23123.hot	48	84f4cbf04e803a3025b63d46b953f0ca9aeac67589fcfecb8168c057a919a05a
xv/23123.xmv	1183630	7e65826b099ace320f9defa6b949c6499beac067335963992c5825de9f23d434
xv/23125.hot	68	2b6d738fcefcebe7c2f1c08352d99d69cfa330f420b7c6ca70244f1224452197
xv/23125.xmv	1115843	268065b871db0c1bd16c328bd1b9c3f009535f624ae8b6185a5ecd350a677a4b
xv/23127.hot	28	a696f28eebaf99af7eaedb28ebf49a0b6433f58d16715d1e5ecbebdd3498c108
xv/23127.xmv	749749	b5f22dd039c1ff2e3393b87ef75105a1a3b821f38e27091d78546e9269043b15
xv/23129.hot	28	33c8109cedb32685257f67b1b1b900d2a6ed95e4bfd1296c959ff67e41441943
xv/23129.xmv	598951	2af786cccc1e3933ed68075413c3f4840e4a210dc7e006b11fa38f8b07dd9ced
xv/23131.hot	48	ebf5f924787227582983b6b73a94722aaa760e57194c4bfb9b02bbe2ba1e9f5e
xv/23131.xmv	1813345	f13f7df63366f77df2873e70d5fdb72149ba706368421b462a12da8ff94573dc
xv/23153.xmv	390870	9a8db96f088f74ae35ceb3208f989b70b314b958938d8186ad85561526026942
xv/23155.xmv	420408	97839b9e6d7b7e62cd2b6e6d6b2ac2dc08dc1ecbad217a5b7ee3a0c0b4eb1fa7
xv/23157.xmv	434920	20c171dd4f93810433f116aab10ec70445ad1925276c52f0e1271c64237c6b46
xv/23159.xmv	524855	578eb9a1b595f300579e06fa0f79b3a302c8e15e433dac6317dee3dbce528980
xv/23161.xmv	479480	8af8812bec2388e2c6ddfe965b36e17b0f6c33e86a953223cb50c8035dd40471
xv/23163.xmv	480566	00d2e0cebb1f3a4c632f812598654bd69669a34100fef7189c18156c8fb010da
xv/23165.xmv	405753	441b7cb7c085104a1068da5f2dbdc72263e8982f00194b0eebd878515fe1c038
xv/23167.xmv	449873	895fd6b78e6d52c5e3b92be252f4a46017c2e8b080edf8b22888e7a92b72e6d1
xv/23169.hot	88	a8ea1f2b6bd628f40df99fd65adf583387468429780524a5abdb53b5f4e55f50
xv/23169.xmv	3243644	ca69b43ded8af13548a0f27382281eb716837ca799b1ed4420ecff56c6ba966a
xv/23171.hot	88	e4073f4c1a2017fdbe2d90618fa557857a4c5ba37d6f8a3e7a2fb5bd68516ede
xv/23171.xmv	2567621	90feb79842ea50228fe34a7c30579468e8d667cfde90dedb8087bc8f35af2485
xv/23173.hot	148	8fc2afc7af2216d28e0d13ae41fe91ad5d649c331546ee94e0d9c69bd53589b0
xv/23173.xmv	15272093	6ee740596eccad6174861baf16ccbd7cf565ddd1c13ba3d750f84b99e6270468
xv/23175.hot	108	e9fc68baefabb37af3d4f564e19c1ab9cddeea0dabe4c799a28a244969730c29
xv/23175.xmv	6193223	28e2756a72b058a55df924103e78beb28cb6fad0e0b3ed4e76846a90e7013a09
xv/23177.hot	68	f037a8834cd595cb11ec74465a0eadeee9a85a8b43b29480642fb5176257e63b
xv/23177.xmv	2346702	85b63e07d7cf778256dbb073a9c9714942b9822690305207b9718eb0b20db5af
xv/23179.hot	68	7fb4d79c2c9d4eccee31eca3d056c01cacb8fb01026905b3b718e6ba1f4592dd
xv/23179.xmv	1622425	4bb60ca573d13cafce30634c1ab6754d7c2a4f8ce85f95ea93fab6da46310359
xv/23183.hot	88	e80ae58fcec7fdf3d23cd2f1bb831e5bf11ff8009f9ce16b4b786a1bd585ee42
xv/23183.xmv	5799698	88900e13fa57c129f95df9399429d6a9bd4c6f23fc3ee7e97ffd65a9aed90025
xv/23185.xmv	672199	d9240b4507610f53c69541c2bb5b6984f714db3dd440df4665434ca3e9efb21b
xv/23187.xmv	540394	fadbcbdebf4551fe14217cfc919e66b8412ffdf6f8cf1bd62da7fbb515dbeb24
xv/23191.xmv	328879	c8d39a34918dd734fe0a0b395b45a988b2b4858dbdba8f762e470101a340a130
xv/23193.xmv	432108	11ffd290409d26752063154925f212642a8c445e056236d31f2bb90b8f28ebcc
xv/23195.xmv	462544	84cdc5766372961849147d80d8f9f8d630116c3f3a16834d7dee23db5162ad8f
xv/23197.xmv	676049	3be4c0bb0826fded0aa92addfbf4dd6c6758d09475a18f350fa61d93e0932910
xv/23203.hot	468	88a9c56ea24333438a46fb15f4dc42be0b087df409ef145b07ed2e42ef7e20cb
xv/23203.xmv	15627098	39b27e5aea7e1c8adac4f224f89baf7f859125e0ae611d225b1ae66d6206210b
xv/23205.hot	88	0aa39e9757d4203eb1d6f1cee0cc969279ef30e733201137de15e0c0f721e779
xv/23205.xmv	4158983	5249589800f29f063099dabce10349811557b19a2d88c9c2a93e31105a0a9525
xv/23207.hot	88	a95431d481fdca5654d0fdb97cd4a4abccde71a44a34ed11a477de1645108a3d
xv/23207.xmv	2031522	460e5ae7d22f8f5af50a645a20e4a496435e51820a73224e8676e6e33febb86c
xv/23209.hot	68	ae1783bca952f68c33adcbd372c3b85212c133139508bbcceb6f0aa3dde55c42
xv/23209.xmv	2310447	d0f974457f31673184cb1b078b143b92fca8b2f5537ddb3035a38cf2b8adf395
xv/23211.xmv	542157	bf563a26d5502481452899278cfd72082dc2669daf3ed31ee7e77cd57695eddf
xv/23213.hot	68	00a945ff63ff383e6c95821e5707c0dd89546251c9a9904349cac1d678a1c425
xv/23213.xmv	2026375	6b06210725fc5c1dee6d40e30808bf16ec0fd39cdbcd0c5fcccf3a2909813e2d
xv/23215.hot	28	d0cd21c8113a10a5d9ee81356a866e6c0f62d3862b71ba3c2fae88cd62545941
xv/23215.xmv	1722203	5c5bf86bd36edd71b1772aa06c03fa05b6deee55b000f40b47de37d07cf633f6
xv/23217.hot	28	a2eb8a97ed58ceb016f80c7baadfbf17ef0cd619ae23426b30585ac1668bd120
xv/23217.xmv	1121111	0d4baac44ae8ccc742c3b4cdaacb7b84d456058967d2841e9eab5a3cac9f6325
xv/23219.hot	48	34a9cc6e5acdbf8209ad7cef490b45df981119d919d6736d85c533aaf9836e99
xv/23219.xmv	1686933	e3b5996e723477454ca6b08e7727225fcd2c1d47cea576ae628d7229a0279633
xv/23221.hot	48	5ec2db186d6d3778b51d6ef5ed673ec12bddeaac1571eccbb859217b70777aaa
xv/23221.xmv	1855851	24be8b7644382d905ee13ad4d01174ae92b81a63e12989df4cc0ff292c2c0eb7
xv/23223.hot	48	599aea8ffa82a36e9056e7fac32928688cca1ef0d3e558873f3c6cccf9c69251
xv/23223.xmv	2062054	49830eb3f0654393ba5e124f35651ae7d60cc9c074e014b9ffb033099663db1a
xv/23225.hot	48	63dc35df93685c959bdc218cde1261b1b78bdc5e689918fb2fc6fc9e68bee84f
xv/23225.xmv	4489255	3225d1504d06b95b2fd3cbe5c808e9442a9f0f298aefeb7a514071c92c4ff213
xv/23227.hot	48	204edfad854cee5c9e392df2c04206b9869412de9dd5b78426c67e3241407ac7
xv/23227.xmv	3403788	d77f419e1cbfe4492c57744c15a376058f92ae00e384947a87916be9ab2066c5
xv/23229.hot	88	8662d6dec4e03c10f48e7dd4993a8dae3431ecf045219228dddcd53f368ba5e4
xv/23229.xmv	1885614	23e4ab1518784f4781719a67d74c314291b75751c74e9d236611ba52758fead1
xv/23231.hot	28	ddecb7a92e69b5cc6d20bdc8a4c22c1e8c088293c2462bced53b17abe76a1c7c
xv/23231.xmv	694608	4a03ed746e44f780b04da837a9a7b81e04c817a7e0f6d0de97a74336ca8a87a4
xv/23233.hot	108	ccf9c86c256582aadfa960836eb32fef3dc1c21834a3c75f340e845edc339b00
xv/23233.xmv	4967253	23cdcb44d4cd3c662f734cafe6e397f4e1f481d875e4b9af3f8a7546330c3e67
xv/23237.hot	68	8663a3ae8714508e669b09a92dfde06a22684837d9a6ead3b547c5ba216b7360
xv/23237.xmv	4000605	4f852bcd3614899bc2ec26e933b4e3137b6c3597b41fc8f9de9c3ee6d3925151
xv/23241.hot	28	9603fc1ffae1321c444b0ba0c1c0b35979dda0937c5ea084aacabe4af641123e
xv/23241.xmv	4111608	0124bd28c3a9d2ad901ff98742d28e4e9d76d25199d7222ec94a7cff8ea4a8d2
xv/23243.hot	108	20fecbcac257aa99025b0f13763639912891d9d99a0455a11fd739fb70930f20
xv/23243.xmv	8376564	091dd73e4ccf2f74c6cfbda5f6ee7b32292b62891fc9bad3abcf9a185000daa2
xv/23245.hot	28	274f108a045ff90051d88e8999c8e38b07215d4461d99993b5cd63b5d1ac7540
xv/23245.xmv	2877121	f2b9241eb6ab479f1b8a5acd9eb71fc6c55cd303d470b798452203ac1d5a850a
xv/23247.hot	68	f3c69f1003b8a84db2821677487d13ac32b89fe1fa05bbcf1b08fccae19691eb
xv/23247.xmv	3481355	32220d7108f84f87fa2c2e25314822fdbd8fcdf5fe4b37e6fb41199cbf240b34
xv/23251.hot	588	19c60fffaaf7f8379a8a15bd46c43615799aba295b38aa2c128a81045b1d85f8
xv/23251.xmv	33275791	47f10f800d7a1486fa7dd184008d4d046da41d1292bb5ed67f821746743df297
xv/23253.xmv	590919	2d843d09dcf4c8ae08dd9e116cdeb9ce8810588270d1abd71f180f01201bb803
xv/23257.xmv	595655	e9c3887d2bdd2d8f7c73551774ad8248e786226647b58d6e60558427e055dbc1
xv/23259.xmv	698200	b413ecf701eeeb5f66c2bd1eac18e12726ece4f3cb43f68830e40863d5cd8073
xv/23261.xmv	545204	794de41e44e234eef586d9ed83ab46152054ea5177337b2c37277a3a49b2aacb
xv/23263.xmv	637794	c57681072c9fa098b040270f6b66de8199d009f6e6f32fed6e807153200be49f
xv/23269.xmv	1748536	b1bda0b4d5076a50c90399879cce5b981b7eec22b47d360205e1170edd15fb18
xv/23271.xmv	1632878	a2445e71d0ddd51caeefcc0cfe5b40487757dfdd160a8c80b9c875a75e8847f7
xv/23294.hot	48	4a5f5823056a836f39d5bd7fed1fb51c4a785e3cc49dac4aff9cfb8cb72b5434
xv/23294.xmv	1376063	7b37e5d3ad900e08f415119f8d64179fc427ec5fd96a1c58b8d936845a74907b
xv/23296.hot	68	8f4e2e5dc9691e4f7400bb23246f66fe1cb75b050b5347bec7d4d897cae3f8c6
xv/23296.xmv	1888191	e68c1079de58575ccca0d6c3b80669779bf77b29eef804d97acf2e3513d922f9
xv/23298.xmv	564551	33c3085b828cc40ab2ce13da2fc5593bc4fe1dc6bfb430045d098a672e8c4fe3
xv/23300.hot	28	9b5fff4e790b5dfa16808c17b7a9a61cebf74cfb07543d1179b0f093dbd2abb9
xv/23300.xmv	2592215	dca90d306e9acf85d8ef2d169cf63ae4f86e2c59e571773363118eaa34feb375
xv/23302.xmv	3589761	44ef9956504447ebbb11eb0676b1ba57f115642358681361fcec367ab92670d6
xv/23304.xmv	1355616	9361ac8f1834f20687f9ba531aff707bad7095625c50288845c20b76f9d282d5
xv/23306.hot	108	919ec24378ba9f8615dfa87c07305f8215c978b63e48e907daa757fa276bbc8b
xv/23306.xmv	4439495	4d3886cd4b39af769547eeb09ae8d973f1129ef5dc46e1714d1507316bec4cc8
xv/23308.xmv	550372	31292d76ed34e26bc4f6523b911dd06274dca25b7005659b931ed53a88017239
xv/23310.hot	48	7f7b41dbb672d0caf29126957ad14e56370d7bb379537b63959689808e6112c1
xv/23310.xmv	2364703	3ad2b2f731d0b650838085c43733dd1a028a20eaa425d88ec6d65908a41619d8
xv/23312.hot	48	5aab407ce8f5c79608cceee67037d57a4276da98c6c6f9bf15226e1d94dafcb4
xv/23312.xmv	2420014	6297b8468d04c96177d86f9f993c183a51c7f5b82715c1bf64dcd2c296335595
xv/23314.hot	48	9a14a18232463e0eba94dd0c5c228bbc3e031e8e56066db58024221a0241f0d1
xv/23314.xmv	2189955	a2e3a760702b4e2d160ce59b40c015b3ccd10c0a33e4a727e2e1f0b3b0f7b50f
xv/23316.hot	128	8accdc0dd9afccfc0c567247c3d9ebe4ef09f4196696b7fc14c6f57344e5d635
xv/23316.xmv	3245463	676b7d93fbbfb5c8f78b83f547d166db4be8e00d46adb3f4ed9fb70ec3dce9a4
xv/23318.hot	128	014d27ffdf59e9e7fbc5c710ae50ed367cf86a21470db20080c9f620786bdc1a
xv/23318.xmv	3923565	ad9d5dbd8ee5ef9ba2386ec791992157eac0d1d11f5459c63f725212f8b30467
xv/23320.hot	28	472668aa6a461e5a3239200adc02f3ed46c60baa552f138cb9342460219f4298
xv/23320.xmv	919053	5b28154f9cc6d5d8460e6d215d1b2044160959fdfdf8761cff0e2499e34cc32d
xv/23322.hot	28	14a2b45beaa6a138a81cba1a91f503e3abac818a450348ab4290c51c0aba46fd
xv/23322.xmv	1079292	d023a5c5513c8d74c37af6daaec7207df061fc134242bb30f4bf064bcefbaf1e
xv/23324.hot	28	110e285758517accac8eba55c88293236c461682f12f42467ac05d0ecd292ca4
xv/23324.xmv	850460	7c5c52e74f6763eb6a123f0a2e17cb55f9700262e817571b4ec83c65f549bd4f
xv/23326.hot	28	436cc8a3a45b96cf244f19a8f2188d32fc8699e751ce26a94202a218dd9ac472
xv/23326.xmv	2600035	8b3c5202eb7b0185b728a9082ffbb4fa62bb7edde39201d04630c967b2b5cb73
xv/23328.hot	28	cc9a7056f9735b9110723425e71e391eacf128c9d095450f7c39088722b9d2c9
xv/23328.xmv	1958254	499815df0f5d89e2edecfab5807d2a013ac04c95b740aff636073e5bb2d64f69
xv/23332.hot	108	c928392f3a5ee44133802df9802cff5fb32f5ef251693706cfbcbaf4faf6f9d7
xv/23332.xmv	7727122	42b94e3888c713d96d9029c8118475e68d1564f3c47dcefa086704089faf78ea
xv/23334.hot	88	2d8f89c7e8318dac6cabe7777c6b37445338e4b61ec8083af1881deba2bd2849
xv/23334.xmv	2526121	393f95d910eb780cef0ce365c290f93a78b0bf3cd2892b2792c9d710e3e8d0d9
xv/23336.hot	88	c4c98d3c33891de6a9541b7e18aefa3ceaec15323286bb998fdd9b00e1d24576
xv/23336.xmv	2903754	f0a7a4d47e3b9382c8c54cbe29a2dbbfe6040d164d47bb5b7c6e3817364edd86
xv/23338.hot	68	ed94c6df450dc8fdf13f3799570f0aaf58c0e0f3f404a23116b87e28b999b8e6
xv/23338.xmv	2627268	bab80ac775bc2ac09ff45764dfe0c75a08e7aad9ec08eaaf30181964119b6275
xv/23342.xmv	398224	db29f77c277ab42f022bfb6e73b816f06096d886aa56f8c2d70628c34b64af5a
xv/23344.xmv	337294	c1e4520117be2e733e97e06c0ea35c4b0d54d929408ee43002ff8ef3fc40e399
xv/23346.xmv	271153	4760a4f57a4a66bc7b88148ccc74ada9c48a56c0aa081a3ce68fc6121b54dc6b
xv/23348.xmv	256276	3db3cf53069bab46701eb6036becc1c6b0393eada98e8f895151b15b5d31e6d4
xv/23350.xmv	409365	dc5516644bbb3f478d0dcb8bab0fd73b9dfe140bd16de41d8831cde4ffd36f84
xv/23352.xmv	297784	149c06e9de52026c97bb72adc629db4f25eeaeeecbbd88afacfe6d52d37851ee
xv/23354.xmv	334124	44145f26e610c9be5a476e81d286c33b25fc617bdbeb5e87026debfe52e2255f
xv/23358.hot	388	7296f84578bce79a735ed1fec84ded0ea58f345d74b4f3bca7e57d871e1c46c2
xv/23358.xmv	10989487	10fefb29eec48cbbc3da29019ffe35d4517c9db740bb54e9fd146ebde855adcb
xv/23360.hot	308	83b8beb91703d889e095b1b16fb3761169936eef9093a39e8e31cec2b701173d
xv/23360.xmv	18520548	3bba87aff505491976caa93122f9502247c9c7f59cf09f7a4d774a8d5937f3de
xv/23362.hot	128	1b6de0c53cf27eb7d1d58e25b1f8532df728a99ff6409f967805a38fd85c9a65
xv/23362.xmv	7660880	fd3653ef11fc7befd60970c684488a923e3b00e8d358ecc64e82db2fadedbcfc
xv/23364.hot	48	aadd669e50809b54851ec95b22ec80a2c64dd934823c5e5c51538060f48a2eba
xv/23364.xmv	5468185	f7bc18876c9ee24120253cc92b9b94c70f4444dea130a66d252683df735f32a7
xv/23366.hot	108	6fb3300d2a498c1f467324da8a103c02d2feca0ffcb838140039bd646d4632fb
xv/23366.xmv	1980514	80b7f4e4298f2e7146320879fcf95cae00c4612636d8faa4a96806dc2680e799
xv/23368.xmv	512684	e91d383f77f8334df25c02a06529cd01314b156ed964493b6a1802d909e6f38e
xv/23370.xmv	579388	c5fdb4f8f5640194aee0b204c0357dbe9229425616f246b15798199a15548b85
xv/23372.hot	68	ba40e862cfec92dabf8d28403f616b8d657afb83b75a97a368deb1d3c4c7ac4f
xv/23372.xmv	12690084	f2993629fda1511666c2426e4e563ec8d162968d7e20aaa7ef782a1e0ea75e55
xv/23374.hot	48	dc027fc21d9982ec80ba298300513038644a1a5e91e61c4a2dd837937b7f0862
xv/23374.xmv	1669120	90abbe9209d79238222e95c93794266de737cfab254963b0f4970af5ad3b7d78
xv/23378.hot	168	d9f9a6dc99d9fb39b17b68a10599e70b83938ffb6c23572a65c44df00d195bd5
xv/23378.xmv	12971635	3f988edc80905b22d32f410cf5641a2740c859674cfa5769fbcce5d2f3a6e021
xv/23380.hot	48	ddbd457a6b62adb94f46d489b881744f821c0477ec34ce0a71e766bce188c969
xv/23380.xmv	4667471	e358885c2215c77729ff382f7fe60956a1d5617f37d48480b4ce0723bcf0f588
xv/23382.hot	48	b6084950b992755974e1a935c746829cb6cdd3f67d56f7401577a76b71f8dff3
xv/23382.xmv	4772919	087ab4e3f7e096574e8ef6ead0f59b3b51181396ebe03f6eaf8b4ee4525cf45e
xv/23384.hot	48	4c3d8804f7fbdff06cce6fbe311333da2616f64fdab40948fb7367325bca2345
xv/23384.xmv	2605071	58d03665d411eaae9f213c3b868e12a921a30701b0b867affd0f8b6118042100
xv/23386.xmv	1922241	5f214d202e686c3a29906d0230cdd25326c31ffc45e5d49e64908ea210d98b5a
xv/23388.xmv	320951	e7940cab590a51dd55866d85ea4be89b55e977d8fa37b95a59a93445a05f1fb9
xv/23390.hot	48	b8b72535c0a34e30be591595f13f32d1eb5d34d24ad56502a5d66f1d30d0c1d0
xv/23390.xmv	2448772	9212b2fb4b814218b200facd65de6e0e4ec6e588c31f8556b4ec826c0ab9a715
xv/23392.xmv	681624	040475a723eec1e447e2f8357e581475ad88ace4c15f5e17e1f03cc874aca159
xv/23394.xmv	389733	c447a73f815c29d9ccd043b37172d4b24dc2ae23e5eca395c9f38985249f8db2
xv/23396.xmv	770713	58192bac7b010666168a02946e4e1eb48d5afc24905a1fcca3332010a3540617
xv/23398.xmv	431776	5345e56c28c2e8be5d4792edfeba6f0962a7dbbaf2411ff46c67d0be8a78e940
xv/23400.xmv	574648	8cf4d9103823281bc54a3aad5eb73abacf2d2e03489f925098da83b74197435e
xv/23402.xmv	446762	7936d27e8b0e58ff4aaa5148c08962cd0985fe8273be3b6e7bb2500af9d774b3
xv/23404.xmv	603301	3a42a26d9efdf67e279da990a8b7d274ca41c3d622000d1922f8df4482060f15
xv/23406.xmv	383956	5c1cd134abbd688d15db737fee11fe944ce57d1492439fcc3fd7f2010d6c1a77
xv/23408.xmv	329458	33f61e3ae62fe4178703c5b6bea9db558d0f86e6595761b4c71b17224faa7111
xv/23410.xmv	366259	9fafcb6970f4a3935aaa24a6f3dad889c1e61b70d412eb97518c321e61dbcd28
xv/23412.xmv	6593494	ddacd0a15a45d14381c9c403209b1f0bf1524eacd821f493f2b971ab3c8e1ca6
xv/23414.xmv	12651977	f283039950715455d1485e2ab78d2d1503ea5319b8e80d255d9c5f7abf8a92de
xv/23428.hot	208	26f3f9b1ae4348dfe6b4b04cc58dc1ec30de57d5d667871340ff5ebc3fd3e496
xv/23428.xmv	11255199	bc0d17348a143066963680c98983e2f999d305b51e2b5490fe6a886bdc9bd97a
xv/23430.xmv	7676697	43e8fb403b00ff5a16dc1f8a025a7c6138b66512f2dfc609d8e872832566e036
xv/23434.xmv	14044932	c64b09deb80ad34bb430b3e82021eccf792667cf53bb985ff4c3d1e71397ca31
xv/23436.xmv	8789010	c74126c13cc9c23812440161166a8a66e3cf929a7837260203cadc32c8d91633
xv/23440.xmv	37747184	4f15937afdce1a33beeb01ecb956807d574f4e0c21a91b9b59a6ee993e07c1a6
xv/23444.xmv	312324	1f395d8073893286769c6d6cb71998d86f4d18a2122c4d7ed1d2ae98dc9919d4
xv/23446.xmv	150320	40189d751456f671ec0214e2a1ddb8ad394fcdd79e1fd150780123ab399e963f
xv/23448.xmv	282334	38ddc1e837218d851f1c13eb8c1d5ca6ce695a21e1d2d3ae4dc7fc4555b6f22b
xv/23450.xmv	176858	c71ab858f83f85e8f846546fdc6edf060f0ca7ac801192ae9618cbf7003296df
xv/23452.xmv	277912	a38b307f206b474765cadc30545a5013c20c108a345b3e30d7fcef937d593859
xv/23454.xmv	264671	a59483fab7e71943f2e753acf39299ad195ea97b8c5f3db1705da705f4bf1848
xv/23456.xmv	233341	c95551c5d6a70c72e8534ad3a6219b0c8ee558a797050b5c5818633ecc9fe99f
xv/23458.xmv	166409	600e7d4f2c2d389a30d8891a604ec331f87a0cf5cb89c216acb9551c06cf0761
xv/23460.xmv	98111	7f8e425714c50263e04feeabfe15439fc1eb8c2150ba1a3174b218916efcf8ed
xv/23462.xmv	112628	ff941b8101959f2dba059b87d4a9eca9946cf9585187985cbb7d7c9ea65662b6
xv/23464.xmv	2976960	c2e43e821ca71fafaf7ed56303165a1ef8aa1f78c321e6d0b0086cd9d2153e47
xv/23468.xmv	1146709	d78467f14f462b7de483ff54a3d232e2acdc9a6007af342af97c64cecdc3df30
xv/23470.xmv	17368665	fcc0d75ee06c96a43c2c9408c5d3d44046ab9964297a2a4c951711bdca6bdad7
xv/23478.xmv	1094988	637ca338f094c2276cb359e2391646e6bda262d8405b980228a5817104293f0d
xv/23480.xmv	403198	dc133b15455708b4c064b1829f6e924642cb33012e1134c80d7fb28cf1290ed2
xv/23482.xmv	403243	949772c1d274e4d7a5002fcee36288f8f4caab97e1b4b5dcfbd17ac90436c62a
xv/23486.xmv	2444511	7facdabecb8c16b3e33fe6028028c6b9b57c20ec4d89f0ded1181151ac5c6a2b
xv/23488.xmv	2932656	403652061eb03308258ae77c5d7ed3eafd03d3bdde7376bdc14d8441dbfa3334
xv/23624.hot	48	df8c08943512eb17f64512bace7c10f52c1ca1aee24af2dc27c87866b73fecbd
xv/23624.xmv	868902	e4ad2f4b3852f7fb69d2ab3e68385dacb4226425ee4a360b4a1141f564d7099c
xv/23628.hot	268	7cd1cbefe2ce7977555f242d068ee4a38ef34de6341f4696b96f0dff367cd9b9
xv/23628.xmv	8056631	35d426f383a24d4a2ec0fc60e0e723bb05c2a75fa251bb92499d53c4b4390952
xv/23630.hot	68	c1d4a8c3ddb2601829484c98defe92b0329c633ba950cb9e22709893ef41e018
xv/23630.xmv	1971618	341b3034593ad04ee75e7c8e1ced6f86f18c1df137196630744668eef2402530
xv/23634.hot	88	ad69862efd61dda40816916024ef04939e42f0060692c3b0702d62f7c0120143
xv/23634.xmv	1809300	d49b036bb1df6bba30e26bf8466a3ea01f18be4d5711dcf98ed49d7ee181419f
xv/23636.xmv	693849	59cfae1672821abf95eeccc8f7d92f992fa8d3e060b07d7e7367cd34bdb24b6d
xv/23638.hot	28	a7e3b11e58add7af3ac7ff4efe6438d1ae82d508ec00b799f8b9f664b79d4ff8
xv/23638.xmv	1003959	5de840e6c231346242c9c4d239af01a9e48c7ce77e75dfbbfbf6b3e48c3d2152
xv/23640.xmv	869163	7b319812e262ff32c85c4089d5eb3c20aca8da2e423b05eac6d6bf81c419bd23
xv/23658.xmv	481486	235302de8dbc03d110c9eaced00cb7e87bb2465027e6e46a94a20c4de6c2ba1c
xv/23660.xmv	496067	0b3e60ac85f55a68888ae8e225125fcbed90110dedf29996b790ffb75ee8b1ff
xv/23664.xmv	482046	68570548c0338707d852db8c657fc2fb5bfa93b98e8cbb1c0934acd711977de3
xv/23666.xmv	586850	2e43ca4d38f61a6f663a8d0c293c467ef0ab57de3cf767a2a79ce4b91927b275
xv/23668.xmv	571381	8cf3d2def6a68727fc8d66272dea68e37400cc946c12883ee0cb650138b234fa
xv/23670.xmv	587472	d825b9c0177666a819d14a88efe25ce90437bdb6f61047b41b9349338403cafa
xv/23672.xmv	346030	e641b7052c9d6b18c6e89ae721053c146aac7025df4fa8a06ff4bd192624a146
xv/25230.hot	448	63520e4d4799c23c3273ee668eaa7cfd73f445d3ccb4863bc8682a5d802823fa
xv/25230.xmv	17349610	8e35d0e30d0d43ea3119f453021d5e8d6f1f1947be52d1253c8b42343baf19ab
xv/25232.hot	208	4e3aa7fea6827e55d60b195d2c8c00f0fafee7b0fe64ef3e82e0d7bb6e09f547
xv/25232.xmv	8910220	3eb0319cdce50b75b4dcd54971ddbf053e2ae0a0f501755760cd27c6b9a16d67
xv/25234.hot	28	9e1dd03da12765a60ef4e9a6f4154c850cc4b668359bfdd4d4740c8a86886ef7
xv/25234.xmv	1156774	2219caaa451c81def383d876a7999dea036d9058437d2c6f3031b744d38071dc
xv/25236.hot	508	e302ba29d9d954bf2675195e85a0eda82ac54ef9cb91efa77a27949f20871c79
xv/25236.xmv	12083777	4208fdea23bb7bc9439a910b7a5756419bf1f3996a0f233ce7d9cbb160485deb
xv/28398.xmv	1063717	4fb161fe619369d152565fb539c4c1d19e6f7b0c7723178d11940d7dd7404cc1
xv/28400.xmv	1053707	e34a23a81f7690f43b7cdf289cfbc9204ba73bac890ccb741abc479a2934aecc
xv/28402.xmv	1294552	d1e69b70edf27807e7c31db1170f6e1a1141ad52fbcd3e59f6432ecb199f6cd3
xv/28404.xmv	1278046	f3b029c95f43a5da5dbbd86e1c4c4b85eaed3d53b1c84679b1afc045706b58d2
xv/28444.xmv	726262	bfbe01b015ab60d2d35dbf6f139c46225e99e16baee84541b10d132171c31394
xv/28450.xmv	780348	920aa7b97e5eb9e7b54772e4cb786f467668552ccf96acb466c27942c130a47c
xv/28456.xmv	4208495	1d824fccbcc4c5d8b213ba3ae881f29388469e52042ecb91e77cbff38b81c561
xv/29078.xmv	2171571	4bb0533258e0407781f0656397441b85129a12405542f2bf13378b9067795c00
xv/29080.xmv	2076846	27044fd38428750b9e5bc45f5532cb7fa4c36a66e5ce74ec1afd43ad81af8ce9
xv/29082.xmv	1935170	001194054b3064f696a67bee0f476992c7fc8f068e036b07cc6c7d66b1588eb7
xv/29084.xmv	2059039	7082b4df4fc2cae441ceba5e92fd1e32529a90a558b69b09cbac9492b487b2bb
xv/29166.xmv	2250171	ad867190c43ae2310d1158e41a68dde38c4a2a500dd28a80a65ea45c2cc256a2
xv/29168.xmv	2134414	ee4049be2651988ddcd545720f347e27d13742f8b63728de144d2d1b3679f315
xv/29811.hot	28	27e5814735a4840d29b28d5cde7dc44dd3d86c10830536a0b6c9b74d21079a84
xv/29811.xmv	822056	1c7a072f152de513a50a55e2e2ca9add8ab4298a8c08d25a07a3d967386169f6
xv/29927.hot	408	0ebaf0506613b89bfa80ba0d2a8266a98219cb3561d2be9de4cb391c4962e841
xv/29927.xmv	8325904	702b5bd0f8fe5b8f7cdc2e08f3cb1c9cf560160bf0367328d0717f668363154b
xv/29929.xmv	683637	28cf28589129964e089ee35f4a8b1efb01889b679729505edc16abd2d7d685d2
xv/29931.xmv	690624	1228e2dd985af215d001aa0db316961beabd577fdb40a9cc89e9a616691334f4
xv/29933.xmv	488964	de9c55de1d74404c1757032851a3ecc1c4c53fe18876af62235bffa5d3b6c903
xv/29935.hot	28	0f59411e80afca4246918a9c9b6b4eda8e2e3f271f4818428a45550e879208f6
xv/29935.xmv	781106	a10f86a63544e57288113d7c3b855e84061ec8a7a6b539878f6e63e65ee98ee1
xv/29937.hot	28	7b95adac347f7390b5ae0199daa31f21691cbe9bcfb831710a62793b9b7786e8
xv/29937.xmv	736789	d757fa9925f4cae74eb7095788c879734194ec13c8d00dcdbbbd82a394321890
xv/31042.xmv	556753	fe1f260ddc00f443bc7a95970033590a1921e407980776f9c4565303573658f5
xv/31280.xmv	249762	0ff9f33895c453c13f91ba902a3c0d038250941e4bafdf993b7f067988c9c9ca
xv/33308.xmv	468697	7ee17af54309d3a7fa5b6c1489e8602a590bc0aa9defda1c6a1a85d6432ee86c
xv/33401.xmv	528380	7cff3d604d5585b5dad9ea63fe6a98c1e790b5b4bde6bf481493105de797da18
xv/35990.xmv	914812	5dce01deda0217a0f1fc54dcac9585ef39137dd13e8ab1023d34b0d219e23d3b
xv/35994.xmv	719950	796406970c08bd314e8a9cc0ec8cd51008ca7b6443351290351bf3cec2a104c5
xv/38448.xmv	12179132	21212d29fd0930a6d2fbc15aa05607b6fc4909d11f8dbda1dc925140d8c17237
xv/38767.hot	48	c507a80be5d78ab6f60437326efe1ca141ee91cc66b1964bda4bb9ab2246a0cf
xv/38767.xmv	3346599	7b0eff7f94145b25496840bfad261dbdfc959ade76ac0272bb513e517394b420
xv/38792.xmv	4936683	430ecf8aa678c9e06964d95be396acffd6d002932380738603214ad522fe393b
xv/41314.xmv	12030662	eeafb170297410b252a2d2150e652993d91263964b480e81c71dc5a235db3f6a
xv/41316.xmv	6239374	13032e93ac4f6766c5b281423e8525b8160a370347933f531dd791254eab1795
xv/41319.xmv	6668619	3f6005d2ab2827a602e8de75b687e17790b45e90df4158a4bde88bd0d548fd95
xv/42912.xmv	401730	a86b72744da676e576d677e5b745b0058ab5600c9344b1d7e1b851b96d128498
xv/42914.xmv	686284	ade068786c924e2d53247c89c013b765c245bd57040967ae7f02722ef344bccf
xv/42918.xmv	395269	da84eccd6e8eec5c961aae99ada3ccc9b02754c4e7be814bccfe7afcbad08adb
xv/42920.xmv	524688	210e0b371803dbfe35bd2c82bbfaf8d4214f5dc7df3c2d1950897918f2f29e37
xv/42922.xmv	333476	76a3caae498228464bda83763280149f62c8b6bf4b0e77f03da256d117a9beac
xv/42924.xmv	345092	e0fdea3d44fcd71f6075f8fe15a0953450d4b27b1845fd914dc84977921684fe
xv/43070.xmv	2136297	e1ed4e2c2b5a3a9cdec6633d5bea498bf71469580a8b92c2bf265c51c26e5693
xv/43085.xmv	309149	01a5fd46b7ce6d9592b7e2815bec6433322d613ad0414adbf2f0800a5734be11
xv/43088.xmv	950723	48b9115c3c76764db34bde1d9c42433560bed7fd21569430978ee3f98c56f0a5
xv/44099.xmv	9163829	9d56949dde4e9d17e698482b3422ad19818dbe1eb6f4f62bf8aa140ea2981de5
xv/44104.hot	248	3a80f54b7a43ba9ac2e790bf79c4206ccf121c00b16d34ebc53ad4805aa89445
xv/44104.xmv	9093452	a7bbf7bb6eb3cdb35b41b9677ed2b85806e40751cdafe2178e51c87a37925cf1
xv/44483.xmv	2116400	059224576335d9cb135a8476ae7346ad2d2bb035a8e3ba4d195c6ec8ed711eed
xv/45858.xmv	15735434	92170f4ee2dc28bd96d6e782a51a124054d1e803041291115a0cd2fd3c0f71b3
xv/47536.hot	208	9bf5e7fcb4814d01e13e7557b2627843687f600bf22d90d6e8f3f441137ff04c
xv/47536.xmv	1980981	8ab25e4675da10bd97419fe9959b553a4ec316df2ecbbe4fbc43a0c6ea3f6188
xv/47538.hot	28	a5b51b33fd65b3c37088e7c26cafd8a2160e9427dd16b434f9aa69d60184f5f2
xv/47538.xmv	1143703	a36e753757dc4995feab59b49170ba54718d24ea8285b83e544ad668a0cdcfeb
xv/47540.hot	28	10f1249b606a34150293865e76c2e790b949e422f4c676bef28df63d0a22df52
xv/47540.xmv	1433673	f7c4e487182e8f393847140c7e4e25418accee5922f92a604a7470a7b96809a2
xv/47749.hot	28	88ab85679ececd3aaec6eff31be36debe95c30a95748cad7a65deb35f261f791
xv/47749.xmv	2302248	295f7e8ab279a929021e07def029213b0785699c88a2f337328571583143060e
xv/47750.hot	28	0f45215f550a2e3012e7171f7fbc45910d6273b5caf61896768abef7ef3858d7
xv/47750.xmv	2837802	762eac0af5a3f1cf237fd8cfbe66c1876916adc9bd8d52e6a0770fe4038219b2
xv/47751.hot	28	dfec852242c9fdc787726777d1fb9877e5ae7e0cc416481527130156e3fabde2
xv/47751.xmv	1712745	1fc5cfca280bc879f3a3c93c01088e0147f607a99ee8ef8b053dd13b2b3486b0
xv/47752.hot	28	cdbd7c687173d0f9a555ee8deb9bd7d39c947ec5f50e9f9a8244186fe26e7cd8
xv/47752.xmv	1539989	4282929a8d2294f407e4a6529ffba593e8e127732795d0923a73045222a007df
xv/47753.hot	28	9e5d2b07d2576960a3243347679f49fd0be6f0b49b2d4c580977c25f13f192aa
xv/47753.xmv	1752038	2e4bfefecac42272a768fb6d562174ada1ef9b9f9a9151b1369c6a9bf6d2d7b7
xv/47754.hot	28	f5d836ce30f76095017c8046dafd0624acbfd8b3077fe0ecd2869d300e6dbbac
xv/47754.xmv	2145234	6bf94482e3ab751eb4bd1888837fea5f0abe1f34168358dc53b0b96baafade08
xv/47793.hot	28	58e901e67d0f0f5bd2291b1bbc8b412b81010d5357c6df6724efa5cca22889c1
xv/47793.xmv	2188922	abb22f482465ea64fbec38ac8a9afc69e76211fcf5de47ddb491d2a14f9e7fff
xv/47794.hot	28	09e2876404e112f3cc1505444b660294e001dd189e6aa4161b4a589d316074d6
xv/47794.xmv	1605447	e7fabc67ec49410fe4a6999ec43e20b531a84019ae82e70665875318eaee47d7
xv/47795.hot	28	adaa24197a8739135bbb93067fa06671e635553594c042edc0aac8ae3cf32926
xv/47795.xmv	1405296	aa77d1d4985abe62456889a88770d0ef4cc74cb85e51c7d3a85fdd177cc16dab
xv/47799.xmv	358609	802f0abc3a731c5535ab6d547aa3b9c27713cc2c7e8c6951c3b91c8a4be4b483
xv/47801.hot	28	02b1c4ce35e45543913e5f72450a2e20f57f6135d922049d231e1980583db104
xv/47801.xmv	551076	f882f671fd336d3f089294fed3b13360c17a219c0c6be3c05b0dacc213fe900e
xv/47805.hot	28	1f16f0d3676d3311d0c083a5634728ecf7805b944ceb9eb60649283fdd56626c
xv/47805.xmv	806294	8e2c26391fc481b840b889290ed20eb05c776b1883b5af52cde1db7bdfff1a01
xv/49013.xmv	6965847	7c8533afbceeed614e63575e9a27bdd5dfaa9a9b0d51baa215a4f4ceb111343f
xv/49014.xmv	760411	0a96808fba2ba9fd5ca1e845ae2defc98141d952bc9acaac67191b8b84f1f477
xv/49015.hot	128	09f0cc9b58446638c36f89ac15de0212673544411fc0074d59fbbec44ad05117
xv/49015.xmv	2668582	9d8d1344f82148638828c39bc48e24acbec6c4761e36a14fd70914b562ca216d
xv/49017.hot	148	f8c860302fbed17b6ef8246e4e67e3684d779b7d8ebc50eeac78c5b9b2dc6476
xv/49017.xmv	10744837	12d782d348cc94fc84e1d52f06789daf357360e8ecded39cb308015920a861c5
xv/49022.xmv	314161	6718358188ca78cda91e642a1d0bb45738f4a7b8b0c42667852107beda90ce28
xv/49024.hot	88	bd4880626ab1f67dee0c61f687d099029a10570e2acaf377e5e7ecc1411d3cc5
xv/49024.xmv	1761103	5ef264f1b5e64f7ce56093bafb09eb5e0617f94bf800e2baa7b1d6b99b9768eb
xv/49025.xmv	6477305	edbf5ed2f2e9968dc62b70d4965c498a89c57ba5bac39825be30fa17af7991e5
xv/50405.xmv	24598	842862ec9704555bd09f2c04a2b99735bec915578adad5cfa73f71272b7abc3f
xv/51167.xmv	1137881	19b60d629f9767000fff60bfb46b59febc3de5611372b55c64f9614fce4caad3
xv/51222.hot	28	4b436799e0704b80ddd7e6fefe27e5d5b78b902985c50211a4c4233dfba5048f
xv/51222.xmv	1053733	764c304f6489f7362f74742c9b32ed7d6d193813b1dba43cc817c1a39194dff8
xv/51224.hot	28	a681785f6019db6cc18649c012ae5c13dea103bd0f6ab557d99ec460e62dc906
xv/51224.xmv	1020629	a5864a3f672b39b60987cd3358ac58edd974e8849c45bb047e5a772e9533120e
xv/51226.hot	28	e575dbacea9766336c76b33d5bf58fde473713f1d5c59ffdaa4dfdd1fca3f3b8
xv/51226.xmv	2685240	1fb6962057b084fbd0ba77163d10be5ec6f66a94afa31ebb6d996b2b5b61bc65
xv/51238.xmv	101917	87112ef8539967fd649ccefed060158eed1b77a149a063a30a30a02715a4ef7c
xv/51240.hot	28	02bf665750bbbacf43f93b0edd50cd385a9465fd53c9c80e03aee72b92606452
xv/51240.xmv	679095	67645cb68726ef2b0fb413db036301d6b0db7e74b3251e6fecbdfb6a03fb5505
xv/51242.hot	68	34b763a55454c899719e3e582b561bb42872e44c5008f73c5ab556df65aefe57
xv/51242.xmv	1126368	d0eb9397fa0ce25b5f27ce284298f7107d9b22098966a7dd70bcf0d04bd789b7
xv/51295.hot	28	a1f94f024b87afba30ac7f4987e1124b941f5ce9e1a636201a9ec1b7e135a54d
xv/51295.xmv	1643062	ea81bdf9e462b9c27cf8bd0da791254095f6dab937308c25fe4c87c967742912
xv/51301.hot	148	8255eb2d2efc9862550a0bbb727d97966decd400ba7b74eded85793566ee6f0a
xv/51301.xmv	5113126	36f6621835c0eec988d1acd138a6308ebc73e69e7ce1679bcf957dea4aca218d
xv/51304.xmv	291129	f430c0200044970066c8615e518fe535f258da76e39e62bb7ca50acbb91cf6a6
xv/51310.xmv	2045412	ee011cbf69a734a1f77123e8da12da8c91a0ca79f40c06b5fe0b84ad474462ce
xv/51312.hot	28	1b27a28d99b965532f59860225452469ccda4b3f996e3825d13a956950a58db3
xv/51312.xmv	2109188	e694878850b5506206a9802c0810516c9448aa57f2cba008c7b1b9ed18376777
xv/51314.hot	28	f36d261598a4178f09915ad835e620049d8513c7a90760437b4c72e6333a959c
xv/51314.xmv	1467652	2d983a8e16aa4b8ee2b7238e30440c2fe17cbde2c21979cb9af3fe72e49260b3
xv/51316.hot	108	75a48867524e1a3c6c41ca4edfa09abe0df4ed42b4ba50b30a20b66f45436a32
xv/51316.xmv	1966701	478fb224c057c962cd9172228ddcd95b4397066c362d7552c9b2bdf9a89bbacb
xv/51318.xmv	1458392	ed73da6e14271436fd41912960186d1832c5afcf2db77c42f805fcb89d09fa74
xv/51320.xmv	4057155	eb3d989b28ed995f4b73af166f5ad589da532507b2d8bb9bfc5e65229f125175
xv/51324.xmv	592117	f74346a064593863dc2a2c150a6b421f8a8b80c5e418f2467054b48cd34eff9d
xv/51326.xmv	416823	c0fe2a6e89c95f5a0a5a345451d634a68e470a16c6df58afa6a7cd84c6351243
xv/51330.hot	108	ba8b6a0a67cd93e5141918fee756a88c2f001f4586667b6b349cf7496133261d
xv/51330.xmv	5826594	887083286880ccb2595e62d777213fa3a5cb1782e421ae1218a7f728324cd82b
xv/51333.hot	68	a1977222bd90fec19c77d39302b0f1718e61633a096911e08e3f41d3bdc0a2f7
xv/51333.xmv	2581374	656b226a489010cafd82409deb1e281729b034ab767fcc9918350fe4ea9ee15e
xv/51460.hot	28	34e2f53b2dbbc66af7e30ab35f83bb2690b1d113311b6a2f8c84749d96397565
xv/51460.xmv	689575	2a6ae0e6d79dabe4b055693ab84bcfe242c288d5f2c86621057c31825b14d8ca
xv/51462.hot	28	e727af4e43287020d3012ba6dfd2145a06da367b5cf355866b2507f5349460af
xv/51462.xmv	1609846	736f71db0ee67ed111915853499f5377da5def58df20a621fc816246deaeafc9
xv/51464.xmv	360870	b65a31fa2a37b0f783b3a8d28aa34b23750fab143e77e49981005aa2b4fa3607
xv/51466.hot	248	5f4c9a7622b26b665a5c9c55130a8787bf88f7c36ba3eb46d3ed4281600d0539
xv/51466.xmv	1525708	16704f1b9092013a833d86121c7a6df265a0f4ccee0afece13d49e9870ef6acb
xv/51468.hot	88	1ba563cd701545e465b4e392188ac7356e8eb1e01a70d17818c5812fe5a4a367
xv/51468.xmv	4723029	eee25f042235aae1a77ea24842081a74cb63c0fccea1fb591ce28ac2489f66d2
xv/51472.hot	148	4eaa2138a8594f15fc1803d3a77f5623bbe91e8c5fa9c9d947c75066c512360d
xv/51472.xmv	1078104	f26ca679723a3569fa274cd18b14d3a2a40ec77d996d3577842185100b10762a
xv/51497.xmv	230039	ca39ba3b7b27d7c19c0ec7d8251f390cee00034856d1b2206c68e83bded74be2
xv/51501.xmv	190062	afa045e2d57e00a3fd6f66f316dadf14ccc4ef67a27f9354fd2a3de2bbe69125
xv/51503.xmv	343211	be9f78702a36ab96258deb860dcdf72421e40b8df3861fe1c4c1ee4ac3b490ad
xv/51505.xmv	253185	82d940fb2d04f25bcf34509a1471b09457f2bc5ce19ac661c7a5276610e5473a
xv/51507.xmv	223072	9e968a84843ea78f22cee8d4ef45997689e494648ab7841dcfa981bba0b6915f
xv/51513.hot	48	cdcc63c26e704ed22aad20ab3348054f5f66a5778df96d08563b4c64cf65f45c
xv/51513.xmv	1267606	0dbbb8ddf02c7ed84e0b6b74e9da47d512b38b7a7e8ea36c207e0b3ad4220ea0
xv/51515.hot	28	af7f3d9a791e9be5de56a4e25e4cc42f86af2fcde46ff97fa43152c71c0731b0
xv/51515.xmv	901412	c6983619cedac97336a5fc2f5f3a3b6c798ec9ac5c46dc291c11be429fd8d415
xv/51517.xmv	341788	3828784835e8a87795ff5411921ca127455847ceee28bd8bb4960462747a7b03
xv/51519.xmv	334521	d2c9eb462109e7688c797ab2f6a832dd73b521d40d859dc6e02ed61022a04b0c
xv/51523.hot	28	0f2cf2d8fc8e21692ee1da39cbb95de4403b6749220b5053fcf730e7e87d4fe2
xv/51523.xmv	1069064	37c180d94ab07f5c6c9b38879f126d6cf694b26183fec95b19d942ad210a5b3c
xv/51525.hot	28	4e5193ef2d18f4ef6c7b2fd9def93627aabaca32ba71426e3c3bb5b89f427901
xv/51525.xmv	526493	d63efaf19ff462f20ea2e4a70e00d165920b3bf5f3aba07566d40dd006d3c19f
xv/51527.xmv	4894596	252676569c2d84329d152be33d5defb3c1fcf6318e6681d8d0aba65973c8f0e4
xv/51531.xmv	571019	6f6c2fccfa8cb124468356c0bf56e4ad676bfbc6f2ac73b5dfa73f9b4b170d53
xv/51533.xmv	694477	aec2458e780100351efcf64a5751794e67d24b56c23eda8fb4200c98e2a303a3
xv/51538.xmv	5232708	46654bea5e0e60e2c78654f92f038320ef95862901cf351058063ca773f80a3c
xv/51541.xmv	479697	8b9bf20705d6ba301987a594671f446ffbe23452a5dcd6a49c79d21deea9c63d
xv/51543.hot	28	0dfab3f729f9b627a4591dcd0d1385181c4e24dc60660aadd2260095f2e2e4e4
xv/51543.xmv	1559174	d8ba9511582e4ab7d7e4bfc138d1209dc5e8dd591ead4b5247baaa7e9c3cd2d7
xv/51546.hot	28	25bc9c30b007d091ce4e6c377f067d0215e79563a56980beff1cff17cc382097
xv/51546.xmv	1507625	c65ca19324fccbaff7990662a5cbb00ba8e4e720264cb0cd4f9bdecca047f33f
xv/51548.hot	68	22af5e8baf8fcdc3ddcaaaef97394981615ef45feb0dac7d0de5cee1e1246bf7
xv/51548.xmv	3315262	b1e1e628837217871563193a955d99091eec11e17656692e6eba46cff07f3e3e
xv/51550.hot	28	20cf744390f962d908a0828bc9bf01222f15caa9af374a5aea519f358d40e8e7
xv/51550.xmv	1063038	2980f33d91840ac5079ab914c96ba2b5adefa5b6725a9416abe800bb80a8d106
xv/51552.hot	28	1b489e80cbe5a857598223fd8750820b11b7be1e9377bca20f077d0c81ad0ae1
xv/51552.xmv	1573334	3d3dc1029889d3806f480acdb062d95af597be430202dcb2e1e35f7a3b493a2a
xv/51554.xmv	637329	03b4f81e66ae2219f2b372c37000f7e614ee0d0b2210bc3dac53bc10146ad222
xv/51602.hot	68	06be9c9786451c37eb39e1eda73bb2c9db91339ca62437e7c418a2530547d92f
xv/51602.xmv	2565496	decf8c23076916802d0178ec14653da8b3202be289051312241cf645925f0b5f
xv/51604.xmv	677122	3e0195e50095202b2f924660d431c96b5f31bd5540c36be583cb835c807bd818
xv/51606.hot	108	cd393e99f75ba68a2c4f4cebe88b1bf8d7002eadd79a106ad8338d9f3e690275
xv/51606.xmv	5686634	79bf37c60caa349f9ba8ea97e58263a4638bc4e0f254e818fa05a8ca17d70db4
xv/51608.xmv	612806	d250c45fdee9f249477cd1e0db1cd942327a23d8f54f3b28d9b53e78753af2ef
xv/51611.hot	28	93f05f2cb68e70d968064bc479cd8dae16cf4e696770402018fe568eb3780b64
xv/51611.xmv	1243679	446193abbc6680420ba91819788ba576e06857b2592eb0d0ea47c3df38c4dada
xv/51613.hot	68	2f5cf98c8e8b7d0950c3ef7ed254eec60b420ed72e599cd54325d88e9528d0c3
xv/51613.xmv	2509967	6c13807ff44e2f8519a33e85b58910203ffa118e4d563025e66883afe9c7340f
xv/51965.xmv	3441369	f83a9852fe4f35eee120dcfb52132006261aee59a69cf149cdfaf72845982b52
xv/51967.xmv	4449004	7aa791fa88de22e7f58533d5b4fa9274192894beb16b691e674be72f7d7e7560
xv/51969.xmv	3411053	733f6d863842cafccf2f2ac12915b6b5b5956f55b8ff9ce5e981f8f8e8e620b4
xv/52547.hot	48	bcff2a10d82e6bbece2ac60bc70d6722b1525c93a29ca13ed39c9d1555a2064b
xv/52547.xmv	1853467	a6b6ac2e8f8833c8748df5ce805a0647f18dd3b4cc3008f3c4da62ba7f3ccaa5
xv/54108.xmv	1239372	ae4bf25d9db362f1f1f0fa4f72f084d5aff015d2886b0c609ca0e160ec13f844
xv/54663.hot	28	cb0c3ab7a936c634ea9b8015a803d0aaeadddde55af6aed9bb7878f8c9910b51
xv/54663.xmv	1760769	cace3ea2c64836502f8f3116ca49c0ea843f3d1e00372334b9efa6502e176d01
xv/54665.hot	68	27aafd9a180ea76a6b7ab8a7fce1bac8600d23512eb684841b72f7e73de99fd8
xv/54665.xmv	1537781	7afa9b217ac76991823e1447d3ffa23e74d56378bda119daedc70f5b180c2950
xv/54667.hot	28	388fe9cdff183cbca688d41887c5b1a6f442a9177b36039a75c0728698b9bb43
xv/54667.xmv	1745836	dfbf722d77b0ff7bf614ca15f082c1994a7e47ea3cc347e184d05e692e002026
xv/54669.hot	68	54692e987363f5b08cf7a7daf3bdf19b197a0039fd61e1b55f1cec0452071018
xv/54669.xmv	6513682	e77a323f99c2bc36f4a9e42e2be89923269400b66da30ee55c2edb2975a35bdd
xv/54671.hot	28	93755cb33685e6dbfe398eed2d63e7a34ac29e1c7caf338b8b09c431a4a89d29
xv/54671.xmv	949907	cad320e9f3fbe8c9365657ce05794c239be60025f4e38ae27417444ebe380bb7
xv/54673.hot	28	68786991f72281baac430623ca53dfd827cf02480c5eb249dbc668da43421987
xv/54673.xmv	2247470	a51fae4829d96529eaac095ca3385c69de7fb30b9742be83da3a0d7af64b7259
xv/54681.hot	48	6b9e225594d24ec8ad9377dddefe7198cae428db414caaf345ab75525424b2f5
xv/54681.xmv	3150673	aeb746def28608ed0d01d6d1b4f01ce664bcc6ee41081beea87efc1cd9e52e10
xv/54683.hot	128	590cefd92a2978f56b1362f1167c91ac543b27052361ae1963f39bbd28c73de9
xv/54683.xmv	5142723	bf3608b5fe16bd4300cc5dad8181dd0679345000835e013a0bbe84ac0c6688b3
xv/54685.hot	108	b11b1546dc7c90c71836c521c76f5b124f4676695bf803f1927856b44a387690
xv/54685.xmv	3037760	2ac0c196cd65325655b9c6073dc857380ab6ea7de867c9e94ae5801b55f0c239
xv/54687.hot	28	76f77fc4ac6fb0145c0645a7394f50323be082a763ff67bcd55867d6620c75df
xv/54687.xmv	2264054	8292fe7b7dc3ebb8634e8feacb84ea040fc11b80a64e39d083644d745718755b
xv/54689.hot	48	ef5b3e282cb817adfea57dc5262dc8eaa2447409d5b51720f1c7865757bdc591
xv/54689.xmv	2368171	e93d25d8aeac1e6d5ec8f086402e175de20b68c014ef4ef5609f3f5c90a925f5
xv/54691.hot	28	e601f639668e988978386442e6865ab8ff8712cce4a15ace43ba8a83cd6aee35
xv/54691.xmv	1465820	785ae62499654bd9c0ba3e4e36d0c7811bec1ffe049b9bd1ddd531a575f6bcc1
xv/54735.hot	128	7148e0f1de84e28da4582803880b4a8de94ae94a34855e12cbdce230120fa167
xv/54735.xmv	5473665	9b5d06e7be30cca8bd8e4bb3d8ea6f3fa2a9eddd27746dbc34b6ed8e52044793
xv/55043.hot	88	f955292c238a48a7f4414b4f845f4d64ff7bc90311687f69a1f277b5ea465610
xv/55043.xmv	4206904	27ee508b3ec3a0e5f6ca05e7e44b84230885761ee2d69519b82f90a82a46baa2
xv/55109.xmv	485526	f5b863837786f3e3bc2c5a0553f9bb032e5d41bfb38f31cd20f5a027d15ec590
xv/55114.xmv	3594238	24dd922a6d5e97d2d5068a285aa4281ba8ae68106e96036c33bb42ec7292882c
xv/55247.hot	28	873877ddc6b82802998209609277881db07e627d81cae0b78ed429192c183e23
xv/55247.xmv	929844	6f9c1d1f3a999eb4e1516021752453fcdccce837e4e4c113c3827a897546bbcb
xv/55256.hot	48	c849b923a360d2cceee78800c352ceac91798a5556fdba3c7e56d44485c04860
xv/55256.xmv	1663979	ee6ed17455ecbcd64b2abb72af82ef0134769b1437a50c10db9b06d32e4a521f
xv/56001.xmv	23391173	25d3cf3ad8cbc095caabdd340dfade033081672fcd6d193e300da9cc76b37d42
xv/56002.xmv	5238054	3bc46b700d672e3d1a7854bb6c6dea57c40b58cbc4bfab8a2d425fb8302eef1d
xv/56003.xmv	1402599	90e00f7e58446c4ce064fc4bd12c8579a5c4557915503ad0f3fbd9ad485257bf
xv/56110.hot	28	868788ac8a5fe2d8f30251a5d18b5476687f1657f644ead25eb12a60fd35e3ab
xv/56110.xmv	1172687	e5e782781bff7c6d3cd670d92b224285014eb5737e840823bbfca7bcfd63f0a9
xv/56543.hot	48	70238196e5b64b06477e36c97176298f421567b3bb80199056fdd7e3756d989e
xv/56543.xmv	1526723	ab73bbdce7de62a3803886a159f1104a329b9853a0ab8d89dfc03f85ae997527
xv/58151.hot	88	e8a80fff6af0314d89ac91880b0d361e0f8d859d0671674403ad93982732c0e5
xv/58151.xmv	2754493	35ac27515221544ce1374dcf6d56ad7784eef7203e8afa9969d607289765a4b4
xv/58615.xmv	6749514	137e61a369fc02b4aa5a1cb193c0952f6b40b26e1fcbeecedb5a064529ec14fa
xv/58617.hot	48	a0771bd3cb33ea9eb686ed27b6c004194fd637451c545d1aad3066666f678ac7
xv/58617.xmv	1623282	0b614469e48957463a8621c5d2d8c6352229f167ca167beef806edcd3b5970f4
xv/58618.hot	28	72272ef0459432716a4fe06f4df26722adf3e7d1e6d0bd1064ecd4d76c506a8e
xv/58618.xmv	1718686	c3eb1b08eee13a7716f91883dcf14cd7cd0fd7748fdd4b4a63042de46281b438
xv/58619.hot	148	265868903c1c496ea578a44a7f1f8a7366065942888a849cd2fa1613392da459
xv/58619.xmv	1877114	76509efc8701b50288d39eef7af6677d5149bce02bf2ef45a0883253b97af6f7
xv/61126.hot	28	756d15beb67a3704aa89748a54c10b7d19ac2afeabdd6c3874edb20c92ed7066
xv/61126.xmv	1474894	d946cfe4a61ab2b2d29117ff0c043f13c73b93a3385633ab51eff25df8f9cd0b
xv/61851.xmv	2346679	9090f9079be49b4bde5383c4317d2ca0471d0b91d842a223c0dfc0ba28fa01e9
xv/63750.xmv	2301007	7d78649a591443b9fab4a37f7af4e6d459f9bce414e93b5f635472de3c69b855
xv/63751.xmv	2134740	b9adbf255cb65b30db2b3dd37c041b760c2adc241186cfa54dc3312036073777
xv/64421.xmv	119961	2b14aacb2551380703aafc9cc9f1d0d7cd40b0cf0075f7f26e2ac90b9127d755
xv/64422.xmv	92693	f5f9534872deca7f0a40ec430f87fab53f12213fd3cd8be695d921693b461d9d
xv/64432.xmv	104629	8e9d87553ec40e2c608bdf03f90dbc9654a7c6c48f87f5b8f325acf12bb33560
xv/64437.xmv	112359	bf8469d8038925496f00640144a9076d91aed754db2b80746ab94efbf90928f4
xv/64623.xmv	2359303	c87ef8272f03aaa4ec0b338a5d6dfa1a2fc9791182c49ab6b5ace78d6e984bba
xv/64657.xmv	164454	211d91e9b9992ec3123bbafe52f600eb83d58ef4377a6dc54b2b40a9c6139ed3
xv/64661.xmv	3401825	535cb09303170b82095097de0520ff520823619660ff9fbf1f00bb5dc2a38a83
xv/64665.xmv	103368	0ae9310e42862ee1b289ee294f59bf0e51a041c34a1a27822d1a3054e972dc0f
xv/64666.xmv	96702	4e2ad46b3dc87970dd0c0f58f0042800a43354d43e6b0ffd75af2351e14ab958
xv/64700.xmv	3143413	0f9b64b3968c81fb97fe76d65d92c050d13faa638a68ab0403866d398070013f
xv/64701.xmv	3109123	e57a0dd13eafa4c2637e084336211dc9c7735426436cc7dbd38b56f09004fca4
xv/66733.hot	28	7851a960b06b07dff0781f26f6fdf35824e5ace2d7cdf600898fd1574dc28b4e
xv/66733.xmv	3205525	c2059e53b24e9f7c8cc7d3c19dbeb1c1ef5a8004b317203094f933ac583ac993
xv/67749.xmv	89862	b335b745a10640f8fb201db2f17408c7d318c02bc074bcabb5d51935fbb47685
xv/67753.xmv	80145	8207037f38d3c2963df2ad3b24c452bcbc28d6b58f4886501ce246b58e2c4efe
xv/68459.hot	548	0a08f48ced4ff9f99ae019b73fa6ff305b15874ee155fbae6f6afbfb6a51da39
xv/68459.xmv	11578655	8be810bde7b7750539de0bb094efa48899c578d030f608f99ac790d88fcb7a17
xv/68809.xmv	953051	2ff46845efd72b2f90d4b97f38146558e96b4a1bd943e272f4cfc153ee694722
xv/69212.xmv	125959	629ade6b4fc791188df119c7a41397afbf6551619b11a70325b946330c84a0aa
xv/69214.hot	28	5ce03c24b683c0d266a2c234ab70be9f47ea7d67ac25fe85b79e322d3ec27f56
xv/69214.xmv	771803	3ba58c3d608e3a7d0136bb8dc809fdadb1474da6e2a33f75bd1587a9582c2579
xv/70387.hot	28	c20991a8b6662a944f929bb14094ab7cae2e845245df12907a9e1cf168a9cc0a
xv/70387.xmv	1832591	e174ecc825d1da63e8c74a7acc29ec1baa742cc30bee7b940e5d8503fcdd2c28
xv/70515.hot	188	50ea9e81d84c06e9a3ed8926ee04083933251e7e1731516da82dee833b90c441
xv/70515.xmv	9872819	7e03e6a2611bbe46a343b00f2c93faacbc0cd20dd4ad4161545ccf3b6c94c7a9
xv/70706.xmv	2001870	8e0dc67a0a94a7c51698c210b4f5e45f053147554cfbda5a5d0c656074a98d8a
xv/70710.xmv	7911573	f8ff8e4f975d1f6695051e17209c335eace83ddb613249cb16b0d2135a24e0c0
xv/70712.xmv	10024035	4ab76552978fd58170e8826563b9a924c762677fc5fa683942803d533fd2f8f2
xv/71003.xmv	3594240	d5483ad752dc195e0644bf1b8fa472ca77b58e55845c1eb9e9af9525aac89b0c
xv/71213.xmv	1515350	ec569d6f07ff192fffcd30f39d4c57cad675d675ecfd4d89dc5f757432ed479c
xv/71855.xmv	15085423	60e6bf01463fe332c07cf5f3b3920011a9419cdcfa7738816516750b161e7acc
xv/71914.xmv	12715986	c000cf5a25a657db2f5cbfd91adf4fbe93ebf5e333a7671270aad984e423b7f4
xv/73994.xmv	488341	0ebd1a54d62cc8727bb784cdea99222a38d3f148b85f45ec7e86503522a688df
xv/73996.xmv	579928	d46fd543879a5d72f1c795d4bfa5a5101d3d70ecbd0d551d6cfc90e56b5f12ae
xv/73997.xmv	699352	fa7b995a592a723422dc6c7421c13245bec6f058ada6fb66b681a8dc37977bae
xv/73998.xmv	535755	55ca5d278b17e52bdb683dbde1dee831d1ffad4a86b1f5a2a272f0a2032d8064
xv/73999.xmv	488119	f559530fcf758a87ecfbda77624935bea37525c5496c4ba554aff1bf69c9b757
xv/74000.xmv	531247	1510ca1ec42601255cde561efd10a8259f7d4fea4a9b651bf64d0cf174aa7eb5
xv/74129.hot	68	8f38cbc72938c87b4b1bfe1d20db66b2bdc847e9386eaeec3fc4fe31e04d2fdc
xv/74129.xmv	9039811	0e421aa3c7bbc60b1b4bc2276f746386f0a6bea6d77284bdaa65531feab3492c
xv/75210.hot	68	13b42100e22cd17ec5a284b3f9c2ac4a36c69dfdb8968568e85fad4622c4d13a
xv/75210.xmv	3548701	1bf98739732856d8b966144fed0006b39e5529bbe4a01c29341636c69c11ecf4
xv/75213.hot	108	7dfb7100b3a873f2c75264dbd6a3c11dc7495b56bb9bda29185d940250986af3
xv/75213.xmv	4863627	209585755be404ddd4a3eee8018c0975640526492c6e98184bdc55daaad79634
xv/77995.hot	88	ed59e15045426691eca050da83fbb7eefe9907c1296411182ba0b58a14ac9ec2
xv/77995.xmv	4651110	5a7625f94a834bd65e48f0a481ed9d562dac9d1282d467c9a626f374f09a4123
xv/78767.hot	28	68702f462cf59306065751974cfe54cdeef309d05b3d1afb027edb1012ae2c23
xv/78767.xmv	670341	f2ad7574bb0bad780400751c9913e47a3e372183befb575c6155ec0ad3630524
xv/78768.hot	28	4f81f676f4a7a3c75724824a3f5fd4a3554cf4a86784bd3b0dba5a902a18c67c
xv/78768.xmv	745576	c4abecce0f2cf125817236674ff3e44cc7febafb16bade35694a75fec9d3fec9
xv/79653.xmv	583128	a4600cfbbf5ca3b081e88c1910d5fe77910b04f2785a723b6209fab2d4452b21
xv/80829.hot	68	b0abf75e35b7e60c1f3acbe2365b4c9af3dd8aedd3952f34898d35eaa1503167
xv/80829.xmv	3144829	8207866b3f633882b9018f05c27a047d6018358f013a04531d0f5550fb8e8f71
xv/81407.xmv	2968259	a86bbcf588a79ef2b4961e2a23f2cd1a5d477cd14205250b36358ca1de8f370f
xv/82220.hot	28	7c4df639edb6076f27eebc43d734b594ad63ead8bcada22ddff941e763d0d217
xv/82220.xmv	2092459	b33450fc512a3bf137e6a8c7d2d8a9f70a0833e3b9b8afeafbf2ea51ee271da7
xv/82222.xmv	2483945	2ade790359e5ac4b547bd4bfb5b40408073c9aaa86f04e615b5b1e520e1624bd
xv/82367.hot	48	dfd3c3feb2c47454909e2187cea4804e648a310a00c6e532add51f0da5a9f9fd
xv/82367.xmv	3015403	07eb631b1affc8239e8d98f6fb0f5b9417b22c7449a7c93fc7df529c2c9c2f9e
xv/82995.hot	68	f56d8ef724241620b27fd7785700eda59bddbe02d64719d92370cc780d930d61
xv/82995.xmv	1620241	a235a2d44f98037e4c7ebee73d3bfbf7a7db23d060201d69c15d87ec42a8969f
xv/83176.xmv	3258613	401b873b9eb33662caf960328ff17bae19ceed653a2c86b1bfa294955c014bd2
xv/83290.hot	68	39991f331b58d2228cf5dc9c51c39a29170d780e4123ef4201f9d73fe64a4b91
xv/83290.xmv	5742123	3ae01260ba12c03f716d1d90ba21f42fb7b2e82d1de34a66af2958d580dec73d
xv/83845.hot	128	5859054ddbb4d25aef4e0c492b64e7134dabfb9125bd5b21f6f966db9f4253e5
xv/83845.xmv	11813080	03ce164224d8452d535ec11c0805b88ff8a8d6f34ea153e09c582eb85ab63039
xv/84459.hot	148	9ed03b445fae9028f5722b966c4ce03d1ab26211563da940843ecce75982d06c
xv/84459.xmv	5120352	43f768c785307dcf9be5bd68e7da27a4e4ad52809385a8f30ec708d1ba39dc33
xv/85229.hot	48	347c6aa40dfa616658f8692ee2d2173b8a1d4519ca2a5084d5e3d50a730ac294
xv/85229.xmv	5607902	7e511152baa964ed519ef368a1ffc5202b8ccd705ed07995a852be922e5bdfea
xv/87260.xmv	12990340	9eb5b5b674e18ca9fcef2d34906cc0f6b4caef8f822fdf9bff3e7ed3a0741a8a
xv/87296.xmv	180509	6dd9b43ba2b97b4b93482a58906ca0174ff1c9d9e2c3f13beed748881b66cb34
xv/87297.xmv	182005	61d297b72e076106e88a7e23838c7562ebfde8cd76392d507b284b7dfc8d2b23
xv/87298.xmv	197891	a1bf996fe63c617e6333b96ba7a5417021f697e397584cf5b538e816159a2cc3
xv/87345.xmv	357802	0aeaf0647aad63f1a7beb1518ebd4a8fd54130a857e58a6083b77801c9e00d72
xv/87579.xmv	2468149	219aca19dada9d45e95d74f15dd402e73dd63e8e343387c365975b8958cb87ae
xv/87863.xmv	39641	0eaff314fb99e4c9ac3cd262d046093aef728b1018fd1f2d5a20102a943f5e3d
xv/87864.xmv	2378176	edeb70e8f99719736c1d4cbbdd8f8cb6729bbf5b3dde5fbbeba3fbd085b2d056
xv/88316.xmv	4148891	f35ff37596e8a182e2c5ba675cbd8b4f989758e51fffc39b09f6baf493c9d038
xv/88908.xmv	247398	011ed6c3eab1b9abcda195c1f4049f3a19ccc4dca3f1d4085ca765096d2ddab9
xv/88909.xmv	268181	54b00928eea4ffd4ab806f5caa48de34fe1ce9bcf083012a80c825b27613787b
xv/88910.xmv	366010	ef50d240c667e3bd2894ffa3566770573836f3052b72dde2a0cdcaf3b1cea7b8
xv/88916.xmv	495110	ba8b0383f1bdae11473cd034f0c3aa108466c552d5bd848873d9a837baa72401
xv/88917.xmv	300534	4f830634c6baaa42fdd00752fb0dee6d9c6a3cda4bfbf52a163a2dda92b8f083
xv/88919.xmv	315867	a13eb1c9449996d6d3a0945266207b6562a17e1748d2967d37b02909787c2515
xv/89520.hot	48	cd622d0cdde2222681534c2653c9bb617669a060c091aa001586299df700a136
xv/89520.xmv	1514619	bbf919c07adc17602dd1cb1fa73ccc88579ce3c29c131c85e2a56b3e1254e46a
xv/89529.hot	28	0ec8a9a713836311efe42b9defa8783f25499b97a33109b326f880cf1cb5fff2
xv/89529.xmv	986960	0ee4d8bffda31a7c82e7fec0ed119dbcd845b1b8da4e75a28db50b3056233eae
xv/90178.hot	628	4f6270b3a625efc3ffcd9f79cc50b02106cc9b79941dcf21f1f5df998f564945
xv/90178.xmv	31262196	16a7a4090cd405895968f1d1768e8726095f52c31f914f15a5116b29212597ce
xv/90740.hot	128	d3793b3a74d0573df6b2630e683377952ff790a7e5a96ab5d075806cae739b77
xv/90740.xmv	4160019	79e8c715946d999c7c5c303382a49f60d778a1cfaeab0231049bcbd576964a9e
xv/90830.hot	88	76a84b5d177b05689d939836449b52e146b503cc78cec8a8a3e2e499168c790d
xv/90830.xmv	2811977	814474ff1be91b289f2174a53af7af363516a4435c56ea7d5ffc3b291aa94a88
xv/90897.xmv	327241	e76f29128ec53f98da1dec7f8a732272aeab803525d4f65a5336e7ca8e27665f
xv/91298.xmv	1862396	3572fa9d6c7d2b413bda8f3965df52bea3e393961b62c1cbccd502b1a5a912a4
xv/91379.hot	68	d6e65c213b9b094f88d36ddb53177d214245f7ac5b402b9ef7b919b0e881be3b
xv/91379.xmv	4879451	b9979ee39c6b787cc4c481bc038e1507674324f63f87179c7091f7c38f99812f
xv/93405.hot	128	288671ccbbca7698311e59c45210eb17180506667dd789473721d50c7895302b
xv/93405.xmv	4524658	231a968c1c34ec0627edd4ae86619172c7cbc209852bbe4bfd11ff863fee4781
xv/93472.hot	168	9d6448a2811eb1bbcc1092dcd2d9397fb8e6cc076d83f1bc347f5c28a89c6b7a
xv/93472.xmv	5579643	943e0f2cf83b4d81fe722d049497fe269316a39c9af2e7ebf6989cb5c779e5d8
xv/93475.xmv	1655053	7688aec46d2126c7bfd2ce21105ecacee7fa2ac15b4fc4d06577a4c63a11a159
xv/93573.xmv	822922	24ed5b41fb66a7ad32fbe5c72500bf66ae8bc019acaac679b9d665bdead3ae50
