dlg.ttr	108776	e7a0aad7a63850c381239ed9ea32e5346847ee39ccbf818f6db80940da7b5e50
hcd.ttr	53472	1965d766053f9b461068e1d008c1bbae532579e7c518a18da9c3c757e0926e70
jrn.ttr	46996	ce1175a2a17ed67012cbf43f3198727a93947df6ad404228f602b6f48c31f8d3
nav1.nmv	6143233	cbeab0681536bc2765f3d5b3ed6757bad4f9ec409201de7f21414cbb6d622d96
nav2.nmv	13081138	7b66daabd3811e041850d450f5e40294716d3ba6f19bc598f876dc7af242b006
nav3.nmv	17939839	80fb0d2def6c4076e3245d6c70c4cfa02fb4917df1ebeebda1267c435211e3c6
nav4.nmv	19376762	9bffc154075d256f9a490bda9f6f942bb8c99a8961074a3a2e8e97da729f8e12
nav5.nmv	21660305	430eb7e5534fd420e0aee5dca810fc9ff4ea3109fa7ae5791a6dfe7bb1d8818f
nav6.nmv	25534643	b81f350a3828cc51285d583f634228f0df8bbfa466f01999fa3b161ff1bf48c9
nav7.nmv	9567585	c1286ecdef195025f5b87682540b594e226bb767473d04d5f1c21697dcf6b1e9
navm.nmv	6671771	88cbd52a9fa657f4d5d2e8e5d7284af2080f7e6b27a37894c605b500a83499d2
phn.ttr	42624	872370a64622a6692103d26854b3d0ae9a8ca5f94053431246c01ccc991d8e2d
x.pff	44009028	d352483ea24f82ace8265d1e5eab210186bb1a0bd5c373be01c2fd18ebc1e63f
x7.pff	749980	7cc6785496e54246df5c72edaa674990e3dd62659e0a594085fa23fd0d16ed66
xfiles.exe	3376128	d1cfec26c69c03a41d3a0e81783a11b7892bc6846f6326b306f99f2ed534e1d6
xfiles.gam	155544	cb105b2b1c79b890102bdd0fa36434d0a24ad67018df24808c32b3f2d051f9eb
xfiles.hdb	6074064	1839dc35011f55d7d32ff4929c3a365e3176934898677942fd88546981cdd591
xfilesc.dll	22528	a16ba96771adcd2cda4b3a292e6f0d48f0a7a191db017e39195ca945b8a04e44
xfilese.dll	28160	2555bf17e5891fca88f71a51c68475417a85b5f6d5a221f034bc9edb4b73c420
xfiless.dll	28672	2182ff72a5489c26194b24ba7ccd8e2c64e1ce990ef83e33d2e0ba7e091aa61a
xfilest.dll	81408	e7037c32469762f7fb14aa4579985d99c9392e594dfd882b4e817a20571ee50d
xg/01556.xmv	166471	9ceb7dab9f4ee1c028d024c23eadfec03a1cc0feeb1d546586d2c54c8e79b308
xg/01557.xmv	154757	ee5737a2db4d6dd154a33ce0a55d459a11f35303f09b02a0b7982e9fe2cf36ec
xg/07093.pff	4940	cc7e9a7a7a2ac82628470bcb7330ab3febf88820d9335be5610484a0e8369316
xg/17477.pff	20746	498e06177fafbf4ee931f206f01980f664f32a2f1c8c5a58f101f41a2b6f3eb1
xg/24465.xmv	84745	17fc1b715daa5af5fbdfdc84c9a0864746acf00f5f6a0e3af403a40a8023c31d
xg/24467.xmv	91645	7df07b5144c74bb212b34683b5afb68afa76371495dcee7769dcaa7f17a0cb39
xg/24469.xmv	94285	c298b9eabfc9bb31fb8c4cfb9ff61f4eea1472fc261989c8f12ac57eaf97998a
xg/24471.xmv	91577	79bde02a6eb850f4c710e4724ad6d4d0cc7fc811acabc5f57a35d35e7bd66d63
xg/24473.xmv	78761	51ee6f271264aa57560305d029e857eb927c18139fac02331916b8e88ec90919
xg/24475.xmv	94425	fedcf5dc4ede65fa466ab18172ab9b49c943b12373629d220c824bbedeca47b7
xg/24477.xmv	118969	1a9dc68333549ebf40fab7b45229044497a3a9de9b558c678362d321e1fb5eae
xg/24479.xmv	90757	8ee58764df4bda485e48acf38aeff1173100582ea512f6b8c5842a73fff562f8
xg/24481.xmv	99357	03e107858cda71fdf5bce09db30df8dd54f24ea39e01ebad6d59c1eb3673e9c6
xg/24483.xmv	101389	b2f6c17e8878d2338d0229b34b9a39ed164f73d55a756065e0cf3f4b31835806
xg/24485.xmv	118697	139ea3fa91af2b4ab51f9518adf6f1484bb99d6ad36d8a82b07b520bd972d6a2
xg/24487.xmv	152805	5d748d918306291b2ad643a4aad1b94ac740ea8bf290964f967e6b2b8e26d48d
xg/24489.xmv	148649	53a98d345716714ac8caa3aa7fe1dbfc9fbfbd934863ee834c5989936d85e347
xg/24491.xmv	74637	1c8a6b3519e1eca667d6fdcb0606cfb12aeaa4513f62e044bd421d37a1e70a0a
xg/24493.xmv	80273	c21e4fd5f7fd4e22c0a553d4e5f826787ac8b6e6935fee111ef707a725c20b0c
xg/24495.xmv	96869	fdd305f4f623de9fb553b440f2878d142cdec25c328bc99362f12bf332af053b
xg/24497.xmv	102017	894c4f1875f84912604133a1efccba4c1780dd42145dbb51eac8d88b54d5def6
xg/24505.xmv	140745	ec3978b5c70915d0c7865a3bc221631b1cd705b02fcab38ea755ae5838ff60ad
xg/24509.xmv	91469	f77d51672868a38cac53925dc262f2853851eca45a0611933623ea92d5fabc5d
xg/24511.xmv	98349	4c8603735d499f56a100b0fb06804e67f424980bd29e7d717d6eae297dd2c211
xg/24513.xmv	52497	50e9fe31be11550b5a0b31a192f7b9f9ea077abbb95c7a014e243ac086ec017d
xg/24515.xmv	114105	d68707735e51c091ac8fb578de2ce714d91a167ab9ef510b3949ef1317fa1e67
xg/24517.xmv	94233	d93d72b2669391d8c1c94fec2bfa7394937a46548b2afab06f8146454ceb9e2e
xg/24521.xmv	142785	2e2bd2a84d35f8c303e2984165a26e6f87d77de1856752be0383dbca109da26d
xg/24523.xmv	75497	8e72dfa10ed705230fc49db359f80d9a633929ef4c33c91313a35b65fb312197
xg/24525.xmv	103777	2f8fbb82716a3bfe5d1c6734a34888914a341bf15fed2707c831749485f01ecc
xg/24529.xmv	84117	aca833f9dee4c6c0928ae009f3f95b066d5b4b1555e16ce19c36313be3250544
xg/24531.xmv	42797	d10c2a454c9fb6b77398583ca42011fef935fee788c1bb0f771ae0e6257cc5ab
xg/24533.xmv	95633	f41059be175bcff571343771de014e8691c9eaefe534426a966d00df393a391c
xg/24535.xmv	112241	58d013076c67cadfcd88f094b9285678119ebda88435402620a7740e8c93ca3a
xg/25538.pff	35158	0c00d8fca2450f7e01073b3962705fb73ef49b429ea3537eb0b68d7369ac22ab
xg/27684.xmv	139477	afcf1ddd0e5a3aea61d1f4538218285ee7385c5150ce82106cb7c2b53104e309
xg/27686.xmv	135569	1f0be6b62d01da297f77608a9f3e21a99c5d866d7db355fde544375724b20b28
xg/27690.xmv	181824	a63af01779119b82cd1dbd311e3bdd195a67c0a689f14978e423d9581db0fe25
xg/27692.xmv	149443	ec95853ead34b1e4f98bdd21f954ed055c638628314234c102a8461082ed0c35
xg/27694.xmv	557115	42a83c4301e762baf9deb28eebc6e51bbfcf170b92e4e72bcf1b441043054d62
xg/27696.xmv	162820	3d7628117735aaea18a47b7170afa6521812818752fa8c49a67ed77f70e7b47f
xg/27698.xmv	132887	cc0bffa1a643fc82f681395d01c1516bb636a05c7800e38788d0b490f73f84c4
xg/27700.xmv	201317	520becc32afff66f5d5e3a3af216c8c55c1064ddb940eac93f06c1188ff8f890
xg/27702.xmv	183413	89126dd3786bbedfee8ba6ad9ac84bf60becd8b16eaca67b820b466f43bd653e
xg/27704.xmv	117978	2feb021d3353122efeede5ef2fe185de1bed0a11e174b103d73adf208d07fd21
xg/27706.xmv	224188	6861688895d91bae1f5a40d0d0b2a8d8a1022850abeca0f5e14b47bf0db8bccd
xg/28647.xmv	131618	bf8eff25b7b650480ea84137755a85cf844fcb95f4c525d28503d151a7b7839a
xg/28649.xmv	154864	ebfeed3e700586b49afe1885725a6c0ea0f03a6dca2c8a164dee0af9fd4a33bb
xg/49071.xmv	3147283	1eaa69614d5515114ddb6f57e98b2ddb6be92100c074ed5d89923d58b9398bf5
xg/49583.xmv	2242210	0d5616334b919ab8fef0f495bed65af055432ce479ca0a41cb3ce93ee3bf307e
xg/49585.xmv	1511131	1e2132707fc4f8d85ed564541184641c9d32ba7a50485cf1722171a348e2b7ca
xg/49587.xmv	2206080	7acf7c013e0b7bc71111e68ce777cdec2937d0652f2f70ee744661ced11aaa5e
xg/49589.xmv	312108	48d466251926fbe0c171e68633c5d688c59be50b8c87f436ce6394b484fb1b1a
xg/52248.pff	1680	e01c4e98ebe83dc579bc8159161f7d0960acfe5df1d2d37faee6947449c91196
xg/52250.pff	9446	4dddb518ef58a990bfb5513d3963a7d3a32a3fc71c0fa70b6ac9a9a9646c8306
xg/52648.pff	12442	0eead1fc4ebec333af0b70cdcfeb2bddf00c385e488ec226a4d13ba0aee706e3
xg/52651.pff	486	458bc09c3555afc3b474ab6d888b3d684bc35becb7a1a97c4669705f4b3df082
xg/52655.xmv	221874	50a8ec3c5c8c155c7958addb60c306718bae9e27fb5c6c91d8bf46c113073085
xg/54200.xmv	325933	b2332c52f1e70d3c58ee762c2f0d004ed39c6c574b90ad747cce7724e24f5160
xg/55395.xmv	31749	f6a7f94ce3793321767e168c2f67232101c216ef31466624c4ceccc8270bf0ba
xg/56700.pff	34772	fe2b9b51a08b7d886d6bf2fff7254171e3092292b6b596b0ff859174fc1de990
xg/58092.pff	21290	cd14bef70e991ae6da1e8fdcd50475956f6051b3977bd9a6f3e067c94ba5c08d
xg/58907.pff	24924	8e1adbc46afbdc7f4854ba7bffe9295faa054f5d5c5591153471cbcaf572bae2
xg/58908.pff	4576	3ba30e8d1e1226a1fed3ab4d0f10de4f9862e8748ae54bfa4e3cc010df9c7df2
xg/58909.pff	9422	481013f33a93cf86075c1aa73de5c164948c7c09fceda5fc230bd2919c09a9da
xg/58910.pff	28176	31d069acbb6702efd49c6446634d1a294e4f85e92524bdc2d7a2cb7594fefa21
xg/58911.pff	19932	c5d69431efb47552256a4c88c3abd5dbec431f54ac35feb9f36b750d78866a34
xg/58912.pff	13780	a6a0eec6d0e39b56461b1236f0c0b8369299be66323d76d9a87b30747a084559
xg/61046.xmv	905866	320821af4538f88e83df5765549b19cfd45a3f19ecbe79d840b61fc644b65997
xg/63457.xmv	112482	8ad684856a09806e6a12038867eee14e8b5cfc3d40a50b175839463e2ff279f3
xg/69328.pff	570	fd24fc3c848bcaa1f15b2f91bd034e2362e1a1c13da96f834a9cf489a0d6d804
xg/72706.pff	2800	13df74f3a2d05ec89159c8c35394da16a63792da7ebb31bd009aa93e15901c06
xg/72736.pff	2558	41d79bf2d451d46cbe2dffaa052a8c870b846fd091b24fd1266cdf69dded0fea
xg/73725.xmv	58699	f3d56f7d7df730cc7ba80097d455b6e59668c658ec26109548828f0544f5431f
xg/73726.xmv	115381	82d445c9312d3b9395df7602e6184e786c83468f518ea0a2c0fd29eed6161a37
xg/73727.xmv	87167	7c892bf14c795970e026fd40c977ece2241d10da4f22b8a42b8109f42594d31d
xg/73728.xmv	215287	ad6ef9cf48a42d95d2cff86fc32b65c75da675aa0e5dc9a78cd97adb6ae660b1
xg/74096.xmv	124928	fa6db3469251d70d76e67bbf9e7e4e2b6c9309370d664bc7737139d636e0c08c
xg/82524.pff	532	ef729c1dcd7d2f2f5320037a8a0c462d3214dec954526c3e780047949e40f99a
xg/87598.xmv	91840	83e1c570803cb230296b47dac90620f41b63374057d4a896c1dd9b244c1aeb88
xg/93779.xmv	147799	8074f7f9a130e851f13ff6fa9e5ea5131e3da8b7ddb445e038dc82e4f4540399
xg/94122.xmv	108738	f1346b1a19a58a93a57a829b199ec4ff9cda8d82ebcababdea2c129994852062
xg/94215.xmv	150893	0490bc04369d610d46d8693f58b75e04a44c4c68e2d14da9270562a9cd83cb61
xn/02522.xmv	756808	1071b2beeba0821d2538a6596c36562a6392c44ca0db751b39d5a5e2e45ecf9e
xn/02532.xmv	672081	bc6f3914f1978061ed304e392cdbbaa107b02814c25d661792001bd8e086b76d
xn/04237.xmv	493619	5b456afe86b5cfb9f5e6cb6531402148b6598c8fdc5e787d673556787b8d75fb
xn/04793.xmv	418397	e405f8908c1e8624d17c7eab0e5bfd8c86cedbef5506ddeefcc84e23d7a2c4e1
xn/04832.xmv	249545	5471006fc2bd95fcc7b40deb3e8ecf4cecca8c3a3c4a62a0fd02bb0af17be5f1
xn/06328.xmv	1016807	bbf5ae02d5ca5b9b46f8ced3c2d0be9a85ea8d6dc2ac5e6c40f9b6413f543615
xn/07170.xmv	887136	e537d7c7d4baa3d081e8e7cdeeef9a9939283e6040a3cc22e84fcf65e11c0e0a
xn/07364.xmv	339729	8f52bb6041b1b24972af81725d0df47236523a74b130eea6c11194ddb9dce0a9
xn/09620.xmv	307368	2b415924ecf2730c093b8b3915f6d943bbc43ee4c29c320ed62596bc3bc62079
xn/09628.xmv	300895	5d5e15af67c83420594a0549f94271b0fb21ae503e6b0a49fd3690641275ca7e
xn/09651.xmv	228197	8f479b49e5f4eea8923868af31fc8ec3a391437e3a21fc4f15f974fedc60be45
xn/25653.xmv	131692	c0ac3ee62451ce38c5c93ebcdd6c6d2a5c495ea365dd9e286ad31f99d1979c83
xn/25655.xmv	246765	5847685a86e4d769d78a14c25820ce11c3e89e7e938b2466b87050ac184a2853
xn/25659.xmv	667444	feb1910ee9066f6c5f472dcbf29332e1470ca4a1d7a358202646df89a714cf19
xn/25683.xmv	258476	767bffd6fed502f2cef700b7e53da8b427e1a40d7d53f22d273edec695a03799
xn/25709.xmv	703505	800fdaf3ef408dce3d32a1be52727ed72a1716509c200713ad0c6d0d762b0692
xn/25713.xmv	890127	d0b40545c51460c9b6d3ace522899ad2a1884e17482f042c0b46c197d645f0d8
xn/25715.xmv	40162	737099ae73a16baa4e6299f8150b6ddeee52ce932f47fbccffe97d32140f82e9
xn/25745.xmv	381350	39b91de33e58e06f48f9992e4687335f7cad403803020a86d42356b7cb75596e
xn/25755.xmv	789177	cbb93d13cf193710c0b2d3bc6e155fa08f333492c36624e7956719d65f1a70c3
xn/25763.xmv	391990	9c3c95b13ff452bc16d036ef372bf82d34ceb02f95e5d766e83bb66675922943
xn/25787.xmv	1271734	a3748090f639c9fc4dfa021b6bf25d9aacb096af707681062840453c05ff418e
xn/25793.xmv	412603	c8bab32958b3a9f5a506a6dd89d7b9974835a6dfac3b1ef2a7f55ad702f4f336
xn/25795.xmv	186694	e7c6a801a818129287dba8af4768ccdbde0d63e06c9b350255d1d9ec5f1c5a26
xn/25797.xmv	505808	e732738fe113236fd5ff4bac7f3d615d5955f548982db786c1db555677a8c695
xn/25807.xmv	434551	71188db4d026833db1af2ab898546673f5151e3321a5320cbbf1b943d851f22a
xn/25809.xmv	564581	a341ac2063d7721ff43caaa54da47009bcb071e0ba12154771bf471e794a1205
xn/25841.xmv	979453	5d1a3344ebc94b9879fb193a500140fe746c1afe460c54426e12c77affb6fa49
xn/25843.xmv	221281	4fb72af1d1972ab7250fdb04d7124419254dadbea2a011b21c826facce3b720b
xn/25853.xmv	766476	1d7b2047f8f3f1ec5cd166539d8765ea50668a59c2f5877035c68992673244a8
xn/25867.xmv	1194249	850d8b850f784bf4aadf09399d4a54bcc2e9e7ea03894c0b0db95fe4df7dd575
xn/25909.xmv	2015884	6fe55e59793b9ed27f161b54606d1c22931b605f71782f11438750f9645ac349
xn/25911.xmv	315366	1c1ecf1b930ffb0463ab972e9ea657bc7efe9ceb22e72e66b359c6b660f793ab
xn/25917.xmv	756807	5a0fec872e2cb983343efa01cfe1986699b3dd180bfe92894b17f8357e89aa1c
xn/25923.xmv	287203	a9eef5141ca0ec7b505ad2bf6fcc2f7ea232895eb3f2667e20813164539060cc
xn/25927.xmv	192235	33692cd7aaec0bce5dff411f77b25c2eb3a7994392f74c670fa4bec487c5b50c
xn/25929.xmv	134395	c3de6592a1df8b3211d03c0b7525cc14ec3f9dca0ed6af471073528c9b25fe81
xn/25931.xmv	496570	9d97eda8d6aa1781f5e02659b0165c26c99aa7d643a50a2ccb37711e00bac72a
xn/25933.xmv	366487	7959bbdf7ae7f9dca93219ba9f9e1a1e365ea95bde7f287e50daaa7b010a449c
xn/25935.xmv	1951698	e709bb69d343950480c809dfc3db971067ad1ec37c4d0ecf1a8fb805eed3e330
xn/25947.xmv	474968	203283cfd100b3262543abe4843011d332728fed93fe35f55fb9ec322c30c340
xn/25949.xmv	980615	bcac2d59fda39731cf1d12ccd87b47a2001a524159f334e353c3b29c8e0839af
xn/25951.xmv	1922990	aa35464444d7d6310b803532456c9ef780fb10fb42852f9f2d21c57ccb144f98
xn/25961.xmv	429798	02eee216670b629c42e3e9a205b7efdf503091fded072ccd551f03c4900b8308
xn/25963.xmv	142182	59acdf315bbd11b6682713f982a4f54a080d35470bddb5cfa756d9b75134a918
xn/25965.xmv	476371	73fe54e8890935f25b22895aabb85b3e443f1ea884384ee05a9bd4d868b2ecd3
xn/25967.xmv	1543700	a621d294cfe925052b75af22045e1c132a5247de58912cc322620881ff403303
xn/25969.xmv	787388	8b9755f2aaef2ff66e119fa4a582a445ed4b9dea5def5e2b59d2e7cd911ee604
xn/25975.xmv	487814	27d720bfdc25d236c0a64800fdff7848f48a63b8f8b74aa8113ae98f635785fd
xn/25979.xmv	1413851	06cacf5de81074844c23e45492771d4c520624e16d07af1875bb707673b58abf
xn/25983.xmv	180288	33ac847df14242af571c8890bdc7cab587af7f1594317f24d2164fbaeb8dd155
xn/25985.xmv	213037	4419c6257d9585337c8de74e8a0510058e32223dac5f563bae8a5ecbaf1a16e6
xn/25989.xmv	132601	5a6aa856429cc31366ccd1ac522ab621854e942d8dcf90d5824ae9f0a47704c8
xn/25991.xmv	776311	09dc5e4ed3a83738f9aa559574263decedb1e523d6d464d2d0df083cbdc4e946
xn/25997.xmv	838119	1ccc40718c56fd52d721ac491cb22110847ffd2ff8d8742920f0aae037a63a72
xn/26001.xmv	1376307	f7e84e217bd58651f71b97d3473e7116a9b2fb38342515fcd15920795dc9b8cd
xn/26240.xmv	510295	69553fa44047baa5fd33b3a3d84c07ba6d2155f2a268a5517c86964dc8352933
xn/26246.xmv	583327	4c46ab1e043ab4958f59f70df486335e5ce950eead17ded992825036e814a2b0
xn/26252.xmv	699503	e89a39ea64ad0c786967f543664366f88a94a53b44a8b4994cafe1ac64c17509
xn/26256.xmv	388410	4c0b8025a55a7c55a0207ad2ede09393deb1e7601cac31960e34d9f6706df528
xn/26260.xmv	355678	4d23f5926fe898d981c4fb122b9ac4f7c77977a1ff7dab9c6c025f30e5d1e487
xn/26262.xmv	424921	e1f4c4405c97b1f4ac11e7108de868cd3d388e4b80e5d023c40a751b06849f58
xn/27271.xmv	196945	712c81bdbd2b5f708ab9c67e406fda0b6d277d29b4f1ad6c33fca24c2839ee9e
xn/28751.xmv	495473	a9369950b6729ef81f2e2434aa21c163224266c97c7e3e0f32b3b187b1e285d9
xn/28757.xmv	373578	a674a9c7bbffde0fd6fb05ef310f3ea0040af65bbe633ff4efb2b362583e6f54
xn/28765.xmv	520899	135b48715c9075122bbb07acabf59ac286d0706d2ee4092d6b1a1e0f023d6841
xn/28767.xmv	385697	5ab43deafafe2f81e62d4cf8cceb71cec694337ed1e023881387e5d21a0e3635
xn/28771.xmv	524167	d7032f18746b76bee6a814938a39594e9ead74b4ed1d64b843721cea9cb27dc3
xn/28777.xmv	444283	89f77cb143fa91b0ee8e23039e04faa93edc5f9418c3dfb2afdf887852344055
xn/28795.xmv	498561	105c32ed3a7b8630d5a7c51fb17aea5ed6595bb364212234251031dea8c966e1
xn/28799.xmv	633215	7f4504908c09441aec7a95ec292f3a134f7ed0e01484b37cccfe7d6b389ecb48
xn/28801.xmv	582033	439df895f5cf92c79071bf8a570deb47b8e5e9ea48bfaa1df611487d7eee3a0d
xn/28809.xmv	556813	ed43aca8206142ee5d1a221cef35e9ff425c37b7edaa453ac48db0dff5c8ec95
xn/28815.xmv	294292	60f0b558adeeb8221ed32aff4f6546d36f72512d4d05147209011684645ebabc
xn/28817.xmv	453691	b896ed3bef821c2ea9a344cc875187c47f4f34202e3eea53484f1d3b4491a066
xn/28823.xmv	426301	5fbdae26d48ce0a1ff125769852c34b379756a26cbedc0378309469367fdc690
xn/28827.xmv	657426	660635f0ba708dfad3b8fbad09e4ff61e86da167e982d58d86b7cc61c93efa1d
xn/28833.xmv	416559	947efab3e0215b70053a280a2c19bc8ba6387ae3dcf284f845fd50c9885bcfe3
xn/28835.xmv	374027	ef8ccddab2a8595b4fbc43e8b487ca910a946b7ab9d9c2718702a04c80139f12
xn/28843.xmv	588956	5fb764ca057a60ef5ffdbd6578b2b7feb03dec6ab1f45ffde9eb03c616a1f1b2
xn/28845.xmv	375655	7fde45cd868a0df83971a94e63725a06240f191ced6b7b6d7c8f3cfd21378b4c
xn/28847.xmv	396802	6d601fc76897fe53a0b581374c0c7c64be97010695eea7c790f8fc33f180c70e
xn/28849.xmv	200390	387546dac970d2fd52ef9cd5673e28353d016512889b157892dd2dcbedb7bfbf
xn/28851.xmv	395038	2f5213bf27d0396e1a5a9e4d44d6ca3cd0feef10d64b8361a189fd3f021e2f70
xn/28853.xmv	1232099	f5da7b5a943b9fcc1abe074ae743ad84d26b17c1ee2fb1ab6fb06c270a758cc2
xn/28875.xmv	931529	2fe316227709e4666848bd7bc802e1edc51f8cc21d3e3bdd1abdfeb143a3387d
xn/28885.xmv	476030	27083895afa89baa49c617fa02e66d9454ba783eb6de0c0a9030e93b76a74a24
xn/28921.xmv	344246	0ef38f7a853a7cba7d7ecc4634a5a6ebcf3cd304f57518c2f602fcc2bac735ee
xn/28983.xmv	778116	f7ee99aac71af6f7ad9c9895b36acbbca074228e8b0e63082099c36fec8f5f9a
xn/28991.xmv	583534	8c49e68131b7a6f7285244a1893f4d3930333d7b0e81145660606b363a8e6ab9
xn/29010.xmv	879944	04bfeff5c885b758e0d42391a4479ab3d37ade19fed9f8526892a3fd16a6dbd4
xn/29018.xmv	647720	3fea2a23d961344c3e9d6de8a873703b8d3ee358923ba9197c1cd8f242191775
xn/29026.xmv	228308	ebb0c271cb598dd34000860bea74a0aab15f224df41bbad0c4763d95935761a8
xn/29036.xmv	813743	a244fd382dd3d83f78fc9f27e64a99105c6ec76389f6214137913ac48157af40
xn/29044.xmv	795307	ea1f61a0075a89c88fb25693addfd62e15b2690626c7f580f126392892e82023
xn/29052.xmv	450162	ef197e7c9571170daf863f1aa090090df8105346dddef4358e6fa62a00bd418d
xn/29060.xmv	488704	a3188e7d3b55d916b5b246802bd1d574bd8c0957bd27902833815d172cb0d403
xn/29066.xmv	379789	8fd712981fba0c9495bece19b75464cb979b3db01f77edae84deb3ba4a86f999
xn/29076.xmv	774217	9fb7c5f6b04db9ba054a5b6a2a02b3876f8bb970e7b8f830bead7790bf050560
xn/29090.xmv	380620	0cae3abc1e944b8360f72a4fce5f2ce25f92c9abaa90ffad5d05b46abcdd3f33
xn/29096.xmv	626347	4d8d5aa484a4e1706a0ff2444a58c037c12865da32156b8c748217f030024218
xn/29108.xmv	393730	b25fae00be9364996266fac1f256f6aeb7cbf0c3fd42b7278cbb505f6d95d33e
xn/29194.xmv	585619	3d130cb7d367d3785676c4b39c2f1b310f969a7b6f981d99ecbd2629bc81e1d1
xn/29198.xmv	910571	2bcfbf197204d6b9428797a9371a2934f05f5486db84068be954a62420b9daf6
xn/29200.xmv	641190	19447acea988d2025660982509118253e7fee493df7ae51ed533c7b83c83dce7
xn/29252.xmv	590205	ae77dd75606ae03f1baa20b44d036335990b4cba0d23d27a846f7bcf801bceec
xn/29260.xmv	509821	dd4d8a0433ed395f6109fc614ecf378fae7152b7fa68ceda4d4f114be54ec2d7
xn/29739.xmv	33503	362901e354378e6383a963c92651c0364a3b8d20492209a6b1528efe7a906103
xn/32168.xmv	297887	f57308ac4e68a7717352cd2b2737064bb08ca08ff65f8b170cac3133c8836383
xn/32365.xmv	428896	9192d15bab578183bbb8d4955b7356dd5d532466869a1b926a3bec2cd358d568
xn/32373.xmv	226791	bb3402109724d55c00f1c9b626701b309c742d6d43f4401edf0a23f8b26c2c00
xn/32375.xmv	183990	2d03752f9bfbb83664b290482d72c86d0a99efbb3c6d0c4abf5a57d886b3b366
xn/32377.xmv	296434	62a309ebb646b97858e84c65f2215a4b8467585e0ed10d91fb291f4f1f197f27
xn/32381.xmv	510202	68bf9169c2490cf3dee0d27ed2d41227585715a68544ef8e7c4751ac35389fa5
xn/32385.xmv	405881	de6b3e7af2fafd70ac02f7ef62ff7b6b775a415c2134fd7346ba2cd6f2c310d7
xn/32387.xmv	206556	60571518c388cbb78e7118246c47abd9de339effe555f122348de2bc5a477d5c
xn/32389.xmv	1763776	d8fcde930b44dee957b82dc7da11bb3e72d92275aafdc43ae875329e1c48c5bb
xn/32391.xmv	1010577	f6695c61845cc59ecaf3580fc12c5795892ba759e40f77e153a9f37635276327
xn/32399.xmv	609800	aa90efa9efbd0183efc5a8a0e0c906fce862d7c1093357d896fb0277aa7d8bc7
xn/32411.xmv	677257	5bffa02aa85152d5de17b28f0998843a55a5f6fdf0016103c83e8a5c714dda44
xn/32417.xmv	261529	29ce52c760377e932bff5b064d09fc76c22050ab05c7823dd7dec2f537bfcc8e
xn/32419.xmv	394844	c2bdb0ad5dea712ff87cfd0d230eddb9f221fa04149938762bd290e3286eb3ff
xn/32423.xmv	39675	a1931952c6d80047d1cc46fa6554af773d44d87d210cec8975b80410af7eb02d
xn/32425.xmv	411587	797be78d73033948853f9f79c51b4500e4715741bc325d04f5efd26bf3631320
xn/32427.xmv	607539	9f83ed4a5b4c20fafb80f443ae3768c5276d5e08522c95084cfa2c793c488484
xn/32429.xmv	519635	bf1029697a1ce089743e37806abe6f4b40157826d7b388b6ad4baa5846a44115
xn/32431.xmv	216943	b406e034619a214758f479d600b4f698b2d24f57a7e0a18b8a14c25c50f8b7cf
xn/32433.xmv	366491	2c5ecdce0cce7c5e14634879af275e2da7e02875a9c59f74cccc09618d1683de
xn/32435.xmv	370114	295d0dc10835eae7b0cc51247047da9480c4216749e1cecf68bacf17ef31b2bf
xn/32437.xmv	840728	8c5994605936cfa7175db6dce827f45f37c4861e68901ffa8c19fd17cdb495a8
xn/32441.xmv	303703	15c3eed511ee64b41ed9abcf00cbcf13d3b831c52abe2d4824df12e29e5276ff
xn/32443.xmv	553910	dc0c3b2fe187376f84f4904d462d463565eb31fd62cd8bc4b671faa9f874fdc3
xn/32445.xmv	388084	ab7cce4d7805fc6889e2cf852e09e3250d800a30ecb78df0b2261f83c3b0e938
xn/32447.xmv	1703855	21a52990e67ea100601d51e4f52172761784896f269f1f657debf60c1a1c0e55
xn/32451.xmv	387116	2facfd4c1f6ab0657bc8ed1f1d529a93178e55e8f9e3a9c0fae15c8f9a6ddaf7
xn/32455.xmv	1023223	608542991cc907d00a3bafcc05a2d3ad49f58f817a7d4c282a327bf598211e4e
xn/32457.xmv	214513	c006b458d81143995ba90e31f22ac355048eec06bc5005911805f3febee47786
xn/32459.xmv	297827	b2fb2179183670b85b08e8d407b4d343bc7f1a1534bc4bfd85a35fa9287816f1
xn/32461.xmv	785279	56df753d196361e469ddc202baa9dd445b1d604b7dd81093fee3e971cd6ab02e
xn/32463.xmv	565339	de26865e6e10f298d68f4335b3e3c24ac920582c1af0b57f3f00780a8e17a4b5
xn/32465.xmv	989923	f28b98f56752022a5e4289b3905abe5afc22f1868756410ac686c06387cc0552
xn/32467.xmv	401718	7ad1216b1291a314662d33a26f08f10aff1a7f0028dbd30b16d5d1a5090398e2
xn/32469.xmv	380453	5c106d8e023dd646b756c15852cb07bbf6d9056f86dc77e7961e867b5d8f380d
xn/32471.xmv	424212	d87978da1b70d2ca76a2c7529d49af4bed4b1de9abd9d4be48b53c5a34e9040e
xn/32473.xmv	209913	dfc49ab8e14f5d0237b3420aa5cea298c2c77a89b5f0623e703a660d8f45aa1c
xn/32477.xmv	821604	1ee97ce4423853604900779f687cd3488b73e56ed6f07cd5bb6e94d4ccd9942f
xn/32479.xmv	738725	12f3c2368001ebd5ce52eff10bee7b83e7eb71ec610077b48c619df08e02c0b4
xn/32483.xmv	438024	02657e2c3780488252d0657e8a43da6888a97b58e9733932ed1cbf2cc3afe524
xn/32485.xmv	425211	e95592f2b1099426370b7eb1acf4e84c733dd65c5e031b0fc4feb1fee90caaa6
xn/32487.xmv	881932	a80937fec90819ee6eff21b9fd331e32af404660ee6ad22f811badf62213247f
xn/32489.xmv	409162	83bc2a8dc1b8ccfb55b2750f6bd295064a8a4ad53b19adb4a6695c6544e7f139
xn/32491.xmv	326625	79899351887b17a274636cf60c6e2cdff469aeceec79f34b75eeeacff392d76a
xn/32493.xmv	364448	a9dbe259245c1297377940196e4c5a9e526af3f6f860dd971a75bce5c82dcb8d
xn/32495.xmv	1681032	e60880c3edc58186c3fa7322300aaafb799a26d703d0788119a66d6a58778ebb
xn/32499.xmv	189609	b214940568c59125a0c00b0f83a9ccc9233cbcb1db12421be99a2741dba6aecb
xn/32501.xmv	406494	4127d4a10844845a07ac634aa2c619baa8ce109a9372fa06b97bf8dc81da0e52
xn/32503.xmv	750852	03c5705a35d06b71ed62ff706c37cb906e8e8d72a1f3d44a8cc5ac9502538859
xn/32505.xmv	701655	eb9d27562298b424461e91bb1a3a91891852c27da532e059f95bcd0605b928cc
xn/32507.xmv	724626	ad2d622f3314fa23fcc9f43c47dc4768cf4d213b6cacfa924d9553c248cc919a
xn/32509.xmv	1262191	6103fd9eaa4142370caabeed6a8cda3063088078f4c3fe7a8f51a2b19a54c7df
xn/32511.xmv	662669	0eb80e79f81b2b34b8345095a80e7414c1b452df0aaa6a1e7182cb7f6e7e5ef6
xn/32515.xmv	279518	dd91019788c5236be8c55fac304acd3d945a5ed7dd272ed6df50c247942d1d61
xn/32517.xmv	528362	e49c7426a1f6eee433daec8a4e3307b810b9f141b1eb54c8ebaedf278d4b037a
xn/32519.xmv	262081	4fc141b2af9a84244ab5892434fbe8ab69829c437e7e9036c00bb43c6c0fffb3
xn/32521.xmv	671277	99c82b50ff27e79f3d4508c02eee23892eb0303fa4ec27c6176f71fddbe0ba99
xn/32523.xmv	604206	54c94a5d29b2af7ebfafec0fa097bcf207cf0566aedb2fc3f224f5f17f9b6862
xn/32525.xmv	327044	d9b31ff601f73da7686a357487ba3c34f4cad5c0f08a60419ae643657ffb04a7
xn/32529.xmv	1018815	7a0f247d9dfb82a3fde4dd54e74e2256094333a1ddfcacc222afdad7210ccfaa
xn/33426.xmv	437421	4f6f3921ce69476568c009527f346b3bc94d139aa28d2a97d3b6058ecf33e0d7
xn/33432.xmv	392299	d5ecf7005a60afee89e81d0a4284fb4b8c09592e90932bf12c8cfac584a31a13
xn/33436.xmv	392007	670f7e3264b4200424906e6017ae7ebfe9a6e7df9552b750c20fc82172036cb6
xn/33438.xmv	223732	4677b35872322f3a9b3e9447d30c3abb10314a875b7f828d4080bafa7adc909f
xn/33440.xmv	387502	f2b3b00ac7a97374d467b586f55aa959040c1833abfcc1f446c326dd56c55d26
xn/33442.xmv	436609	88c50c8dbaff4885b07e4bdb848990f42dee34892ea237d06398d903408d5579
xn/33444.xmv	404931	7d3558fd03ad8454bea8625de4627bd26834b646fb9ea58a57b46b81ac1cd1b7
xn/33450.xmv	372263	161eb5139f591715c681b7d1f83f8339c09c0220734ae54e85afa2939888a47e
xn/33452.xmv	33339	6161058a91405eaaac02e9cfc71e24d9b0a9dda40434a520f9f65f3953b7cac8
xn/33454.xmv	257787	bd6d2444259b52f4f67b183359c978a107b9dcfe20fd995f787b5fe7f18679c5
xn/33456.xmv	405818	0bb98966021e2e73dbba3ed09a3374f036b64c98d376d41d9b70b1e1b20c431a
xn/33458.xmv	376908	ea18f6873326a157caab9e8b1b978062314d5efffa8ac358710d653d0e89d784
xn/33460.xmv	242313	9f91c91a8330e5518e28ed3cca3c6de051708a08b69f33ff08c7fb531a83bd12
xn/33464.xmv	312433	a92168d7d54aad5287973ee84fdb5aa7f9190bd7d0970788a3b55958794b1b1e
xn/33466.xmv	200471	279d8964342c1af40b8093e7105180f31a47102c5c2525b1a14428bde3d65c6e
xn/33468.xmv	204077	2e5fcd3e36b2ac01fdd28b04da0fc97573fab621d548fa858cfadd4e3e5391a0
xn/33470.xmv	349060	c0b1df311d621a2910c6dc49e725ccf40e644bff81fd3a13b883af31a12a66e1
xn/33472.xmv	284605	6c63f500c58e010e41dadc53f8027bfdd02dd59a5ca863be364ec07fe50fddbb
xn/33476.xmv	768619	22a194900b99e8c440e4dfa9fbdd3ba44873fe957d30f0e83f99b6ed1d23fd67
xn/33478.xmv	358370	dcc80800af2e006d2bd8eebee7fffe9681ff270951a474b9014b9fb65b0a5d6e
xn/33480.xmv	536552	fef6727e53a48aede4bf46f7fd7a41efd40af0f67c5c36d3a7200a432d83aa49
xn/33490.xmv	933151	4671435ef279f2f9214b1d278fc1a4f27656f75d89cb37da9d4a9faa9a2507a5
xn/33492.xmv	554394	40e1299d64ee3134968438059ad815674f16933f6421e0e061d988d89f206a04
xn/33500.xmv	420035	08d9c06f847325e6ad978ceee2ddb2c0fe3f0d65f5b3992099ba6b4cdfcb327c
xn/33502.xmv	425228	6c64408adbb3107be57c5b25446c562b538813f5b2c2e2b2d4961ee36d888963
xn/33504.xmv	427131	8d9deedd7917b77c1d58fbffc272cced0cf078f0228c0e9c27dff18cca6c8a3b
xn/33506.xmv	444958	5edd9ee761ba2119c57a6a2d67944d42a6c2fb737bb079df4de47f8f68a561c0
xn/33512.xmv	198724	a70ba53f44f86d4e380d9c5d03c507f2116ae78546ba6521080ab17b3358856e
xn/33514.xmv	417992	8747c1c6a3c0f57f51b9d3e6d17c486c315c621785b626e56d602af6374ec423
xn/33520.xmv	750816	84894cdcf82c0d10d1d44f42455cd6485448a15c6397e0a2a4e95026add598ee
xn/33522.xmv	490817	03bd267502b8528648b8aabe94d505e78e1f43584343e2b995f10adb5415048a
xn/33968.xmv	205400	ef93c7a438d4f778eaaacccb7fb2cb6e155eb7746eedd8b43a8d01de9533e6e9
xn/33970.xmv	313556	0574c99f63d893cf7c21de7ae21555d7123fa425cc5ecbb24961e839596804cb
xn/33972.xmv	236060	a7780835643a10f24990d6d568bd530ad0c8b3763e41744e1d56bfb8e2435767
xn/33974.xmv	540124	3f0ee11ada97d1a79b0c7f29acf4763933e9fd89e194541b6591e1c9c8aff375
xn/33978.xmv	1163776	cb7ef61ef22b07e538c18702fa38242469f5c952ac41b89b177458a0fcec6ff3
xn/38796.xmv	839261	912e64b8074743f82fe0dd5f949addc843d72c840147727a906b43de20598c81
xn/38798.xmv	1223785	85fd6ed15ce7ab13c3d292a4aacc5a83839849f3546f29f77e42c1e4fdbfdd56
xn/38800.xmv	1628279	6e28cca4c8ec9c3f33f812872ec79b037042f5d06434666c07a31683e5e8a73f
xn/38802.xmv	1164064	f14dd3a0caeae60431e728945420e23ed3d9b19159f6b361794e7cc9958a2f30
xn/38804.xmv	2230386	49573aaaa83d67ce5c1a2b9e63527598ab2ee82258350cd438dd5f0512d749b9
xn/38806.xmv	618579	9521ba4cda09ff26383519168583c8cb4ff8433aecf00d3eb052b9cf299143db
xn/38808.xmv	1505517	5a92a55d54d9d0d8a4ebfb523af8db31d0fb931b13d43f10bfb9ec2ad393f4d7
xn/38810.xmv	1221058	89fe87d3c06228c7ca9793774e26669eb06e939af8338e4741f1f3013f573445
xn/38812.xmv	317071	d99ca848bf06770cdc6aadc509eae08091f9fef0d8c2aa8225799a2678108db4
xn/38814.xmv	305026	ce309bf5a731b1dd4bbfda6aaa6d4e247a414b16b96825762644565c634c1937
xn/38816.xmv	298560	24aea0d5128b45c61cee11feff0a762a5f181a86d22cc5b6d6a8b8cb8caef9fe
xn/38818.xmv	899601	a760e47e0427a0ec4afa3e2a39b0789b01c6549b604efa3192f1a9b2b90661b5
xn/38820.xmv	729119	5e11c5602d0f332acb073a6523bdaaa18292d2fd729514f25a76b1a8d4033337
xn/38824.xmv	771696	340690ddec4fae0f2ea1fefe8870a413d3982b039901bda0ff62e5eefa218517
xn/38826.xmv	825006	4af01b470b3512a7c8d24a9845cbf1584f5b0061ff5cf8639dc270c1c1e710ce
xn/38830.xmv	172469	6846d307ed2a5057cf8e7d7f9ec5d31b01b8d5879713724ad8491ba81fe99f31
xn/38836.xmv	2166062	b08d49dfec8a27bd997cc8b79eacd12dba7e2b2142b47ab75f69703459ab40bf
xn/38838.xmv	1685050	5908679defaf40a301dc86e3bbb1ec152c3696086d3dd92c3b61d721ac28bc66
xn/38840.xmv	2319909	bfb7f42783753024f5776f17a0c9f7fa82a889c4767f42d8ef6efb4fa8eff38a
xn/38842.xmv	710104	455e77c5b3872eacde5b7a4781b08316b8cb60cb93162b440825da63e8eab46f
xn/38844.xmv	655414	e41fa1c3fb0bedf22a46771cb88edc9ef57193170bd5834481dde1bffcb13cff
xn/39044.xmv	1760676	59de7ee4691ae580e580ace65ad7efec1a11c751c3bc092a75754f1f3c2fb13c
xn/41323.xmv	511612	17fd0dfa008c30711d9d5e38ee1c9ac3b54baed85ff6dd147eb2db27f9504dd3
xn/41325.xmv	213677	b8ba11af796e1c4759a85851195e21c425f856a731b137ac49dd7067234cfc9a
xn/41331.xmv	397034	6623d40d21a14989edab4753e4b52a053343d540ab9e34ae0d9235772164e61d
xn/41354.xmv	1598769	68cbc8ee3c010ba2f1fa7bb1d9ce315a6a6421dbd2648e509c0486cd9629ee51
xn/41620.xmv	1560522	0c6db3ff7c5f596ab526ef52dc5a0427806b28330002808335737bf56350feb6
xn/42378.xmv	1195812	3d5575582486e1fc70cfbb061464d6bcb63bd02b492d395a4d78db9a29a5f001
xn/43855.xmv	301739	347148a24f52761115aa811553b2f3a38d01d0b6fd757d21f781111baad8a333
xn/44874.xmv	406972	3ca764261645c53d2c15425b1071d917dddc10381a4ed1b9b3ffc2e3bb286f01
xn/44878.xmv	942488	50d1e75e61f8e5f7f02328362fa204b688963c37c55166880af4c05e658626be
xn/44954.xmv	756281	244091909c959df1afba86f9f382de60b148d3f84918c2b870312edb594e870d
xn/44962.xmv	351821	b060be922e903abd441959f997cd6dfe96c1e42d17d08bf910c43b2df75af44f
xn/44964.xmv	474749	c0762bcda18dcc62c79853a0c585358d4b24bb2d162a97b02e0556ebd669c676
xn/44968.xmv	241577	7944e314fe340e0a6fec7c3ffd1cb00495eff66da665b06064f7de5dd11c04e8
xn/45072.xmv	449379	97fbc66e899c2c65825d5f72c4ca53fb8a8c98eda250d48c7fbb146cbd0ab51b
xn/47251.xmv	1505633	ccc2764d0539b6c8d98823d4b17f0593ea8e559cf88b45eec8e33052c393a840
xn/47255.xmv	109364	fffa5d15f8b942ed940db5f81545e975b1c4a3cb4bea35a970cf228d2f121a37
xn/49069.xmv	913538	79e138959850aca400418195f0193371f51491bcce3922e3393cc17b5102e041
xn/49630.xmv	420103	51c2b8cc234a27497d516dae02c79b99c398f0c31b8add566b3874c86e76611c
xn/49632.xmv	813588	d9ba702bf900e6b205e39b781668a7d94e6d12aa9813db102223cde93970cf13
xn/49634.xmv	253512	fc8ebbafc006837c647f67ae8f21ddcc000129cf126f04d4de5472315b690134
xn/49640.xmv	414225	3002a6b7990f25c289be71afee9c301ded8b8ebf8db53ee4d82041616c1435dc
xn/49642.xmv	313016	89a9c329b5acbde85f9f241c2e5a7acdeff346c29df1ad9cdfd7d6c5749c8719
xn/49644.xmv	606205	2c72fb9bd3a3052da7de4e42aa3891f7ccc6d8abcc28e6e30d3b09835311e34f
xn/49646.xmv	288035	e3758ce4e44c7f768dd37b21b09a270f99e0528f163c86f0929ca85550de6522
xn/49648.xmv	579018	036b490186588af042b8530f5f920f53e31262d262d62da6cbbc0e327d4339bd
xn/49650.xmv	388327	3cf031e4ae919ddd8335f7c081d7ef355d2f2bf0ff3585983b41c45fc25fd3da
xn/49652.xmv	604780	7f97eb38fb89f8b36a8946eee238fbedd381874ffbb6a5758f62fd38a8c0cf55
xn/49654.xmv	454585	6ced6eaac2c9fa1d77bdf6f1c2d831b8af511402ea6f4de0297f911528ce5f98
xn/49656.xmv	195144	6f5fdbe5ecbb92e2f7a04b234d0f543cd2f77e8f111fc7283da5d26f84143222
xn/49660.xmv	188776	15c7f419a39ea14e9fedf87d2c126907587bd62b3d81aef2a00dd64b4c1f7b8e
xn/49662.xmv	330652	1edf0db8713f082cac7eda7a5b013eefb885b7b240c4597192119a7bc0a6bce8
xn/49664.xmv	343964	d91ddaffbcd59cf0275cee88b3cc6e3f71c40c41da243006ede29193d0d9ac2b
xn/49666.xmv	49949	5cc41cebe211bf0d93add7610ea68eb5cf7e56c64f42a322ebc08d1404527268
xn/49668.xmv	470761	b2070cb874e9cc1a36b1666350a4a1c02ba07db91cfdbdf6b0ef0f5e7764bde4
xn/49670.xmv	770635	8a4587735f39940701fdb2047ce405ee322bfdff13554023fe5e93953f308ff8
xn/49672.xmv	239884	f888acf6407a1e763817a20dd6d3486da67b134d50825d7925d12304e315e8ed
xn/49674.xmv	561905	7b11f1bd81c0d670e579e25d0678297110f4502c3e0759c840eecc1af71161a8
xn/49676.xmv	467244	17e782b428f9cca382817bad2961bec00447b49441cf406a4f849a7a88d5fc08
xn/49678.xmv	501096	844d9e3f0e25bc0390d04ef13638e0c0bc0bc1491a798da2ef5d6a2892922eb6
xn/49680.xmv	261875	e155a600471e86c269f3b05eb1dc1d22dd2bf42baeefe3ac4351b129e65aa276
xn/49688.xmv	76878	69af75525d80e6c09bad65be3e3858a10f9f7338403b3d5c6b7118acba469a7b
xn/49692.xmv	209596	17ef66ee9a55cdc5ffa498e5d2f32a20fda461b4b781e0cb714c22b646043fcc
xn/49694.xmv	230899	cba1a2f13c4b6475144ef8ed54383b1b2380e89c6d3818b11b624cc20113e811
xn/49698.xmv	754506	bb073f56b89461c799b709352cfbdd2873fe63ef3be2c1dbd06202929a0e01b6
xn/49700.xmv	220392	ba25ed17a74863b25d5cb884a99681354f73f40742813fef1da5ecd73588abf9
xn/49702.xmv	410015	ece4e72e2a7cfd32a060ce373a63311de4cee52725c3372b4eacfbaf3a3e38fa
xn/49704.xmv	691533	1510d283effc578d648c9301f643043eb657a199101e477a393f64cdf488527f
xn/49706.xmv	227318	4e8eb1f17899bc9eefb9d4bef357b909eb361276eb544f5b18ef8ee078d6243d
xn/49708.xmv	509243	0215a97ac40ba31f3e44d0a17d0a681df6cb3e12ce2f95ab34e7768a0df74583
xn/49710.xmv	437082	07473011badd59e118b8535aca4126578463df3b657bf63fea5c2275b34e0e63
xn/49712.xmv	335460	8e507a6f01ff5a7cb54d78bd6cdb75da4275efb00fcd970eb5063c260b9e4d3d
xn/49714.xmv	661706	ea3fd95902d36999c9354cf19e1bdd572e28a55ce34f6f147aa3c148b5bf274e
xn/49716.xmv	345763	fab60e9235c9e62a73d0913c406f784264e4f6b27962288697aac7328ab37cd0
xn/49718.xmv	317640	c886bd329d30582ee87cf99568cbae3846776d0af3d5446e9bfa1301879f6b56
xn/49728.xmv	169604	e88c391adf3a3b6cd2a06ec8eb187190372aba533e90a8d79c82dcab0dc60086
xn/49734.xmv	261832	275336c91cec513476d6450d066fcc7f79c5587fe93e65a5970ec243cd92047e
xn/56053.xmv	2134307	61c15e87b30b5cd8c12347197b54a648f289d28bfc69ee10fde06e386adfa94a
xn/56182.xmv	1727534	c8ddffd0561cf9a9c2ea99b117364863c2517e6e905787d516bebaf5bd0783c3
xn/56742.xmv	317809	7e99e2938cb85ff64e86d04853712dc4c85b69d2d8c1db9e4189ba6096ff1a60
xn/58239.xmv	850274	e69b7b451fbb3746eb7464e3a9b86d1eefe8cb4c1f3bc7f5d8d56d1f7243dc1a
xn/62750.xmv	374958	9718d54b63f20b5181f3222048d49fbf19be010b620ec5ef5bd5a9b75efc3660
xn/64958.xmv	287569	88b03fdd936948255513f22cfe6f4e0ae9231efcb6ee3c365ad9d089ffc27de2
xn/70513.xmv	412266	c70cbb608cb45bdf8fb6da8ebc8d6077028768891bfd4912e67a6d9625ec5a77
xn/71100.xmv	2585495	9b5753052879462aef02affad1e1610e0670fdf2b442e1461d8b7d9d0759cc33
xn/71225.xmv	414632	1a0c200135dfc7db5f6a8890285274d3dcb33b0fea1e26cab51aadd667fe359f
xn/71853.xmv	839623	4e5af210063ee89d9b5ac6409b86f14d841b5c7f2023e7e5d5d68e164b663e5b
xn/72288.xmv	5174431	f309bcaaaab84c590c2bfe11faf90146fef4533841247d2d139b484ddac8d7f7
xn/77806.xmv	1380991	2a3be15a843df6af5991e3366be3b37b9e210ff779237fdd725002125b003305
xn/78779.xmv	1341055	f55759b7937f9300ea05265c46600396887773bb3a908a24b324831ddaefa47a
xn/78894.xmv	300747	532dd074ea6930730711be65986a282fff588a82d5bf390453ee61afe6a671b7
xn/80614.xmv	46279	a1de53a21c3a8d6309892ca0f7d1ee19da18d6d6c17edb3c8bc8f71e17063a98
xn/81332.xmv	621827	2ca9dd695f07401f3b9a9f8b37d35d64438ecd6e4b56ab111b5eef810399f3e7
xn/81336.xmv	224279	d68f6e9d8fab1d6cb6ad866c35d706dcbe4a74cbde90244342770b226dbed45b
xn/81339.xmv	304789	180906bf1ba2602632fd1e48be3a2abfc888f4453a7ed1dc361cd16ac510c8d0
xn/81343.xmv	622789	6b2e0000a2f0f0d69b96dbdce84b677768df65fa9c1acb54daf9158e9ea8315d
xn/81348.xmv	584895	d2699d3573b4bc34e7eb3213558b3cbb4536979d9300840ef8c969c47fbaead1
xn/83438.xmv	690788	a063b9a7689ee3b4fd97b2e1d5d9f647844ff68eb277ca706c2970d65c730e9e
xn/87415.xmv	445721	a2272a5878deefb7488b67506ad35e0d49a807b40a673ed7388e0383f4f8406d
xn/87416.xmv	474540	668447463336b1577a14aeec40a09dfc59b3baf9c900f6a1c30982ca9230ded1
xn/87419.xmv	492484	8b179de014da3da8fde4b2609db8c1fc461ca8fac5de7949f7807648cd08fff7
xn/88831.xmv	305581	dea2efed28b3498f9be186588d544e741cad0342d2ebd3bc8ac45dd3de478c98
xn/90533.xmv	4156598	e9b6460876949868456ff6668007d29be97dd1c12dd5ed797433ec04a484196a
xn/91831.xmv	635097	75ae8133529d82a2265851350ae684ab743f8a241f2323ba998a9828dce58839
xs/20962.dmv	290763	3b79ab1fa5d3b86ab6c4365245c4f248be08db806e8d114aa7c7f71a255b5e14
xs/26274.amv	108005	45125d4451b22c29f4e8d7a2c3170f23c52689bbfbf17ee8eb3cadcd317a649b
xs/26282.amv	113891	8b404f27186891e9fe4391aaaee716fba8e24dd3a4b717d9d2ebe415dad7fc47
xs/26284.amv	126139	eda5faff03d055bd70db4f3e333e776bc8f9431f6156b413ab7885f868e01be0
xs/26292.amv	52282	0314bd363e30f1c1b8ef218ae0aaeef6e3ba6b961ee3c3e91a92d0f92d375a38
xs/26296.amv	307459	c4010a4558e005ecdc715041794bdc146bcc4e107e711847a6fc0f969605baa1
xs/28464.amv	56415	052e6f475a19cc05cd115f4e8eacd8f7c1e6de39899c3a46148704bb69c598d8
xs/28468.amv	45379	40433bf47b0f724e16877c78e6caabe4887e4582ae2576297939d629d39bde03
xs/28470.amv	29103	d665124e9c26e95a8ade5972b9d7bd3bb8e5d2db022d1a8197fbfe189e421cc4
xs/28472.amv	103003	e82e1af859da358bb1c9deb1d7253af2584a15d395ab751a4c81ff9dd70e3ad1
xs/28476.amv	262250	4367a10612c948474dad4222123444cc2ecdc3ed144f8350e2484b810e2b8842
xs/28480.amv	138951	d87dd3d94ccc3cd10d045f3b6b87603fcdb73a236a400a5c07d45da6bae5d050
xs/28506.amv	27803	d99c62e6b144b9f1f3d6e594c3df26fb5294b646b46dacbd44aa11d04a1fd9be
xs/28508.amv	58737	84050810b9281ccf9307ef1d389cc9077ad2139761e28cfc3dc674c5685a89bd
xs/28510.amv	460395	546d7872e0126eef7ddeea9e2b674e7ecfc9cbb4d1872cbbb3586dd5e86be245
xs/28512.amv	474063	213f73d0f53205ec1e805ecd8ed7bd8474bfb4ec54c4105723d9ed56a9e03250
xs/28514.amv	591651	8a045d0342a5ce1f726ef618afd91efba1e3b5c9ee6684968deff9c9c805687b
xs/28516.amv	62174	2245373b38f1a1c5d266d7a33a65370075dcf41fa6c902e0887bac3add71142f
xs/28518.amv	23655	3b38f4a0a6538cfb9a0b3d808dde4a48cd4a94775593a820df44384f7e760abe
xs/28520.amv	25767	b4b97ac2d2fcc1f82e5ab0dd8e24cb70c36e295e57483253a52f2327ffd527ee
xs/28522.amv	234463	cbeedd0a1cd45da2816313c325eb67fc65d903d9a3e6d09fecf8eebd0bc708f2
xs/28524.amv	153541	dcc9ecc120130c86369e022e3d526515bb7eb299da6afe366e2a467808d5e2c8
xs/28526.amv	44681	c0838fa8f051079acefcce31fcd923952b8e3080a69080b944ed599205704300
xs/28528.amv	245605	601771ab54b7aa6bfe53aaa3a858d46c47cd254db9fd3cb7d7f4900d5a73e25c
xs/28530.amv	140643	c8932c42c74ee593603f33bd7a788917150225a86688a2f05436195b55005978
xs/28532.amv	140643	a448273312d15bd6818c0b4c8b22e21e4fa47aa9a2f4701ffd4439e705e017c1
xs/30399.amv	704375	51832eae03406bd634ab6e16d930aa6b511eb03386c3246a4daee8e9476ded7d
xs/30401.mus	2340519	abb98d2d3b72ab4295c9746aa6e235d172fdf16512546ac513b6be272311ed8b
xs/30403.mus	2358495	2b8a3efc7068dd08d7ec8c4996bc52fba0c73f37f564b83f1baca41d90344b32
xs/30405.mus	1631623	a4551aeef8f92e249573ea75c44c4b59edc8d6a641b260321383047cb363baf5
xs/34747.amv	15343	2d7b2268e9edd6e6957df30154fca4a6ac2bf09a09dec9cf4a1886500f21bd35
xs/36395.mus	1711443	5b1bac25074c43a78b97a8803bd5bbb3a1eb2befe9a661df9809b40ed3441169
xs/36399.mus	2065607	4874a802b8df3d90a28d3ee440a5816e8f6b97a58adb279a93531bdcc80f82a6
xs/36406.mus	3176723	4bede8e4dca7ac33c308d40ee6e3b4751de44c0f5152e6931f1eac11c69a9e88
xs/36433.mus	2247055	04467561bef5c40b350787950c764f9155c1226b4fcaabfc098c8c41dd6fe2e4
xs/36436.mus	75691	fc751eb490ae3730359f0e417b8830081c580ec3628d168465d15912446eb89c
xs/36448.mus	64331	259a854a50dcbfa0c02f12f4e0b81236c2fd493ebd2398e63260ddd0f21084c3
xs/36946.mus	306903	e42382a28d89b8a113d106d0a0c1b62200cfb653e756dd4505688610e2488ce7
xs/36953.mus	515731	d52fd6adc3166a873c504886a00267926110ab9bda79cd4e9b330b3853e955c2
xs/36956.mus	1455011	181a3f02655e6c3c0ecf810394443d0dd9235b46a37e43aa8c7a9ad19f777214
xs/36968.mus	2270283	0e693e163ac71025261b091e63b8fd092f1c309d3aca0ce451f91c13abe4fe57
xs/52289.amv	63161	b057192de29e5929080a0240c7f53fadb1395781a83dcb63fb568fbe07ca4258
xs/52293.mus	525391	519b76e19465a41424c049071edd62075b348a3186a0ff6e95d24b8e938dc3d6
xs/52295.mus	645259	ac2544441432b5e0adb4b560c23e6c4c158b77b4ce213b3a6ce686d8fe676b02
xs/52297.mus	303438	169fa7de88a40a471eacf44c50c84bb2d767c7388ab8c6d6ac24a1ec09c80661
xs/52301.mus	1015035	cf1dc4675de76b73140b842bdf2b90e07dbd7aa6b6824712cd0ec12b8e67d573
xs/52303.mus	2186107	fdeee13a77c5ef0f33eb48745c810801fd7262407207052108571b5b4f7d027b
xs/52305.mus	331527	ac0cbf96f4f557b80994e6ccd51964f40e3a7807abe749dc65e99c0109f30f1f
xs/52307.mus	291763	be82c08790f1f6390949b51cde2a79f81b93b84e5c12ee682a33ba00299d0b5b
xs/52309.mus	2658219	488545e9f1084e44b50bc51a95a0a7766165c317f7b3b26e9a64ff4b9788a13a
xs/52311.mus	4422231	6a2c2e45641a16b1c0b4b4d626c6f90cfdb3d9bc1083b00586d4a791616f632f
xs/52313.mus	2188011	d2092c936af3bd02c207558fa979bebc1a4703dffdd25b6038d1532976b15a13
xs/52315.mus	2645539	99a3ed49e896daa45807b0f387b23a2ae55bb528eb63362532ca0dcf33e47e1c
xs/52317.mus	2702187	1bde29467864ee03968d2c10e41adab235acdf319c9e7ccff2d262765429d2c8
xs/52319.mus	892851	ad4c0a7a1f6d5849dc201a96f638f87fbfad33b8a0ad0fb3050c563fe003e768
xs/52321.mus	1880515	7d67d859e447bdbd14fe96205e55d09b8b9c8bfb94559fd8c796fc581bb9ab0b
xs/52323.mus	1279561	091c6ae2c6165b8f7323842ecc95a1b38bad49f1a7ba79a01a2612caeaf895c2
xs/52325.mus	1040955	a085517ddf68b04a427cebeb3b3f8f6ece6ea249349f58296d7bf6ff12c54e90
xs/52327.mus	1585327	43a023501072b8ca6beb36d0379d2ebfe304f0148af1bc98f1b46c60da0107f0
xs/52329.mus	2255763	fc8e7e05d37922192358592a61bb165088a54f9395aa71312f5f4f5d33f25256
xs/52331.mus	2058307	26e4afd8d7dcf52d2a0af06cc74eb75ae6777265b6e5085ce84a3dc9bd4b696c
xs/52333.mus	2061847	2f319a598688d17777010cd75a810b6c4dd8e110d301cfa072c9df4d126e1464
xs/52335.mus	968559	3cc5ab5c51a3ab3a31268f24b6c4eabba6f3bbf4a11c4eeee2418e33440ed92f
xs/52337.mus	658035	d44f3f7be7d07bb117f1ca286a80fa32253f879ce993167f445c227eaae796b4
xs/52339.mus	1377447	93a6f221332467f08aa10acf50184fab8ff5e955bc0d9471bb0f7873af6cfe99
xs/52341.mus	1801915	5e0e5b945e35b65cb607c2710744db9667d906b7cbd05fdde331e3528a537299
xs/55932.mus	928359	0f0095891afcd11a9a93f3922fbd592efafc2d5ebfae88b38075b7f488e15220
xs/55934.mus	5056979	544f836d64723323b903cf477b892f1cca363b998be7c66d5bfc6517102a9cac
xs/55936.mus	560555	a8159acac401da6125e80d981ab441f779d1820ee9cf5c1f97c2bd08f961fce7
xs/55938.mus	2338547	6a1f2ecf8fb41489108a3eb677c955fb64ff4570742672869f2aa732fb2f6de6
xs/55941.mus	132965	453a9f5a20ea1fd368d6913bfd523d1d5f2049833ddb151e6d40a61d6399f2fa
xs/55948.mus	156311	a89229270ea294bccd3c72ca74c22fcdff1464e78a90398207d6d7683aca32ca
xs/55951.mus	96983	d7fdf9e97d2f35dafe22648f3d2777d95fe632fb11d12c533349979d24c606b4
xs/55955.mus	1155831	e6608cdf4afce1d50e428271e052db986d81ed0d65c17c05376c64190e63118e
xs/57104.amv	11071	52f6b80dc9bf99aee2a702a82c2433d24d8ebfac59a471800546e6eedf565c79
xs/58625.amv	7535	911af29c43b3c0d47f6b7865942feeb79519af4fb2847a2702d5b529e46c3dfc
xs/58626.amv	28671	64b4e5f784a338d478a9c1583ac70ae9ae27b965b9fb171e99e2bb3244a808c7
xs/58627.amv	11513	ae498ba1a8c5584736371b4950a53ec888d8ac00153a24edafa97a20fc6503ee
xs/58629.amv	2691	9105f125a43c8929eacbbaa49d1cf3bd62748f52a53086cb4a7b0e2fb7413e88
xs/58630.amv	3371	ec78779dbf349f14cc6800d9be1a4dca4f8a50c0594b02c3df835e693d9a556c
xs/58631.amv	3303	d92d294b67f7607815173cf280ed39dc25eac60141d6d4e6628df82069e2e283
xs/58632.amv	2981	0eac04d71f2720258bc19b9a2f300d6a779b92cc99ba6183866b4057e4dd3589
xs/58633.amv	3863	2a4a98cfaa27ef9c17aadb27fea6f137d23f2fbe7d640936ced51a4899c1aa75
xs/58634.amv	3647	0e1730e8e9d5a4bdfdbb51fa6f897d4d82f6afdc8ef7dfd1c305bc496837dbdb
xs/58635.amv	11219	db8aef57038f55af393087976f7dc36b41d63122ffbbce88f35dac7628e2c67c
xs/58636.amv	3235	03833d95b7729828621cd8db5a5cd4114e014f3ecf7cc084a6133373f8360ec0
xs/58637.amv	2981	9c805464ed45ca62b8bb7ed54cb498df7fb1e08db8cee7eb3da2f73fc87eccbc
xs/58638.amv	3439	86db68aa7883e7fe25e571d977729e53fc9a578900744ae35ba2f96e99215a0f
xs/58639.amv	5853	1337a39245b2db7b5d747cb99712146c01a61a53a71d0cd119ba705f2340824c
xs/58641.amv	3201	a305af8403c70d0bc373574119be918487103a41f45363797fbb90862db86974
xs/59824.amv	334686	156a1af5094b147c3572f205c796f267608b0732690e7a1a41f8ac9561fef9a6
xs/62422.amv	6091	8ace6241b2416acffadeaac3682847da91fc79ba46a12a183f2fbcf822a35596
xs/67038.amv	26811	92cdfe4b5d45d156c927d22262f8277abd967eff11b2403ab57e3eefc898a63c
xs/67043.amv	67993	d66d6bd8bfbb0839c32bd0ffdf76cefc9df772bbb6e6c59b948a1d2c0a86eca8
xs/67044.amv	6481	13b7ede93e574ee5d81fc14bc9e881cdb128d69542b4d651fcc07ef3d4d8a617
xs/67045.amv	86255	a0a2e2acad4b53adae3989c09c040815359a943744b8cfd8853c479b7bd06c46
xs/67046.amv	81511	0e6fa545ec11c8a7dc7dab23df6ffd752d9d17ee86aa2619f1cb7d2e5f41752a
xs/67047.amv	87123	c14ce9dc6a05f627ac98bc87f548aeb573599b3ec050bb0654d94e8b304f21e2
xs/67048.amv	83827	addbddaf6a2c84237e253260a94915cc1952d9781e594f7de7c6484291a4950c
xs/67049.amv	152995	8a7c42f256597110c1981763a2faacea52dd78d987a4359b506b6c825c5b8a3f
xs/67050.amv	134219	87c4b35e8e218f4f8de4db43a918497b464e1a764ae4d83cd8742afb7aaaa59f
xs/67051.amv	155977	3cb4c8a5bd26940b7644b0f116fcbed07506147d6bca2d900d428465eb6a7b3c
xs/67052.amv	135107	a5b419f16cc4dea24a2eb9aa7c9b9f5ce35bc9d4f55244f6bdc86a58f5466dcf
xs/67053.amv	134563	3d4c0d8c0e9b1a0b41b1406e78be774f2dd9ad0baa6db081bbcd844da759e68e
xs/67054.amv	115787	101b1aa3f794e1647db251e200bc2edc14f917c5ccd67723d3c547fd38072155
xs/67055.amv	26367	b8931af26292b93e6d8919701e892aa92e70af0aa45836bc305fab46f5fa020d
xs/67056.amv	65783	865d2d9fd4426101f900a38cbbd51b7fc2b06e1083c0a94f521f3da8c3d9ab6b
xs/67057.amv	83011	8c17958f3372afb67610232277321817123b13ac37a63d1e282344af6929a72b
xs/67518.amv	2283	a89b7ebf950c99414110678235f23d4115582222cfe2dc56197a5c6c58f7cd1a
xs/69313.amv	125643	3e713cd5798ea1a9c8a15da88c3d9defa3b6cb4b178b1a9e466c9f91fdd929b0
xs/71740.mus	1280599	21af209a1bfc5f774e7153772e339f3682cc9c3d77a5f2a9104de8582aa624e4
xs/71746.mus	69363	1dbbc5a805e4f6420f5d282f7c82c81599fdaf784fc75fc194fd9dbf5b77e65e
xs/72106.mus	2086373	e28c09badb6d26f7b99fb20b7473ab3c379c412f2b97d703ba4bc076b3331d0d
xs/72107.mus	1323751	3517d8261e78229efc47b2702b08595d59376edaf0826dc6771926cc22d91443
xs/72108.mus	1391151	f02b0be0eddfae2c44f48a7741cf03477cb9ed7a041ea3ab5ccf5ae9f8b17517
xs/74632.amv	167167	70d80230e19728155dfe6abbe61ef6a02c0034de28ae52800d4bd8a5b578f2a9
xs/75407.dmv	37256	59db407827bcd2c524bbb55ee413045d30784dcad71285d5a9ece4e29a7e71ea
xs/75683.amv	19231	4975234edf4f585743e93d665743de0fc575299c11717529dba6714bb4717c1f
xs/75684.amv	15001	1a86e2be32d7dab56e00b53a2291f49ab06bec8fbc8dac2ad3a65fae4398e833
xs/75685.amv	21251	dc657bdf8086bae08442c09de3ea70424a22c2ec035772ad8f444fa58b644f6b
xs/75686.amv	18899	fb65441c5427e4408c79816642974687342d022156179e28e4eab3a80d645918
xs/75687.amv	28819	a2d843d1abf2224564f6d1e671f561ede40fe255b7bf0341f03da22e284c4a6d
xs/75688.amv	14597	9da8d007a6476bb95d054ce4f8a5513d4efe24bcc8b43f220f985e76706f5cf6
xs/77666.mus	285314	c3e5f4865705cea2d752b8cd48d841b643b7f945193fad59e9b567c1f026a964
xs/77751.mus	457778	a05aa40c7a8691cb75566f7225faa132d989842587a62c8c4d5c3806a688a3b7
xs/77753.amv	19602	5ece30800505112d2f123512f2956e9473b1b4be0b41e5e6f99c7d28c3e2454c
xs/77764.mus	93715	b4525b1fcb73613b5ffabe39ea34c886cdc6fe3288ffd07d951d5e298f88704d
xs/78281.amv	55269	92c286503c63509d6df0fc63d237524ec5257d3faa3dcfc538310199837d590a
xs/80310.dmv	271263	0427da4a3f7e3cea4980825fa95a318271b062967fbba2c00f6dabb7dd807bd0
xs/80373.amv	2803	877290c2f97cd8a32a8ae6c06a234b4bb473dae5aff798ac681bd77133291baa
xs/80476.mus	208683	ee629fc2cf5a20247ddfe8f8fe6db034e9258a46c7623077044ca302b734952f
xs/80487.mus	1524619	d7c4d7e0b5906b7a2f0a1a0c7480fa29f701ef9926274b74946a16434b4ef554
xs/80746.mus	897850	556cbe97b5e45eafa969ab83ae4b0f975aa4f3fb245e2c91caf9e95af8493fc8
xs/80748.mus	374419	97d52b7bdeaebd32223d7614b514081b71e11cd814366176f378deb2a62eddaf
xs/80788.mus	586983	c5f29658063ab3cd7068bab596bbb4c0730e693441c90ddeb435184079051eb1
xs/82291.amv	61878	7540d8d51af49a4c4cabee84ae8aa61bb563b5f36e91cafee5a7bfd5d4e8cf68
xs/82298.dmv	57106	5f18f5d4deadf584493e0aab846aae205b6ee508446d4fbb63557f4ebbfe8e54
xs/82299.dmv	77379	b08137bb2b53eb794fa5d2e5f6f22f235618c85b34fd2be3173a62774c92987c
xs/83299.amv	26367	b36e4a152bb8cf8e8df56eeca3cd993954ea0fa22fd41063cfef2356d5fb575c
xs/83861.amv	151351	a6fe8973009041e4d8388d79f32166ce12d355fdb65d15406a0b2424cedf8fe7
xs/83871.amv	52307	277d52e8757cc7e23c10adfdcf5b79b4bfb61aad9367fec2e8bc1c80c70a371a
xs/83873.amv	25091	9488f53a69a3a042aca69af29580d7f4aeda848a0ff1689a78d3f10d79da77b1
xs/86303.dmv	33211	b9950092d5bd389f333d5b0cd07267f676bca61a99553758a3dd534495929ac3
xs/86304.dmv	33211	89f4886993a3e95c338d963142814cc7bf2116a699919dd22c05c74642981c30
xs/87413.amv	47266	2222c4b458eb02896ca765dba89b611ee19a9c4050fbed02d06b995814108bdb
xs/88892.mus	927412	547659249cea880d47610a9c368d47160002ee0349b2ca16befda1e498764d34
xs/88900.dmv	22275	b97743c532745e06baf5c6b553c645dd2294508124088765b80b6069ac23235b
xs/88943.amv	80008	f18ec4ad6860a70f607515a199c6822a0e8f8e1689122b79d51eb2f1eccba61d
xs/88945.amv	135468	ab0bad28db8aef174000c4e53bc79e214f1649bf6f4e6ba74a135c281278c8d3
xs/88947.amv	147388	484de902746dd50d7f6e66e005d83a3cc4e213c47741b57e4749f0eb4bbc6cfd
xs/89487.amv	17557	b37d8eac3a4be7907fd96e32bd05b272a6cc2485b2c76c093db3f491946bebdb
xs/89660.amv	11123	96c2223be8db8e9a9e4f38226be0c86eaf582f87c3ac2e0864525c9e3785aca9
xs/89819.amv	124434	6c052a93636ae004ff7a55258432976b6e562959d7f5c13c63b171cdc77e759f
xs/90634.mus	453682	1139e0de35a19dd0714d7d301b1a979b09706a3591e89f7e6e816998b748547f
xs/90643.mus	1040955	d5f2fa10e9073c9b5d08bc8bccb502be482845e2c9c29521e760a27aac19efaf
xs/90691.amv	12385	9a8df8b9aa4614390e6e94e52fbeffb9412929ba55c142c7ed9be16c3b61e023
xs/91270.amv	7447	2c6413e8075b067fbacc5df426e55cad8a734bf01ad14189949e9e81c3ae15f3
xs/91328.amv	103065	bc637aa2d7eb6d034d1dcbf253e060b6f5a8f121b29369964dc7ab1c7c8ce861
xs/91606.amv	58566	de85b45849c5785c10ae158bf76ef06de6c0bc09ec7e84208d97076af00dae6c
xs/91988.amv	233026	ad571a9a2827091538b1e182285ffcd7ad00eafc2985b407aaad684e9155031f
xs/92148.amv	22095	990d3c709c2309a1341211fd1fcdfba1c7accd4de76a3fd4dd1e224ba3eb542d
xs/92289.dmv	125527	cbfaa19fc92cdae8045a635e603a123c233b6194bd89805daed18432bdbf1fbc
xs/92450.amv	25723	ac0673c7c87e18e15e1eecc85a4628f4b2fcc05e86597b6c9985f3e1e98457dc
xs/92452.amv	22443	4ebdea2d5b5244d9110300a33ec225b62d8a762ba630944514cec4104bb9ae43
xs/92456.amv	18083	624384e9b214075ac488e7e2f3f5927e97ea4f9be2639b0777f98e69c4a16d53
xs/92460.amv	13727	79fdfa1d5aa5421c0d8578e2e37650c79c33cdf6e7d313b0701dc96e12646922
xs/93608.amv	34494	25c5e3276be8b3821fc829f35efcb26aa83730a73112fb1cad7fce639d951e2e
xs/93610.amv	162624	eb285e4f4d3a86a8a745a13059ab8244fc2a0fa11ea1798c9757356454a49430
xs/94320.amv	230149	76ebc221eb37f432961049eecf3a8f19d756e8cc8e8c7f4a8aa289100f02433a
xt/49526.xtx	252	66ef441da9552804e5700d923c45e065df5ea979978d169e325d5cd19ae8ead7
xt/49528.xtx	254	f6458ae34188deb17ef54eb79c6ab9f0922a4cfd5242eb9c8dadb2d89441b16e
xt/49530.xtx	259	66b2159c850685016c0621fb889f8671f198f74fa78adc829e77e4def10d8340
xt/49532.xtx	256	a93c2f1b29d8392ee59097c0075cfc9df87dea698541c22765198fdfc6cbd9ae
xt/49534.xtx	257	aefb26876e8575dcef406c72b8c588442c17921492b3fe4117e08c9fed334314
xt/49536.xtx	256	702eccdaec3e4d2416fabc000cefb4562142705fd322c740e71ef2a3eb27c6be
xt/49538.xtx	249	f4754fcccfff7eda9f364f0b877329d307029cec676db7ef36de9ff0b0f36b52
xt/49540.xtx	255	198d1f40083edc5cf1ea23a58c268455432237e2a32ced8f54ea188652fe945d
xt/49542.xtx	250	6bb359b9067bd08051e92e754a48e47dcb7f0f44cb5aeaad06b8423467b8b69f
xt/49544.xtx	254	84c27329371dd929eeb53b11f3ff443e89d2d9eb9d8b7f8f374634e1fda46b1d
xt/49546.xtx	249	da65b81e5fcc8248440c8a1368eae2149ddb249c9cb3f96ed4c775def8ffa580
xt/49548.xtx	260	5f9bfb127af92ca2daab29c3cc6df639eae0375427b2134e5df0a1e5909a872e
xt/49550.xtx	256	e8d22feafb415548cbba301e8a75f375fb8aaf45a5feb50b7c33508e3e89bd15
xt/50312.xtx	258	45df5af7ead9caafa9fe6e7c40966ed4c99d107455709824091bfab3377c54f6
xt/50314.xtx	249	a8a13867ab58d6d535bcfc0f46d4ecbe3e6a457c023f77a04331503edbcead0e
xt/50316.xtx	258	7354569c5d63e7f8292f9c6e547fcb3c79d931527e98df485c6bd249bdb3432c
xt/50318.xtx	253	9732f3f6c86b352b6405f2f27887c85b86f3168e96dafa46713298255aac9fc2
xt/50320.xtx	141	aba2ca7c9074a7811f0a4c4c7c6bd704d1829f59a3a3100ed727433e471ea3c3
xt/50322.xtx	257	02a7713cee5dec65263d8dc8234061941ae6f904113b0ff40cc49f62b451580d
xt/50324.xtx	260	60d9d2002876e9af7e092d129557bfeefc3c04087af30d28c1aa4758054e5278
xt/50326.xtx	256	af1356998327d0d9cd9c97903184fdfe1b1f4a87b22252b228273a37eb8cd9e9
xt/50328.xtx	262	288b6d2b5e1d60a09f74ad6fbda69a271f6c20a15e8b6c7e17a632ed70d0e04c
xt/50330.xtx	253	acf14d66b2900ac065c8896ac9dbff2a44e82c936e650e37511dbb20a70bd168
xt/50332.xtx	262	b0054ee8751c2102308742ef5560b7e62425b86f2e0172b62fda5e44d07ff313
xt/50334.xtx	252	0fd47f4145f86c8e1e36f1f3a5dc75431ec5a2a6c9b4223e504fa62aa172f637
xt/50336.xtx	254	41bed86ff95d6e2fc164e816b5bcadfef60fa06df85977a25b770d940656efb6
xt/50338.xtx	119	5b0c7b29bfe9af743b1b75b629219e8e5d49369935c2a952e6da1a1867467b02
xt/50340.xtx	260	c1f58844c5342870c33d1de86f0e3f86f3125f4b732b8f151307ad08d992964c
xt/50342.xtx	261	c7412b84f798b70d438b0628cd5efbb8510560d449d2be440179de24ff29a4c2
xt/50344.xtx	258	321c14b21ff974359ff19b7516bdcd6a3a151e9ec0c6b7cadf67d995ce49ffbd
xt/50346.xtx	254	b445d9fb7dfdae1312b7c0c8db128713f76a4981db3329dd6964cbe27ec9de06
xt/50348.xtx	259	ce56b71908fe9344fa8898e9dc5e2fb032d30fce81515ab4c379908ee0009fd4
xt/50350.xtx	167	5be19163285aefa4579a8fd392aad0afc27a88d0ebb9f39f120e5cee18c293e8
xt/50352.xtx	256	a5e89939376925bac4cc75deb032d42f99b98a4c5f4675101fdc97f490af78b1
xt/50354.xtx	256	f911979afabca39748100d36f46381586f62cefb351f7f339fcfc3bcd30a64a1
xt/50356.xtx	158	f63fcb84a056bcb4713d9ee9425e18ee2775363b35df176af57005ba362c2810
xt/50358.xtx	258	011769880472d439cd06c4023e15d3d20ccc54ad1e546a039d1968d4bb54ddfc
xt/50360.xtx	255	a0840d596f647cd38ac93612c6a68a3a75c0cb37eef173a4efba3d8270914e85
xt/50362.xtx	259	53f210ff7509296751c0f09319c83904ce05c526896650e598456daf7d962c3b
xt/50364.xtx	126	8475449861e08842b2fd89da3a763acff065f89929eb048bf5faa94bee1aac81
xt/50366.xtx	257	6964c07e8d7be65d4cba6f372588acec555cb9b21dc26ea4c136cd09dd62a3e7
xt/50368.xtx	152	de6b8f87d22379ed600477ba17ae38a5978c59bb592985ee5bc423b01e399c2e
xt/51070.xtx	175	e1357da5e360973e40bef8832e897fb48980c6470bb99a562e611fb0b79b4f20
xt/51072.xtx	329	83f57a289f46d9f6adc70843995d721635d5c1967bc4a1a9bb0b1c508ef03087
xt/51074.xtx	174	2e6a4605a5d198c0e43a59325e5e1e280fc1a48aad4870d240cbac29bf4f33c4
xt/51076.xtx	355	6eb3bba5ffec3c05ed5c9e20b80aad8b883ab61f3784b032b8de6cb92001fbc4
xt/51078.xtx	136	dc7d19ec780fe04d3060140fe307516324e73e171442327c7d08af60aca49f3e
xt/51080.xtx	253	cbd9340d1b62bc03f449c8a04651d7c924e1ccdc08d45e0189d4b8672f064ab9
xt/51082.xtx	312	97da24cada43fde88bb93cf333ad80fd2eb692beaef6c08119428234ee39d8d0
xt/51084.xtx	301	c55ca94f3ddd69fb6b6264ae81c460522fd2146f9b0a2d82a750a75c10f90619
xt/51086.xtx	293	8f7250d691f5ffd0e44f1d030f08573e14de2a4935b07f9cd4f0834c1011d147
xt/51088.xtx	192	9ec6577fbc74b09a8a86accaa2a2be579a94db3c94bd0034ccf80e0f7eb538e8
xt/55583.xtx	2039	a5ea1113931c5a55825886a870aa207b2912e77c68c72f4480bca45605f360da
xt/55584.xtx	1990	39834fa2a029cf889c66ccb966e5cab5c7a52eac3dd89db582d3ca6928329d24
xt/55585.xtx	2714	5ae3c1798f0c2903977d6a5dec253c232070f3f8fef84506b8b132831d2af19e
xt/55586.xtx	2014	fe87227716ea160ec8da8e8056ec7ed7cab3fc382c5353b20de6d48722e98047
xt/55587.xtx	3519	81443d29696c9b7a3054c894a6346e4259a3d97f89b91008b9bec9fe8ef0afbd
xt/55588.xtx	2183	5f47763e15b776b7155bfb3717bf6a9b4d5fe6f6740dc79f4a1d1789ac6b4744
xt/55589.xtx	1513	754a36540a6fc8af679de8601cb4aa5dc0d283edaa6e1a34113d1a3d43b868fb
xt/55590.xtx	3597	378304784f47881864442fa24d531650f5d3aca2820ca56a420767bd2dd72563
xt/55591.xtx	1379	cd6cc2ba9c78b5fd9d6a684fdb95411a15990813f072e9797edd5f54c881be43
xt/55592.xtx	4518	37dcd8f6551cfb900cb38ec5539c142c8e29d1d4d8428d018390ad8184e9c2ae
xt/55615.xtx	580	109745205597791429a0f9da371021c2acf80b0f47a9ca48be489b1465b4ac9b
xt/61137.xtx	242	31f960fc534099efd0fec26caeeb71efbd0b62b580d5e159fc82144f0f87e925
xt/61138.xtx	262	be419fa38530098282f5a9eb0d6ecb609a54c0a3602cc248440366c31475ee66
xt/61139.xtx	189	abb3b8a2ebbe88bdbe1817572a60ac17d97c66ca99512ac2d4503b5cc15ed291
xt/61140.xtx	203	73b9fbeab9105ece3ba9f61f90ab1c09ebe4e016bbfdeb30356766c80dd640a4
xt/61141.xtx	189	abb3b8a2ebbe88bdbe1817572a60ac17d97c66ca99512ac2d4503b5cc15ed291
xt/61142.xtx	217	fa6a1fd09abfcfa396f7f776f0e57f0073fa058e8da4f8cdb8e0012fc8ec59c8
xt/61143.xtx	298	b2f0536ebf9a1803c359ac8177f94bd88faf5989e82d22f36cf77e069d06031a
xt/61144.xtx	343	bb22b4cbda464ca9575ed1646708ab8d249217a1a0d7a1578b02fe23ab957301
xt/61145.xtx	436	efa6fb10475c46ec18d2a554854d2bf50096d071d637c703de8bae1a418e823a
xt/61146.xtx	139	92ceea81caddd66454568e03fdc225df69b40a7e43413f247384e9300d19b94e
xt/61147.xtx	230	db42db663ea2c3dabd98b353bc6ccb6b0b1dc961591e0258b42470ed59aa0b10
xt/61148.xtx	216	3aafeccd45ec9a0550d1d392eb823148068cd6685965c9933957ec42dea3b674
xt/61149.xtx	306	b42e4e665a02a3e7c11d42408d53fe7a5a52c6330505fbbda0203e73e9d77ea6
xt/61150.xtx	238	84fbdbf18b616b9391ec398e0a5e2cf30220e3e106d27554687a91c5ed85c89a
xt/61151.xtx	289	98aede4a50e1e17e195647ef9833402eb0a2fa4edbbf3124cb3a73b5c3ce5a3d
xt/61152.xtx	189	ea809a0c98936fb1568e339d4e1ae4db863da43eec7881bdb99c044548fa869b
xt/61153.xtx	186	262bebbeb54d2c995e8f8264836e4188d163d81ccf77b979cd4f5a534fbf4529
xt/61154.xtx	185	c3c2c981e8f9e9350b69d90b3084d7a047a8b38155354bfdb8eb3c418d59eb52
xt/61155.xtx	211	f5fe7dc4e14019770acc4f6c35c62f0c3982bb22f0dd01b0419e5249b8134da2
xt/61156.xtx	198	82701313cfac8b9f0e343650c40908a3c132df7b2e11a581687b6529b05a75ef
xt/61157.xtx	186	a10df17da9771bbbb2d2b9a0d89508466afdd72c51ba15314feeb2ecb4ae2a76
xt/61158.xtx	213	c9bad65a0b7bdbd7174d13afefab9de27fbe3025b730742601827b8556421363
xt/61159.xtx	199	0a4d0ff7172a0bc437ac12e78f80e40f75ebbb2fc9f71052c9248aa422633102
xt/61160.xtx	194	3758121869b077d2fdf1af0c306ca95876fbb416d3a4d444c971386c4612c11b
xt/61161.xtx	197	31b0e144f298f6fd0a2b211d38ff5193d8d9061802c0f6371dc9dd62989979f8
xt/61162.xtx	200	5e4a22cf81a5375e01afe3ceacc266757506c4aaa6aa77d8df17762d47a2b982
xt/61164.xtx	316	e16e443427a2cfacf9f161ccc6f9d0f34db8f6ab959ffe61f2f9a3adb0bb5a27
xt/61165.xtx	360	1960fb7f3774f10a89d3f7137e8be11b82c053bf7ef195d02f1eca30e7c6e8fe
xt/61166.xtx	308	b421b90dd1e38ea5c2094daa0cac7df322cf5de666cbc785406ed54c4e05f247
xt/61167.xtx	462	35c84cd036afa155042d54e8ee4e1deccdefdeb08d74a4d01103d99b1f53cb51
xt/61168.xtx	338	0f9ebfea4db9d5887efc913530d61750b6425788dede697f82da64eb6a259dcc
xt/61169.xtx	277	b7430cf031a7ccfbaa870d71598b10f34212246565b7a8c83173f3d03047f552
xt/61170.xtx	334	5d1026be8b4a23770ab29f098225b796cc03911205b0ad4c4043aed36b445033
xt/61171.xtx	316	bef07363f38480cf6bd7b967ab38875f5f7bae8f503e99e13400758ce76c4041
xt/61172.xtx	450	893108509b546c102433737905577e356975021ec20b1292c8c764b48af83480
xt/61173.xtx	170	890d72f94bc58ce73c1488fa40c5fba5d0fc0ec318c645ad13bbe21cef5b0e1b
xt/61174.xtx	473	b99a18a976d877a63d786735cd47b8bf6b22898a27039e6d963ad90e40959edf
xt/61175.xtx	209	82eded32c458cfc9e858bd0c446420d9a65aa7f660301cf0ac811d4830e0ee99
xt/61176.xtx	407	fc0f36df4411413fbb1491497a464e28694d940183551593fe75567971f115a3
xt/61177.xtx	228	3d7f51ecdfacfa0681e161998526425372464f880d503d68b55ccb171911f3aa
xt/61178.xtx	210	e1ed293e147359e2a2a212e947f5ae3cbfe1da779b358e129075ddd0211ffbcf
xt/61179.xtx	286	f7a7b426fe1349dafb2c0cf92848ed87dbbaa8064bbc9a71fffb0a2f2bbb17c9
xt/61223.xtx	222	28b5dcd27aeedb27c5436099da89cebc8e192c668730cf8cb347aaed5ec3df55
xt/61224.xtx	451	1c679486abbab24f8c5bc8cac43814e38162841db11b9d1ee96c49f8a281480e
xt/61225.xtx	197	217b5114dd02313c2e99d2ca4242166f883165423d7e4da34d6e51a77a5f3328
xt/61226.xtx	182	5dc6ae98afa0fb2678fdcadc09e48ba2a9dd823245231f814bf0e6936fb53c1b
xt/61227.xtx	467	4be686a5285119317b3531d0b496838d22f4313b98f18551e2cc00ab40c2135e
xt/61228.xtx	227	b08704a2afbfc97be4baca2d0ff85db2a19f44e1b772d7642f38c76ea5f88bf4
xt/61229.xtx	268	18989c3b2fbaf4570a95ae5ea97880081065bd4f71d0bd88e7be016f702dcb1a
xt/61230.xtx	382	e9f8b485a01980d0764c55f782f03bc1780cd1b0a8c00fe85005a88578b567d1
xt/61231.xtx	168	01fea15940f23dddc5cbedc34e48d07eabb94275119eea6cb382d5e8393b36a4
xt/61232.xtx	332	652248467f9dfc371af5496fae71adaef84dcdb65fae31e5ac06b9b0068e48c2
xt/61233.xtx	171	bdd081607781104426d744c19381cb1e6711d764f2eb93d721cecd755dbcc230
xt/61234.xtx	212	a13d0f707cd4d46eb2b2b5e554c77f045598b8769576480c7e87e46112f0983b
xt/61235.xtx	268	cfec6848fb64cee08215d721be26747ddd9562d9601dc1bc8b37481eae9baea1
xt/61236.xtx	289	5c5db6acc5b28b8f466cf09e04ccfa2d839ea4bc2a19da5ba6c75ace0bb04eb3
xt/61237.xtx	202	d1f709fa52ea92464f88ff034fe4c496e5a24375c0cfe9ce00d6e9652fe1f32b
xt/61238.xtx	231	a079345fe668c119b2941c3f086bb2eb33b45d5a3f02901aee558394ab847b32
xt/61239.xtx	221	afff078bbfea27a85d0bb76220bfb924afc2798e7137a1a2d0bb863f24cf2a8d
xt/61240.xtx	194	aa511dbd8820ab3762f5d6e6d296fc7070c0c253462e8d242baee9df12a111f3
xt/61241.xtx	159	9743e31b678a5ad7ed90777ddc29112669ed2ab50112cf6e7b81112d31a8e37e
xt/61242.xtx	318	97589058da903704cbd8cddc3014d67168aac0fa460051d5aae6131d9580fba1
xt/61243.xtx	176	14a86debb41d99cb488527bbf31589d27d3847430b3a7e78be9eb637a367fd1d
xt/61244.xtx	222	1ec87d3eff5c1cac9c8952e34960e55a95c7fdfb45172caee8b0f060eeea16a0
xt/61245.xtx	178	2e8b8dc3c3e468411ba509a9156792fa7059908f134508e5ed3b919c88e88e74
xt/61246.xtx	205	274abaa4af7710a92327f023936a0c6b4dbaa6ac817a2f1819200aab019135c9
xt/61247.xtx	161	a7dbab001ed90d3d15aef41e514ad8245dcba9894f098d7f5d7bda0c9fd832e7
xt/61248.xtx	279	da321bdfc81ac8e4db12e8f42494cd76fb5fea2f722a24de7ea53bce53e67f05
xt/61249.xtx	217	72bbefefd7a25221576010dc617b27d20bc79debf20dbe5f6cc28b1ee432a1f3
xt/61250.xtx	182	8327d04c86426c3904c132f83c2a78a69802b330c7c8b8c83d3f6a6cb962fbd6
xt/61251.xtx	218	7165c17b26b44599f271d0ac28bfd633c2e2cd85b146159fb0d49f3f61684df6
xt/61252.xtx	433	8eb1f1a01af23a3b199463a9b739872aa45e870d92b234ebab947976aec529c4
xt/61253.xtx	151	65abc555674bc9bc371ccbc5f2d40a83d9061a451330aa6acb34615404fd6b46
xt/61254.xtx	278	a9bc443506833881eecf720208ebab03a51fd9ed0d7dbb6d8c7df386454d2387
xt/61255.xtx	363	89f2a543f6a66254b0ee3ae3fef9a6efe1ea531502302981432fd1df12d19ae4
xt/61256.xtx	208	097df59c0164e232aa87ac8e801884174f4cb23c853a06fe146248fa5605cb8d
xt/61257.xtx	342	1844b45b7c1a5e826b2c24abd3d04fb3d48a4540769ab155d6a871d646a66f08
xt/61258.xtx	308	e9fc00b15eb85fdb13e115c337526f2795ddc1b5a13044526ecf47cdf1698118
xt/61259.xtx	249	0db392e2b62ede8a25b094e872a715a2cda49a75cd735e2e8f464275ea57046c
xt/61260.xtx	323	b98ec026a50df6f9dd8f44a3d170be92ead76f0cd43ed3515f5ffb894b3afa72
xt/61261.xtx	320	72ab303459f5802419906a1e72f29d8931ed7449d67255941304cd66eb698be2
xt/61262.xtx	158	6081c8e07b8d238ee4f96fce101920ddc4a7114261e084551c3e3f95d8632764
xt/61263.xtx	221	8b0ecff83f4e0820992bad9eb714d49581934501e19a4b38f3cedcef54459c75
xt/61264.xtx	205	b0e90468f92a737084d484bf6573d3e6aca94ff9ea5e860c6f1db7641f15a4d1
xt/61265.xtx	240	7ecd593149a1bcf58c0d1935d17d275b07ed868d778bd39d5fc8c9c34a5e07a7
xt/61266.xtx	263	6921ff00e9ce914522d2a8aa56dd028b4f91ceb6cf3f2e62768f50704117817f
xt/61267.xtx	255	2b4d65320a6cf28730d68f64cabc8ada799abb72c3b4f128e9fde0159baa48b7
xt/61268.xtx	278	262bca7324aa7e323cb53bdb8593f8d54c4562efdeb9a8ceb1b8ccc777df865a
xt/61269.xtx	343	eb5750214fa153e79ad271b5503b48e774d0d69ce133d7bdbf7538d685f9a5b4
xt/61317.xtx	273	8910c9a0c74febfee7f0aac58351bdd2e9bc3770510796b769f8bc5c4ae03554
xt/61318.xtx	208	b8a3ac147e526913c55367373560ef5ada103bf02ee1f856ce849ee13e1f346a
xt/61320.xtx	429	1ca8a4256463301d0daefb5910b0e7361b0b8de42c1093f7a3099f07f4be963f
xt/61321.xtx	372	e5d2b8579e95026b8eb0ff9ca4f5af500f8490d25915a7318366c93347750e7a
xt/61322.xtx	248	f0a11b6df3488924b8b4a9b223a7a0030daa535136a7458d22477541c7585a0a
xt/61323.xtx	313	e9bade206d5e947defb875d39dd10f10dc4450bfd63c4bb45334ad4b45a6b3d8
xt/61324.xtx	349	31c959f3a5adfe3944e1231d527a8fa255630d4a6d041abb5ad0c25b5bddeb9c
xt/61325.xtx	343	b80adb6269503bb95b1f6d30b584a3293b72fe09703eec823ec440d6c3f02c84
xt/61326.xtx	288	98beb7d4f51f1f17664bbbed24ec16460afe53392c549a161f8ee0055145f54e
xt/61327.xtx	488	8f549311fab566bf7767e5ea2f8de706094f42bcf529ad5bf22db12411132f6d
xt/61328.xtx	313	4dc278687d40ad1a5d20ebe37ae836da611f737e3da6f0576fd07c7caa548de7
xt/61329.xtx	317	0c085be427c46ba3600ead232314d1cbbf8a7a914b962181f12ae3a683a0aa7c
xt/61330.xtx	261	6b3bfbddcee30d5f2f121804be974feea808ce52e2200a9a95f43dae483eb858
xt/61331.xtx	243	4a2cd9e123a4a1d71505f072be5a861b0b5f8373f66e156c5de6d02324dee4d9
xt/61347.xtx	252	69bc3bce84ab9fd1fe0b1d8e9afe1b6b1633a8e5818fee1f61098722b7384bff
xt/61348.xtx	223	e5dbe4ace359c1c48b16da81e4fcffcfa8114344667a18fc6bef820a785d7de3
xt/61349.xtx	239	bfabe9ce4386c78b35c871ad1fe0ff0492574eb7aca48e43c0c9638b007af46b
xt/61350.xtx	210	7142f73a4816872f314fd1048efe930e749a6a135736c9c64427d70a09fe6d26
xt/61351.xtx	385	9f123219e9d0adcd0c035a8feb0e2e9e5f594411748e6a4770a7f178ad3e5824
xt/61352.xtx	318	65e444aac45b4da71a615bbf5349ed118c7c8b91bbc279bc9a1340553ca4adc6
xt/61353.xtx	366	b6131f7c498d476d62b9b029fd37d5da6324bd59358f32d3fd140e29b0f98934
xt/61354.xtx	223	9e248f01f503aa670b1d3214cad20fa5d394ff4e4cad5a088e344bb6dc1fd6f3
xt/61355.xtx	567	66ffe57c06544b6a33d97d3ddc6032fac4fdf90faf684eac25e24733f76499de
xt/61356.xtx	1103	4453a81be201868f2f17066cd853b7282f52ed3bca64485a4d7dbce7195f4452
xt/61357.xtx	361	526d1915dc8aa544b409ba129bed1496f31e01186668649df9771e93cf5e3705
xt/61358.xtx	471	cadac845e146f1133c3d88ba780a665bc0d21fb163efa161be7e24887b51a9a8
xt/61359.xtx	447	331d00d35599900cf0348580bc8b6dcdf53bbe69b70ec3670dc9fdce866816e2
xt/61360.xtx	285	a941d44e298352a1fc082872092d59c0b7cda4922b4507801e856c94c79c63a3
xt/61361.xtx	204	3370c8bc12874a4b3ffcab35a86124f592ef8e47f5611fa650979b9166772cf5
xt/61362.xtx	246	2a0b7e80792f399730c017cf7cb8183a4fe46757de194a841d32e2f4811c8f1a
xt/61363.xtx	208	287aaa3da08701b09f2dabcbc093ecfc20bc1eacf23722e76ef5cafc319e797c
xt/61364.xtx	279	f89548bfe05937f31f79a530ae6fac2d85275fd7e97e6b39313cc2b5cbefb036
xt/61365.xtx	266	511bdb25ce33dd62ccc36e88bc0e439bfbfb129da13d91669567a47301c3ecba
xt/61366.xtx	206	7881e86900d9b783f7721dff84d9866808b3aa3c303a462ec288439e0ccf026e
xt/61367.xtx	211	af34085627d938d89c660ad3e32342b4b57d51467ad1e9450ed028def8d9f4ac
xt/61368.xtx	380	14fe9cc8c837c181e850a385079fd30d06a3c17e4e89b3437c2a5372ed453d4c
xt/61369.xtx	209	386d4dae5d288fb99fd278fa19ce8c6a22222144da15df9c67989946f4a50ce5
xt/61370.xtx	322	2544da5186cae3e70abcc0db73bba15c4e4427ddb85f321cd607ce326c6643f2
xt/61371.xtx	242	8c54a7092bc4ad0519b8b2bede9f67cf7f273abfe6158549145f97a832e13c26
xt/61372.xtx	259	1abb242380d93e4d50eebfded91dc7a304b7ee8331ea2573065ba2048f947f3d
xt/61373.xtx	201	5a85e5088806809f00ce0cc69eac292fc08849866a84d96a95be9958510a9f60
xt/61374.xtx	225	6741edf8f20072cd053a7cc7afdd4e6ca0807d3b3073810d14834dfde2a683c1
xt/61375.xtx	228	3fc6cbbbceb78fbdbd68bc0a869ae4621150ec41ff31de9252780f1f91281cc6
xt/61376.xtx	207	36899c311b00eca30e571a9acb7880ec3c825190a149d150c34a2c6a77aa919b
xt/61377.xtx	251	21608e5fe295419a1e2b0a6a63d58e029d26dabf9953d3728f479530f89273a6
xt/61378.xtx	643	46373b050fca5089ad7702b22361a738a4d8d57af96f9d7ce58c4bfb5e313796
xt/61379.xtx	490	9cdd4ea386da95a5e36e11a6c275f9046784d3b4b736589e456edd88d326561c
xt/61380.xtx	356	134664ee384208b9b73fb0f7df2eb438176269e8441fe462443600388c0c39e6
xt/61381.xtx	402	75dcf01471c83a683201e1c5c2f50945b8c9de6c3f348d8dc8c425d72731429b
xt/61382.xtx	228	fed2f0c75682e5025c300485cb3db5b986a644cc4e9c05417931870ec1523ac6
xt/61383.xtx	568	f8bf7de6a47537b89fc59bbd9b913605f512f89aa94ba3f481e313f7fdea6fed
xt/61384.xtx	448	c925a03290e024706c93c6538318bc1cf5adceab82819d14662f51550a99df9a
xt/61385.xtx	502	fe25638647c258502c9907dd41138dcd552dd6bb6ebf5fc298224044de5db4c9
xt/61386.xtx	507	71c585f854932b55ab71ffc7561ad439b65d02fa0643f44a50fad80711b53c8d
xt/61387.xtx	257	78642a49dd9d87582bcf8347dd6d6d4cad896b207defcbaea4a6064ff29d047d
xt/61388.xtx	194	4af314f1b242c032f36909c9d2bd33b1add01ebab3a46257bf978ee811321e9a
xt/61431.xtx	157	f6496d32a767d86bb44a98a1306fd44dcc6982faa660ea5c38ab7f1b91fa3b86
xt/61432.xtx	337	ca0552357b22f538819e45dc77c16660a3c289e732b4a737ea2e0fe4d1587d99
xt/61433.xtx	268	f94f86a934beba3a9d8c21c5fdd197a82668e84da1662e1beabd94240d4b7466
xt/61434.xtx	277	b903712d6da76884999de75c9c65b50950ece1082874797b276afd16742b4eaf
xt/61435.xtx	224	98c7cec19051e01705871900b5f7bfffe86ebb7ad184b47c215f2d725cb105c7
xt/61436.xtx	297	e4ac497d70e8983008b9325667ff7781b1cda97d41f7140513ab76e9de665f73
xt/61437.xtx	261	3b5c9a7f7131c017375956660971a40e05bafc391f5ac31fbafd73a8dd9ce1fc
xt/61438.xtx	228	bdd8288a7dd539d2290b787168be97da4d0eb1144eee1f0e4f3165f23cf40260
xt/61439.xtx	250	5150853332a0348d4130e37bb8863c490fefbbb31431ec89e1dbb08c86dbbd97
xt/61440.xtx	236	e9b1609d684769facc99367ad3f08651c3ec462cb829467e664eeb11efec27f9
xt/61441.xtx	188	c2408809f1d218802338d6f5da454ee687213e9c08c39cfad6329266a5d3ad31
xt/61442.xtx	331	5fcc39650150ed7a19388ba1e53791ad4936352e439ea2a61bc9eff63308eff3
xt/61443.xtx	225	a37b808215b7d50746fac6f05c979c5b323c398e357bbe22c212023ae92bbcf0
xt/61444.xtx	196	ea10b77a7e04182be440a66738678c03b85742849eeb8c7b9a0a62bcdd7e38a2
xt/61445.xtx	295	77bd4a2dc78d4c58a85684971834569b49d071c05b6e4c78373a8f2eaa12542e
xt/61446.xtx	274	f250434c9f8ed40c3af55c0d8b4adffc7ae37124f6e7a86d2ef15d06d3163f27
xt/61447.xtx	209	52cb2b3ccf1341ca9d26a55e1f0c4fffe89aaf2e9b950df8d05b7c8ef2af505b
xt/61448.xtx	228	d2777970619d266d379f06a4fef615137956019acac817372cdf9b35bb2b40fc
xt/61449.xtx	209	f8871784884de45e5e678e53d77fa17d77e8deeec423f415672fab26271d9986
xt/61450.xtx	201	f790268349bbaea62f101d2d87b15ae49623deae7a84fff0accf94c03cef2e16
xt/61451.xtx	207	4025529c6c927a9ada2fa6c05b7c2d514c626c46a72d5073bff7ddc3f0762c62
xt/61452.xtx	245	a80e604b3698daa7dfff3404983ed9d254f7105c5479b1eda1f5db232b4e816f
xt/61453.xtx	209	05d3cb1cba45087f9a306d6cc5ebd08bcc3bd96a069444cf31c7aab99a0ae536
xt/61454.xtx	217	3ea5189b88a2ed11cfae7ac6a6548cd23d20d68fac69ec66f29222bacf5c3d01
xt/61455.xtx	205	6acacb35b709ae6da7656858ef3eec71a4b88ee5461eca70f1d7aa92b56b6368
xt/61456.xtx	231	623e6af2a2967d41e0c165819d894deb2336d5756df838c10b73d0893db72bf2
xt/61457.xtx	201	b27a4b581d8c6ed208d5132716f9ee53fa1d2dba7a84d47b7347bf4fefa8bd1e
xt/61458.xtx	211	63c68557a7b16caf3dc9c06d3184e5041cb4e8c3a50539f4e4ea17adb2481e13
xt/61459.xtx	499	5fad6c7925fb731158ad94624aa974b40b5491531971cccaaf6a36bc07006190
xt/61460.xtx	145	a44ea573cfa7a4f6164420d4411b766130cee4d17595d068eaed2df90e673ca1
xt/61461.xtx	448	c38e3b93a36d118831de9812b7f6018f80cf773208a87c9fbb4d55e226978aa6
xt/61462.xtx	419	b2d3710367f5d20cc4b00cc39b1a0662e238dc2004cd26d971907e383b5f9a95
xt/61463.xtx	330	83342ef2b8917ee5cadb4ccd3e57fe5b7fc8a5ff200d3c4132bd4bef753e4e33
xt/61464.xtx	319	9f391928c6b7b6b0edef4e79d86902279e36bbd262cae8b4443f52365eb8eb8e
xt/61465.xtx	313	920448147811febda4693482d8b883c2388b525c8a7d87ab77efbb8d070113b1
xt/61466.xtx	545	024d2a3d3e53f11370f292bb9a77e8a2985329cdb69be6c45b964e6efb776cb4
xt/61467.xtx	300	42163265d3778e8b66e3d5cad23bfda30ac819dc9492ccde34e968e4354de61b
xt/61468.xtx	213	50174deac58e8167c6df35bffe41da7879c4680e03973d4051cadd35ad2f539d
xt/61470.xtx	385	2fbf2b52f037a2b0906b0a8586cce63f08ad3bad90975fd7e5f4e6b1e79f73f0
xt/61471.xtx	289	54793efbea0ec28436a56b85249b909de944d1f0da598442ab3fef896fbd0fe9
xt/61513.xtx	305	4632bbf676f33adf05ebf2f731b80c3880b9543bbf3460d68a0117f70c5f3294
xt/61514.xtx	355	bed125ef76b4de0bb650f7d67c50e7b09541e6c63a2d02177caa5b1adc147ef2
xt/61515.xtx	294	35c1936d4f17b279d403ab561b8495a083dcd875521a4fb81468ab7e30735b54
xt/61516.xtx	343	1c580e9886634a87afbadcc448f049e796ee003c9dc863c4b18f3bcc7cc8f450
xt/61517.xtx	399	65e3d4a26cc39b1e5a3bd47e151cec446ad393423db2d9e8006fe72fe9c95173
xt/61518.xtx	368	005a58a291086fd6b3e71c84122eb71f87bcec8e0c294957cd08f368fa89c919
xt/61519.xtx	263	a1f6bf5109d9cf990b604d73c9df9b9be165f60e90d14eb01646e43d85dcb786
xt/61520.xtx	357	20f9e124cfc5599f72295e29262c1396287cba153d42f0db194960c7ff0986a3
xt/61521.xtx	219	47e5db9a4956a04b7044e0aed3f7234cf3906baf59cc9d3d8b1d5a639448bc9a
xt/61522.xtx	432	4a31d6a3bf10b399119c26bf5561ce520f93eab002f4ea3b4de5285c241943d4
xt/61523.xtx	328	6f4198d754121305ae1f13fca3efe4efca5b89dd474f20099f42b5c05757204c
xt/61524.xtx	261	e265fa133ff396ba85ff50361bfaa7d14bcd18d89e46277981a6915281fe8523
xt/61525.xtx	264	c2c3203d07016890231299a72236206ac54bc5af0794eea2c09c42878afbf617
xt/61526.xtx	300	a46c56f6391859a6b2707845603d07416148421645a36ece705146da20887294
xt/61527.xtx	367	f27fe10150190099efbb65967beb065eea88850e0b5e7a4c395d441fc8063d07
xt/61528.xtx	365	4b53bd15cd9f113558b89a49391114dd5156d6e831fb8ed183893328c9601d8f
xt/61529.xtx	367	028cff6996fff023b4c7b7cf601f91732837107da4210fb760716af96cce033a
xt/61530.xtx	365	371d33f783cecde048070f559c72dd3bb1b1a559d5dfa2b7d5fbbab3f60f33d1
xt/61531.xtx	217	21d637d1c2e1cdc4653f96ba9e6b890bd77bd27cd4de45d0435b2b8622c4d7c3
xt/61532.xtx	336	0394a3763f875f05a8fb646932265290e392b8c2059ab17c46f88d1af00bcf85
xt/61533.xtx	210	2b2070abbcb78f82b6b9925a31bee8ed050ae81860e816b6a886c39fffeb20b2
xt/61534.xtx	285	f250594a1206dbdd59770268417c734da1c24246ecf17d885356be0759e8052d
xt/61535.xtx	232	481410ed4bf8f0b6e621854abc6da3f1972134da27a3d1c643529caf0ecc92fb
xt/61536.xtx	341	7e7eb4c5f2718caa1151dd41023ad095b8244563c36eb95ddbe2b98b91fa114a
xt/61537.xtx	217	21d637d1c2e1cdc4653f96ba9e6b890bd77bd27cd4de45d0435b2b8622c4d7c3
xt/61538.xtx	239	6a2dcbdc19c4169c75b52f0820ee32537a03895f5c2f37df5751d1f6cedd2f52
xt/61539.xtx	237	d4649aeb0dc1ee32f4e86a21cd865d864ca2332f8c0fe852df90647bc5d3de27
xt/61540.xtx	213	6c84ba9ee3c87d0a92ad31ce002327ca262bba4fac2a025d16773a53b0210851
xt/61541.xtx	242	2f8ef8bccdf9a0d3fbf5040c0ec0d4c68f5db3b42ce0bbac83f6b76d1425168b
xt/61542.xtx	463	96fb6842b0f802e6f783d2c65854397d41d64667f131e3f24581a0c628387356
xt/61543.xtx	420	03d653c691f17c5ce11f309814a17e46452df568965a9efe531414ffce7e5f79
xt/61544.xtx	428	e1acbf36a85732476b8bedbfdf149a769b1e0296e0e3f78121ec0d88975d0a1f
xt/61545.xtx	340	aefc876255777a9b731ce42aad544fcc0891c79066c8d5aed58583d930391172
xt/61546.xtx	408	defcceb411a1f12459beea96f6864e42dbfc4e97f9c7e83911beb59eb863e1cc
xt/61547.xtx	431	77b4244301d2adc1962563ac7694346346ee56a8fa165a6e3d6032a7b6559064
xt/61548.xtx	285	7dd1858592d7b6f17a02a96ce8664bc838e0ec6503914a460f70e7c345b4d0b6
xt/61549.xtx	331	3d650ef022a27ab0cf56f72caf6a50f8a4cb71bff7f926e8b78f9778502acebe
xt/61550.xtx	413	0e7bd6f91b8b2a7257d4a861bfa85b5b04375295a1f5f31b69ac0dfceba78ae5
xt/61551.xtx	266	d2ac0a5f50064aa06ea80819039be03924709229e1fc7b4a3219c715f11fbaa6
xt/61552.xtx	255	08be7c9c7b70ed67488180a26efa21ae19e56c40f9d1f176bf83a3612a3a66d0
xt/61553.xtx	306	c2cbbdf9b5e49744144a932432a23a793aa5d8f047ebe1cd091d8c198046795b
xt/61554.xtx	268	a81e890760fe02577a4fa5d0971157574649023da328b594d0646585a9e114b6
xt/61555.xtx	557	1fc39265d851b534040505238e1a83033eb748229cd4b4c45f53cfc19606c0e9
xt/61556.xtx	273	25bd5bafa622c8c38e438d602fd0fb241a1572311dd87513890ac1345d2f2ea3
xt/61557.xtx	341	722b2137cbc230578e90d217d5f91a6156fabdf3f4d01f01c5dfc1a8325880c4
xt/61558.xtx	297	1134cdde73a45913730808647bf396c2b544722f0ca3bf0b6f1b94079dace282
xt/61559.xtx	338	91379d05b3acf5d9f02c9db58257924047c027ff1f5c89c3d03a3f050aba3127
xt/61607.xtx	340	da8169359bc3ed22acbfa104e0490b8f50af169c7159de125d5170b1c3ac863f
xt/61608.xtx	549	6fcaea581f9ec3ccab73a8f551ddb607629f40c2b3503c976cf794fba5924498
xt/61609.xtx	300	dd64f98d464d6025da53837612b81ba839efd078dee0ca27d88dfe4aa2433c08
xt/61610.xtx	426	7fc4595ae623d79310ab1203cbc14e6ac3d7b6228ef11180e96568869a93bcfe
xt/61611.xtx	298	dad75bf9666cef586b29b34d7ab655937f0f825d0ebf1f0ec61b1bda2dc6eefa
xt/61612.xtx	364	0c19fc4665459cae0fc9ba7fcc31595554c3883628e9c725328b0ddfbeb7cf94
xt/61613.xtx	611	fca1f495a4d4936b5e4f2bfcb7ef84cfd1080708fba2fdd9046f5d70e5f2b06c
xt/61614.xtx	284	d09eff8aaf6dcac80accca31115cb3ce54b3d3649c7b12dadd874423ab66be13
xt/61615.xtx	280	03cc7a7cefedec20c7a56aec93142b13f5b23dd8e7a094edf400b406f4e3d738
xt/61616.xtx	319	cb3741b3537cd0efa732bd58c07057f1da04df5e998b572cde4317bd91bfc4e0
xt/61617.xtx	266	a1d6b27d965281a5842953c92ffc97d98fbd78a1f464c33bcb019e0cf1374d99
xt/61618.xtx	341	e48e437c1ca521444f202de7fa7364a1de63286784d1af914016a1926881e079
xt/61619.xtx	452	908c6b07682a1a925a44b0476949d05b2ee89f394f8941ef125e70362957d2af
xt/61620.xtx	271	5e3195760f8f00337f4116fe37ab8ffd2e23f89a028740cdea59e05808758352
xt/61621.xtx	231	941d53b5e93741f4d7f82de4f06a2259a1684275a359d0aef11f4a473d9be7fe
xt/61622.xtx	206	90825a5daa23fe3796b91c9866017f08491fc23c86039d5f03541f2d4106df3a
xt/61623.xtx	251	bb31ccab09e4dac8305227c9e1a222e4474755b9bff80f086acb47616f3af286
xt/61624.xtx	211	2fb961508a11503b721ecb20f93154fd026992cb96d53d00c5e9ebbef2d7b533
xt/61625.xtx	223	621e767287d3a5c12c78d027b4487dc0bea5e1dab1f3d580dfd1ef38d34f0013
xt/61626.xtx	275	57a71e0ccb4007bea0887c6cb77c3e3cc67497051a89e1e80f6a81b4b80ffdd7
xt/61627.xtx	270	fa4517cfc202a81768a3de58554394f8e9c7f63b4d4fd218cfa812d3466e94c2
xt/61628.xtx	257	d39d783301e737fb53db93add76228228d28e776cbd3ff6b2afe887ec6a3622d
xt/61629.xtx	243	bb4948e4e9756c1aa32faed7167fdf0bd7db87bace5f2dc962bda6ca7695bf1f
xt/61630.xtx	234	a984aacc3f6459183ec355f2b7858cb99b6a4be7b621cdd5c6456cd3c0295679
xt/61631.xtx	240	a4a1579c26bbc909603f8381a86da02204e0fe6d59fb957413a5b4fe81b54f8e
xt/61632.xtx	311	045e594b62f93796ee402acf709be6d71558b3e866d7b168338c9fb5bce7f09b
xt/61633.xtx	295	734408559feb04359d5f136d72a460d2a025033642d5a7aef177ef1887fe2b8b
xt/61634.xtx	271	9cbaf866734e4537c539c4e245cc0d27289cf3a76f5bee7404fbb874a2cd094e
xt/61635.xtx	358	914a1fbcc5d713c16e5d9a14e78dcf4c66631114c179f4b0786eccb3a4cf1097
xt/61636.xtx	269	44fcb3187c497497c5f9e2039b4ecd82ce42f47fab3442985a95c40e718ec15e
xt/61637.xtx	308	1124ba17cba4da80c59bb778cd7077cb52a5acfde656e2879b401a8b0f9dcbef
xt/61638.xtx	216	107988bab632388537e152b7328e5b908bb60d53de06c4c880c4d718ae38605f
xt/61639.xtx	287	556bcb85b2516a1cd0a255a42256d09ccf4e79e08136693bb9999438410a290e
xt/61640.xtx	345	71aa78592986ad2d32b8cfe0fd1ea7a68eda13663ec4724dbeecc249d6591fbc
xt/61641.xtx	297	2b5b7aae5db2ccc7b96f1855caa0202d6b520080b1abef1669690a4374196c52
xt/61642.xtx	305	bf5cbda4c48a17c2d5d1676103eb90e19f732f0aed7375b1faffff509b8ba4a0
xt/61643.xtx	371	648c04f0ebfb73ed84898e89ecb0ad79f26cfa2529e37e0f98dbb127b1f429d0
xt/61644.xtx	237	0f993bd569431ecde9da56240c4b65f085328a865b918428738c59008913f774
xt/61645.xtx	268	9567c5b441496abc5b2ee773831d9e620cd7d4d5374bbd357439af52ce9ca0e1
xt/61646.xtx	267	e12d00fe863208c4e33724389ad02242b8920c1995598ad1a4872b7e5d6e5636
xt/61647.xtx	253	2a93ecc3e20d93d829be3103898a9e27f6cd3b0c5988b357a26b93363af01e8c
xt/61648.xtx	284	0368a5bd60a6223c9616270e52d635129cac36faea24e0b90e29ebc0c83b7af6
xt/61649.xtx	320	87bd3ccbf396cd73e998b1dbb9bd9d677edcbf74a07ac0ae00fc6a78a90dbebd
xt/61650.xtx	275	42e7ec77783dcb25f7ed9694be7f1771bbc63445e598ca4320c50d4b8780243f
xt/61651.xtx	225	b7b1a03b66c039c32367e38e8ff3fe07c82552169bbde560a5fc5471424bc66e
xt/61652.xtx	286	60b9385d6e7255ec4fe2a5dde281fe8e46df42d5994893ee22a8515053d593d1
xt/61765.xtx	322	7af59da71d9be8575cfa875a294f56d8684aad6394d2cb6b1acfa92773100f3b
xt/61766.xtx	752	08a30148954f94b823b34c561fde829ad21e8248e3b135b9f403b2cdacaa1e18
xt/61767.xtx	1127	84bcfb8625f3f754fc6bd22240ddd2e67329cfcb30ccbd1ffd65bf7348177d49
xt/61768.xtx	764	1dd380be677c2d84431f8cf5cdb6744b64748b3410f80b9497bc89dc437278e4
xt/61769.xtx	764	1dd380be677c2d84431f8cf5cdb6744b64748b3410f80b9497bc89dc437278e4
xt/61770.xtx	855	ab45e8a582cda03845e4b15a9780540ce544bf6f8b548c082681401a40fea42a
xt/61771.xtx	487	5fbfdc5f8cd8fe01fa8305975db6f3655f67fd81066bd2fab8a1e63c0ccd51d1
xt/61772.xtx	812	dac77fa7889072f6d7f2082ba82dfcab98de19126d3d745d38ca35a348f3f4b3
xt/61773.xtx	247	0bf180e452b089d17d678c19f17b20cf874a5b15cac098d3daae2f430803b3a3
xt/61774.xtx	1648	95ab3d85b6e11f31f0ef015d6fc2de379f7d3380e99f24d631a91c932d4b1919
xt/61775.xtx	723	bc0ee1abccda8a1123d96327a2e450c9f38be10ab3688fff2da45861e2577cf2
xt/61776.xtx	227	0941b8f6aad0754896aa4d7b1f6531e59d1f6a7cd73c32816554d67d49061604
xt/62868.xtx	248	2381b11b0cbf98ca97d6525be7b9d387105e69510ecb6e4d86178602a175e577
xt/62870.xtx	217	59378289ff51027e7ea631258384b19d75e5a009e14240f3a988ba3c9fcb05f6
xt/62872.xtx	276	74ec1c50d7ed4d1349f5ba7e2c1cb98c38228bb246a4c0903488610792bd9f94
xt/63271.xtx	221	fe197b06827250b6beebb6b01a80b9cb475090834b604498e17c2e4447459a41
xt/63302.xtx	252	33dd1e394e8acded421a0003924d92977400bfde45505111e346df69e596c7d3
xt/63326.xtx	375	539816e2b6f61175e07dfbb294aea83a10abd21c9be841e17d4eb6b8c11513c1
xt/63329.xtx	402	e62b553143b5bcf592cda81c144d3779cbb287fa460c355c8de67e218786823a
xt/63332.xtx	474	36a09acb4e8814ed70efbb733a8cc16872caf258cce1a4f36d90331febfb54da
xt/63338.xtx	402	34c48072cf46f78a413596f42d8070c33236b990db9f9cebb0ecab4d8fc8d303
xt/63340.xtx	286	bda3290ea56f77a284346f5d98e8b4a1e73e07744d1fd4636cbd02df55d25e80
xt/63344.xtx	483	c135fd0050d1e856fa5d935db146d17a28a8e8f86664ad4546f09708621afe8a
xt/63354.xtx	279	cfcfd69758a4164d26d73349b07851405fea4f9f2e9587044b9b2c918e0edf0e
xt/63356.xtx	429	4853de8c2f9372f0195aaa634918f12e8866733afe0c879555c2d88dbc3572bb
xt/63360.xtx	285	2cbba8331a46184d6e4e39547ef54d801131c72781a33453b85638b49aa54d2c
xt/63364.xtx	529	0a118245d9154a223ca3ad3df6b73b5fd66172d60076df92292300003c961ca2
xt/63366.xtx	569	76cbeb30bb7510e68be839b4dacb9a33058330caa5bcd5648a68d280a76da156
xt/63372.xtx	280	38121509f81bed5dc387f68017966d5844fa0a99dca038912280b6b7437e5c2d
xt/63377.xtx	316	f8b6fb4f8511876cff88e00dbd902a90ab8b8fb0d25805b4ba5399016b2d63be
xt/63383.xtx	475	36f2d9ccbd36f7e7a1d3331a6a770e81851a9c32014af79f3a3f2411b9a78375
xt/63385.xtx	208	574c14ec499d5af4c76c5910819e039c4aca9a7e442c91709dbf9e07f05d8218
xt/63672.xtx	204	482b011b7bca40a70d06dda0ca8de597d182ae01931ff1cdfb2ff7a21f01d790
xt/63682.xtx	203	9002172080685b8b3e73815391d4dee4e457398a2ed70b880c76e79000ef5afd
xt/64497.xtx	178	beb51b23e0bb8ece5a59c8ccd24bd82656bd5a208114e2fad76652722d89433a
xt/64498.xtx	257	cd36b33e4d25745c68465fdeccf30465e67fa1fc62a10fd092a89cc78506cb6d
xt/64499.xtx	197	e9877b665568608ff149dc0bc403252ad060fa25ccc40990bd46ae46a708e4b2
xt/64500.xtx	180	3d61542183933034535645471b49bdb338f8c7e328bdd5bb25de465001ad9c9c
xt/64501.xtx	198	363a1089fe75a3eeeaaaab34128085a343ca411edd2e02dc522a8591ef8d2778
xt/64502.xtx	220	e1d628ba9a42d39ab05da6ca168e686c581214ca2a4c3c6a51f98b9e5068074a
xt/64503.xtx	220	e1d628ba9a42d39ab05da6ca168e686c581214ca2a4c3c6a51f98b9e5068074a
xt/64504.xtx	204	4b7f68c720b01df5e0105955e1db91e78f8b39b8e9fbcb73998a02d5975f81fe
xt/64505.xtx	278	ef9dace01600efb03163c4dae1a1b5a5f10b299f8859d1927015ec937533a3ff
xt/64506.xtx	215	45a3a98a20130a69736505c27e5b3686b4e92d6ac479c93f7abab494974f243a
xt/64507.xtx	247	c9f8a613315f12585cfc63ffded69486decb84f2702721d203661c4c8f59ca6b
xt/64508.xtx	217	7b99be0c95fdad3c8553cb70234e417deda3c5995323895a33f2947e2311b93c
xt/64509.xtx	182	acafc28334d726eb6a4735b97c02f9249b213645789114ec156f95106bcc3d69
xt/64524.xtx	669	648775b65dea1232e32826e1e8891ae674323572234cb9e447a8167fdeaf2d27
xt/64525.xtx	375	f245d5bf8573c2cd138b32989c023711d2686b515877a08818829d4592907569
xt/64526.xtx	944	7e345ff555cbc2da374ffa938139a010ce90cba96d82fdd661d3810df1371754
xt/64527.xtx	301	6c699e9e63d03a2fe7bdd061050361b0f511e2b244712a7c33f41b643f583a79
xt/64528.xtx	2458	0aa64dbf571f74a2fb7d1a5851f794af4d586044970fb48a2dfb7098ec5e083b
xt/64529.xtx	608	edf0c4b2b1e467d78668c06954ae0209590b1ba26e07f96817552c39d3d62ac8
xt/64530.xtx	465	2d5397378acf09ba9f7f37074637502389b28b1458fde08e3cf1dc43005e9aa5
xt/64531.xtx	1225	abdb6ed52316f75080e48e33afa724b50c80b60505fcf70f45d0e818a079088d
xt/64540.xtx	452	f5603c1a37d4be9b29ee3bb863bfaf8291eb790301c2c049ce23e07fb43381f1
xt/64541.xtx	641	7699f7e98a395261c87ea2743d9dfa64fd46f60d37553c5fe9beb84e2b97659b
xt/64543.xtx	495	545bab0bf05e5d4a6b5b86a458f4dce976935e512d73d59fb5c45369518309bd
xt/64544.xtx	461	c19335d2f05f3b2f421e35fd4d488898d45a54f805b98a49aca2476442d295b6
xt/64546.xtx	421	299c3bd5cad11f633dbbe257c4c41fbfa7b17d87cba44ec39f93b76a3f22c7b4
xt/64548.xtx	484	24ad9c09adf7e74d68ba6ec697eb1732450bda491af16582f68ae3121fcb2106
xt/64549.xtx	424	3333380689ce4c480e4641c8c9cbfcb55ed2905df22042d78cdcc2500a60047a
xt/64551.xtx	723	551160ae8860b2556b10d0b0ac395e8549c566479ac20cde68ea933dcea57f6d
xt/64552.xtx	380	c2ce0920e8baf33aaa831e5b7fb347a0797b294adae50ffd5ed0aeff298b99e3
xt/64553.xtx	527	2fa6a9d628c59ba7cb26617a4ff0a32eae6afacf89378fd9233570c78ae58ec1
xt/64554.xtx	96	2a6ac860c607f81bd4d2651736bca683c2812e408b362c80367953636b36a078
xt/64555.xtx	412	b4f13dfdfe7286f2c118b7239f34c47c64a0c9f3710dfe62bfd5463ec4b04c55
xt/64556.xtx	711	ecc5db29927ee298e71ccdb8519793ae3ab542b7aedfb94e2f2fe84b7796fd71
xt/64557.xtx	417	ea0ea7344555695baee02683494384a97f7230da272b7e5a8b0dbfd5a6f5b9d3
xt/64558.xtx	415	d87156b2987e2e17f4656b5ba69f49597771fed21ae564a5b0331084986f79c7
xt/64559.xtx	399	8815ec7dfbf898066a2fcd6ab6f24a1b35be165f384a6cab28f60603d1886b70
xt/64560.xtx	377	702d8e519c9f757c5e96993d95af03806c721b17447ff54afde76b682472d598
xt/64586.xtx	257	cd36b33e4d25745c68465fdeccf30465e67fa1fc62a10fd092a89cc78506cb6d
xt/64587.xtx	223	e43c529bb384ff0e7abb1d5293d555f953a3246bbbafd838219147fccc486679
xt/64588.xtx	215	0fdef36f28f011a06d55ff004466c6b20dcd3afeabdc44eb88b6246614cb7687
xt/80249.xtx	288	07a8268ffc750f8f473f58d7fdae906ca64727135505d991db317344865ecfdf
xt/80887.xtx	688	0e063d42df1fb022f2c6b311686bcd68c78e810d456c813a7579f4b1c362afc4
xt/80889.xtx	693	eed99784c6ed3e52534e1c54201d47729cc3e228e7df72c8ff8017292779c972
xt/80891.xtx	706	d5fd7b2d5a50e136716b1d1415975da4638c8ecaffa28a688c1d692615d929bf
xt/80893.xtx	717	8bad1591226f9c28d6b43bae26185b64e0969ffd95ab71a3f1a3ff72fb0d0622
xt/80895.xtx	659	5ae09accb63459a4a8b52d068046bdaddcbd065bc0066f97906639574bcce30c
xt/80897.xtx	712	bd0890e58bf01b8716df6b8d8c14234885d8037e306d9dd9d211586cc24f236c
xt/80900.xtx	702	c6f0e0b3373a0472ae83f227d1c0bf3f42f840c9dbd04f2ef4674d7bc75129d0
xt/80902.xtx	740	d3306955bcfabc39b67a9ee6985172457c9ef88e98671dc0673cf889c1642d42
xt/80910.xtx	609	63a236176a8545b5f129e0ba2f7ce98e45eaf01df831b6aec4e6da74c8bc6abd
xt/80912.xtx	465	c685d02df200d0466083101ff9b7b1625c21b256ace62a314af17469995ed3eb
xt/81279.xtx	459	80e3b271ba38ecb31fab5435ff3a9ac3c5fe418e77e16450da71b77181637ccd
xt/81280.xtx	505	e88b1f836607e0ff51fe058690a97d200cfee9331e312f03b7c38fff28f5233c
xt/81304.xtx	519	eee5fc14f2d4fdc02961b6ce3bc474bb4e1617cae5158c661b90565cbbf0cd0a
xt/81305.xtx	262	6681684cbf0440b51a8a906a77343b3bad7362a6a2918174f3e7a1957de50d1f
xt/81306.xtx	397	7747a7a73e968c18e0e604363fb33f611a927d6f1eee7f928d9edf36da63afab
xt/81307.xtx	384	0be2ba41eb588a6abb1d4568bd48345b47aced819fd25c1b3e6e9d21892fd8bf
xt/81308.xtx	243	f9e8d4433e8ed21fd10d7997dbbbca75ab755750be0a1e265126686374cea041
xt/81309.xtx	216	95fb23fe774349ca766192843ae7b75f01bfef29222094a338049e35d9635f2b
xt/81310.xtx	630	5f5dbdb37bdcf4f25cd8e4bd9e96fa079d552d5121584304ad333e12c2da51bf
xt/81311.xtx	792	00c02f0749d5fc3e290b7fa1a7ce546ffa9fe90ffd21e9a9a04a72ce0edff80b
xt/81320.xtx	1599	5c3cd669d422bfe5487fc5b75ea545b36a0e272e608084027015114bada17a43
xt/81321.xtx	1578	b527c3992ca9f9aa983c11ac17d6cf33a1d2f60b2cbeb6c55dd62896104e1d90
xt/83891.xtx	758	ee90df4f19154e5712e0e82455b14bcc9aa0c96e84352e5cfec5648a0cf59135
xt/86072.xtx	254	54d960d1bcc460ed75eb53598ab11c66486198f9f4e6a338f3c06cd1fd9754c3
xt/86074.xtx	96	38c61d7bd97479381aa6c42372b530adc2ae9ee63b006951f79516c8777c956c
xt/86076.xtx	378	90e3cb64392cb92daa33018a76e382a768d78fc32c62257123b00babc4c9d780
xt/86078.xtx	284	7df2d7c473b833471a6e55ed32623980a29d6b884396b7051982854ce43d806b
xt/86080.xtx	616	507ade972e121829d05c42c7b50917ab1efc8144043161f135a4073697f1f3a0
xt/86082.xtx	13	2ab64517020b392a9fc812ab964a92701d227470faa4b5a000f005f65df742f3
xt/86084.xtx	13	2ab64517020b392a9fc812ab964a92701d227470faa4b5a000f005f65df742f3
xt/86086.xtx	249	2a8b6cf26461a5c523f72d506a3c1446531e57967925be241d99f8dc3d76111f
xt/86088.xtx	486	87db48a42dd50e3ed93e380d380e1d34f5dbf1152a191a479ff85dd6d372f060
xt/86090.xtx	14	a7d6fc2c8a9bc1f9958929d73424e5d1bca8b4cd1bde40d86262d2f2618ad4ba
xt/86092.xtx	13	2ab64517020b392a9fc812ab964a92701d227470faa4b5a000f005f65df742f3
xt/86094.xtx	257	a34442370cc9f42d9515e5a3582bcfd23b575c048695e7c29cb4a6acb15eafdc
xt/86096.xtx	1099	a46ed74067b8f662af91b3b560eca916d491eab1b3592cb6c3f5dd7e4623dbd8
xt/86098.xtx	106	dbb605bbc19e1e7ef641947a539dc4a429810ef6d566d44189f8a0fe84591e89
xt/86100.xtx	385	a94eb0ff9441ac0ec91d99bf9237de1fcf8b660c7d4c7e6e3a0e707e996bd066
xt/86102.xtx	403	67a1eaa1dec64883fb6c64af0be134b1ed85a5cf921960ff35bf3e7f9e7e0842
xt/86104.xtx	269	325cb5b294a68e7a6b17b28978c232f0e34679489568c7b23af7c4ae0d7ea55b
xt/86106.xtx	51	dd6066a3774402578191ccd352791dd767aee38042a0dea527b81296b6dcfeaa
xt/86108.xtx	413	4a78e725bfaecef98198358c5d595966b068e2109e48f3e8e3aa609cdd517f76
xt/86110.xtx	298	3637538707960b210d4da74faa684bf76b2b267b50e9301a48b87b6531c14633
xt/86112.xtx	14	a7d6fc2c8a9bc1f9958929d73424e5d1bca8b4cd1bde40d86262d2f2618ad4ba
xt/86247.xtx	538	d564801c992fe8485f550fb962d4e9c32dad5fb80d1b15d8e631dd1767861a5f
xt/87887.xtx	373	2e860d6c18c3ce1b39ebcb210ace69c924b477aee088773c93ef78d01c2cf55c
xt/88440.xtx	386	e24ea581aed0bce77f1ffd742b31b1c9c0a18e46afb47e9fb478d4e7b889c968
xt/88643.xtx	618	e56fbcec9a64e50ccfc0cd84cacc8dea71db2b637e8c712043b6992b2a5ae052
xt/88652.xtx	136	71a5a6b0f935e286cf9323b8cb4716d0c1a94f59576e03b7c1d8992ef5aca190
xt/89077.xtx	221	d8d570c37a1144d1630002628778babb373eaeea6065f20242d0afddeb3e37b0
xt/90727.xtx	1701	d3619c99330a622d87d90d921f6b12d2bbb158efccb6b55a3f6947819abecdd0
xt/91101.xtx	1611	b0b8ad1fe26e6c4932ad68a1fe8488b3df310bc71bb97800b23a799724a3a3ef
xt/91103.xtx	861	cae1987209370ecbb63baf06dcfa224c821d459673fc2d179d4b2edf4d6e6ed3
xt/91105.xtx	880	60784f7b66208e3400f90799f1eb0e7789acb7b3c2780e1c23599530f834c8ec
xt/91107.xtx	2092	482533ae251dbb661048b7a8e86bebfcc3ace91987a4b1de30ed1fab441a3025
xt/91109.xtx	856	b788361a0cb171d0fe30768938c09b59f20df0291f97effbbe9ebaf599a43edd
xt/91111.xtx	802	a5e516fa52b5b2cad913e9719f4d9d85b04baff7f0cc61cc549f958a674d760c
xv/17923.xmv	8554329	89de7c72b65d40a40d4a151580595c10aadee12e1c9e59d3088ba68367f54933
xv/19650.xmv	8794671	a8c1fb0f819064ccb54b5bdc2bd32bc7d83d8ef1395378f25f707d87d1f26fec
xv/19652.xmv	19530357	e3551b07977160c35150c14e1fe556e3e7ac88ca753d48895029c466366e905a
xv/19654.xmv	5543885	a488eb1e818b7bf2b8d95ab9a519ca42d70a19622697895f2da105e1390ca830
xv/19656.xmv	2087958	1df1a5bef2aacb717fec69ce2d21910c26538d6d43bae616c9ad2e79800bd74a
xv/19666.xmv	6310217	bd16e556c614c43a02a6922728acc30bc14f17f5085c648775bd88c6e412db6e
xv/19668.xmv	34838727	9664e58acc1b922c24fb00938de5e0ac63481f3c734e1686fe36c3a4f9c23254
xv/19672.hot	188	2103f976e0fad4e6321f31020bc3e03739fe37741b12fd0cd1bfcc25463efcc5
xv/19672.xmv	5377858	b6fc01d57c935252fd6745d0bfef7a39d20814b13d36c15c42e1f75982bf2043
xv/19674.hot	168	365537fce88f7f907ddf6c7a12cc022319358a7ab9705a329c82ad7e55e52547
xv/19674.xmv	3235755	7e212c4342bcce678a4681cc873b5cc26dcf590443fbe2fee9be2bbebd051a24
xv/19676.hot	48	dffb424c19f9a7f0298c112a78a3b36655abd9eca7a4b245bd66dd53d9df8273
xv/19676.xmv	2872272	1d0b238389fa42084884e60043db012068dea9ee5075f9a0afd7892a2fcc0ab7
xv/19678.hot	48	2f794e11a910bd617a7b0c8da5789363338df772be545f8631589e4d73a1bcc2
xv/19678.xmv	2957108	e8cf2650232b85cb161185ec641028f1a24fc1f89ec02bb5472cd3f0d831c9fb
xv/19680.hot	48	d2462ef861fac15562a1d72058068d7c5465520a4eecb0a2043ac1e078ba36c0
xv/19680.xmv	2172819	ab84948bef8a1fbf5672c41af1a4d1f26ec56173bfcf1c0b52e79352376b4240
xv/19682.xmv	2807586	a84ef176248cdefa9965513e95d66fed64634204e34213b2e83f26f6926ded12
xv/19684.xmv	12231117	aaf873af38284ea70f36f81c178b2ec94da201cafd02bde5e481288e0d7adfc6
xv/19688.xmv	7236854	bc562a7009341b707ebe9876a997fdb3ab6ae96b8b2926c8c7b302b29213e569
xv/19698.hot	28	0879b544adfad2502d1d0169a6cae3e85e27947b32c60c3eae9f89f90659559a
xv/19698.xmv	2329875	10bf58613ac3d3d6be5cc04f731be0b0d543bbfa9cc392d47eb955b2439bd63f
xv/19702.xmv	941193	6b4206465d0003994919c512c42f5e2dfb45d9f17c645442997c07f1c196cab9
xv/19706.hot	48	d931a1d8fcbf1cd66ee0b39c9a819abd54a73441510401cb07a0affa5017cbba
xv/19706.xmv	4461492	93a33766bbe38ab7adcb960369421890ae4249eabfcaf4510616e87b4244f65d
xv/19708.hot	48	619f369b1b6e64f4682905365723247b045bd941a0f84c2e76f5cb98e82c3517
xv/19708.xmv	4106172	bfbe7830af1e2224d0e4a4939a3d25fb0a8211489479c802ff5de62adf181cf8
xv/19710.hot	88	e72dc3c0fbf4e287cd8944a34ab72f20c4a8bdfde1523b39314c6a1823923522
xv/19710.xmv	2382984	f9d1dd25320dfa7a9849de05e51bd344c40ba5950b9171c090abea592dd9d3fc
xv/19712.hot	28	f236a61b9ff1448be9ac845e026f3d226321f75090cee7f4d087a3ccbbd5e107
xv/19712.xmv	1059564	fea6b43710070a10e82f876ac337273531cde5866a44f2d2792a470b1fd2af7a
xv/19714.hot	48	dccd344b112df20d7f2c041e902e63513672fd84fdf5e28d65a7ba7d44686ed1
xv/19714.xmv	2821931	515ff896c1fe18f69a33d29c379b5fcac47bfcb975551e1d81b664c5f3ac0353
xv/19716.hot	68	2743badbc47eacaf60e12cb80a8b88e0b54bd78de60f6657dde9c14fccac2703
xv/19716.xmv	1850281	59c5bf96676497d623f2b6d6c0a30f695955369a2b742a9438ccba831d0d5402
xv/19718.hot	48	c50726d03948f2e5e54bc8d460cc135eea937a64c1deaac101877b3a11f928a2
xv/19718.xmv	1762800	e3243f0e2a61fba205e778fd94365642a282e71d9c22bc125dc1b1a639954c08
xv/19720.hot	28	e6d36429a37a118306feb5e086ee8cc6dbb15ac4567b2ae7dc6d7f52e181432a
xv/19720.xmv	1092782	c1380147fc93590003390f0cca36929d98d702513e3223ec6fb7d7793e26d712
xv/19722.hot	28	d922d18df9ea7a6599d30bd3b1a02019783f0e9dfa57bf25e6b416091c7ad5b1
xv/19722.xmv	1265623	c962bfb722aaed3d6f607570e652a8e4d797faac02f34a7fddb757a26908d5fc
xv/19724.hot	88	8d6e94bfd537e4b23204e288d840f9a5f97a4a3129d06810e373f72ba248f5f7
xv/19724.xmv	3450834	0e09f7e698090222a471dc01d4bfa79969853fad71687e378aa64d108a74ddbc
xv/19726.hot	28	9a7be8d3a803d0967c966b79d9a9da4bf59274d7dbb974443a3b2160dfaa116f
xv/19726.xmv	899871	2fcc6f6b02be61a9fe19fd4006199fe11373ea0891a8bfe83a62b3a205168a05
xv/19728.hot	128	24204eb68db98dad5562da0ab46fd81a0d4ce73a54fbd3872c277423d08e889b
xv/19728.xmv	3711549	8ef0963747137cfee4be84d667b72afe57807bbc94b0c5fcb1e2d8998829332e
xv/19730.hot	88	a00e26fa6a2d6ceec7879a72ca76f46371c2b9a3cc4173ae46b2060431cf4db4
xv/19730.xmv	4948940	f0b4d1f79b5fd5eb371b27bc628e3bc414c25f31c460a2b3a4561da7f272ddef
xv/19732.hot	88	42fde25b318edb8369457fc54e3d08408b83602b53a261bee0da28630992d458
xv/19732.xmv	6429432	30a20a0fd9177c7043109e306050898ddb2bf55b3b2873beffadea6247cf5529
xv/19734.hot	228	75f7402c0d43960a35864e0b27ff01c56921ef6e5a1a44db5419943ae8e62d1d
xv/19734.xmv	16089950	ff2be436bd85a7536dc171001890b914f28f091e3cf99ffa3d1dc4bb13e50985
xv/19736.hot	28	6a14153bd0d12e395bbaed0f87263522598914ba8ce652cf9abdeab052aad4d7
xv/19736.xmv	2177891	a4992b348e0738dd3c42e58a2fb414fb5bcc7449ee91cc2d5b24f2bfb472b39d
xv/19738.xmv	598324	d2ce6bec53b847b0d5d0230b9db86479326b45b85c7b28b2760bfa5a8fede50a
xv/19740.xmv	447634	30036f1c5da2fb9e3c38cb7e9772588426241b53828cd5efe6fb917181f047b2
xv/19744.xmv	669672	766a27a53711e699b67befaf939343cf5aee0dc7a73b36104e36a4db65705deb
xv/19746.hot	28	eae35acdece450409637c7c3349822a6bf2f1f2b218b58b9cb0397d23ebf2570
xv/19746.xmv	938292	1d29b93283e6ff57ddc385a8c21a7ce326f61aec9f8a33add9115bffb0ff1920
xv/19748.hot	28	77c74aadf11020702e3729d6ce684d09fcde73a4b1132d504affc9561abdf8a4
xv/19748.xmv	1333972	e210fb17ed150692c73c9922480d9e1be6a32f6dca251bc15665ee7cb4bf2853
xv/19750.hot	28	a515f7a7019c019d4414ea08bc0833e7585b10855b81e540f148220135929725
xv/19750.xmv	635236	2369eb22f195b5a8a843719918d005eaae1d7deff9b7c67f68728a2321da8a81
xv/19752.hot	28	622e0968e7b8c5deb06dc805940880689ca59a6a7b0a516a93e46416c300e4fe
xv/19752.xmv	1646552	b1a969dbb043bc52e970348e1b17638593dd6b92c3771f50b19767fddad879ea
xv/19754.hot	68	4e85753d5e158aa9e1a97cb4cc17f10b90224cebf230dfda38dc35455c7e4944
xv/19754.xmv	2189404	2f3ed89c4899aba9638eac9fcdbf59d76082bbb28f9152980e5fb56807b72a3f
xv/19756.hot	28	1db585059045c93a720e29114ccce38c9a30fff5f9c2dd929871c7b54a1df2e3
xv/19756.xmv	749066	faedddd66f3510bb84d0befef2ed075950f60f8dd68ac3a2b65c890176b62e71
xv/19758.hot	28	9b7f39909b9d426c3f91af8a7a7348709c31cfc0e69310598c968ddbfda9ea1c
xv/19758.xmv	3082413	4e0d7e6bb7c198e27b1823eb5b315791e77f749fb87a0a73e6d4fbd3f081d1e5
xv/19760.hot	28	6cdadd72f9e1730511be506aca81efdf9de4dabaf0990b33879d03a22ccea092
xv/19760.xmv	982957	6e20921da297303eb292b11ac9c6a6b505ff035cdbab214cd0827b02a49063b1
xv/19762.hot	28	11449bc2b901dbf8b8d60ace18404d5b50a88dd4505fb46569bc00fecb5ab4dd
xv/19762.xmv	1354323	4feacfa81eae86761a82edbfb8f7bf4c3c9c9194ebd16ed731869b4a2a419ab9
xv/19764.hot	28	7a94e6be9cb2407eb34e6e5fc910524af326e1f28160e13d1215a8a62dbee2b1
xv/19764.xmv	464946	6839d69329c478eb57da51b7b807ddd4d85499996b5161ff3d0b02287c1beedc
xv/19766.hot	48	7a098858e99ccece1b5b7ed5bed28953505de8189e291ffd0b25bb45e672ce5a
xv/19766.xmv	2236287	187159aad3e730bddb32152f6e11cb2a2a793773590ec02a5606a081eff10305
xv/19768.hot	28	74f873edf238667d2b1e6e849e22ac4e7a35dfe251242a64b31e80888dfb0e6a
xv/19768.xmv	1341848	47e9dc16c123920024bc52f63a467893d5436b72f53d19558fdfa3e559125832
xv/19770.hot	28	871d7e9179977874e5a1a2ad3ad7fc9f3d50a91929024349c8ab07ef2229b9a2
xv/19770.xmv	949891	51a5022fd28fcda0447c9897c96e0b09375a11b91a1d3a8a9769d1b951d56b39
xv/19772.hot	28	67c197fefb08eb61002f41b5437bd7ddf31d40dd4fa6d4217f1b9595b4ee3e7c
xv/19772.xmv	607814	f3e78dd10ad27d95715b4615113c37b396cbba66f31970281753a019d59b6e5e
xv/19774.hot	28	070f5733aa39dfdd5a107596bb5ae3fd568b228401f403ba8259f9ef4a903afb
xv/19774.xmv	784314	6e319823e9535a07ad73e2d9023ddec4283891a23ffb00a9934948a13cfcf9d2
xv/19778.hot	28	d57d37e57523b0642803472aec8281a2b816ccbc6951cfa38bd900476b7be262
xv/19778.xmv	1691522	c3d5af79a8064165f9acd43e5bbd130729734f0eecc2621290dea0fc6e6693e4
xv/19780.hot	28	ffeac672a8116c578e6f48d3ddb3b8966dc662ebc6e9fbd3dbf64c57da02fcd2
xv/19780.xmv	760220	6eb12d20288770e399108b180febeb4f503c3e1c0ff1f1213611bd99e0ad9afe
xv/19782.hot	28	0401e2b120b8dff81a757ff246140660ab746b3db51a4ed2e355d867d494841a
xv/19782.xmv	1525947	fd52ddc4a092945286d29abe3b5fcc3e43cdf2567524d9b8d35fbcb80a06251d
xv/19784.xmv	364476	73304dc13abe3796a9987a118767450648abae56258dff1bb29769e42d9e229b
xv/19786.xmv	541743	947c9e1fe65d0844be97d9fc464123e206a88f3d26424bd2537e19c5377cfab0
xv/19790.xmv	576798	6e5e9e0b0c53c84f123420ee6dc07b6bea838921cde860290e8dfaed6ea5b7f4
xv/19792.xmv	595972	58cca796719d3536b45322ef535ba080ea65ace68378a12fb9a48b352ed85e19
xv/19794.xmv	675532	84c3a1e4288c8c1bb6439d45ddaaaab9ff76d09fd97ee1751bb2553414a5d941
xv/19796.hot	148	cfbd7b8b39611edfda83db5428fd32dd1ed2c0049b76a9dfc9df07aca80f5af5
xv/19796.xmv	2513140	dcf6cce9895ce25f74ec73dbc49628c9c6b2fb45cbed1ac08db4b259d661c32a
xv/19798.hot	28	4b35dcf649b2d701855f6a85880416aa77d214376b010962ffe459393dba1543
xv/19798.xmv	743966	0ae53bf0bac3e0691fa372d513344e8258030b65e626097ebca15d666bb07df2
xv/19800.hot	68	882405bcdb4dc8ab08ae58ca12ffc015159cbf978cab16ef6467f543f988a2f7
xv/19800.xmv	2332790	de385eb34c3bba6aa50e4222109954413f964f2c1dce8c950c0730cb263f58f1
xv/19802.hot	48	06425118b7379c7dbde69242fe65b689850f29897b8fc205d5bb84abbc55410b
xv/19802.xmv	2105759	ff330d91453aace342fccdae9be499126f2d562abb29f9f00e34727a5c82a870
xv/19804.hot	28	26f2c8ded3e751e54b9c00940c728b773d49398760b0278c909426e439338dc3
xv/19804.xmv	1890013	58ebabb545699be864497617f0cedbbcc9b64767983a91df9198539b3e56348c
xv/19806.hot	88	a65372b60c492a106d3b88f32270564efc7014a7baa95b24b47c7aefdea7164d
xv/19806.xmv	969994	79135914bb333a06d9948975707c562e5c673ddd91411cfdf75504e809c72c29
xv/19808.xmv	1218132	c790609c06141704a87719f981948827ee7c303e9458977054ada2cefcc09388
xv/19812.xmv	4149005	3a8d5f076fb2c9cf00995da0ef12d7dc7b6b642b92c7cc2eef9d7e5036867fcd
xv/19814.xmv	725829	4da683ffc3798da5f3f9d188fa279bda7d1af82030a8f55c190d32ea235ea518
xv/19816.xmv	1646625	d1f5382b0c639c22186c083ef086cadd5ea8957d616fb54d0e0240df0b0c337c
xv/19818.xmv	551546	2266d88db588e6181e6d7a36762d3bd40234fb36fbb385de70f4027f0c591434
xv/19820.xmv	2213685	9e5a46c6b034b17077aabc76940ac3227b66a1164cd54cb2815be195ad6b8f86
xv/19838.xmv	732600	a30fc771fe7594e354820df839a57ade5ee979ebe75c33241366b49d52874e9c
xv/19840.xmv	336101	bf5a8604837a4caec28981f8545088df138d98896ddbbfad49536f1ea7b12792
xv/19842.xmv	1089629	9c45eb15f382c2256b568f3bb8a0d0d3719e72b2b3e69de22f6f3ca4902c2177
xv/19844.xmv	395951	2a23eac4d4ed484accc8b7fced2086bbe88780b2a5abb0043e3337f95be73975
xv/19846.xmv	633337	7c1d0d7f4e4da4a1fa7af0b20e4f9bad7ee149a51a043738511df6083212a1e8
xv/19848.xmv	453403	eaff421bb1de22bbd414eac196e0e2d94b93008d4bdd66c7e1f4ca3799726fff
xv/19850.xmv	895991	f8ead867963e87cdf0a12b3d236d3fd0db1780d06ccb82d0d81befc6894f3bc2
xv/19852.xmv	415609	a8a5207241d8c51b06eabd2c660a18c04b12a9064d9bf43af46d511ded31d689
xv/19854.xmv	366737	3546cfd5803444cc5a4118ff3dcba628cfe67e3e81de9c9fcd4ce75661b3f779
xv/19856.xmv	450939	866a1fa302a964b2aefbdbe6ab5813a5dc449982b6149787def4e475eae3e1d3
xv/19858.xmv	353884	63b2e773d82eb5872aea0a5e340c6ea7868810882fac625648bcc92d0e140695
xv/19860.xmv	511590	d1805636851f7ee7fdb5d2b2a2a6b80c2b8fc1f2f857cbe88370b80b1ded7f1f
xv/19862.xmv	480392	64d969198656e77c0174ee00d0bd4fff15d8201623a1450c0acd450b92d817a6
xv/19864.xmv	637984	859a4e7673bd90c50bd387b16850a338cc33e7eb20f6d520d48270bdbeff3dd3
xv/19868.xmv	400775	353ab8fd2405938a238fdd9d8b02cf9becc0648834f15a0e72b2e4761cf08aa5
xv/19870.xmv	477378	0898fa29a4d5323bdcfbf051807aa95b708e6530ad3e280b45513d8ed450c5e6
xv/19872.xmv	169415	5720d6574d77e1c79137ea5a4184c8072acb43bdfdc79f96eee7644d6709576c
xv/19874.xmv	214245	1b390389e9bf7222ded2e9b48442cb06c740eae6e5ed61379dee0ff3faaffe89
xv/19878.xmv	869764	93234306a9de93e3175f30326d2ab0f7cdac3abae87753d78ab8461db619149c
xv/19884.hot	448	83f92c0c6acd446165331cb8a0eb2f9cba5277609b1376bbd9c519ac5d73d0c4
xv/19884.xmv	6491185	57a1f9c4167314b36908c26f369db5fd6ac96503bc5c392dd59dc5626ce2107c
xv/19886.hot	28	5fa3587b8785d444bdf6c38100322a3bb45a32772effc7c91112308d42235e5d
xv/19886.xmv	533182	995bffe67ac40787579bcaf74c1e3d13a0e0bf129f5301d1e75ccf905b1c57cb
xv/19888.hot	28	f166f2e0d31a4e6415b0fe74cf1f2e0b63748ebf447c4df9fbb8ddf692289a5c
xv/19888.xmv	1227543	e8fdd8a0aede561a8dc6fdbf1004f261473343c16a9da8743c1b3fb48adc7178
xv/19890.hot	28	37dd58941601a5519b7014108a9c6c9f3704fe16055f92f91c898b3b8c0b92a5
xv/19890.xmv	471612	6a67268695fd7b57465aff65257c777880475b8492b2df11d385ce10ae4024cb
xv/19892.hot	28	da3f853e5e5241a24be97906eabd1cc87b82694efd408a99226386e7fdd2abf2
xv/19892.xmv	1202873	822df614fd563240b9054b66ffc173b6c7d23d1ed792be71052a732f1dcb9e30
xv/19894.hot	28	4e075e50901b1352a09049b999db39a730ce08141fb991350fde6a8d313d217b
xv/19894.xmv	716939	d4fcd7dca91304e3f791f4b1ba5a1ef042674fbe96d53d54c8e91fa0716b4fa9
xv/19896.hot	188	d282658603c155393f3724f1517245f37db589c6c314b0287d75bc7201939c70
xv/19896.xmv	5304356	f0ce95233590d8d0a5bb8534e12b2e54ce8fb101696369b5309f43a82eb34292
xv/19898.hot	28	3b1705beb3a172e16097c6d4af3ef35fad54d22e62688d95948a4d0185c7f62b
xv/19898.xmv	602500	d68ef5055487e461e1164d5a99e6a5f588ea6e6cf46763e0d096a72789f66a95
xv/19902.hot	28	4d5463ae5695ac99d1124a7aa14940dbcba6690def1a4d19fddc6f5912478718
xv/19902.xmv	1326704	e1a2c3b12ee65f4695f7c2e7af7ffb4a1bdad85ce0af88f040d1a91e5cb12814
xv/19904.hot	28	3e51a6d0fae5da84155447a5b3caaaff45b9a0297598c49f91df8ff1bc1dabc5
xv/19904.xmv	662424	6910c199253a9ea1c75828d3904c8dd17af8a17d5bf0bf270c06a8850873a58d
xv/19908.hot	28	3f09f7cde98db86ed178426afb8c3a274bc55a6bb8f0304cfce012464b9c6a1b
xv/19908.xmv	2534649	d38e798216b58be7ccd6763c8535f4090fae4560a94c732a6c6bd792ff0d4a02
xv/19912.hot	28	d6927dd866e66cf4da9f0512b722173addec2a38fc7e181e9fff257886b0b800
xv/19912.xmv	590974	50e6153b3485a5d6bda2e069ccb0b93c1c1ed20b6855f27e8c5b5f43e8ca5966
xv/19914.hot	28	f125b73c2ad02c4f809c41bd747f4620a9663694b58282fb37019b6cdcd1bf6a
xv/19914.xmv	741584	8e0e55090e55b7bd0c04b04705c59ddb617edaaa4ed899012c130ab0bd0eda55
xv/19916.hot	28	1eaaa3d3b6f6257385b5e268108e511222a71ced841252aad33f4d4f0bcc12b5
xv/19916.xmv	660928	1214784ad0f14c93cf7d7f974229ba70c03cde089d5c11f8d6941bdc426ba76b
xv/19918.xmv	728977	d74cda4fe3c971067f21f69c8dd9ef22f1b1c3f9dc3361a71d323eadc0ca65d3
xv/19920.hot	28	0dd98e0491bf1ca61362374f32fc684597c80572d1d674ade00045bafefde6ac
xv/19920.xmv	581543	b231a6e410a169269baa4c8aead84ed6c4397136b63ae99648a1caaec81006ae
xv/19922.hot	28	4d234263b54751725cb410f01eb32ed1b838feae607c5d5a0f338917a6e07dad
xv/19922.xmv	927794	eac36d5c872a908a06a65c2b63422a96055f0c6aebbc3dd4b6f46d996aa592d7
xv/19924.hot	28	8d3b484eb125bb95fa8d9423e03021a3eff4f23d256d5c0f67c2edf3eff38bf0
xv/19924.xmv	693996	077742a63e921e82ed6f17d751aa834bcfdac351557f6eb7ef68af62c420039a
xv/19926.hot	28	428c72046151acf94cb37e81cad085ac314f11417ca3ef0af78f5763bde3a5cc
xv/19926.xmv	888207	1500219703285734c271e30fde10b5bfe4a0fb8e121465af5f2f8b3e46a4c59b
xv/19928.hot	28	5997fe3f2e6c17192d7eee3983e8093669f25388eb38a1807ee858c2e108c77f
xv/19928.xmv	1131384	fd9fac3782b22cbbe400a689cefb9751a02115997290d847b2750e08fb45584a
xv/19930.hot	28	f85cee3b8e2ec9a7ccb1c6b64f36814a762c014fbefa39bb3228d1d074fd0557
xv/19930.xmv	2406939	1befcf9b47c1ae52b1253b9fe71adb8f386c393d5154ee606c8500f8a093d3c6
xv/19937.hot	528	7e7280fd3cac1bd0a2aad8ab77652bd4913822b0fef3ec24ecdef6d79093b38d
xv/19937.xmv	23117606	f7252af21b53d21676921a90aedc044bce63f39c55df2c571aee90d3affe728e
xv/19941.xmv	452280	7f9d2fa1df81588a671f7117ad51f0a4f0ac6baa8d0edbc64650874c33237f3d
xv/19943.hot	48	4e983ade7d6106965aebe2b9fafb1705394733e3ce0892d4229de34724416f2a
xv/19943.xmv	1149876	a2f772d4d563576a00f7d9028de6cf8683f177d72c75aae0ba7a86da397bb00a
xv/19945.hot	48	d00c73eb0be3bb71fcab135f1fb98871dc57562b3195893abf6e622d274466ce
xv/19945.xmv	1363641	3c3af674928066daa385cf3285cc0e670f3adab4bf76b070e7a1d6cbd095e352
xv/19947.hot	28	5a0e2afc6d721f8f098fbc7b79196f1b22f81965636ff460783c9c3f521074d6
xv/19947.xmv	1541943	e39a13a347272aafc5712b4d531b7ed4e9d099c39fcb3c0ef06b4f285ff09978
xv/19949.xmv	514655	c992df3ecbe922e8b5cd710ebedd2572127dd36c700e520cfe51b2b352807f8c
xv/19951.hot	48	26fbe371589fa8e6f4643f78efb6f8bb25cc993b3e0da67b1d526a71e255935d
xv/19951.xmv	2434364	7543f87af6a6de61e5bac20f393efb77e5b9081de7ad261acf3423a44607e412
xv/19953.hot	48	8b57f544d8503214eae0c52b1120b6decff16ad8220689c89cff619714f68c99
xv/19953.xmv	584640	2f828f6b5fe7458bf2ae482aa202b78b3134fc2f3cac5c78755e3973faca2bb7
xv/19955.hot	48	90e4f9177c525da186d0d30cb029e66b116bd1bed7ca8e20ed68724ca958c2fe
xv/19955.xmv	2555113	a0ec54877f4ed1aed117daa470a649a2d5a891c814e546f67615c05c57853295
xv/19957.xmv	478144	334ff005606453630645beb22bf514d651fbc5f1ebbfef98af1977650f92d19d
xv/19959.hot	48	25081c8217015bbf8e7807e9279313b1632f85e61aa3369bab8d4037643833f1
xv/19959.xmv	2028217	6811c78f8e8c10f6f9f43cf5ae0f3f2afafd85b102aa5851567bd495e0035d1a
xv/19961.hot	48	84bd757af32620fff5ed1c82efd4eaee3bfc3b1119b8199252253a926acf0bad
xv/19961.xmv	857048	6aaa2f6e3531aa8ad9484c78fc4b32eae831d67dc189c3a201f19204acf52282
xv/19963.hot	48	23a06f9e7da11379a6362472b8085b72ea54dd87d8743aa33ba8e32b4bca8f86
xv/19963.xmv	2893052	3375507d7acffe093221d738f5afbf905d11fa417dcf01605cefe477a16422be
xv/19967.xmv	553902	02d9d660da5f31fc9bd97b9800f0a68020e7506b7a639fe56207292135429c9a
xv/19969.xmv	727921	43a0ef1756282ddc888078015035ad4b67904b3563ed65f6cfcd7150aa8d9610
xv/19971.xmv	645946	340c400b84eecd982ee66e0f86e38dd8d2e952f5fa7b60da3bae9d01194b6034
xv/19973.xmv	691635	fa2aa64f927165b82157a243a6bd04cad1e93774baf6acc0dee8e23b16110fff
xv/19975.xmv	645483	0dba1561288670bf6f411c53f34b193d135f474766323e0ea796622e0efa8b29
xv/19977.xmv	760171	8a4fad7f1a66b8ee462db8f7fd35ccc2e3d1d83ba8a607c70a4b4aed046c920e
xv/19979.xmv	632223	b6545d3065d37054ed7ac638df291a1f0ba077a700b7710bbd28125ad162fc3e
xv/19981.xmv	3810368	b3ac108b155521e0da2be78300605568ebc1f136babf7198223ac31bfc0709b1
xv/19983.xmv	290079	e6725a1e255b9ca854e343e4b0a0225c3509fbbc3f4fed13f1b3afea030a82b8
xv/19985.xmv	327244	78db345b3e2ad0ecc8337e124a8f9f4829c183d67d65ddfcaa497471d4df1d4b
xv/19987.xmv	411553	3f1c0c5f0fe2506cdfa47265df63b8f2421435569bdaccab353da68eb0412423
xv/19989.xmv	265216	2c91a9970e1dfb5d616a2b1695a4c9a8951e7a1016efb8babd013abee67c540e
xv/19991.xmv	196689	45dcf523376546b4e4b6426422b4962652ce02ad91305feaa17c6c3130c8b4aa
xv/19993.xmv	239182	eb67c9309b0c9c9b576bd19cdb5eb898f272ff5608fd529b278668167b8b1612
xv/19995.xmv	365426	1f34de6f63b6641bdde217694902becb26d46a7f39fdaa9d3d82e5f1cb2c2015
xv/19997.xmv	203275	858cb34842f6398c928ec0ef48533d6b208c350f8881be1bcd4df6e96abc0a4b
xv/19999.xmv	275203	984d6ad064da032c73599dfa306eb8dd2ee6184ec84bad1a339c937c631150b4
xv/20001.xmv	439050	6310537750d5040966d822e8a4093aacf1e6f588e4661157c32f6f055c04301a
xv/20003.xmv	263188	7397c6530e3b68b4386b7d05b7e9e33d2c4a210ee5adadb961bb5b6b01319cba
xv/20005.xmv	260699	768b847dff3c662935896253b3270614f01b1a7e35733a8622581ffe3dc03669
xv/20007.xmv	215542	e3e27748f3e97f6f88e066488a401f4cac63c15e50b5122f9a913eee7ab13ba0
xv/20009.xmv	243612	a848ad2eed3d9b70262c7f10e7d2f72adc307f6395a0f2edf4d10838f275f658
xv/20011.xmv	259964	0450943103f9ae45852222ca3dec9aec292d0e849bceb6be854b288bcc0963ad
xv/20013.hot	48	7c3e24bb188d52218f1c26c9491f836dfb55ba617c211dc5e18bad957ad77529
xv/20013.xmv	1662381	1f1133903c02b7bd5f2d1f9efbca2f4b6ed9df3cfcc3beea1cc00ec0fb9a6277
xv/20015.hot	48	f44343d142cb926b57aecbc38a3e976974c0989f8c7bf24538b4610fa0fec94c
xv/20015.xmv	1727695	e800c24fc6f92c47fd585036ebdaa9438e88e366aa5e61924811946ef6c9e073
xv/20017.hot	48	3cd22162b736c7c62e26cc50b42ca20564b5ac1c716180908f2c12880e3353df
xv/20017.xmv	1165051	b58bf140bbdda8da06d5b2603de03841aea5218aacd6125c112aeb1b05b615a0
xv/20019.hot	48	61b74ea0b03dc2647fb240f9a24e91e53cf0dcfc799dc22eb2d7d24feb463a87
xv/20019.xmv	1495517	b7c2460d68b842b1eca00bbcd19a3a6ea4dd37073f9fe554ea33b82cf70c7509
xv/20023.hot	28	8671a676569be2c69d397907926105b4c9dd2e97589d8eb563db31978d1457d2
xv/20023.xmv	1698095	3c0422fb7b39391846ca265388903e56a057c78b36dad0adb95a42375e7c6925
xv/20025.hot	68	2639ef1ae33bdab5a56cbf244d55274184aa2ef605177e79f25443d5eeeba232
xv/20025.xmv	2196061	5ee63cbf091644e2ae79a0928d35294c41f98756580c66489168aecead415748
xv/20027.hot	68	eabef734ef8f97b228e8f37553bec3eab30e555e6e44cefd406e515835121f80
xv/20027.xmv	4681340	7ca58bc62472effe1fd81ad2a69c75dda26d491221e0eeca55f8fb09ce20cfa0
xv/20031.xmv	422964	33e7c4a5b9e36591d3fda404da37df8dde6652480cb7d6c01f43c79c5df432e9
xv/20033.hot	28	476a853248591b193418ce4f8ae51a40a4d8c0e8c872225468e9bf61132b4b0d
xv/20033.xmv	668123	b95732f9e486963b1cef0e8f2defabaaca9aac137526063522bfa9c20e4a477b
xv/20035.hot	28	366510161c883ecb83747a6e6d367d910c290939f5ea4d86a3f3ddfc58360987
xv/20035.xmv	601436	898c094795fd150f419e93b5b56849521b7235b07d43c8d9c0bee27b38bdce96
xv/20037.xmv	437735	c72eb8a426f6962ff8e72a06b87a9ed39f45ddc3f9a055bf0906d2108e2aaa00
xv/20039.hot	28	04c8e241e27e6e0ec889a58c40c01f223998993a3cc854f39f5c6b99ab4c19fd
xv/20039.xmv	682198	ebcfbaaa5eb3f695c0b02059effa66e50cc72df3a4cf17ec5096a0b350d45557
xv/20041.xmv	356342	3a929ca346b28b2e6ed9ec57a8ec78dc6e12e4124d1b7b2b04b8c678f231b9c8
xv/20043.xmv	478388	bbd425f7ccec7b83a969162f5797892f6d8760ce701a44138a88d915c8dcd55f
xv/20045.xmv	239868	65e44821013e34072d1c68f579aa3aa41a441a70167d9fcd9025b7aace3b4102
xv/20047.xmv	292920	50a4c1c466a46a478dcf517e1dfa446a632fea7a9af5c2ae5172a3e4302c87b9
xv/20049.hot	28	3f42b8be130314fdee7868323f2a041384f243bab32299c0efa49ae22e237d34
xv/20049.xmv	875359	ddae82a679973dde0196768c055d5fc0b7332ff20e4160fa60b3eb9adb37c427
xv/20053.xmv	540001	85f8196dd6a012ad226318485d6d8525a804c52ddb93e73400e59532074654f6
xv/20055.xmv	501663	63c784715268665df30c99ac36485eb47ce85c154163e7a163ee85268e81ee68
xv/20057.hot	88	95e4500b9fc0a6a14829b3476f925b5e2030b256603e98a83e8069832b946961
xv/20057.xmv	3263299	e125eb64cc7d04466113701a6c0e1811ecb6b2797d753c4642810689c71863d9
xv/20059.xmv	202703	20f7a9a91d16e9cbf93ac659024c2a03efa662e6122923b84ce91ad7f76fd22e
xv/20061.xmv	1165064	61445504deb05a436ce40f838bd8a36527dd4e287372fe41a0cecf0b4f972ce5
xv/20063.xmv	250041	86c5ca2efd6840416d2c7ca4a3f706b271f383f2604d014eb8ab7b779639ed8b
xv/20065.xmv	151090	da54c289676b4f38d42778a5e51cfdd1ea6a40ec0747069d3b37c9e7a3011731
xv/20067.hot	128	6ca758093ba483bc68b1d20bec268b4fff44776be54a921d1684695c56ee3de2
xv/20067.xmv	3145155	539b63adf4367542e0c6c23d4dfbd6b7bc38756c71446a266741c867a7237020
xv/20069.hot	28	090503d02eef0ace1445f455b03b332d569e4793926e785e28126a5abc053b99
xv/20069.xmv	543197	a230ebf6cf9827887b6fed453e2762f9a62f4ce69d5559571d1802ac14b199ce
xv/20071.hot	28	a58dfa09779f097892b449ad731deb13e715a1d8faaea77e8a4dee666b17573a
xv/20071.xmv	1358065	46dd63c99b4b81e723312dea5535057d27f2328894a83a946746a7796d2aa7ed
xv/20075.xmv	286691	7184d38201395807c22f4a0e4fb8fd08d3520291d18ced33f69b00b4ceab3992
xv/20077.xmv	369246	88aad0fd2a156ba3525223c848b303c322c4560c27c8ceae1338efe5a2865f77
xv/20083.hot	28	0cdd5f60e8e767c79f61a55978ff2bd8519288cbf496e7b1f90821c01fbf43b7
xv/20083.xmv	1634036	0265c4d23e9907eea789e4cb49e0f4e4aee3be921def2b75df5459665c2021d2
xv/20085.xmv	399350	6a560f31a8fd1805265365ee40f0dd7bdad4cfbce43a5aa5ab4e12f7a3e3c997
xv/20087.hot	28	e731f8d850fc226547142250f7ff125630c6eb58eb96d573e20d848332d096db
xv/20087.xmv	1690098	5bac9e9a24091864aa46640e6c2d15f610eee3708390abb42028c35e5bf58b0c
xv/20089.xmv	365675	1161ea939188fce832e13a5f8964ffad8367ee6b09f5c6404b563b1d807ea7e5
xv/20091.hot	128	5f6060d59355279acebc946b8b9c39049617c12ac75d9e51bf2e96f67e5c38f8
xv/20091.xmv	4906971	3139ef78e38259d49a90b2451cf6326a7b2da71615a135d852798bacbad64942
xv/20093.xmv	520553	d0d2aefb453ae2d24db36c62e5c1e505ae9f47807a6f63d6cb318f2b4ae64501
xv/20095.hot	68	1290b37a04c1e0e8163299c892d28daf9c64d671fed370a0136fcf9064d07738
xv/20095.xmv	3921601	3df01e99a327e6077bf1f66be9035f7817c7e8a1587cb7ab71b0197de2c0acf7
xv/20097.hot	148	e56cc365ca993b714d3c51a5c78854c8a20147aa110c449d32b38a6e6c381e5c
xv/20097.xmv	8310698	29c0316cb7450e76f14582da777e82d559e597060c8375744de4b9504a69a737
xv/20099.hot	188	7e9fbc9a7059a467d9d05fbefbd03ca4fc37814046bac107d2b45d5ef700fc67
xv/20099.xmv	10747533	4e56161ff5d784148741a98ac56b2e8b9e1cbdfc59e72fb99ab981e0dbc382b6
xv/20101.hot	68	5d5d04010efade3197cf97f749c82d99766aba9d35875d55f9eee8c1bbc4ff91
xv/20101.xmv	3249805	52c297de1b6fa478d0553b304f1695006bc4b867eb25d52b0b45fea1d5fa55f9
xv/20105.hot	28	356f54b21443695a13daf424b7a6cbdf488f85cb10ce756ebdd20767296e1202
xv/20105.xmv	693808	9cbb544b06dccb50275f2022bf8edec04191722df7df96da7b923411268c917f
xv/20107.xmv	314438	b23531dd21ee1f033380821714a95077e9ab49e67a5253860b91491aec3fa580
xv/20109.xmv	468294	07a31b60f7fcf7283c2073044b5530aa42f093926df9bfa5a99c23e097905d09
xv/20111.xmv	905681	2837aa1244c07c104ba029d3536786fa9035ee97878fe41d0087972b516d5446
xv/20113.xmv	337952	6c1ca01ed31862ac343ded3c21afa3de6a90b46c0e35c53f5dab88b61805525f
xv/20125.xmv	390722	f807385bf1a22df47044a93223f41bc10e375763a27195bf1d592d96aec49e8a
xv/20127.xmv	239535	5219e9970894279d39999c3e1120188f5f6b99c836ed1edf01dcac54aeae4b74
xv/20129.xmv	516344	209639ea72fa21e04b08f345b7a91b911fb626e1ece3c740e5ae8b47602b6051
xv/20131.hot	28	30dcd47edd0fbed9c0d8af9b66f68ab3defb22530e4385d464d871b50939d576
xv/20131.xmv	701466	50d7baecf2127b4a80d47b0c48b753c253c660c9369ad6e52c2849f5c360ee7a
xv/20133.xmv	344823	74788c680535d9ad4764a0fec04d8b95657ea7c941786a1163b2057dc4fd8212
xv/20135.xmv	473531	8afa1ca663e2ad08f7be0fba15833a383931e9b3156bddece63e22a43b0b857a
xv/20137.hot	48	5fa474fba15d204233885840637a54875a481dab3f61a87603570fe2bcf77a41
xv/20137.xmv	668927	f1cecd1659a32cfa08b4ec56b6a659bb441db083787acc8f899e2eabaa74dcf6
xv/20139.hot	68	3c82d9e176398c8c968cdffa1f1a96109f9e8fd02ffe49d5788c59c51cde96bb
xv/20139.xmv	2188799	0c86e4d6591248e584de4617013ad1500ed3b03f8e38936864187d92eecfc627
xv/20141.xmv	439954	9f31eefa25b68140635d6863df5db7eb90738ac78c39a1b564dea8974fd0e125
xv/20143.hot	28	44695f61032d7e5efb12b63bdea5dcf6eb25fb4b9d9618db74c6deb96330cc9d
xv/20143.xmv	1754395	c434107afaaf161bc4afff9a73337ebaa544ba3e2fbd51b6db039dd50bc00ea9
xv/20145.xmv	604504	243e25493d5c0b13a5f0deb1b2230939d2da8c848246c2a69d5efd20602073ea
xv/20147.hot	28	1ad51fee5e33868b95a4f73f7e37575165680845f1b63ecddaa44a3fc578ba8d
xv/20147.xmv	2372174	695df6e33c4b88a69af2522889901fdc858352f2364737652b400b5e0c783b9e
xv/20149.hot	48	575ea6e5a86d4e23ea0802cba94b41754ed661d73048ed8e7586c137e75af79b
xv/20149.xmv	912396	87034c7a03712f50b04982ce8b7e28bc85726c5197179b7b4f0a9936fd66c24d
xv/20153.hot	28	f7a3c3415d25fde628681edf2172dc294f7328fa6b2d7e8123ff74dd9fedead3
xv/20153.xmv	785356	4485be4d301e06360bdb3deb40b64c12dbefa7e041f9fe6fd3a8eb4a8de3bdaa
xv/20155.hot	48	b21fe567363644af89c0d4716a19df2bd680d740bebdb87de842f43fce296493
xv/20155.xmv	634221	e5542342e1a8a527bf3ce46e0fabbed02ba1f4f34250362610a52ed7996bd705
xv/20157.hot	68	85fb5f0da4651b9bb39aa5d173658a1c4f88a251444d9185d73a428e2f861163
xv/20157.xmv	1398246	2a6513b76d748071ad4853cd4066b8ad87c7cc56bcf8098137e61d3071e0007f
xv/20159.xmv	478522	5a488f244823569f71c827f5704ee3a96c92880c21709a32fd0c2a63b1463c9e
xv/20161.hot	28	0e12ca0a15657b631d2b914aa1ec9dd6872be1ba8fdf611054c30abfa4bc8e16
xv/20161.xmv	2139892	1117947e3423d96b42d665bc73b38e7a4a2c90df47789a22d73a46a95d2f95b0
xv/20163.xmv	479760	36c06ff2c38ec0f769aa5ead6ae17f8960c14cbc42badd92e2a3e2dfc71699ce
xv/20165.hot	68	fab4e79c9743f1a8aa891aa3fc800f8f02c371c2f54caa6d79e0868533781f93
xv/20165.xmv	1278460	adb1f94ab03be5df5d4075756d7d9508ca8221708a75edee03c3564dd9dc9830
xv/20167.hot	28	56658abeba49bca2efb25f185d65cc14f15dfd0dc2d83318103339f904752dbe
xv/20167.xmv	1865457	b927c865e109cae4ee9702489803727e8a3b08d39fe953b625212f01c9e6a573
xv/20169.xmv	706082	6285fcee108b98770377b3f356c4f5c4ba7ac203adabba76ab3487d2314a752a
xv/20171.xmv	533584	b29255f8e187da882f6b7b8fdf399fe825eabe140b7a2ebaf6d7a0952263f12a
xv/20173.xmv	446484	00932e9be0671d470758c487b860854105fc8cbc29b926c69568f6ce751051d6
xv/20175.xmv	428321	e6f61d5a3715393dccf2713c06d59d37aecfc95ae435502c6d159b2aef3ef8a6
xv/20177.xmv	455948	2b2941864a8ee9c521cf319ff2f9b41e2dd8a10c1a91c58e405e838c80d1d6b8
xv/20179.xmv	471394	fd82d9175947f5c001679fbd1f475deb71d823464e1d6fcedbcec22496a16ab2
xv/20181.xmv	395890	ce6bb509cafe138172269fae7616c1c99454c5a691851224b8174087dd3ebec3
xv/20183.xmv	332080	9bf23e2fa70ba446b64789ba9d4f63ef79ebfd25b005ca96d0337b914749f49f
xv/20185.xmv	258705	af1b4cd35126e56c40687abf37af3b72ea5ea178517ebb13fa7cfaf16f93d3b3
xv/20187.hot	28	39f1cd603bfa720a641841ca72791871bfb6260e3e147106ae736cf905eabc24
xv/20187.xmv	909862	777e8d256b039ec487b4fe8d4967a5401477cd838c9499912df859db1336f201
xv/20189.xmv	309422	2daf6df841911be897dd34ecc1f80f47420d2ef21bf4d85fdb572b2be16ad28e
xv/20191.hot	48	c98ac6aa8cce26d888d1dfa54e775b56705f9b90ba02c1c3ca1f7284895c91fb
xv/20191.xmv	702606	10a9605b71cb7f6a039a082113d2ca1951eac6904b879a28dd246abe8266d97a
xv/20193.xmv	346063	742204bf12f2c8563c7b7cbae37140c35e1fc550438e417c136964091e8e3a2b
xv/20195.hot	48	93f74b02e6908201aac2d017d6107a59c668f0ef267a60785cc410f19cb844fc
xv/20195.xmv	561336	37e3c4aac4d38ec46bbfc9d9738cbc559240e06ee621e76f5795675247592047
xv/20197.hot	48	f790b65dc85b13e65a13f7b8919f3b5b7fa75bce0e3d067760536101e623ac25
xv/20197.xmv	273785	f6c445437acaf9b9cd790fd23b711db03aae5f75f1490a381e2323c8fa12cac1
xv/20199.hot	48	ab64cd1c13ab120ddd08bf54f5602487bd3a74cace7f9e9bd9454851864481c5
xv/20199.xmv	401764	77777c177092812965abad2d8c08073533cb6f0692c09584165ec822cddeb2d7
xv/20201.hot	48	8f843060139e948db7f85c79dcea20abf9c7504c31927ca351ba423f7b003151
xv/20201.xmv	430878	8cf8dc465636328f1ee0715fa498463dff2fe783283b52b96248449c56c8c446
xv/20205.xmv	325990	7f485dc0ff8e36ef3306c8511f113a3c04ab86a6e2510b61a6390ff789fa6348
xv/20207.xmv	1235236	b5b485525e49f22275e52cd9515c987316ffcc9ed456b0e086ef433460213163
xv/20211.hot	28	61fbcfb31bdeb9db0e7fe349cf3480628a53c09a5d8d0909c55880ed3d4fd61f
xv/20211.xmv	792214	fd5395245b6b888ad489b173198473bffaad5476ee5d652165192768f7bd8993
xv/20215.hot	28	1cae26a390df9f166159c7ea8515e76e1ebd5ba220e6466d43b6d2423dbf5bcf
xv/20215.xmv	595671	32a3a28f33cb442c18e365d800b9a79f56bf8f73480626d8b035aad056b8a1e7
xv/20217.hot	28	cb36d1442ad9b1f0e496b9c25dcc5ab0926ef8f9f5d5d762a4e24745ec81cc7a
xv/20217.xmv	486572	aa1e193aabc69f2477b87b89761a4d097d8bb83237d9e8b8054da122eef1ee45
xv/20221.hot	28	b758fe7ffa894906e0bd5efa880c0aca1e695655ef0dfff9b0bd11a2b1b9fbfd
xv/20221.xmv	408376	4db091cc137e85519f861f3e1f56b1e34d99eef5483706672fdb53e90552a845
xv/20225.hot	28	fba39b73b770bc17bec864f84342085eaed33b5b03d3513bc85ba98f9f4ec514
xv/20225.xmv	439220	e000ff7105692ce6e6cf8bfef9f9fa4e5f2c6b611ccf20d711f47bc233fe5afe
xv/20227.hot	28	75dd0c3b1c53c21578514895cf6e0f5f90a6ff6b093edcdaaade76cc99aee3bd
xv/20227.xmv	345380	66d4dac49355a0204e0533ce0fca7670d44f0f9b566371dd8a742f15a27c7616
xv/20229.hot	28	28e3fb66ddb05c53e716182bb34134f6bfd16a535cc7cb47c56942ebb23ef5d2
xv/20229.xmv	458469	bd3bf21102627d76bcc39ac874e4e3c6fcad4c2333855abf80616225d869b717
xv/20231.hot	28	b38866b97477310e51ebe7c8a8ed50ea9b419034e1132b773f3c7ec94deffef8
xv/20231.xmv	540398	801c1fb8a58abd351878236cced4a1c1f21e7f1731427d2e7cddc75c4daf3a33
xv/20233.hot	28	ece736964ab8714fc55c9686804af493e8c67e8e4e8aa539a9d4a0a9a0cd9d76
xv/20233.xmv	807713	f5bce2ebe7be135b3d0b06e6e54da5076c60c0ffb5ffd4bf379bc0465f68b136
xv/20237.xmv	167533	ddd2168782bb8ebd9610e4581e5ed3793c7bf47b13bea81902dd56170e7a4d64
xv/20241.xmv	181079	1a42f823f7e8be91e24f0d7a6e1c169bea8ee320111cb9ed1b448f82801fc0e6
xv/20243.xmv	541506	513c83903bdeee084a40da15b4b6a41b3a1d1d371f425e0a6b80dd2d05b10d42
xv/20245.xmv	294077	cd25e1ff4fb26628e70f94bbb5e0d9e0e4cb25c93e1ac0b779da5b0e4c253d97
xv/20247.xmv	387873	d41edcee9a11377559af04ded1107ffd72c4543c83c8bf5ac0eae94815222c63
xv/20253.xmv	188879	20558178f981d37dc1b8a39d092f19265c2aae25f78ff84bc793cd4a6e5a4f7b
xv/20255.xmv	335678	9af2fa47d4157357073d0279d7e2dfdfee27bdc6870f322dbb6f325c3e69456b
xv/20257.xmv	382714	70ec9c301052fe48e311143da24c65cff1daa68d146640068aebb520f4f78b29
xv/20259.hot	168	ba712865a986acf1b792ea8e3a9cee3d73a0ef05d2f8a1f090248c3b01e8626a
xv/20259.xmv	11415000	fe6a3abdbdc78cb3cea6bdfa8ef3663fb4ca15eea8ba4289500c3d441a57d81e
xv/20263.hot	28	186b56ca780bf66bad2d38801beee698fdc562516aec4bf9f14878155d92d9f1
xv/20263.xmv	701268	4b2d629713642905e1a6828a140265b98b1dc806dfad3fa72983d39759e4458b
xv/20265.hot	28	6e608bbcf6340b5d660d3d656371ca1e232635fd6f4d47fd5f7b6e9ac8531cc8
xv/20265.xmv	646117	e1612b77b65176901fb2ee3d25e6f63f71a6ad8bba6f9c29c24c10d618b7ce63
xv/20269.xmv	401189	b110b85e0fdf5745cd440042f0b074477420a754f6ed683ebb8e3df9e6a143df
xv/20271.hot	28	b8d300996c33352bbe92c500a9c3e56205f7422ed5a4546dc06d566a08f759be
xv/20271.xmv	1510586	c6418cac6b8c664c522a0c572cfa1fe4092cda07a47baffbdf35be3b44d02667
xv/20273.hot	68	c36952c15ac413bbc86440e9041c4a946861c4b5a5c47450abbc9fd2c6571f26
xv/20273.xmv	2662163	34b9ec04ae7c0b51444c050174f34ec01b011ec55693e1ebc981b2324eec52fa
xv/20277.hot	88	6092869637fc28e7baa84a28734fbb08e83bae70dd68d7a8bd6922456efff70a
xv/20277.xmv	1986647	43cbdfedf393591ae5080d4012a2334442595c337556076788f837ed7bfc88a2
xv/20279.hot	48	d4fb8c11a1b096326e1c34bc7a483ab7ad5fab0f8064e9ee09baec46a54509dd
xv/20279.xmv	1499808	b97cefcaf2a7f4706240b50a242c6a0bdb05dd34d51f346d28db4ac5b0dd6135
xv/20281.hot	88	d5da1105c3cce5654d978a1bbd6e1c32ec1451569722be8bd627a82c3dfc7c0e
xv/20281.xmv	2826513	060de38a7f17203188e0282b2b6fbbc84c66ffc63390ab7b1d757a9d2e500ba7
xv/20283.xmv	851606	25faa763bc0718eac7dd7ac1308d83e1ad1e26b7159404136d52839935272e2d
xv/20287.xmv	237963	32002a9a2f5b6e7f851efff1c1825f7489732eca7ea867c3394ed1b9cc732dc9
xv/20289.xmv	389357	88facc8e6cd04aa3fa07d3d2972352c9586622a7f91f8b33db5a3d668bb95e9d
xv/20293.xmv	245661	aaaf763642cddaadf1ba55e6207f911908b796fc4605e19d97ee8ebb76405733
xv/20297.xmv	148870	ee0cd590d1524187a7ad5679678b334326a6db30d02c1fda697c5485feecdc05
xv/20299.xmv	181206	5b4a6384c661e19ed14cdd7fc59248becade3c49a323a10727aad9829b683a84
xv/20301.hot	28	e49c52a44477f6c46d64c057f3bdbfef650278462ec9ec2295c2a876177c1e17
xv/20301.xmv	1434317	93fb8636cb52ddcab6f9ef4f8817c5eabe376ec7689c624b49826c789847778a
xv/20303.hot	48	52f7b737bb1250588894e9fa8dc344ed8c2d33995f5556c4a8d4713192710037
xv/20303.xmv	1693422	1252fbacf6bf00ddab086b6531227000eb0e226ea8d385d14fa09849d4b6c52a
xv/20305.xmv	1171206	fd1f4bc8478f08d987eec63e34cb0c52a80ac800254a7a42f86c30823276d18a
xv/20307.xmv	905701	9d69ff47a435eb07651d761d1739a6b75a925b491d6ac48cf0093a76f9f3416b
xv/20309.xmv	374070	76e7f1d9f6dc1770e99c2c97b28c821bfbdfd7d68b027fe4495ca40816c103fa
xv/20311.hot	28	e4e5f9a967c4edc2a7e8356770008574f4f145352c68a6849a387c758b559b10
xv/20311.xmv	1178195	fd22a9b5fb0a528670d693f34eee704ffdf841cae8290bcb786e642c5cade3ad
xv/20313.hot	28	6ff80d0d2dbe1d75bf11b5691af1289e88e950ddd59620769a9f6b30fa7df2ed
xv/20313.xmv	614412	61d82cf347fb9134001ceaf2f515a3d5e96b9524120501ab4cd89c3777f84ce4
xv/20315.hot	48	1e633978397fffa51cb5b079c4dda14d9a11b4bb03c8604fb20e8ef1caff368f
xv/20315.xmv	1308380	e3e66edc50bc952ca5bb7143cc7d4eb19e16f131e591bc952a8a0d9c77f63b2d
xv/20317.hot	48	6b306b89055ec342744edffb07b95ca047151f5db956a601c6385eedf1a98e35
xv/20317.xmv	2028201	b9508df806c1a92d9bef8885468f36d05e0dcd2b3de146243b4e0a1c999614d5
xv/20319.xmv	792589	9eb57a3d4dea53020bcefac46ed7bef9bca461f0771eefeb557ffdb785c25821
xv/20321.xmv	589582	90304a989c0ba40af60ef5e844fdc556744a741ab18ddb36cb1d3118f984b8c9
xv/20323.hot	48	f38cf07173e8f466a4583ae336b9e007a38836ab783143ae59ca318eea93f356
xv/20323.xmv	1281620	099b26764e98e3c3a11daee4433271fc64c5cde16f26a120adef8ffa585d1fac
xv/20325.hot	88	f91f3f1711c31bbbee656dc473851c5438fe348cc0120be31d8e19af1f75a98a
xv/20325.xmv	1586013	c015c8375cdd5e535f98348281f4424751d4d0807965b2eed5200dbd9c8b37d2
xv/20327.hot	68	72999a3ca3bdc5be347bf386e4ac09481e8b12d3ef200d79fd148a67f1d8af09
xv/20327.xmv	3393707	b3ac37bb7710143ae76378616fc718a7a110ac3f999e145051d9e8ec58f71bb5
xv/20329.hot	48	4e9d5428c33f6b7bd9f8d44d4408c9f0604d280f28dcfb3572e90939c6441a98
xv/20329.xmv	2061027	3b7c49d0d229fcea098d992b94adb6ff77fbcd06483e7a0fd3a266c5f7da06ca
xv/20331.hot	108	762ab1727387331c6510e72d919b400afd0b81405a4b44ef32ceebc0f1896335
xv/20331.xmv	4726846	ee0b58d615cc06160bec4ed658d98932f5a2e7eef58170bf1419e5a79540aea8
xv/20333.hot	48	574197f1924cd736aa0766c38b8618f7a68813fefc62a635e54c6996fa3cfe69
xv/20333.xmv	2683768	d564a52f04d913003c05fc0e360b19f5d99586649d9f1d6aeea87a31823b49eb
xv/20335.xmv	853708	cbcd34ceda26263fc6beda5824220bcbf7dba5ee0324adce691f06d0790ea44a
xv/20337.xmv	579780	1d4a2138e723feee16186ba681a5532b85f0d2d45356d91e40f513a9ac954c97
xv/20339.xmv	771767	7d8ed6b77395b0d13f4c94741a206f9742fb3c2ef7e732cd7b089cb89a5e95a4
xv/20341.hot	68	f5c2dc46995a06f036d29695c9a0f7731573bc54b23fb51fbd9149340eaa773a
xv/20341.xmv	2063957	8ebed64ee80a15b2676f357c4162530d10077b45545218d75a38b2f08118a621
xv/20343.hot	68	daf0145778b426d49794a02f1cd59afcf732198a01a421191293982557540caf
xv/20343.xmv	1709109	451177df8371f71c2e42ac2a7d424a4862d29b57e5a9ce1b5b12371ed165df5c
xv/20345.hot	68	11585385ac2b0e97cc3304dd52f74490a13c57630110380f9edea751b265fb3a
xv/20345.xmv	3070387	caca2d0beecd2775c4c42b4d5214f83392f90c21cd3a1a7dea6d231a05913852
xv/20347.hot	88	64a3e3510c3e821656049df2c9b696ebba0142f46f08b7bd8d4d1ab763a30851
xv/20347.xmv	1800881	39a0eb1d4f8d7252e9efba4b5c7e33105ee918410d7bc7d7895292466fcffade
xv/20349.xmv	1484166	3d7f75ee50f939f71c2c34dd30f6c941ba9d8cb7f4a92fba9dc2e112aad32deb
xv/20351.hot	28	4caa3bca68963eda5e8c0da8eab1325effa34aa9483438793b15eb3ce21b74f3
xv/20351.xmv	1211999	191e155ffc6fe5854304e95dae42966fb33497995516be9502bad87a90c8e14b
xv/20353.xmv	471002	7041a61a03eeb3d760bb8c3f85fa550b17c4f35ec367f835c4d2732182d91ecd
xv/20355.xmv	359882	e1d8f2f67c733a885a425f2b3808fbcba588076465a024846596c3f85d440bfc
xv/20357.xmv	357910	3591bcf0a9de3c0c0286ad11220716dfcf56105d24b251c5a4e7fa182d25a627
xv/20359.xmv	468708	f6b8aa2c7a35d77993727841331b0ad6deea77cb6fb06aa9ed017932af33aafd
xv/20361.xmv	476876	39ddfdd2a618f7ff7c5add155676314f8f2602c1245a12f3e3e7865fc8fd76c7
xv/20365.hot	28	34d162088b8310ccb14b962d063874c39598ac7f2811ab7c5f20545aefe4540c
xv/20365.xmv	811127	75c28627a67230f5bbf670816dab4674231ddd82e46da6daff0b47ab0d0f92d4
xv/20367.hot	28	a8dee8a831f11cf434637679595fda63123d873c2c18fbeabeca2bdae968c721
xv/20367.xmv	760673	7194e264236aea0914bf421b488da2cff21b3d8f54cb71a9b97cc34e8c608b80
xv/20369.hot	28	60604d536d913595a9626841469b346de03227830fa560fe9325f50051fc9c07
xv/20369.xmv	4240509	9f521c3c1f9e552b841967be11ffc3b31c4b831634d7800ae704b6c8f47a4044
xv/20371.hot	28	027efb851faaacf4b06fb39cafaa989b4900fee64c17d61b1282356e0e598a04
xv/20371.xmv	5486992	7a15174921f65a5e7c0c3c1a728e9944a41b8500ce3dadcef05ed1bc5f1131f0
xv/20373.hot	28	68663a3ad007ba8bafb50910718f50351665920c84f11bbd9a1188949952f3db
xv/20373.xmv	5414044	4d96396210f529a9e243a3a20fe1a5805551936fed3cc54a8d128dc0f29982e6
xv/20375.hot	28	1c58f43ababf8cfd85ff6ccdc24f8a5415aa73a8a6ef86dafe9688a886897b0a
xv/20375.xmv	2058498	39cb4bc791dbc20329b2e79007ee56916db152d54822dc4dea7176dc3d3fce9b
xv/20377.xmv	4770226	0805f0d3eba4d91e7a48973c8b4666b9a2cd0653029c942885a562a690db6cdc
xv/20379.hot	28	f4cb22f3d8fbf534cb7fd26e5cb8005b71d438af2272bfbe0da6d7ceba47da81
xv/20379.xmv	6457828	0c40609de6ecb0e2eedafc66e5afcc4abd9c07ac61e5428a6908ef293832316e
xv/20383.hot	308	10925324d9b8828fc581079dedaedbe5085cfb5e4acd9e88909df7afe49442c8
xv/20383.xmv	5916996	f433854b7f8a3d9d84535017c905103ff032482124eb063db1d4647e0f2ebba5
xv/20385.hot	368	f9bee3867e5b68fc1d905ecf9e54aaf69375962ebd13814a94adc1a6e466ac18
xv/20385.xmv	7200008	848c537231a2b02cfb09d8fdcc29a54f6117482e9f3a55d269561396a46aee02
xv/20387.hot	48	12b1d172ac55639c82c44e46ff6db05d4a785101e52fef963cc73fe5631eeb82
xv/20387.xmv	13429583	fc6d6b6e151a5636928353875dae0454823a1073524473fa20c8e597fcd5478c
xv/20389.hot	88	f4915e44b6bb885dfe6e1edcc3f9fef2b2baa4fab1ef58b1628ade57a38b95ed
xv/20389.xmv	3343378	52a4b1e001054eaaa077bf2aa4035231dc58e1821735ac3a372bceec9fc5bce5
xv/20391.xmv	2522173	cd9aa0a899178f038b492401877701626db7c43b9e8cb7d5b9e929a3b012d7e8
xv/20393.xmv	2881465	f813edb2d873aca5d509a9633ec08f60780c48dbaaac07dc53be761d64a51a37
xv/20395.hot	88	244d6d9d7eb45409396033bd61a43eedf9778db43e84314e416ef331c8347bc6
xv/20395.xmv	4708174	c7b8368fa68d34f6087682ef8b212a4f94c1d32508a630c246540f2ada9edbc7
xv/20397.hot	28	9d440020fd2649172dc46230449368148b49c5abc8be0b339d6d9a5dfd024494
xv/20397.xmv	659134	789443c3639ffe6112bd8686fd6ca8948b127e02b525a060a961310f64962283
xv/20399.xmv	322722	cdcb0a9fc909847931e6323789da4714ca8f72bd7de4fd8b7ddcee101c91a662
xv/20401.hot	28	4cca628d3bff19e64129d36eb74c7d8b3fa5fa0f0721c36019e848a1c1131200
xv/20401.xmv	928946	fc40fb0e74079a8f805452d294a7a15b2b2a89a0462667a775646a9574ba8651
xv/20403.hot	28	9e4181b15884ba30f9331211629d2e486d1fbb33964c532d6fade238a328293d
xv/20403.xmv	833521	0d8417641bcb80199998118dca01c73765ea35cde0d5e53ee7295575f708900f
xv/20405.xmv	458194	92ef2d5d6a367ab870fd914ae316175f97c32816a86103045a8fdb54529266b7
xv/20407.xmv	460450	cc53cab098ef14a41f504dbae54351d70e6095696a6f690b2f149c8589d64b36
xv/20409.xmv	568794	5a1fd1b7a771e2d5bd8bc255bdca16099f8ef14bd459820323929c9a0e833170
xv/20411.hot	28	fed58d4e95b8bc1c37ee11761de7ed8f0787d9aef55c842a0ff781fca345de90
xv/20411.xmv	1282965	51dd1efe65bb78316b6b59c4705f609519f8b33887f3cf65456daebc772a449e
xv/20415.hot	28	9087f5b56762cb29597fe5425a9a544d11da241d6ce3eaecfd257fea5e9e554d
xv/20415.xmv	1343630	e728ef59af76ef8781b3081c64563b6466b481e4f442a3e365d96450cde30501
xv/20417.xmv	1211178	e269a3a26c9ce17bcbe8315d7389e2ac16a24e1e962dcbb49de3c6f54b95f93c
xv/20419.xmv	929156	590701d043273e5574b5433be27bcc4048d8a118db058108ddba4220d39d3a29
xv/20421.xmv	944524	5f05fc45a76020c4f4d754568ad41f2a40086f781e1b78a05be7d3317c869ace
xv/20423.xmv	910885	90a98cb767a981673f8e55328cec2981785761cc8096f89f641e9672cfab3dde
xv/20425.xmv	1044776	53890e040a2dce3807f7794e0ce9def2f696f2dd5826e6b2cfa3f11d19fe1627
xv/20427.xmv	1096692	06ac48c506902dfc4643240fbad8d8e30e3e98104a4e884970a3cb335a31d9de
xv/20429.xmv	1017674	5924ec1c5f57643d43b5e5c6fe4c4f96d5a140bcb47f540c1bc253d399e7faa2
xv/20431.xmv	996424	ffcbda7f5f2457fe4f53613d235f5b4607fff85079ec40022873f284022251ff
xv/20433.xmv	1063042	a09163cdd468b560f72166b60261d0188f6a8877f97b1a88ac139c9f90a3b0f8
xv/20435.xmv	456288	3311202adfbb36397cabdaa5204169e91215518714f60c0e279afd23ec3c3299
xv/20437.xmv	283729	1e354ad45e822971c1be613d7d8079dba6b74f9fb7e5c3b38bc1d49fcb9a6ed0
xv/20439.xmv	282718	cb0f0174276482c24d7fdfb568a08fcbe95584436899891913ffcaff89268fa1
xv/20441.xmv	340103	a00f2e94a82684deb02f733aa906e40e4a78a98e34554eb8b84d31618171bb72
xv/20443.xmv	338488	baf66a6259724ffc81ffbb465a777f1860975dd10c1fa435318ee055ae9b9989
xv/20445.xmv	271653	dc774ccdec0c7c9b95b04be9019bfc3d5b5ab35d237ed90ef6abeb9e3e22edd7
xv/20447.xmv	398872	e5257563ce2fb8655d1654c1bc6f9570658e77a54c8059046a47c03bf4922a2b
xv/20449.xmv	307983	76191ec030a3bdc1362d19a0b59c40a058d45d17086aa0a0019667b5b5fb194c
xv/20451.xmv	464768	8c6acd5263d7bac9e2480a7c1571ceb2f92cd76e9099d43a2e7f35c8034c143a
xv/20453.xmv	319581	d34634ad97d6057607ba4dc29aea1b0245e7a4c9ee5f033163a5efe088d2ab60
xv/20455.xmv	246889	8b7a2e629abac5f0a790f5ffb0c3a0d50e48dbcd5c0b866e70027eb6c1f82ccc
xv/20459.xmv	215379	2a130bd3efd74ad7364407c6c9b7a5fa3a4ac9c5c3c5248a46b14e1d0c85578a
xv/20461.hot	28	06c446504af4e28eee3d5b04f1d036409ae3ea4fd083c926de1fcd10e79ac8c1
xv/20461.xmv	745492	8ec4f5be81aa3a755f0584227af305f5ef0dfdd52e396e72433c138e421f3f97
xv/20463.hot	28	6e145e8825f4d877ee49eebbee23ac18dcdad02f7608960f6fecfafc2116d180
xv/20463.xmv	954062	792cb2e588f5c5922b516fbe507d552d6323cb9f15f48b2e5b4bcf973a1e9458
xv/20465.xmv	343453	a4aa7d300814b0854936feef99cb45973b8971b21aebb2f8faac44ce94f7d095
xv/20467.xmv	168147	0fb494b305e8109464749aa1c78f05c6d441f53a05b332090a3ef92b993a9a55
xv/20471.hot	88	3ce8186ffa095b0378a4d5a2d49fbffd24591918ba57e59fe968367da10e75d4
xv/20471.xmv	6108821	20737a3c5dce05625c9f45ba55da15b6227963a56e8e2a7592855eaa3d5df106
xv/20473.hot	48	3cef79f2b8347662ee5ef3a57d27ed33d02e444888ca1e9f96d1abd57815bba1
xv/20473.xmv	2023841	f83d58c2c90bdc1b8ee0e325eb8792c085ffbb95d1acf82e27e1768066442e7f
xv/20475.hot	88	cc80d54cfbca85194dec8af9d191582bf739589bed5dcc65dffcffc33bfdec57
xv/20475.xmv	2997865	cd16b70bdeb0c161b83a7bfe09cbdf1d763d12c59b83ea7252838ff7c466ff32
xv/20477.xmv	542455	cbec591e4c19e41f702c13f052545427299a1d5b381e1920912811676a110fd0
xv/20481.hot	288	dabbaf3998db1213f064eee815752b8f1b45c915f153a775264686d53de3ee11
xv/20481.xmv	10012630	77bae8100c10e6b92e3b96d0f169d3290f735f4f21e828ac75368995ce0067c1
xv/20483.hot	48	93bffd8cabc589e3a89f13b9ac116b5f2bf6475e4bcd084716cd72baea366b62
xv/20483.xmv	2325059	8fc3d25317c0a18d8ac62c0ffb41a0d631ee9cc30c6a9f304c9383f2ec2d6d00
xv/20485.hot	48	54c979c56cc75b256eb48d0428699956055ae21f1f6f79a816c7545db59c14c2
xv/20485.xmv	1868862	f44a392ae07b4f5fe04e7c3da1e1862d26f30d04192e0de4eb54cc9de1d312bf
xv/20487.hot	28	fb37f1ffe2738f2acff0097011afe830284363ca51b7624d175f1a0ecb21f27e
xv/20487.xmv	1660212	5991350f91f3b6219c0e6e005fc6214d7cf705ff6c99c039841c1637ec71d13a
xv/20489.hot	88	1d9ebbc1c538946efcf17bee85d292cc7f29180fa2b154b2868d09222a2fc348
xv/20489.xmv	3980769	79d7258a4fb60c7c33c359a295908fc6e999821460605831b3dc68dc10c19dd8
xv/20491.xmv	605689	a418eb1498f78395f0247244342ed47736c7cb4a5cf1791afba711520ad3d53b
xv/20493.xmv	645320	700d3c15aa63f01ea79a67109f6d369ddbcb201dabcb2f68df967e6c0c1f0670
xv/20495.xmv	528089	6ea7d46705a3f2bdf77234680359799bd0df31418751c91e967c191d7ee43e44
xv/20497.xmv	684257	410c37f56c50ac303f1004d343f8847378f83f27e99ac6e8c5a44e54e779a551
xv/20499.xmv	592626	2df025f3805553e01570c4f7ca37eece75bf30da2d0c703bd49971e747e3cb8f
xv/20501.xmv	624335	8619be978e566618b0899489ef0030c8371484b2c0d13326041f6aa95f656d77
xv/20503.xmv	643905	49d340c02857a5d2b788a97fceb36017699776885030a3e89fef98174c68e890
xv/20505.xmv	735412	7042135047718212b7a2a1575ea5d72be4e93aa2d4f87e1cc7b0f696cbf4abf0
xv/20507.xmv	529959	8454b8d0d3aa4ec73b0856142d5a6e2c82e6fcad6b92e946df93db38f806e8c5
xv/20509.xmv	555246	4828daead7e9b0da21e7420f1fa3ad66ace8275e499fb087693f98e61df11ab7
xv/20513.hot	68	12883f0c3c3adf768c29347bedf9c0d9ddb71e4c914a7420c82ca1c87ec60028
xv/20513.xmv	1533951	402d3a9f343d01d8a5b21f161e3e92956b1e1bf2f70b4566d6d1c882e2c7dc45
xv/20517.xmv	651721	17d326c706288e332a1e4709c1eefcce79d0725092d22c88d10ef3c1b3211cbb
xv/20525.hot	68	2413fcd8590608e6c0fd0453603c5f3c851430586f62465ded5a4a8b6dafd03a
xv/20525.xmv	1965649	d04f5fc38c2e8a2517fc36d6ac41ae436a7b3b5b3ee9303cd58ac1c2e24cc13b
xv/20527.hot	68	1c749febd0e180027447ade9a5ff4a16b169d91a324633626ca7b6a1ba5f7d2e
xv/20527.xmv	3302759	b89f4e507b53a628ca9b5a97b42cc6ddce549a58c9c852d72bab3cd518bc3a2a
xv/20529.hot	68	4b012d7ffe6d02f98f200f9e1f29381d6eaf3a13672f46c88c8ff7e13fde97cf
xv/20529.xmv	4265630	d194af552fcf8651b4a41cfe16c27bcff271ebd783a17319c2089ed09fa23b50
xv/20531.hot	148	6d3d0b2b22687c7061905c407230d543e79342218bd3a1f7f3366dd1df63472d
xv/20531.xmv	6528930	4e6e0a78eaa847782060c5db92fdfd3e6df2779079c749713117223325c985cd
xv/20533.hot	128	18699267644d79927d67b83b958dba7112a009a8b89297baf7f1a4f7b3ffbbad
xv/20533.xmv	8597425	d5bb38ab626fd4ee9a9ed317ab5030e12cc0ae48a06885fd334892a5fca697fc
xv/20535.hot	48	17fa4d2fe4eba8499d7117485f6c18b829c1a271855aeab9e65505db344bca69
xv/20535.xmv	754943	608853acb6879fd5193ba4b97639094c902c6cda6ed328826ac9cc2eb0d68fff
xv/20537.hot	108	178a5012e404afefa6e14ee9f4aff26ef4cfff18106e22a4f75cc717ed800dc2
xv/20537.xmv	3179209	c2398811f15f82df4aea3a69dfc8f9d0f2778c2b014521b40faf62d76dea595c
xv/20547.hot	928	903c6b0e457ee8447c14c0d61d0d024c2b8ba3d67067703ae13a4daeeaebbe1b
xv/20547.xmv	14321386	18d6e7acca81daac442e16920e2ad330714edd8295eaace2304b11c22e30bc93
xv/20549.hot	108	68572ad0509dfec463451bd6fe7d74d942ea89f37dc110ffdfb674610056235f
xv/20549.xmv	2695220	d465ed1d66b2d70f71589b65a23f91044ec13e816627e65da6044e27ccb99088
xv/20551.hot	68	83959b24c3c9c92c211cdefd2e973b07fce20cfe8d35392bbf4f371aa9cef2ae
xv/20551.xmv	2257735	b50230aee3253140524f9b75aff0b44566fbfca2f6fb6a112fa7e651eff8ab71
xv/20553.hot	68	686d364e208d2f673154aac76bdb54712534c46575b6bc5cdf3431b68252bb5f
xv/20553.xmv	2378255	1a431172659dcfc308e588481e472d84a3e7b9dd2efe33db8c283d616faf8e24
xv/20555.xmv	329084	a11ef641c88bd04b35f4685f705ba2860703b3acfc720e096cbdab57a0beddfa
xv/20557.hot	28	f6a40fc94571033ce92bf6c8ae76dcca84765876ce2457b976813c0c022a0fb7
xv/20557.xmv	1279341	e57d59e5b8bb02eab8cc46306f8b2d4ff9b2b1227d19568643b583696a269124
xv/20559.hot	48	9d2ac5d3006a45d92fb5f0f1a099ad4239a4680ce8026cf06c8d937b59de86e4
xv/20559.xmv	1314290	8f8ab045eeffdc26b10f8a7cdfde67a16b24a1aaf8a86b00f9625e6d560bcd31
xv/20561.hot	148	c45e457acdb230d1f1e3071be901e2e45151b906bddcce98557c118f92662e2b
xv/20561.xmv	4841041	5faeb6d1a916ea8bf0a784d0a9beef7103568c2fb87c5c7a09c56a89c5b586a1
xv/20563.xmv	370752	adb64d95f6539dc5cb51bb3d282d9dfe5cb02100808a49961bf17003104f4c19
xv/20565.hot	48	f356369ca6fbb4986ed11db0c21e03ebfb15586aeaefa408f85338298528b4ee
xv/20565.xmv	1367590	2e192f51b7a75adecadea79875375d56c6f91cc148049d552bf120f19b6e21ad
xv/20567.xmv	259007	6626743ff6d95edbd1b5c5d5f8cc690a814b464248cf80053bc4ac7d1c2f9096
xv/20569.hot	28	6b7b5d7c382b73669391cdf3667a573582264b404a3bc43de5bb192fde77db0b
xv/20569.xmv	483841	f217b832f53c922c6d9994d76b1b5f35cbe88035a6c069bca5b707d653eccc84
xv/20571.xmv	335651	be2b6159b47ea4599e744653aee1cbf4ff78c1c27d73f470645221975782577e
xv/20573.hot	108	8541a87e607e214089ef6f8fc5094d60db51859bd407143dcb8208ec94124229
xv/20573.xmv	3917219	e6b023d5c32cc6b324acf5c87d88e71315c2d070cdd18ed93041bc12b451cf8e
xv/20575.hot	28	fd931e5db0d1df7606a94cf65293603606af2780e63bd36e5a2b933813590f18
xv/20575.xmv	696598	070ece0bc33dc51c57412fd42f0831b5f0fe29866cefb0d66b873e0467e4941c
xv/20577.hot	188	f67f110fbb7b17ddea12cbc72b204f1d45b105ba1e08a1c95bb664624ba9b86f
xv/20577.xmv	14598830	a180961344f1c175adf44726dfac65afe970deaa9a948997829dcfec41412939
xv/20581.xmv	5455128	f5cf5819c1f50878335ddd38425fc7e090b643e33ad06b634746d0a3ff9fcd9d
xv/20585.hot	28	55cfd36e12bda2a060a39eed27c009fb9dbaa4190e295a4f0a4ca5e3dbc01471
xv/20585.xmv	1309070	6e1984fb336301e2835e975d67204f1591c7caf8b583e4119ad38de6bcdaec1d
xv/20587.hot	28	78610f6a82cb4709b5e921bf1a9e118326554de69a644c8b68a27e2d02397533
xv/20587.xmv	663547	d5e389c0da846be84de39d34c3d86632ff6cc1f23b6de84347218a4c45bbabfb
xv/20589.xmv	364482	abfc8b7f6e0658c9a98dff521aa138e1a634b77b1bcd5138e63de84dbbc65f32
xv/20591.hot	28	f851951c9516c28571adab180bdc0cc3dd98081b9539ed5d8e00f1767149fb0c
xv/20591.xmv	2228486	f3babadb35e31aa045e3482405e6230d4d4ea390d8c6e97efd9ab37a9d4b1408
xv/20593.hot	28	d13e3be864e0d646a0c5657d2bb10add6a7f33f542897ecb502956d2e89ab057
xv/20593.xmv	656403	1f1481d54191fedc7280d66498a2f675fa9c13c3c1ec1d50c555e3807171f460
xv/20595.xmv	1903439	4b455520dd3d4b0cb15658ca873ae3f26e948e44f384ddd60f0a2b2455da5184
xv/20599.xmv	506097	35de408a6ac04a718cda65e9860fe2bd57e7dcd50d928fec29ef8180856d45e2
xv/20607.hot	28	73b0d9456e020cc0596905730dc36403e5e4edb59d124926abdea1b009d5e64f
xv/20607.xmv	505620	44acc9263561fd89f96565d86fe20dc37a36b3ad96e30dd708f178a20d37f203
xv/20609.hot	28	ae141610edc634c6c5b438e8efefb277eaf0c57881cb8caf440e538eaff22a2d
xv/20609.xmv	601475	4ff72feb00718215b2ae37eeb1c758f5442506ef8d9adf46f48fea70ab7cfef6
xv/20611.hot	28	493b3a5c81815898cadabe9ccbc45978ed8ff6a8edd86eeee270dca71dbbc350
xv/20611.xmv	543341	d4c39555860c4c88c077ac370e482cca8a86eb285aeafeb409ae368e2c7f68e0
xv/20613.hot	28	2c7ecfb7e8aa48922b9ba3953a777ffeb559c4cf7e376a6fc6bee6c9705faf66
xv/20613.xmv	681712	5e4b79a10f28d2647ebb7668d373c736dc9b62aa34f950e6519a829a1585a98c
xv/20615.hot	28	791c05118ed2fab0ae877dd25e691e2868ba28e801f201c8a9551ff17be3ccef
xv/20615.xmv	655116	3ed055d5469b03ffeb66e2d5c2d2b4a9251b73c408ecf1b2a737f2f953730efa
xv/20617.hot	28	867d2cc6ac0579a22c38a91d9fee3e2535921b41afa929be3c9708a96169c430
xv/20617.xmv	906164	168f32d330123dafef3f45859a986b85b8f2fe627cf986da787d6104963975da
xv/20619.hot	28	ec538971a34c9fc303b5470edcf96bd8591f26d950d616777ef8db977e049d8d
xv/20619.xmv	706427	9e83f0fa2395f91233ca62613b7dbee0850d6df7d053a8cc7d1ee307ff20e003
xv/20621.hot	28	8904fd43f90aaede627ebf1f97c8796eae0761903a387919f905f1c93cd22631
xv/20621.xmv	609679	33b6068588c6083a9dbd7b12bccef17b772fe7e1ad3bd54fa5efb4e89ccefdbe
xv/20623.hot	28	bd69016eefb443d21fc8152b97958f785ed665daf119d2602c0b4366ebeb742d
xv/20623.xmv	1349527	514b9ddb268df816f4f2b4146fa2843314428fb6a707ee2a24ce32da15dddb9a
xv/20625.xmv	471329	7d9c9349e216bbe0c1615640c21e7e3ea905d964d6acbafc7e58b458439cfa1b
xv/20627.hot	28	08b4fa5317a8764f2f27a59b4a386ae15a7e3f106964b2f509ee45a13b260632
xv/20627.xmv	1336406	5980abfa934f39475bb998e060771bccfb33d1d94c2fc541bed7c5c542c42b6e
xv/20629.hot	28	758717b3376eb770adfde2ff4f7925044d0c5345757636cf8ae2abf37421454a
xv/20629.xmv	631046	4153c4077164949fadcf2ddaa38b187b7e7bbeda529218c6e624d08fdeb618e7
xv/20631.hot	108	53024d9c241914add6eee3f9ba1431509adea81068f58837eeb3319a78e5c56f
xv/20631.xmv	5153888	eb7de3e304612d10b2d77f88be143bb0a6d362baa068f4f9c03a06ad7e01781d
xv/20633.xmv	430908	e22de190e657c74c341a76627db8a507a0e84084ef62d6a050771d060e2b0643
xv/20635.hot	48	83d734ed17732c5136c18ba170233d62a6d8b599fa84b633a56fca71855d7a98
xv/20635.xmv	894811	60004ea4be7701372f8423df8041e3348414b74331282be8b844fda4c873e463
xv/20637.hot	28	ac000273d2d28037b4683e8204036c3dd96688dead5837e541168a89710058c0
xv/20637.xmv	1038339	3724317d6cf0b0ca2ff214e7a351eb0ec5d18c33de9efb6d49b22532eaeb14b0
xv/20639.hot	28	3582328a4a5c0407e8b228f5422ad5b50de6df26417f8ab3c9ac9320d3503e47
xv/20639.xmv	964246	2a0ac37e7c61901b1d17e39df11a7933dd3bbddfdda8e741f10a317836b4c9f7
xv/20641.hot	28	0c2ff4da5439effe430c58d07bde1f9db6759afdf6983cf2f7cb1bb4611fbdb6
xv/20641.xmv	1175638	91dfa0ed435106b692c56313643e3eb61094e20e5de2e5b2a59239bed1b229d9
xv/20643.hot	48	adc898a774814f71f0bcc72565af6787bae9ab3c11fc353e3d92b836bb4a1fb9
xv/20643.xmv	1404464	192a74c12960a815d47746048d28f7e52b3c3b7e7896a640ad7c8f70215545b0
xv/20645.xmv	189136	691aac640e3a1f16b70ed617b2fadc41fe1874acd60a6f1df1d4f9d379c32eb0
xv/20647.xmv	189914	68b057e03623fdc3b221dfb5713bda12503f211cf176b6ef98486fb9d586a84b
xv/20649.xmv	331306	94be5dbf12af20bc23cc5ce9b3adffc6bb509fc6e7dede3fab9136467dd1fc50
xv/20651.xmv	278124	df96e6d0b94f18e29ad9d0b890c691796e534a2273b6856b935d2afcf619f1e0
xv/20653.xmv	238308	f6b8bcdd018fcf1a265c9e5cdf82a17e7518a62e63d18160c3b10ade5edd3097
xv/20655.xmv	288312	704076d0d49aa1264891a93de9d036f61efa1d229b4ad65e79e685219c85d022
xv/20657.xmv	149054	e44969cf1462b640d0c400a2d7ba8a97b266a9738e860479f80b92fcb0cef437
xv/20659.xmv	174843	a10c526e63755571b2d073266457abcf6eba20fb71e5d2e674fb90969ce546c5
xv/20663.hot	68	f681e46ba23284210038d8f61f689514ba667f910495f484ce06182ff6a8625f
xv/20663.xmv	2436175	f9a279626d630d27e64672fb597e9165aa44930807ec5d95045948cf78d0861d
xv/20665.hot	88	c3ba6fcf8ee7d6a797c74667896355b662602d953253efb57433e74e7c1cc3b3
xv/20665.xmv	2089665	343fbfaa0eeda9ce823189abf9386d979e8390f7b6b74ee937b2136ca8962ddc
xv/20667.hot	68	dd3b8cb9b2d45b57cb3ccb7a88e784267dcdea3ac1b88e580fdffd267c65aa3b
xv/20667.xmv	689818	0066e62714ead6477a74ce595210aebab743fd673c4299a1403bfa3c87039d31
xv/20669.hot	28	bb29438d95e3f6bdafd9f7ed0837b0375354a96df8bdba2f4265657b4044fc39
xv/20669.xmv	466678	44fa2e9de2676c66706685d4dcd040a45ee53d2be6d0df842c66607bfd93853b
xv/20673.hot	28	a12c5fb92658e92f9d9b6ac65247e420032316fcc59e9701174c831f996335ac
xv/20673.xmv	833202	91023f660f5518799ddb0666ae0f33805adad262b9d1f8f0930565bae852e40c
xv/20675.hot	48	73a3e681e5b5adc1456251c61e1bf0aeb12e179e1fcde0319efdee955630ca15
xv/20675.xmv	826206	dcc7324592ee228e9f42a729bcd00465d3cfe3b36a063a62a693803b5f6f1dc5
xv/20677.hot	48	3c1fe9726f832b6f01053d16c230c6c07811f68523580cee152147bc31607c11
xv/20677.xmv	2165678	cc3e3f6307e27a92c61e34eb8fd903f513ec67ec0cccce3d59c4703a6647ef59
xv/20679.hot	28	40263e1e953a94a4660fbf0b639b965a10d787518c63b9cb45b32620d528d6e9
xv/20679.xmv	834418	d1e2871a8693f3d4ccdd057cdc997d883ba837ce0704c67346959ca52e426671
xv/20681.hot	48	97ed978ffbb28505051438f3c1c1a47af09f765d60c046c1727984c306e11bcb
xv/20681.xmv	1499299	884dd8991650cf61e5252550893307b01ebb7a429a175d8c2b43b472feb871cd
xv/20683.hot	168	09ac269b7f3cfeb123748b768d0e01d7499fc6af9ad9adf9af9ee5691cbfa42a
xv/20683.xmv	2150923	321fbfa3796ae44b3230e124898274601a37c0749be8e7a427034a432f35e976
xv/20685.hot	28	1399e3ce6ac7fcce532e5ac249d692ade485d6a2f1ed37c51f86042900658ce6
xv/20685.xmv	841275	4a7b1e218c696b2ac416b453d53b3df71089590638db0b62e7957d99dc5e056c
xv/20687.hot	48	ddbf405459eb24ed8b8c41e250d941dcdc9824aac4274ecb67458d93f42c06de
xv/20687.xmv	2484839	1d003d96c2adf4efb8fb7e34266d478fb8da29f15f81088bbe5c18bd74ec4860
xv/20689.hot	48	c10b065d449fbcc0fa0e0a4b9551a410c8969de3f4155b69e8aed1430c776963
xv/20689.xmv	1346868	a7808ab8f49b0972039dcbfdb8ace0f8969a5c8941e68c584b55b8829bfbc51e
xv/20691.hot	68	178b60b6921d5518b7a60b2e84bb65f691c4ee8c07aaf8870a606ece304b448d
xv/20691.xmv	2935921	5d49240fc0b574d786f0c93991374d7d60d26977ec71ff6de7824beaeb2e2fea
xv/20693.hot	108	d10f3e043f1e3703fa0303d585dfc4aa0c9b0230baa60dfc7131503204786956
xv/20693.xmv	5116093	deaf043a014346f13afb0cd16af8d5f73a99086c9e79bfbf7467c7a4f8908bbc
xv/20695.hot	508	55717c2c65d8566eea4445bf423adafac5371fbc1a24f770333007cdbbcbcd2f
xv/20695.xmv	5795156	93f8be5d2bfcc22b820d1162397a62f97a34e87f0392fbe4798c03bbc6954b37
xv/20697.hot	28	1f29c08c371ad82257e6500fb38ff7ad2a9f2335f0c8a31ca006eeb9599a7919
xv/20697.xmv	484476	bd9360b610e87381a3d8ee255c0f6747434fd7bb1173bbe09acfaed55de26c81
xv/20699.hot	28	c50f4d626c6c9cb0053b410021a1370eea3a5e156531ac8af6e6c0e8969695d5
xv/20699.xmv	1088429	d5ee454759cc166c636396e0b1e9e3a6d7309497b064ec1fb526afd66aa1b452
xv/20701.hot	28	24c77f037c9f242fb7687aa31182e2fc63df4913f77a5838a40561e7fb506118
xv/20701.xmv	508319	2ed59391f41c370aeefaccc12bc4d88e95ebc34d589564609923c5b1ed541771
xv/20703.xmv	412499	b492ba9690c2ddee079eba705943997c8b067099c17b0fdb1dfe00f30d0f1435
xv/20705.hot	28	8c40cdf0034fc0b8938864ee7e610db162631b7fdce4dccbfa36de134ab3f7c0
xv/20705.xmv	1197706	86ff483cd1fb776b07954839c2d94ae242d09b0a4281c26607bcbc179ff281d1
xv/20707.hot	28	87950fb06176da5421cc31df338c0d622e674a9087e12b089cd7e1adbf38033e
xv/20707.xmv	689913	3c877a670f07bc33ff5c19b9a99d1bd99baba945714a051f206cb5bcf00aeef7
xv/20709.hot	288	18236ba4d5476e9405f1b609088ea56dd5d4d6893ade9c47c4ffe63ed1a38bd9
xv/20709.xmv	6683762	08f175309a4030ddedad158b6f8e4562a1c03d4f975d50d8d8ea0a2fc788461c
xv/20714.hot	88	08ef9d9a29a8df12cb9940faba423faba290276f62640f8103dd65b9fc579ac0
xv/20714.xmv	4128505	5e06d51de00de7111ccf012e6ad4b548d73dc67ad4048287507c3f22879c053c
xv/20722.xmv	231632	a859b367619b679ce3e9d9c67ec23e6b047e70ebbec515630b44d7983f6f42d3
xv/20724.xmv	325300	642531d63671b3ba0c8e84fc18058dfe5c84d02115df6c9ffb97a51176c17cba
xv/20726.xmv	255889	9d63a1e6bc7b9fd68e2188b0a36b8e197abb216e692c68d1f2d001e7f64c78d5
xv/20728.xmv	325923	1238453030e66d8a709071e5ca2671813c224f28f7b25f83f24c63cd77e4c8b5
xv/20730.xmv	293689	9ac1b7b52e31c9c360f8520a4d5de6b91315e16890d3487849cb35164a23e848
xv/20732.xmv	153232	cb843e207f3a6bc030c08a2e6783011f8ccfcde5140ac71a1e2c26a8b06ad452
xv/20734.xmv	141997	8c2f42ca8bd61b46943ab3b28df9ffbce7a9e61bcbe8c8bdf86bd921956dde8a
xv/20738.xmv	487359	fc7ff0ea5abf6b7c1a665dab7393119bf4a45adf96a132cbafe61a981d0e5501
xv/20744.xmv	226977	b2cb5f1587dcf3e4f073a818e9949861b8ceda6620d98f91094629fb1e7132d3
xv/20750.xmv	176856	ebb4dfd2ef359a655ae7e36f4d22db3f302da03d2bce0cad92fec06dd65b2548
xv/20752.xmv	272817	3065566fbe2e000ee155fdaac6c1bc0b88457cce67a79de5abec0f26472b375c
xv/20754.xmv	152682	4df6388c6fcfcc55a57f8331392b74f53bce88c3e80f8d3ca95e1c8bd150ca0c
xv/20756.xmv	269827	b0ec74d99f4465e13cbbb82362bb8db7cc173ea467d7e2e57ae2113951db148f
xv/20758.xmv	267007	7444bed3c9d10bf53fbe5d1fca7eebf26e68f82b993e2f6952ba73af50fdff9e
xv/20760.xmv	164951	f5bf4e154e585fa4b8b06dcef5a1de90592c79d9cd12bc153ac915c42b4f476e
xv/20762.xmv	105187	a95a29be261f29dc8815b57325beb9d724a20fdeb696c4235069aaaf7b17d182
xv/20764.xmv	102797	6e098236e369a708647e45623e827d3aaad333f2cd4d5b7192955828426df617
xv/20766.xmv	175011	4e18051da5332d592653b83fa5e8828bdc2af73dc8d31035701e7f690f1e04d6
xv/20768.hot	28	f41070d7bf73723a0d1036a0693d3ce5ba34ca43eedddc521f60c810550dd4a2
xv/20768.xmv	1082582	fd14daeee31f6d3fcd526d2c9905b8afd5921d858b18cc0e5307c76a3c1d644f
xv/20772.hot	28	3a4fcdead550f78eaa9616ac035e5c774cd4417ca9347a84213a671476d2a7df
xv/20772.xmv	668076	8e3d33ab970f3412fa811e1887199cdf7f9302e27ebc0baa53aa72edf419397e
xv/20774.xmv	487550	9c60df3463ce00a85e74727bd1455c4fa0601370e81bd091b25ad90ed6cc0962
xv/20776.hot	48	e146c8a60a915249ca5f04f39e4b17a1c090c9c5c09e4ed7ba411921c0018d7e
xv/20776.xmv	1082150	8119f242c0c260c5b2da63613f8d1913e0c6005bb1b56eb7df67432ffd50d9c1
xv/20778.xmv	248478	550f32646daafc23278bb5998888a07ba93b68016371f942a01e3d5eb812e8dd
xv/20780.hot	88	73187974d9aedb3c6bc63f95964ef6034ee07e6d5c5b262fc77d476d4fbde8cd
xv/20780.xmv	3329797	5363a4e4683aedbf3393165df50296a1017bb498326cdc021744f85768ed6821
xv/20782.hot	48	4b3f8b1826c52866517176bab745689f661819c5fab753938953a512e5bb774a
xv/20782.xmv	2187897	313c7bfc3bb88680f54ac7a8b8f5e4ce572fbfd65b63b1770ac966d5df34438f
xv/20784.hot	88	af9b8c75f1c78b41a246a6d813ba817c0efc9e6b623da33e03ad4666f8ced7a4
xv/20784.xmv	3824092	fcc2b42d754d3d904acd14781bbf6b8c522e0cdf3c5437758ae1db8490f322b2
xv/20786.xmv	618835	16a8cd9381d8bb96318277222066893c7a9440742c9a1419154ce7916810f871
xv/20788.hot	48	db2870a8cc3c512e63954e2d3d485a97cf57f03b76e567e0941fc3451fc84f5b
xv/20788.xmv	3404317	169994bd625ecd230ecf853fe7f5dcc0ff0899d79ac27cadd71c1035f03f4ba8
xv/20790.hot	28	b07599b743fd562af44e639e192cf98583dd043898a0243e50d57f992df28038
xv/20790.xmv	1475014	63ba56541865d384e7994c3e09f9422e2bd256ae9578aa476c03f53620aa4b81
xv/20792.hot	48	0b6ac2dcd1e3c539b693284cb00cb1259ebe47e2c50f6ebb794f2fadf8717437
xv/20792.xmv	5085687	1ad34ecfa45b7b063f4cfda37d44717c53761fcc01a8d969543790cd1557eefc
xv/20794.hot	208	6164c4e6c727f139d70da216f2b481da411c9af79761bb172fcbccce56945087
xv/20794.xmv	5369027	aa9294685cc986dc0abe3da710d662d7f8478769a2414258d546283086daf6ca
xv/20796.xmv	3192899	b2a1dc63c0088b2973f79964e75bfcf0eaefd65ee45684f33c983d1cb1442115
xv/20798.hot	68	4304ee6eeba154399eb17e7ed4c087418364e775a5e70244052f65b1159c19f0
xv/20798.xmv	1473273	7c330a0977005f47b42d3bc0451f78c2b2867bcd3f17909a5da2dc46b2f71554
xv/20800.hot	48	3424ed015466e910337c7c99e2ba6f2a38cfd4ba0055a4c80f34e6f77a350269
xv/20800.xmv	2384680	a0671c3c5f9a735d1cafb0edcfc602d4e99036a18be8d5e46c4b25d5c3c3843d
xv/20802.hot	28	77dd713fd4ae0cb4bf16aa50fad3a70757769cb0a18358ebb03da4ae9a4b24a8
xv/20802.xmv	1527449	8120b7a8024690a489a09a8587337768fb9ad5f3acb4f86c13663e9eb060be16
xv/20804.xmv	492320	64b1b5bdfc117d29ba5689b29d73d2b5bf5962d981c3b68092ad2e26b310d70e
xv/20806.hot	28	088be2a0a10bbcb125b583c04e8d34db12fc33131e0d09ff1f1cd8d639028aa3
xv/20806.xmv	1671081	603cca90a1da17aff24ccd8418cbcf1abcefcaad6cd28cceb5dfde64f8c8db27
xv/20808.hot	28	bb7ab5c0b0c0306f236f9ee7a7a397d302218eb9d75c4c46a644860d94f9f78c
xv/20808.xmv	1370653	fd148ac38c0715b6311fd3e509b20c1bd1dce6c9881b146c2a796556abcd3988
xv/20810.hot	48	6ced1c2803858d6ce9afd57c3c8c73e2bb90b9f4afb0d78f35af6fb3ca03ef07
xv/20810.xmv	2358616	ea339fa9d4fca27755bd468442ff1a2128cdeb31e71d712a33767efec23ad019
xv/20812.hot	48	fe203d0d1aecb2b3b5eee0a27b61f69393729b918022d454bd267804c948385d
xv/20812.xmv	1752540	acfd4dafae4b6eebaa20af0f69021fde36352676fb6e65e13f7da9f99ff17efe
xv/20816.hot	88	1f77a201dcf9a5f3a2a1fa9fc939dfd7bce1c75b568798b3442d09591cf1301a
xv/20816.xmv	3830844	7ca1cdd1b4f415a1f86a00c30ad3f8c4d4fab6d5686b3136ebb7dae6149a93a2
xv/20820.hot	28	1fb1f15d8ef7adca9d0ba1d8159ee0c0644b2208f38a69eb00b2a888bab0bac1
xv/20820.xmv	2342304	e2a0650acbcc640fc0b219d27d0d0b3e809e5ccebf6989481d1a1fbe318757c5
xv/20822.xmv	188746	367deca9eb0ca5e64f3767453ff8c4d8b8b1a0897fa403dec0806df576ef8bec
xv/20824.xmv	180746	f37bba2706252f00f3c1e3820d407a3fc9e9c90677ed675e68d6777beaff0273
xv/20826.xmv	266305	f7a87840a3f312397c7def60be601b9ca5907d5f25f5be0c33ecc78dcb76483c
xv/20828.xmv	344121	82c459f99c4aba9cb37291b56f75e8780c4da815872266fc88905086d3558801
xv/20832.xmv	318096	d266ceee981c6a9fd2deb932cd787c43d32ba9591b8543d3a02e32a3322a72a4
xv/20834.xmv	420295	f6c23c5958907d25c5fbbfbc4c41693bba1b87176ab77574ca19665bfbdb9509
xv/20836.xmv	392538	d52ee4e78edb46a0b1714e9ebcf3264e8d4e74c87174ad02c9407b19c37ae88b
xv/20838.xmv	527579	19962e55937f5c5e8d38581ed9d693fe52a91391c0e0d01ba5287f840d7a1178
xv/20840.hot	28	ea8c2969d6946d904efad4816c1f4d24d151fb7ad465080ff8e42cbc169fa093
xv/20840.xmv	918636	5a521b04fd82a3758f4aa34d44098baf50c7836724d830c28e6b4869a22620a9
xv/20842.hot	28	58f88d3a1e9ebc6520a3129bba25cf54dff368382b217fe181d830a5680138da
xv/20842.xmv	829871	52425f0d596267be43ac1bf08b376df45568b43f16a58562f1ff67d9d2199fea
xv/20844.hot	28	cec3a59923e34cdc22273cdad9dd5ec480a692648cda8822065b9595027df618
xv/20844.xmv	1046858	fbf5554a4170f089ef34605b4dc0038ce5a5cd71274f37daeb3a8b7ec06b3f1e
xv/20846.hot	28	17153ade533dee422c2ca29c7e971a7da43cb6994f71e0057900e0b7d4b57ec9
xv/20846.xmv	1166652	e5d3260b4089c6c961b99f270cae6c9908ad7a7652562b3e1f33a3db44e2b52f
xv/20850.hot	348	a3494833b1a4a53075eac12d228b7cee44c8ce6a6423850208dd3074b5570453
xv/20850.xmv	5278934	b56cad8de2e835a0a7ee3909608abacea6738685d2df6e5a74820cec5753a12d
xv/20852.hot	88	10c9e5c89acf5ea09da98a0d0bfbb872f030db4633a2a7a666a0728b70142e51
xv/20852.xmv	5646276	5541395e168b67bd7dc46db3494931fdd61f18e82b7981cf90272770b9c4be16
xv/20854.hot	28	72cfabfd55d7273597686c58cb0b294206e7d94ade5df05d2a73479000230a1c
xv/20854.xmv	708332	3ffc872cbd14c238887a57c4c67001f6606f8df824019842e4f517af814f06f6
xv/20856.hot	88	0e580ebccb386883f19adf83eed640d730b09e311e44df04b8c1a39adcbf56e3
xv/20856.xmv	6301589	54608afd841e7e5fad603c30ffaf4a294205828e6122876e64ef416913dc163b
xv/20858.hot	28	b4a689f8dab044b76a17fe2457afbb4d7173aa721ef309f59c0922d6bd4dde81
xv/20858.xmv	708110	aacb0fba5ff0332668b32b5efa0892876533ffb0b7c8165bcde8460aee2cd66e
xv/20860.hot	48	988eec004e6f575343fd50a1ea7533542186c41bdccaf0bd08d94d9a187b9c6d
xv/20860.xmv	3765645	3443530858a72f2b732dd677ec35feb02be48958c69cb71de1ee8da8df5b1e4e
xv/20862.xmv	397942	a50f33f88af3765fcc0a493596c6a01a37eed6e50b930ba3e189659d4acd1cf5
xv/20864.xmv	1552952	140dbc021b57bba8745c3df3248f2dd79ae2509fc0391badf2ce6e08821090e7
xv/20866.hot	28	fdbf9290673ca7fbd96d89acaeaf319094feacb3034a1f0e906056cfa45ca765
xv/20866.xmv	824199	10e9099e92b737fe517b3a09310c8405700cf24cdfd4c6d3cc50016fb576eca1
xv/20868.hot	28	36a2500a5880eaff48ce6f8fd8c1a4df44af55dfe1723490cce277af31964cf4
xv/20868.xmv	889502	31451dd7d7928a4222a60e2fcb165a3a5569ebd73b79c4385aec0b1065c9cb8b
xv/20870.hot	28	6f5b4cefa5295ccb0c7b836a697bbf0981737558e0fbe13b783db39f385be234
xv/20870.xmv	609471	9cc4c4779a0bf760bc9934a90fcf87c1b403714c6409181b09b10023ab40f4c3
xv/20872.hot	28	69f1e6149b421772cab18b38ed97e77b21b37b2bf37ea60de176f3ea88685f28
xv/20872.xmv	1951983	e216ced5d307fdde8c3360980682389940a4d92ce6f2db65f9f2d657c605ccdc
xv/20874.hot	28	3d31b32b4683ba3c9a4992c1c1d31cce50bc2493433a832221fa9397d7c53b9a
xv/20874.xmv	889440	d3ff1f29bbed1fdef3b8aedd90e1fe7a87b227b66958e8b0c23fa70da5d82734
xv/20876.hot	28	8a0e43d65e0dd1f015f67e8e3e2ed91338bb0265c070c130d396c627c504fe5c
xv/20876.xmv	2479354	dbcb61c66ddbe8bffbd6f4bc8d008cc166657123bf07f9ef88a4074dbf760a41
xv/20878.xmv	408904	18b7cb875a8d0d3a923b7b610d677dd31582003460a0a346795b7eacfe55d122
xv/20880.hot	128	b490027d6f5f8975746826aa902336e337b2085e07be7d2f3a0ac392c9dedda6
xv/20880.xmv	6855186	1478cd3ba15d00fab9a2cc5cd146ac761d45df5e811cbd8a708d040820543ae9
xv/20882.hot	148	6f55b7fa9736e208fe5c9a2f0ed99903ae4e0b05c49c098e16ad2afdef9f61c2
xv/20882.xmv	6743394	3fb7fbaf0623088752efcde8729d5c6344e230c6e73c325db17acc4022da46d3
xv/20884.hot	188	6bf4cd6f1b0a25287b0e84c5210786d5aa43696b121c9b4745a56bdee0aaa1de
xv/20884.xmv	3854083	f8546e8f22a0c7ff88a1dc2f5df91d7fe222c0b526f99a966bd45eda2120e1d0
xv/20886.hot	28	74c7933b306b974551b98fa7a0524ffc14e2f76e5a41d6744ae858f0aa54e420
xv/20886.xmv	738840	b4aae334c79896d868a2ffe445959f34b4448517936e072104b40fa6e2daaf35
xv/20888.hot	28	e74cacd6da7ea1de36c5696b8c4941e9dbe689de5e47efd1d68c8523e5fa268e
xv/20888.xmv	1096065	a74cc29070ca5194efc058e7c746f6a1835e59f15cf98ec419eff19c02c55bbf
xv/20890.hot	48	dba9d3214fa3f7026c48ff2f56be993440637a40cb361fc9d1ce409c578cf196
xv/20890.xmv	927691	b2f2b123ae391c92af5c03e0d4e93ab3b6adbd3c4bb68df5991ca36444527e3a
xv/20892.hot	48	a2514fd49e820dc1c75b868a083959c70d4cefa895d31ad64cbb1b24d3a7d44c
xv/20892.xmv	1747973	fe885e5d5db6b3a87a871304db8785fd47dd69390c0bd007c2ca8642dc335ded
xv/20894.xmv	898571	b72024da969e30f0dff0d3d8d9a2ed7e57d75951cb532693e5e942e00ab45a07
xv/20896.xmv	1266091	21d2ec9b4a506416f8dca6a04eb631dca6f46d1cc65691bafb3ef21b2bd9cf53
xv/20898.xmv	685672	ccb0c3c0a281091196db3d7d20b74ea9b96e6a220f39c56e9b9ff6946bf49bb8
xv/20900.xmv	284263	fca69127c2433b0275f1b80d2ae4de570fb2f2d9ce0ff8a28c6986666bf64d57
xv/20902.xmv	259190	78f08ae73ec7ff49d32f59dbe4071a9ee13e3ae95669f5b91c5ed2364eb64430
xv/20904.xmv	267016	055c7e66f231839f53ba1ca30645b68820c8ff03a385d3f7d83d2c8f1b98a607
xv/20906.xmv	410260	da85e9cbeedc5fa21094731e34244d023c1cc26918bc0750bc4afa18c17c5fab
xv/20908.xmv	327151	6d3cfaadcb3fe61324c3781e32a730366072ba4f83445a6c3883c031af55d946
xv/20910.xmv	499636	c21f60155b8a026bca6ad4ed0632643a753be860b6909480763321ee3e01bb98
xv/20912.xmv	455286	bc1c3434c3887eb7523355ee106a93a906e3d1289e0cd4b1a5779078847a924d
xv/20914.hot	508	33d8416248948a88baab949396eafb3196139910b775252ac143f3b18e1efd5d
xv/20914.xmv	10449892	993e5c6abcb3cfe5e9bc7a47b573bc253962ee549fb0d1d251fdb5e11c053d62
xv/20916.hot	28	239ca22fc844c8db3ddeb3f0d199656d1555fafb8f5722278bc0bd0edf4098a7
xv/20916.xmv	845543	f97643f820c1920ddfe95e6e2647f587b1837f5059dbeb5839b6725445a7f3e6
xv/20918.hot	28	d381c7c36e5ad85f373d8b8e22d3b9d421b5790ad1292ee90d7a27d0552d7a19
xv/20918.xmv	1068076	2f9aacad5dc4e00aea0aa99e37a9593442c169d4f29a5b6087b974d1fc55cacf
xv/20920.hot	68	e8d5f694b8e5722cb2af1a781f59d3f933f4b35c48003686259bc0b7811c580f
xv/20920.xmv	2512916	f9f8d9a03f534e20fd4efc4be85b5989237627e8ac299d64fdd6b9e748037d2e
xv/20922.hot	28	0622b65ec838d13b8cf5a2c1031cc30ecc2b25aecbd1ea32716b7bc99af45993
xv/20922.xmv	867688	a8c6313aa6a161c6a5b9680e101633ed9da3caa4a9c7b5808596c229185b4992
xv/20924.hot	68	cc829ae66281cf37a532f4e1a6b6c895269589607a253f8a98010e82d71262b2
xv/20924.xmv	4293060	1f1abf69c3b5493411c68c7792a5c8394a48d4e326406b97f929363f67d53fd6
xv/20926.hot	48	8891735bedfc7956a2cbf92f9ffd49f77b037e7add6bc275384ae4d8cdbc689a
xv/20926.xmv	2266476	a1670bf0c40730d4b7e97e82938623aeb4900cce951ae9b89069a7299bd4992b
xv/20928.xmv	534929	4ccdb53a760497dfba2ff1dfd0f9fadc0787c8c58234fda46632166de1dd4aac
xv/20930.hot	108	937c33ff371af340d1b484e1b17904ae9beee09fea7d02e2c2f33003727aecde
xv/20930.xmv	3245576	1a1d8fd5c11714e61837a428ee75c85b3d00bd19f95a277bfad30e6f5e4dd370
xv/20932.hot	48	871c8c9f90ec73e9e1607d924a8174885184fa116ab0029a9ad6466680563332
xv/20932.xmv	2158104	c9e245537002f6d6678c726daa69ac848e2436e0b6e61f4d80bd8ad0ce098473
xv/20934.hot	28	67ff7d1b2b8a9251668c6ec31a07616336e6d5d80a4418ead9709cd6c4136851
xv/20934.xmv	1001262	4acbaad0b5239e17ae8b0396c368e71a12e907a2fffd95fe8430a9e18f7c6bb8
xv/20936.hot	28	f82e615a83493e94bde44b704d02867e9578b09489ecfce1df0ced9a9978f965
xv/20936.xmv	2671745	455f5481a346ec079a3d2802b0fc51ddd4e9a978f3a2dda7ecb929858e3510bf
xv/20938.hot	168	b789f445c96414fcac79303c289f9380b5565c672ce24f3f96bbb94a078787ca
xv/20938.xmv	4804350	ad0c4421529ae2d7d5590447b88ea0d2d36af06a42c90d079649432bb4cacdc8
xv/20942.xmv	734386	1bf1e2474241f9d7d34e8c17797977ca1a6cc8afab487fb0730e70230a4505d3
xv/20944.xmv	556896	34c8a93ca00b50ab6dacc6dd9c3e4b5e3871980624fc6efd604c10cbdb698ccb
xv/20946.xmv	734949	f3e6b6dc1a9a2678547edf6e7b4aa1493d8cd9257f8e5461ef933f97faaaee3f
xv/20948.xmv	712372	e5416b63204a338de3b8567114002596cecf03debe08bbdd110933a3346db36a
xv/20950.xmv	645214	09aa09cd4a6ef14827fa5608644f5c1824119807bff132ef70fd602e5f77272d
xv/20952.xmv	756983	69ee8c75a5e1f39e31c73adfa50d02e9322c715cf80d3cf321c29d130b4fc124
xv/20954.xmv	534273	85bffe1cbff161fd8b05edd6ac0436593159568f6769f0e48af973d536225d4f
xv/20956.hot	28	45ce0d1335311e413e326c6a5ce15679bf54e22ff28f926815f327ae40a796b8
xv/20956.xmv	2160178	89bd8cd7d53653db1e16639ba809cfae6cba00476bbe160dcd29ab0e9f99922e
xv/20958.hot	28	20837f9959ac5984a7a68efd097e44f4218279b8d7805fbd3297efef5a10e2f0
xv/20958.xmv	4663313	f05e79c64954c9314d77cdfa30f7732adeb26455e2c7e5922e1e7d8eecd4f73b
xv/20964.hot	28	be75558eeefa9ae6e849cdc6c45db8e34fdc96139bcf7985c2ef8fdec0ad7ee3
xv/20964.xmv	6533543	419a15d04a68857ace91ae0c862a8af6283c3591fa2d49c0bd58816aa573b253
xv/20966.hot	28	ebf101fd4c22c02b70b01b653cd50951819d861439e7305aeee6ca509ab848bd
xv/20966.xmv	3115839	155f31efdbb231ed4f0688f9d4a25db422eedb46ba89d65aa247a80445360d39
xv/20968.hot	28	da37ddb3f963d70dd9118ff801dbb2e1d6024bc5baac1fa6064b95ddc51b05d1
xv/20968.xmv	831150	f8f759ff19f50830cc7255a718297bffa1c763f4fad99bf49b937b267e3fcf84
xv/20970.hot	28	cb367536313ee5af0f647f5d4e3f0c03347adbeb10391ab7ced1a40323c90aae
xv/20970.xmv	2348579	e6e0e0e18917d320eb0f37b93155f507bd7457db771bb5603c14b223aa356c6c
xv/20972.hot	368	2c6b911a5822badec03f0be601337f7d1cfbaa77ab2746f6b8bf617fe893f12d
xv/20972.xmv	10723591	6c570dfb81a623daca79234184c78ced3967f0be6e61ffc8f86e5e0123a17baa
xv/20976.xmv	495651	fa79928fe37fa025c46e618a2282d46f1dee87cb2e037238dfd253f43b0eb036
xv/20978.hot	48	f277ff0b16ab07e952589ed911d83dce5c8d305435810af723232d1f213b0629
xv/20978.xmv	1058080	812d75913815867a7867efdcaa267c0a52939afb558934db01c712b458375370
xv/20980.xmv	357611	b86b5b198b5d8d537f17d29457acb953e3197257ee7354a7639e2d3bf3a71740
xv/20982.hot	48	0b78bb12ca7ffaf20bc7706852b03f9f73f98d76caff262633dc4a7dfa3a7f60
xv/20982.xmv	1367115	406aca47b9face5af378f2325fde1123b078f18adfef32e272ab4904c25f1dcc
xv/20984.xmv	442510	8fd5187e6298a976f34e7cd0494a542d8cb67d67a6ccd165493fb72d64b7b536
xv/20986.hot	48	7bffc653204ef3471798d35588a471519c008f529261a72508318642f1163051
xv/20986.xmv	3288327	9d7ab694ce7b94518c95f9229e8d5460f2caa260fc3f0e13e10bb2706fd54dc7
xv/20988.xmv	506739	445a8516984c563f4063c7ae87229464516b3538fc29e1c566058c73832b0664
xv/20990.hot	48	dee8a4a363714292c555eb2bb83d35c765fad0dbcc6b79bff8679883f4b29ae1
xv/20990.xmv	847238	fdf16f06f7e73d3b94c6663b6b2d2f724e5c47a859bdf7b97add26a778b41e73
xv/20994.hot	48	314335558b4d6c1becbea8c10cc5da8128d0a82e726652fc4619b13f81bf7244
xv/20994.xmv	3385245	3ebb9634f712ba45d76c6d5deea3866c952921eee9f2a1b45428ba5e701b68be
xv/20996.hot	48	8f2b289a4e1d7d791e51ef7f2615f11cdbc20da707a5cf144718858981454510
xv/20996.xmv	1479374	a901768847121799e6b30aaba72836a41847b0b485fa78e3a51f49e2df1c5847
xv/20998.hot	68	582367259cfac7b1f5f7760773c4e2b8cd03210f35204029f06b1405e391ddbd
xv/20998.xmv	7809778	dbe879fea2e58a03a326b1febd8f8be66d14dc6c51525e392e91eb369305bb2a
xv/21002.xmv	142453	05af71f9d67f2445e053b851f5dae47ee0748a1ed29332eb60f8ea5188605040
xv/21004.xmv	173161	102e1a29d18ae0c605c368ab6deeedaae5730e6f5007abdb14f05216ae0d7d19
xv/21006.xmv	271765	65fc3e8555514df5a99e2903fce5e5a499ee465089b7e9da9fdcac0b1e1b06c2
xv/21008.xmv	193759	ab291131217e50eade3381f022fb113639e58e68f8e1fcbcfcbdd6e34af88077
xv/21010.xmv	310657	74f9d359203358c95ad35115bbad6cf29a82e0e2b1687d7a7f6a2bf6ef3afe4e
xv/21012.xmv	258601	486be01652ef58139ce2945a11de16733c11233cd7767a8ab15b96ca7def53a7
xv/21014.xmv	267876	994dec95d8afc16b15596e1e7a8fefaffe0e313a2987dff5f507696d00ce3373
xv/21016.xmv	159491	338ce72a4df2d92877062c8cf437c177b7efdb34378885f3862b9caacc7d5a17
xv/21018.xmv	129845	e8f2d40598a42de58351ad1147302098a958ace213c1f94db25fc9adc9bf8f41
xv/21026.xmv	371916	c489e6300b4cc163cb4d15d6b7cac73085922d23122a9380114abfc9d8ecf021
xv/21028.xmv	441962	c86eaa4eb9dbafb6b38b7944c020d543ebe82d1d035f890c2cf457aa0ae95a9a
xv/21030.xmv	303135	e548f6aa51f8133e4dd88e9830707845458dc6a9ff509e9cc28558b012da9b5f
xv/21032.xmv	450249	b314025cc5ccbb52d528b0bbd7aa36106787ad23e3e8365e6373168b7d7d035a
xv/21034.xmv	267275	a80c17ffb83c05246a688472c30de853b2989ab929c9dcd4510a17feff0b64e2
xv/21036.xmv	193856	9804b02babee14122123753f2a63749e864ff0307bb4e1503ff5ffec82d953c4
xv/21040.hot	28	7ee82495754cfd141f2c13cb85b53b8d080031d0ad969125394756c9e1a9f872
xv/21040.xmv	902600	0d8b1f9c5c5e0125c13659fa9bd44098937d3594547ea78ba89678c9ba454424
xv/21042.xmv	1612069	7b97d979014b7d36f81e7684d1228ac5e7cf0212430c8ab79d8b6b12391925fa
xv/21044.hot	68	c9b86a66828e4edc845ea77534c47826e89ffcf2ab343b6ffe1da89299f27134
xv/21044.xmv	702648	517a8f8840250b7d1b507ed1c73299d900992a7b9f8a39ed7cc8c20ce177cb56
xv/21046.hot	28	deb25c0cc2ba5168bc0484f08b82a17100510c083da9a9f94afff70bca4c7b76
xv/21046.xmv	2201921	318fba21a0d82666abbf1d4b6188498b90d88027b08d0472ad89cfb502c0a285
xv/21048.hot	48	e36bb066fbfd58123f9ca45a271124e2046f893d189105c61a29923f5ef84a18
xv/21048.xmv	2154747	c0412ea6bcede18ac15a6139d627eba12cbee2dfc810df06c77b25a429dfc9c9
xv/21050.hot	48	892f128bf3ff392fa8285d9a430b0e57f1612286eb26f67599a905bd50c23478
xv/21050.xmv	4034706	c80c62aec42b270b1fe52561da79bfcfc96dd46ab72e11ae4e64a7a961998a82
xv/21054.hot	28	78d53a8b61dc0c25a935ec88964803f64fceb5dc8d0ba591b16ad04f6d103333
xv/21054.xmv	1594670	ec3eec2a8bcf73cdd6dbc9009737d5d16df293f21dcb091d742b7d6023e5d927
xv/21056.hot	28	2e2085abc9b4e93086ea7e278e373533510155d6942cd761e73573969475328a
xv/21056.xmv	1366607	256a7f6865de5b91822519e5cc657c682f5636cc7df118fe36a759dec760e534
xv/21058.hot	28	48d8d45bee3199745c76f1e0d96217780e033be1957286c9132eb3cc28d70afd
xv/21058.xmv	1392199	589a6e503bef5ef0c6520aa56574120d6b52acac58ada9f8a6eb2c86d40be35f
xv/21060.hot	28	08ae9ea199aefa99d85ad2f74336cfb349a55aece57d6d1647845705abdc4c58
xv/21060.xmv	1862827	f7035d44cbe8d0919a91845dfd486326fdb90fe817a8a6614163512e1a0b3c4c
xv/21062.hot	28	a5be939c009a08539ead85cc0e1b2b42c4ef494a0ad42174fb1e1608f548fecd
xv/21062.xmv	3397423	144b9335cda07a932f94d269c326e9c078fad9e901639b80bb1e5210d1e1f374
xv/21064.hot	28	3e92d4e1b3976bd139b141ab1539c2a8f89385f65db01df5961b0913dab1cc5b
xv/21064.xmv	1508508	bc204845695bd9d2f999f0ea314c48ecf5ead02e227b11be7a478593b683b017
xv/21066.xmv	915130	118ca2d83dc2836c5148f2d717576259bdb41281fe537bf6df70854f168f1f12
xv/21068.hot	88	c8994abdd4164745af89fbe1ac5b4bca77e02f590084837d8b3afe663b96f9c2
xv/21068.xmv	3929290	9a0cb0f1360bbf7d10eb814f270e3835a17cd1701ff63605821d72b7d1b5ff1c
xv/21070.hot	28	d4cffbfb78b8c29cafecbc73642b11ae52240e2d52279009da11674fb0023a84
xv/21070.xmv	1203942	490c4fac835fe9ab89a5caf4f1ac5108470ce9a1b37903516e01cff9ce9fc0dc
xv/21072.hot	68	515ffc9b90a8f4b74ffaa5283d7cbdd7c0b40885c3ce0616700f89fca7491024
xv/21072.xmv	4408783	a6c7eb1a2949ea2ece62927ccdb09fa8f3ed095e2f3807d15af29f2ef4403694
xv/21074.hot	28	c8e98645b39da48dc78b25fff93ea243dd3ca3359f813fd84439ed9baa27bfa1
xv/21074.xmv	1474778	91bf33b38080ea34215dd1727bea8c5da79e776e11a11e54e9d0c3a5b9dc4953
xv/21076.hot	68	ec8b4aee174cecfe92f638b1797dd61cbc60290acbc39016b8a19f3930bd4ef8
xv/21076.xmv	5831143	579c0cc3e8c42cd89f9099be3c83f71985655d85becd852abe065b0ad447776e
xv/21078.hot	108	0d9384244f18afb9199a758efb47702f965df8a9d64a7b20b0ea13dbd3d802b2
xv/21078.xmv	3948586	8bd21245b00c85aeaeb930a865675566dd1d7d7aa496a3e023f4ce1d92e85e38
xv/21080.xmv	816035	86238a1936ed9a47b3493038aad19bd1e44810f2679dacc94559ce5c57092eeb
xv/21082.hot	88	784f85ef6ee8a6043df911a459925bf091650a1b5f34c90d634944b29a178d7c
xv/21082.xmv	7606988	05478ba17a7bd74d06be1e49f58c6d70793235cabf5075655e6f2a7bdce6b43e
xv/21084.hot	88	f3d6d6e388dc25a24c6310b9e7b0f2e5e2d0706104bb26156d11940cae5ab487
xv/21084.xmv	5139415	577df72188945e450e75ef8de450c4f7c4ae1645eb797c776a1aa1861f1cc86c
xv/21086.hot	88	6903283e80e94f953a6501c14ee1c653bd6f33c03c436f66926d0c5360fd4d74
xv/21086.xmv	6470672	44da182426658391059005273901367082fcaef5849ee4ffff5a6193594b2276
xv/21088.hot	268	244746ea560a4c540997f1693e700a94b5530c61b0ea50036b8d36f61cca19c3
xv/21088.xmv	6699697	6d21548a50963b8a4309ae634139167649bec5a76f29308c73ac138a25c591b6
xv/21094.hot	28	19d460fec63164c9ffbb328b99f7db929621e9fe98093de60340eaf6c104c3ee
xv/21094.xmv	2461385	7ddcb65f8cae42d41db5ffa21f8584d47736c3c40920bc99fa367b0757dcfefe
xv/21096.hot	88	c4557b4e30d788a5d0d50756e085d6dd70b8db6240d9eb36095cac36f69bf7af
xv/21096.xmv	1108900	e9812d1f45dce5e67fdb7e5e07d26cb831aef88e7efe4cb363fa8d11de878ecd
xv/21098.hot	48	7e0758cc3600b875fafb6c4c8d52e70bbb18ddb66c25e3846cc93d9609718ce5
xv/21098.xmv	1244083	b5d88e1aa3523a6ef33cc8e6c3dd8f3498de7e39175b31f2dcd3055dc7a98587
xv/21100.hot	28	38eb9fca45e62fa8ed511496aca490a20d1b23b4ea1ebd37666f4ddd27add590
xv/21100.xmv	1089703	a9ad5adb2de1dfa7fd177744ba7c8245e7c68be675ef84a9eafbaef5334b48a1
xv/21104.hot	28	8ae8b338e3059f41cace7694bd9d8aa6d7f28327a414d09a45e025a609df5565
xv/21104.xmv	2325228	fb226f2c0c7c96828696591533c064a5e18c6f421c84bd2b778484e5f890d89c
xv/21106.hot	48	0050ef90458f51619d9854aab8608b5eed5d3b2c6f7dd42abccf8a7a1ecc70b5
xv/21106.xmv	1594610	2a7614939bb72d55ea011e6fa376f7d1aeab8c21d4d975b399e305f837502957
xv/21110.hot	28	7faa3da3007121699750450410d4ae90332e1967090d88bdc9dbf120ae4822da
xv/21110.xmv	690453	257060bc09c936da10ce873f95a8db39fe9f6c83026a3fad9875b7feb5fc886b
xv/21112.xmv	583778	a0caa083cb01bcaf2ff253746ee07101e4f06bbe3412f57a8a86fda320dc6bc1
xv/21116.xmv	23305148	6502e01583679f6db936f679128d3db52fae249fb6cc4ef2ec9067990813a276
xv/21118.xmv	25265757	eeb3d4f5a5edab5d07201d211be66e588bc277789132e02fefd4b4f93c2a051c
xv/21120.xmv	7421090	5aa9d668eb1e9264f7c53c3d8bdfae2fee44b5a204a198e81670c9d672367ea4
xv/21124.hot	168	4a171ee09bf800dd941d01bf3cd297362f64a8950328d7c20b8a2e967349385a
xv/21124.xmv	6117050	bdeea2ba80fbfcab39b83b46564eb3157a0fa8ebbbab381122ab91b0a57eb912
xv/21128.hot	28	4597b4344b7e27a26b4e95e4233fded0d2f77f97053db64a541bdd39810af00b
xv/21128.xmv	2629078	4aac9c87944372a9867f4db858d9d9f8ea6412ae77dd1d4b6c0471d89e8657d0
xv/21130.hot	28	07980c26c2abb3e65a36654f1b9eae05503d8e0e83a9e6e9c8766b8a1fc637dc
xv/21130.xmv	942294	69861fe33c94d05298be9b1fa06b5dbc1849f9052a2a376b0b61b219ac30f627
xv/21132.xmv	332332	eff48969f3d69b4f4f2e29a2a0afd0ebcfca2b0b4266e484f599ab80e2bfd4bc
xv/21134.xmv	317686	38476e27f7ca032735b042112b385e8199a5908e16931620649683035dc63653
xv/21136.xmv	268993	22776e2cdd4c1f45a2bf94ce3282a033167e9b04d615e724094f2e7b891c2d3f
xv/21138.xmv	459856	dc3c694d1165c26536deecfedf5a7c9dba0733e57d50b625c768f3036d005205
xv/21140.xmv	363692	2b3ed0e513a0a9371662f3fe599018ca94626c701cfcb0497c02218f847e2cef
xv/21142.xmv	331656	dcb3b1518e470f536ad5044877ea47d0571e06cdf147504967e655b990030ffe
xv/21146.xmv	311621	d12b6b67e7415b33c923809208be9295d11b60efc5754faa5370f6d5ab311f9b
xv/21148.xmv	270653	f4553e313ffe069d9ad0a72d229bb47d4fd0aeb7aa121c5adb01774d18124aa7
xv/21150.hot	28	9c093a3522c2b1d5cdef4a3cef66c214c49079bff8b53c08403327651a6eb491
xv/21150.xmv	1475400	0b6f2308ef5fc9740ec741e7fce16474631968563263974af3acb2491422e0b1
xv/21152.hot	28	fc085706f013acda7749c2389e41dedf034dd83d431cace844077f1e097ffcb6
xv/21152.xmv	1296963	c04471aa2f493198c67a576093d8aae114e9c49da1ccb0a41536898f3270e756
xv/21154.hot	28	c9be8b51f94a316cfb1fd323b4ba1e4a3ea9581761c3d87c77499f6256da125e
xv/21154.xmv	1892658	aff56b3cbac9ea11ae726f15c592e9275f0b207218e5a2a35a74619830ee5dc1
xv/21156.hot	28	dd53612845ba494643a347350c189a71fb270f828f742e4ae73ae7f200386573
xv/21156.xmv	793684	74ed962c1200dfd30c57e7508da43b3568055cacf6db40d7450ae92403d2ea48
xv/21158.hot	408	7e2aaaabcae044a1c7d64a1b7a4ed779789b789368de7fd12cd8c447da5ddc61
xv/21158.xmv	13321920	4848e6ff7c9167126e90282b46cb50e85c0087ecfe50c11c13e40a784052a4f3
xv/21160.xmv	2711191	47470c089a8d62d902c7a18cbb9573cd3b7c7f63625bd92bd713a73b59ef4479
xv/21166.xmv	1097129	0a08e5dde385a7645e0e8d0d34ea356f292982202ebb78dcd6baf64c4ec090f2
xv/21168.xmv	857072	4497b2d92d920a2537009fb4c55be8bc038358309458e8a3b454652b2d25b09d
xv/21170.hot	408	728bcd53a39d1f36fa0c7aa8665527168da646c9eb1ae9438075fbe654c8fb6a
xv/21170.xmv	13507425	923d384dd3c729bb999a2c6f886238802b9b10b16ac2ec3307c15ee08e4eaef3
xv/21172.xmv	347325	ebf7a133fc35cccdb11940c7fd687ef5e7862d0f74ef9481e1bc83d02f1a87f7
xv/21178.hot	48	875dc813ab6dafe2416870ef98732aef211b8309a79ad909eaf6abf2cffa8b98
xv/21178.xmv	3367797	015322ab3e5951196b700a83cdb8dfa8920b48f71265b4aebf61e5362ed4ea69
xv/21180.hot	48	030a1901c72017b526e46da0a5bdbe264bfcfe6840f1d1acd92dc077be9fc10a
xv/21180.xmv	4215046	b34aa3b7718f0207371964e708be5f23879a6e3def8aa6413a5220e098d276c1
xv/21182.hot	48	b03d540a78e73828f36aa905abec085a96801d4ce72f8c5c0f6875d34da92c1f
xv/21182.xmv	4463272	f059657041052203893201ad715f8be318ca69b5b5e839ef7b2243b229a32373
xv/21184.xmv	572878	2f1832b3724c44683412cf2a73a5db818dc5b816e562b53293a6a411f4c49531
xv/21186.hot	48	56b8717f31e8a6eaa909239f0c2ca8a2c628cd4293204c01d9b7e0e080d47250
xv/21186.xmv	7189695	3039eb133578612169fbc5351e6262fb7239f4f71f6e97382fe71d316603bec5
xv/21188.hot	48	548081dcfd71254b5aa8b6ed2dbbc9bb4277f47490fa373cb1ada21920560395
xv/21188.xmv	3121043	b9dc387fca63645cff92c1078d36d5eece72de01e723235e8544394d5ce9423c
xv/21190.hot	108	cc6013af202431a344137d112bb0a1fa3a459b2fda7e8f8c07767307959ed8bb
xv/21190.xmv	1411312	bf78016717b32eac60885f907ba3e5cc39b3d6ea450201c8a640d71bcfae62ba
xv/21192.hot	28	17130bc3af70ce971632669b5f5398b8da694b2a7796de098419f7f8f71d0191
xv/21192.xmv	2854949	3235cbaa32c8d17044b0843d912f2909bfe4ab1861884769c156ad2aeac5a205
xv/21194.hot	48	68302f585724e807640a10c6873af0e5ee5a7f82de6e4499689b694050d9367b
xv/21194.xmv	4052143	52255bc0c3d2c48e97cf6a963aef1451eef044fd613664cb136406ef5a5d5ce7
xv/21200.hot	248	ede3038b90429f8ea178ca7d56c080f2e18280f4ebf8f4ee7aa3c04fbe6c803f
xv/21200.xmv	4900816	b7a44939b995b85752a2c254ed6498c669e74784d1505d56353fff0c22916047
xv/21202.xmv	287255	3100a35a207b9d62d5cd702d1743a185491804e0cc4810e99df264f2a08813f2
xv/21204.xmv	397349	4380772ed1528b1adade5064ad007c814872c8e8128b37a991861b457de265a8
xv/21206.xmv	311057	3021e6f190911ba1ae8b4e55b440ef40c51f9b6824b3c1cd2b2b642de60fab6e
xv/21208.xmv	553943	c871388010f51004360a14bed590a9d99405a093eca6fb75d2cbf6526e37070b
xv/21210.xmv	206923	66cac276b9b4a483e9d7b678fd36039053e89c958631054e70c3b75375878b16
xv/21216.xmv	400645	b241320444ece4c56f1dcecccc79d389569dbd30c211a23988325b0fb42ece58
xv/21218.xmv	183516	0e60ce88075161a6cdf425bedf63c2f7e6fe950084f5f033c4fdfeceda9599fd
xv/21222.xmv	194749	5a58b7909a3ab6f68200b36cb8fa3b5b369bf8aae9b0d7c63e7e335daf5f3085
xv/21224.xmv	340824	5eb3796bf7d0d5ee70809aa53a9474aedc79bf61b368f8aa2307c15feb2f6541
xv/21226.xmv	269671	af21f525dff28f6a87244d4f4afad284c16d0735a93f1047bb40f1374b386f7f
xv/21230.xmv	627266	965d169ccbc2cfe2325ef96d714b8146dc042eef3c65cbf5095172b3e69d6580
xv/21232.xmv	675983	adcca1f6b0f15c037e649bc2ec2c3f68d3cbcf3eadca83334d93c8991a042872
xv/21234.xmv	710536	c6199aaa078722fd60f6854681230a24fc137b47456016cd66f5b86c520a2fef
xv/21236.hot	28	14ac00cce7538de2dfda53f817741a52dcb933f4866255ed57db0f3a096bd346
xv/21236.xmv	4588151	352414bdeb97fb7d7c232cbace43fe584e6ea8a11aa85055acf87c73146fdc19
xv/21238.xmv	838373	d8046fd1b1f8deb93ae9c711fb5685dea62b8dec710efceeb48b4b8af73d6000
xv/21242.xmv	1940460	90fb6fc0b4bdac6bf51398150ff471e1d78551f63952b9e8ebee93ca8ed9edc6
xv/21244.xmv	847628	8b9d4127431d108462833f4733ca75f031fc65eb72b2a4c2d2f03f148262c7a9
xv/21246.hot	128	805d93c60c5877c286d09815108bec6c48af900ddd08c54be6c7296884802a34
xv/21246.xmv	1602123	d14671f21811e1864899ccca869db6f00466719026eca389ca42c818d0305b53
xv/21248.hot	128	4777266b184c27ab326f17bbbb9eceeee568a22c034a528b5178ef914ad28594
xv/21248.xmv	2710743	d1a4b8c5993de10c5b93be694a82be241a6971fe0960c8d6299cc8b1643e8ffe
xv/21250.hot	48	57a1cd8e22f2641f606baa33bb3f09c08c6b00e59475e7c1a55a40a7e7078b29
xv/21250.xmv	2761543	2dc605dfbac9a61f1bf25f3deb6cde10b475ebd0d6d06a7aa21827b2f61654b6
xv/21252.hot	128	68b1a2ddf43a3f6ac9c2aaf34c72a1be5fc37f34cb8a21c177097bfb8ca8b1e0
xv/21252.xmv	2051800	59a9c45978704a67d00c04a70be683bbb8164ca2ae86be2263cf10a22124d0af
xv/21268.xmv	837741	2a21915e036f4ef25d1c3202ae4861e2af18328a27e65b6a625d6fb03b670e3e
xv/21298.xmv	1833880	3c11735bc9dbd96ffc9f7006c717c8ed4108f194c2384fb8eb695db4669a997a
xv/21300.xmv	2981563	904ba86e3822917459cecc376883b8e86eb34df2b96f9717791aecb9597b1369
xv/21302.hot	28	0efced70c9f5fc4a5b1b8c63007d5b30dd9c438fdcee60680bde24902f8b860d
xv/21302.xmv	6240883	e747e3251ad12c0e5725a0a6ddce44a4b241d5c7526b519b6d5ae76717d7c596
xv/21304.hot	48	d8127c00451ba16284fbd6bfb4a497fe50c948cdf304c1aed7955df734223a76
xv/21304.xmv	6853158	b7732eaf18340523b67b48e2186685990832e8f5e471a10e180803e5750c0f31
xv/21306.hot	88	941220c8fc9f8c81cf9115e193a9b850e7938fa0d93ff7a796fe3f32a5e9953e
xv/21306.xmv	4002453	9eb0e6be338e67b6423634fe2f7e1027ed31cf6ee12502d2848401ed3a410fa0
xv/21308.hot	48	7e3cf1c9832abcd932b827ea9518c4b72d1f2721b634ced7f0981961ed9eb7cf
xv/21308.xmv	1856357	8c6614cca37ba412681382c8d097ad2974de8a21686c97e038831449314008d7
xv/21310.hot	348	529cd3454888e267e5bac239ac6f6715e3e23f062cd5682f925cbb36688287f0
xv/21310.xmv	18281673	5a1acf67fb445918174934380e2fe1aed4705097b19b6d72676395b288b48ce9
xv/21312.hot	128	980cb45a9e5ab4cb92bd48ab61892c703b60767dffb3764e52de269d9601b9d1
xv/21312.xmv	5256639	dffc10f08d8cfcbf5b60c8a7baceeb65326cc9115955140a24589f0e6ff034b9
xv/21314.hot	108	52261b2d95c78b255fff0a7680eae216967d09cb98b20bb0f59e8d73102fddc4
xv/21314.xmv	4154115	af3f4686e082622e4e502ee70cfe3e45cdba3c82f743a454f1740b46a1491535
xv/21316.hot	168	34eed077493e40e508b90be7fb0c9ee2ced738f9aef9443d5bba7b8dc3e9e574
xv/21316.xmv	1681975	12537d2b0c7a6e53418fbafdf6b0e8c59cf9895cda009e1d263ffcb633be735a
xv/21318.hot	168	019550c701a3226d7126c8dc3a05bfd8f6c2983c05c161bf14320af63ffce4a0
xv/21318.xmv	4306101	5f5e0c75a048f14f7448352a1a712b6e571222d42d689426edb9caa4f1eed75f
xv/21324.hot	348	76436535fdf3489ef66de4ae1c50127a5f21d08be4e382f90c48b7493331b1b5
xv/21324.xmv	7706081	87b3d9e55169c1f044c0ba2198d2762be5b16b2e8d9d95ef5677f02a38e8439a
xv/21330.xmv	6497869	b94c8f739e16cd57d6d8e4df1a1bc59b59c1dd9ec84a8e7d2aab1a735b5b9e74
xv/21332.hot	28	f5ff43b183efb44785c872941e11d76821aca0aee4589da8166dd815daa97825
xv/21332.xmv	2925028	37d816a2e6b51576fc2fc35616e02dd394f5820d438f1ed288f14e043a1772e6
xv/21334.hot	48	e42ef1a7b2252739da2fa189edcb2919299a5bf0489ca2385e783e3b38e2cbe8
xv/21334.xmv	947116	fb6ebdca070ad2a803178f0417190d5952e8001636e733cf0a90eb35afac2166
xv/21336.hot	28	fbf7545c2405818ca264eb64bb5534141b631cd53ba2a77a33bb8cde3705332a
xv/21336.xmv	1190658	f882dcb6ed9a6cd08c3a96edee1893b8b12a0d9d008c4682e54791e3ad6129f5
xv/21338.hot	48	8a32534f39cc9ea713589acc88b3a130eab381b0f235ac6495ae7e213486ea39
xv/21338.xmv	658991	608e0cc5878223af0ba408038358daa76de4a3962ec4f0253d26707683f5c279
xv/21340.hot	28	ae146978eb89963d6f29f9ea88c8045405c45ef88a215756fb9dd13e1f0438ec
xv/21340.xmv	6180183	eec92281f87d77637a151b6c0fcf32bbe02a55bf1bb2c7d10a7ad97864baa2eb
xv/21342.hot	48	fa519c12ce9b21ef2725661896d5d113df6484e51f30851e9a7f0a6f1c0071c7
xv/21342.xmv	884602	8a4476232c9bc6bb9cce75e993713ee671fd2c249801f92f852cd84ac31416c7
xv/21344.hot	28	6c5dbc5f418dfab32a99c65f797813141dfdad5121709daede591beb72ee3a4c
xv/21344.xmv	1906782	711f8a7c4053c5726438a6371e9586ce1d3f5acf2687f2851b37fba2213df4e1
xv/21346.hot	48	a9c673845704d148423dc9891245087332941380def992bebb57d67745209f4b
xv/21346.xmv	802236	51debc74b5c7ca422f951ec609868e12e75c5629b2a644f87d51543c3e8af1bb
xv/21348.hot	88	fb6f296914f5c56e024b3c4c85e04bb0d1d2bdf143899ee8beb187594af97471
xv/21348.xmv	6577373	72983cd3841eb26a0b86f1822fb4618afce3c035db7188d1fe93b288d903abf8
xv/21352.hot	48	898664a28854a50c47b482b4232d74d8b142f6632eae15d7b3d99b6742200c65
xv/21352.xmv	740802	bda0efcd6f1af821968c949e5b9d36792ad7dc5c43bf4885792948faf0919d23
xv/21354.hot	88	7d1d625f1e3c35e26dd6c0307531e83ecfd754a5b41852fbdcc56ec64c440fa3
xv/21354.xmv	5246354	41b1ae7a9adf0cb9c7e488d688b8b62444e8f76fb9e7fccff5a1504343bd60e8
xv/21356.hot	88	42f7ea2924b74314e70a624db43796f22d5368ad8b97137efcf2616afae3ad2c
xv/21356.xmv	7676621	4415a744233eebc090b860ef28c3eb31a1d59074544f1d777feae1ccb2db0a7d
xv/21358.xmv	618412	b9681d6595289c78c3f4186ed5fda245cb233eda74249dd8141e7f98483fde90
xv/21360.hot	28	9a5c797bf145726cd8921db8a6a8145677abd725d0b2d52ed9bafb53cb11e844
xv/21360.xmv	2030588	566fd6f7d1fce38d372daafa44b36b60c634486f94cd64b782f0d1d0bcaf9174
xv/21362.hot	48	ea562d72a91a5848f396ac7644fd72c9de1b87e44bcdb9070d12cd6c21138143
xv/21362.xmv	1130693	71a6250edfd5420b5a3a8b841f97ce98c0b14c2116183f1d9658ee03a80a4dd1
xv/21364.hot	28	df6834b94cd672bb5596e13350b046c79e0a808f3ce3f174297cee4cfa606ffe
xv/21364.xmv	1924273	43149865e573f53f63d256d44bbaa9fbea2f9155821c0365661cceaa9db64cbc
xv/21366.xmv	597276	767ac63983f0baeb2900f5c20f15003cb8ee0dfe99c98c637c4b6b25914191d1
xv/21368.hot	28	cf13207b36db33481d646e2a1e1d8bfa6dfeb89f136fb33ff3c456de1ca76a8c
xv/21368.xmv	904335	8b94988387f4277dace2ecbc06fe9bdb8edfc7e5314de96304768f94a62ed7ee
xv/21370.hot	188	9823f9af6f3e87c8b90a8b8db5cf1647d188dd40da7a480f940e9b9849dadda1
xv/21370.xmv	9407321	71ae92778e459d44e6d93fa850be697598bdf7a3e9789917917b0d628be9502a
xv/21372.xmv	986527	f71d6092fdbc318323b8e1c89c278ac522faeedef25d17a8036a1623a0cebe63
xv/21374.xmv	965827	beed3c946683cc4224bc02b2038a63ef602d3bbb6f6c33399a7c2eb9e0bbdc37
xv/21376.xmv	926139	6c5d6ef722131e4b23e4d100faa9fe3d40f8c096786e59255cef6f0f70b33ed0
xv/21378.xmv	782090	3992b882873eeb44944ca4135102b466c995d52b1be17efb7252d7d769a56d61
xv/21380.xmv	556893	65ca725460d7d46a0e6f50ac07cc4411a0c247d7bc40862fda5586098614e104
xv/21382.hot	48	defd89a85bc714931c3a5a1d4d6a28f248c581159ab05ea2a5ce95946bfc1957
xv/21382.xmv	1812081	38145dbd59ece08a1ddbf3ede169612516cf1060958f7ab5401b0ea208690d83
xv/21384.hot	68	3d0f2090f3d3b7002b67707b9888e782c5840e0e937879f373a52a1c02612c91
xv/21384.xmv	764610	b068a21c78bd58662f28817ffaeada873dd5d77c6248a1608cd7bb50b3406958
xv/21388.hot	28	c07271350baebb474e46d1767bfec1338d61bc5690643d802bead3e2a2f4d206
xv/21388.xmv	2257587	b98bb83a54aab940871d834a1831141e9c448bfb49477d90a84ce71b4029a496
xv/21390.hot	68	dff1acd30358a2f9ef4863f137ebe8d595030e60a8ecb2042a78fda0e3f4c049
xv/21390.xmv	785007	0d733b78e18495e3e5d18b7a0a6ace0cb71869fe53b333b71d79c5a971f40620
xv/21392.hot	28	7b1b7799362101e8b8f8937ce12b50255e2ccb8d323ef375e40fa87d29e28fe1
xv/21392.xmv	2592356	6d2841f939b7fbd38d48867df92f526d030737f18ab4d991f3b7efce29886fc6
xv/21396.xmv	229429	4208a23fa86d0834cbba10d0a8109e9efa55c77930fbcb49e8c8eae753a873eb
xv/21398.xmv	475838	4f77974f9d3a191f906b14124667ed17f34231f4f91b1a960849ed3f74c3e3d5
xv/21400.xmv	291035	b697f915c3d336761786679e5dae1c80220ad3d0d58532f6ad7e0b3fed282e63
xv/21402.hot	48	0feab933e7b540ae733ae9e7c8b53cd4312e531305941af6aa3840a1c25eae69
xv/21402.xmv	925764	8ddd71794e323c0e2c512e50f88c7f4d6d5fad5a4f82ce359ef24c59f1a131ad
xv/21404.xmv	208897	f11e6fe357ea3deb7dc7ced8316f5e44d02878d0e7c7d5e98902c8d7908dc544
xv/21406.hot	48	ebd1084914a40720db0acf5933017d3382354e4fad5b74e3b831320dab88ba06
xv/21406.xmv	761964	d132f9de694d81d7350e21895103384fa06feb2d50a44b95d51d03e9fa19d502
xv/21408.hot	188	5dd9211c615e0caf363b525df5fc10270b577a1706ce03945af5584735b6af01
xv/21408.xmv	5013891	75a83c25f2e2be8e5a2b3ab407a2e3f3eb5f8ab9f22fa890e5e49b56bdb51536
xv/21410.xmv	270431	dacde81917fbb08f17ab57527e72cdf4e85a597e577a54901a4d28036ddd843b
xv/21412.xmv	229513	67c50d4d97d47c52d80c26a9066b4dabac9d2237f7091a87f24cd48a67b42aef
xv/21414.xmv	250092	c5b08d086bfe6c85208c24ab3f4e2b5d885cce05c5521a70e4fc17eca176b8de
xv/21416.hot	128	26479bb66906f785675ad3d9a13c587a988307dd4e6979865d6db39c24c5523e
xv/21416.xmv	2531085	a7fa3974a472885632cbeff914eeb0d1d699cdf3a6449e389be034d4cbf10290
xv/21418.hot	68	ca55225eeb32c6c6e8ade71d346bf02acaedfd889d7ff75f47a612df83d9a057
xv/21418.xmv	1194493	91bf261aee6a1f5dee8c037567c805024494703d6d0f7e3b927c4da2a1ca6f09
xv/21420.xmv	270169	91b2bfbe1c2a8b2412ecaed2a6190ac226327b13d4f0287179f6a877fa424514
xv/21422.xmv	331752	eb19362817b8a462b6da55290dfc072055b3f3556fde6e8e86c167e83aff113d
xv/21424.xmv	393065	8672c7723072a4850815198d438702b3aa1dd69bcad90b382b2c056fb3719672
xv/21426.xmv	454470	c9f9eee55441b3f86b92a7e3013c13bd7806d2553af89f050aec4b28a33964ee
xv/21440.hot	68	709c3d4ac29f7a8534f83bd9b22b928ff4fa2f333ac06bef4377355d3b86ec05
xv/21440.xmv	1341873	a9891bc09abaa0b20bb73992175004590738840f525bdfe45c94d10532636dbd
xv/21442.xmv	431734	942030f17bfceafe403e12cbf88540a4661256f2cb3a1d823a93251a80c858e2
xv/21444.hot	28	786c117b45d85a5393a5588053d02c062d9d94d4b7997d10ec970fd50c806f59
xv/21444.xmv	1060377	9e219686f1b61f399e2bdb0482216f6d7ffad511c6f3d97d4bd1be9abe69748d
xv/21446.xmv	453303	9f82354f08dc8871cd0293049a1516838bd032080d0dc68cb24d8ae95cad9b64
xv/21450.hot	88	8a35a14bbdd1f60747ee3cee1f5a1856e52db4ece3e857cf7d6f0fceae8db2d3
xv/21450.xmv	1622459	8ac14b61b6bb59997fd5c4e8f6d1ca94a0b92fb42cb626410bef92e4f6b1d93e
xv/21452.xmv	615924	85857135a93e22a9c3c61a7998949ef96fd4951454acfdf5b69d867e5fa5545a
xv/21454.xmv	580713	5e1a84143f427496861f428206d923a7e096808e91cef0ed4d155086640479da
xv/21456.xmv	339438	905e0c763c882ba8deaf7b51d41a16fc361d1a822aeca9995068e236bf30b572
xv/21458.xmv	462114	ecdba908d5116372ca7b8064eb4d19695bf031ea8677ffacc91437e9b43b964a
xv/21460.hot	48	7d3d8175e072edfb65fd1a9cd28e8b11015952ed27c5808566b5d978febf47f0
xv/21460.xmv	1090844	a38df1e869b2c303582aa54c789451572914968efa182e588819191b21651e28
xv/21462.hot	48	f5dff28f1031f201eae1ec1d5fabe1dafe8da597e754f534b92067840b33d35c
xv/21462.xmv	1136147	a1349f6ef05087520435d09b15fd1dfc78076a78ca06d9e85ae653cb1be8197c
xv/21464.hot	48	b2853a9e38036dec2dcc004310db5e7c05d476c7b2d4554eb24a5288c0d1706c
xv/21464.xmv	1052048	f37766810c4a734c751d6c663a6e041224fdeb330b43daf33387dce70757e22c
xv/21466.hot	48	93452cfde4ef354826100765c16c037d79d429e1e2be0431f6751d10d2a31c18
xv/21466.xmv	1537754	52258fdcb5b7d7c96c85447b986192a88d64a92fb6ec93f723592520d1bdf9a2
xv/21468.xmv	430714	cd81c62838ca66d2c6ed94b1b31e5a5a1ce12a179c3f9163dec100ec71986d67
xv/21470.hot	108	f0b34cb3916a12ee402aed43af187e4c7765e538469d94fa278dd3c8c0e7139e
xv/21470.xmv	2029988	04b76f001a933fcdfecc0a3d760ac57bd9d0bfd050032b6ea045547a3a058710
xv/21472.hot	48	4f74c4955246e707b5ed2664faa66fc846f5d988b6f483ce718aa74f776e538b
xv/21472.xmv	1104419	3865f99b2eb1da63c826904ebec390d24f7718ee910ae91b82779bd5579eff5d
xv/21474.hot	48	4cda7e43206f259733449e0aef1f5ad2e1cede7a5d7c1af950ebabacc0321d87
xv/21474.xmv	1609749	b6c8366fd761db7e782c7f8ec63ff4248801f59f42489d7533b43a32b230c0ed
xv/21476.xmv	384009	5fa027e886c693d7840ff1417d983abba255832997a71b7e152c8171776a4ab4
xv/21480.hot	608	8d5202be486082cd6de8019327c91432ba9f142b77916b0c557de3974cc52f49
xv/21480.xmv	15147543	3921a162021417c1563184f9aafa45074eeb2f27333f51d1d5efbebe3e5c6541
xv/21482.hot	28	882e6ab6dc2ee64e88cbe98111c7ef17ae886eb0bd140c2057a3e91e0b8b3ad4
xv/21482.xmv	763174	e71182392514eb99a68e8c58d1be76cfeca409ed4dd433f5c164b1fe3cd6c223
xv/21484.hot	88	b532aca30b00c3181d66976cdef75347b8393b096c64e67bf8553cb519e944a4
xv/21484.xmv	3601685	b5c82e182a875d79f5aa52df1427595fd5e895a71ba646ee8113282116437786
xv/21486.hot	48	0a5e1b29a11090c7f4e2560d32d453fe33b973a07dfea5050e972242788556f4
xv/21486.xmv	1857507	016422a1f4a77bcff955f750f223091f2edfc0b4b7383e58cf4dbdf95e5206a6
xv/21488.xmv	334252	0e0a3af4fa1433730891cda10dcd5c6586422f0c8c4bf6bc591467ca1f1de136
xv/21492.xmv	500418	b13333b16b0b6e196da17b125602cff9f54c4b9c45b45b6e7f59936f600a27f1
xv/21494.xmv	196675	51b100a21a6f237afd83d1f50fd06f97c88a7b10316319618c45c87a93cf2b79
xv/21496.xmv	446203	536cdf34c349cfc4179451fb26d62eff6c539295af8d944d5b7e2c48c79c8402
xv/21498.xmv	226313	1c8a3123265b4615d6755808e3ade64ef907a6ff083fbff40f8330861bd56658
xv/21500.xmv	290120	332dc087a237213210ba220320ec76ec9599acbadda9a7c1aa1d9645a6867fae
xv/21502.xmv	257251	06e83c119a0956a349fe8bd5cde92ebf45c7e095c078f80388cf89fefad31232
xv/21504.xmv	244428	ce0651b12ad02026c9f28857eb80a69493e4754485f09db8e960acfb5d773f8a
xv/21510.hot	28	682c976272667608e1c8a1deae07ad4d65436dba2c7d514a95a7c43d4de5c8ad
xv/21510.xmv	1888792	7e71cf1695ece973121b5cbcaa7b4fbae3bb8df0f335f176c0e5d2983ed6c117
xv/21512.hot	88	44826960c8bacd112740f3163184d33db1f336c55385bdf0c232781486fbdfcc
xv/21512.xmv	1821141	2105ac52ffe549f62192fa2ddd8d0821bd1fd9094989fd6f7814425f65ea2866
xv/21514.hot	48	92daad79077383a61badb174867034b0373425a1162bf308f85cafb24cfd5aff
xv/21514.xmv	1124855	8ab478929f9108ab593ab113863d14f52c480c694b9bf25a1ecb977b7bed9d9e
xv/21516.hot	128	6a175111416736656985b398110d63f90fa0cd941cbebb726587ce1208a2e47d
xv/21516.xmv	3257142	1d6fdab7db901e73542e0b3fd75f902d17a9ba50f82460ab4f9665fda08a1187
xv/21518.hot	48	b94f806f41d4d2fe3c8c1b2fa66ac93cc81fb6d5d5f3152b68dc30f4b114d53b
xv/21518.xmv	1890620	3734231a8a150f24b5d93dcec4390b2c42b4a43bcece26f7f565d76823453c79
xv/21520.hot	48	ccd9e984971723ecf84df7ed2167c31f64ef3684674aa68397e7db878d54d909
xv/21520.xmv	3399138	4868bfba430438c4bb4d15bc9a1b23a964503bd673be589ee16d58574c3c550f
xv/21522.xmv	422782	1e6bf179b161e69f0832401c451c1b7cf7d0cb274df77db7046fd535e86f6912
xv/21524.xmv	533314	9e1ffdcd4299ea53ecc2a655f3ab6ca5fa91a472c28b353bf7a37ad01dd088c0
xv/21526.hot	28	7d5d455f660502b328ff20fa45de5d98f42c1035f2b914e277adcce69e0ed230
xv/21526.xmv	2448282	b26810316e8dad6a13c73dec90fc774e984b533159987951bb22865e07e31129
xv/21528.hot	28	021c653fce4f20fabe1ecad5bad40f7fd6d913ac3d077c346d43627b7caace06
xv/21528.xmv	5287050	eaaf590e63c1821a386ad1b770108d4fa0b75c02d7bb4f8314224b350fd66d21
xv/21530.hot	48	51db9127e7bf2842b1473812114a46a53c9b9d1ad1770d24ff46c82b45c423cb
xv/21530.xmv	2629302	30623f75e488e1d6d407277ec2e14e43408227a54e6750ba187bf94f76cf91da
xv/21532.hot	48	77b2334f8ffe5e1cf27659c13415b8ad0816af5382ec90f8a3dc161e0b0cada7
xv/21532.xmv	2220460	b7503362335626509a722876992b85b7c6c1f2a8f80fb824fd02e427c6f373b0
xv/21534.hot	48	e672ecde2615dc9e9dc675fde163a433d307867255d21a2e15139b0ad06e6dd4
xv/21534.xmv	1553217	28525bcffbef462e9bb915b9acaa69c6219064bb232c0c4cee3848b807e40817
xv/21536.hot	88	ed7491350cb4e3a894808fc90ad86d297e7c86897454491d9c1b1b5f15d8b18c
xv/21536.xmv	1771316	6fc817a5c3e08bc616906a11039c709a1cd37c5efb54c0f189d6b832456b0188
xv/21538.hot	48	580e3a7d1a2813c623fe4f1313637074a4a70e79ca304694ef219d034596238a
xv/21538.xmv	1282705	9b96e78b8339a774eebd13f8e80b922da63d04f1d80366c1daa2b4c9320a083c
xv/21540.hot	48	5295593487cbac324404cd13381b5cd6b58ccaea5e81dc01c262083dbba82e38
xv/21540.xmv	1888817	264caaf573b7fd04095e80430361143cdb4e2c472d3c5ad727bc9bab8d450de4
xv/21542.hot	48	0beca4e608349ff8901ca87b20230639e38a05a031f62c7827aea0af1d9f1ff9
xv/21542.xmv	1445443	63615314e736359ad6aa6e516a31c093c03e5dd9c29a691c4914fcfe3795156b
xv/21544.hot	48	bbf0681b7d7863f341d609a932695233bc6b168de0948909c4456ff5c5e4d377
xv/21544.xmv	924885	d1ec2b7dd39ec30c9fa671511bcab8e3e37c59133c2d8216fd33dd82815004c1
xv/21546.hot	48	be6898e03f57094c9484db310ed3e6e6213623d0432e9f0760d6c89cf177fdb8
xv/21546.xmv	1954106	5de1910b51a99ac7d026281d4d0a67db191211aad78a889e02a7d0a137869ad0
xv/21548.hot	48	ed67b576ec00501ce700b5c7239b8d4449b7d3754a74b1d691584191001ee0a7
xv/21548.xmv	1122648	51a25e295bd88020b8191de8c5dd1bcd006c701643d3ea6905e22169fca5fb58
xv/21550.hot	48	5ded8586953f30477cbcab233a6fb85fa3380bac7d1299163c5080f26638a164
xv/21550.xmv	2026505	bbc18d4c3b5cdc7d7690ebb44b8ed634f460fdc06c05c1770287312ef73b5204
xv/21552.hot	48	5eb9499a813c66456793dc7201a4778b2fc529fa983b0aba6209a2d5b9b30a8f
xv/21552.xmv	2789526	618cf42f26cf7442e0e57f7a3c63e78d619e61c52ec54f6ef676dda66811dc30
xv/21554.hot	48	4f9dee48f28fbafeb6591fb35c4057939c1381870ab1b2687a6539b5c6624d88
xv/21554.xmv	2880253	2d15e15bba4eb2b5a304357878877e12f92c57662df29d102c5b9eb7c5682910
xv/21556.hot	48	9d90b01cf949766b5095f6163102f75027bf6c47c7f2aca9bdf608e0a34d438e
xv/21556.xmv	3174551	0ad081d1d55c23fe49402919833d0a5ef30c7824415e7ff79d5ce5d27a2a7970
xv/21558.hot	48	d4c2d99ae914106254a3cf2283966c1680d06b841402b7f4c9c4c91060fb07ec
xv/21558.xmv	2699245	ab57e760d591ad5579ed5209a3734a0af514cc0eddb78694b11def4b33e618db
xv/21560.hot	208	d15864794d631adca6a940ea95c31eff5f3c71758068fff5fb5a165b0a1baa36
xv/21560.xmv	10317576	2c5aee5cd1f85bf0f7bd2d6fe0d61ddefd1b294bba73b125ae0a355cbf5aed36
xv/21562.xmv	515330	52edddb9e60b6fff9b2970ea0177c68ab1d2e339441304d4720f602be6421e1c
xv/21564.xmv	359539	7a01c92279eec5955b4850868f40682c4f415c4734c735c429696df66052e747
xv/21566.xmv	969448	fa8d9989c09d70d90d0ea18143d6e13e2d0f2e7ba996b99fd87e7af1a62a31df
xv/21568.xmv	426070	1287468292a65e952eac004ba6dfd18d69c2cb34c705f678ec7444b2767a65e2
xv/21570.xmv	3802805	3f0252150be2d614c98dcf946ad73220c87534697d522ba00b9424956e3a903a
xv/21578.xmv	444539	68dd92040105893c133131d2bd530663e3be0b9faada52d6588c3621cf939054
xv/21580.hot	28	69d12c3535b0d80eda6dc35d7773ed5ac7e6cfd7c06b39d695eae06a0eab5cd2
xv/21580.xmv	651165	4b48d94ee051430b507d00aed08b95545927245e3e62577c1084ddb1b8d975a6
xv/21582.hot	28	ff418925a0768575f2eb0efbd710ee6d894083dff84d047233fbc9a013615ddb
xv/21582.xmv	2235026	b8f7b458910fbc5162d112bda7c04ead4ee7a347e6b159603589f86f8e2708b4
xv/21584.hot	28	46f830e4e2c3584ba10ab742aa01ffaf96b5a7d164ebf221475fad9f4a73d542
xv/21584.xmv	708980	184136d1f33ed0ac8b0bc6bb4a7bddf5d4a300148ca861912a205acdbdfe701a
xv/21586.hot	48	c201174a9cb9043f062bd463bbd3bfcf625f33777872e5cf4d675fdf24108006
xv/21586.xmv	672223	e54e3cf1a30fac776a13e107c181c71e2add56394e2b700526f00ecb64e354a6
xv/21588.hot	28	5c77d7460dc96a2319dd18225f97d24e17be2fce8df5a7767809239bfe2befc5
xv/21588.xmv	3111411	ea8d568c005e32aad1a74465e5db6197c1f9adde5c30d72e89ca34852dcb5018
xv/21590.hot	28	507bec95bfa59cbc16241cc23c688dad3c5ae463f2b1f285de13f070d8308970
xv/21590.xmv	2640054	e50fae617b4a3d3a55b6ee2ae76d29af47f3f751f5fd19363e99b93131465456
xv/21592.xmv	469990	a1cfb39c894610f456b7142aa4e04e503c1d86c95d1f9087f5e96bbac16b4d59
xv/21594.hot	88	6d6bf313755a55f4e34661c9c5e5a823feb94f3fce0d9310dc79fdbb29b3a779
xv/21594.xmv	4209611	7896a5d52f77aa4b03967cfb1a8f7a1f8aeb6bf6cf3d1d3a1ef9cd289986c6f7
xv/21596.hot	28	b496bc932fd2d54df30a69221a23d97058f74957764d4f37b0806126d0a824de
xv/21596.xmv	829751	d0a8d0aac680f87a5c5e1eae0c528fb1d19a7f182e4cb97f97002c154fed559e
xv/21598.hot	28	72fe5fee2c1950a9523185a44d26d434c511b2331ec8065e3adf79dee9b62d90
xv/21598.xmv	609285	99d34a235f97d46f50df06e1960444e0fe332e048154817e9aa293662937d011
xv/21600.hot	48	69e222f16f902b4339da378c936ce0f4661bf366dad1f05a73059f40d5a9ab93
xv/21600.xmv	5275915	6eff1e614720a212cb1331fea1827ce4f1dfdc5b5c06410aa1cdd228ab479e6e
xv/21602.hot	28	50acba6b097deba2283c797e3956713bf95ac1f97c0b9116736429054df7f44d
xv/21602.xmv	2521017	d26264c62b593a26a8f0865df9a9b7fcfb5cd80ac48ab3dace4f50b73a9fdfd2
xv/21604.hot	28	8339a61efcb402b39969cb35085e46ef74861d9375ff47de63534649000368dd
xv/21604.xmv	4594960	2eebeab1fff97af75e8b84c46579b5c855c163331458327044850e2301f19b70
xv/21606.xmv	1799677	ba0e2b5f86a3e0ff29b9b8991596b15d9898abd03262f312bc24886b435f0258
xv/21608.xmv	1009510	0654b7ad3aacf05e60765ef3adee0e1fc32c23b7dd81be250c8b41ad51689c25
xv/21610.xmv	1074842	a33a0372714708b2eda23a91e3953ef832bfcbefe39d10a2b76950c1f06217eb
xv/21612.hot	28	c99b719ca8bc1939525c805d7793ec1b6ea3afea000f53bede8203069165f17f
xv/21612.xmv	747240	99443496cebcf308e8fb03bf0095dc404902c1121a910878ed8e646fb24b1675
xv/21614.hot	28	2dd46d883c627ee11ad17cfd1b7d67aa7112b6fcf62524cdfed2f7ccdd2082ad
xv/21614.xmv	1257080	c1302467f5b68b21af37d37354fbe69b4ff98d816608ef18019abdb7c5adefe9
xv/21616.hot	28	68ea16b2e87fd0d5f6143feba4994826194c63f831eff4fc0c441d6626809caa
xv/21616.xmv	4582929	ad1f20b18b716c787490dde30321fa05e27f0f1bab4259a86ee6a806b665952e
xv/21618.hot	48	17ddbeacda0140728530b96db4cce8c0a807bff73de044a361d9a95bac732055
xv/21618.xmv	1133146	2417d5e69367b7626287df0a111d00ac1b9b590c7ba255c218c9644d4b48f71e
xv/21626.hot	288	1d3a3c0292a4dcad139e4a112d7e46cdb920b98cbeb7d62d285975c6b744f806
xv/21626.xmv	7103934	55fd1e22e1d53344d91217001381bdd13de163d75f78f04f1acc84d591d9b3e9
xv/21628.xmv	499571	36ece64d0fe8ac5ece60148f2bcaefcfb1575fa295a70f65b11eeb0269ff838e
xv/21630.xmv	350525	1ecc55c5addeccf1a9a65e36e7fba853db69bdf66440467021f03a18a9186778
xv/21632.xmv	415258	b1a8de71e3aadab2d4974c63c3d44ea158291bd60490df308a71c51cc249ca47
xv/21634.hot	68	b987d73cf55c62c76e8a490b79e3aa69368c40041f4059c68142aa5018063d80
xv/21634.xmv	2819741	a7193c7cd34ff77e647752d77db183d252caf38fd3819a9e35b2af92e89ad03a
xv/21636.hot	68	9e6b80fcfd543c526d0cdec16b37a3dab890296d559e3656fa481a167cb30012
xv/21636.xmv	2427621	3b1641f28ef4549945bf424e9faddbaf76bcd830b1cb15e8b28a87a99c3a9d5c
xv/21638.xmv	485262	d6de8fc42198373d3e1a79f04fc38e42b9dd03c9b6d777548a021ccdc3640dfa
xv/21640.hot	68	0398e43c6face20779fa1d34e0f009c6d5ad936684f59138a8a6a61fd3e33a94
xv/21640.xmv	2113798	a9ac209379fff30f1febf91fd3f8f741270c13e263a45d3625fd430d69932a13
xv/21644.hot	28	592b34cdbe176084b94fd0caec3be248dff970efe63429016e54308240b5cb15
xv/21644.xmv	949359	18b7065409fe605283e0d75f1ad10b527fda377ef40b7ada8256211ba1893457
xv/21646.hot	28	20a2fb3c8f830e22b7c83df1ac481f06e98e019cb16f3ff1e9765f035d0be83d
xv/21646.xmv	996783	b846b96c5bffd0fc9230f927b9f7efaaf19cbbd1c022e11032b8b5908a01f7a6
xv/21652.hot	48	3b6d25319f3e04d3b0fe0ab67ab61e2a59791af80c12dc74289c7bd0faf61f97
xv/21652.xmv	3400605	48c7eb45ff26855df3ce53f44dc6e69fc95f555af08320cf030d7f3a9c62d7ab
xv/21656.xmv	8115323	a58aadfccbd2d2a6f75c90a15fe0aff0b37293e8a8446cf80ea7d4f4e1b6bc4e
xv/21658.xmv	6002589	ce0bfde7206eb1f07a59b2526bd26ee94ad503b21f6618463510ac796a2fed63
xv/21662.xmv	653099	ce5471d7ead975ae943999718a05102f0f40d8508528f6d36bc5d70471c903a5
xv/21664.xmv	703218	a572be79919ac5ed2f00fe2b059da81533886bbc3bf7a5b95f8dbe083416dd0d
xv/21666.hot	28	8e6000cce0001e7f6f819bed231fae39152eda1e1431e43ad748b62433dde31e
xv/21666.xmv	1325454	9d1abe9c8068db3921fff6f29346a14d505bbe23db485e56295239ad124a09fd
xv/21668.hot	28	af34f85b427c8e2a81adc5cb70e208593e1a8ccc3f2cb5895f378930c58072e3
xv/21668.xmv	1389519	6e41c3103091e7f7cd151e543efcef4006591215663618982c45262842153f77
xv/21672.xmv	760116	848d3fbb367a4d5320f24f1a9c074226de0bdc3970dfdae3265f8ea8f7e9eb69
xv/21680.xmv	7393744	3e2231926e3d7defd637153e4c9ffe86cac8dcb2cd8752aa1da42f45194a6574
xv/21684.xmv	489751	7a4a27dc9f4d4570f44356814de684b84cbceee22d16e05a6498c5532c6cd96d
xv/21686.xmv	406684	c6d2c8c9e4fc942cd25ff70679084822311405ea13506d2360b2d4c2e8e605f4
xv/21688.xmv	358109	2a6894f4133fd92be2458f0f760e8b652fd031a4f5543d6cd293a1dca8f4a7a1
xv/21690.xmv	3136164	043f424bf687757c93b11f067ab76ee525ad577e657bb32fb2b07b684533bbf2
xv/21692.hot	48	451fc1728fa27a9b4b51f13e2042d5ad767d770933a76be60325e1bc8cb0f28e
xv/21692.xmv	6620211	e413471dc4cbbffd2e22c37d60dda8ad4647d5935e7bcd04dbe3c813f477fd0a
xv/21694.hot	48	a9bbca15cbdf71e5c6d6d75ed6a647f94686db1a6223d945b8f5db2cdb60735d
xv/21694.xmv	2898660	a9e8cab90b736bc72b77afc7d16dfa42b1bc57dfeef499a1afedb71de9025192
xv/21696.hot	28	f0fdadf3465cc47ae5b709e8143983cee2667650fc24dbbce8932ad9d9dfa6b2
xv/21696.xmv	881661	6a0ba89eb05f26d2141c0492786c944582da9cf9b7b75125e429c15baa5f6d0b
xv/21698.hot	28	0c9bcf6438035969adac765c5fcc4c64f87828b399d92e1c17064c4ea9e427e2
xv/21698.xmv	857382	d8fa8d8fc5890f6fb3d637765ef58b22cf986e3bc5d21cd2161c07f6209b3229
xv/21700.hot	28	d99da5d6aa3092073dd23af304a124ac05ca7cf4c0c280acb2ce5027fd9b28d0
xv/21700.xmv	756199	bb9535770bf91e2f1245c88de5aac84b2fba3dc619cffb59d0f8be09d8c72cbb
xv/21702.hot	68	3792c21407ca70c171717592e558be16d19cec836cde0636ca059b6acd54de0f
xv/21702.xmv	7098806	03a97af37c7781e4d080f9d8fd9deaed75436189a6b6786ac55a3f82ebcf4839
xv/21704.hot	268	3c91e5a41fab7a94c73bf7c8a3d7d4135e49c21607ad5a652870e6fb51348e2e
xv/21704.xmv	7385015	4475968018c758a24a31d85c89e7dfd5797013c8baed221645c9d505c1a77c3a
xv/21706.hot	148	d51f52574ee4bf0a48b403e4abefc1d48f72ab6e6ccf833f8faa7039d8fd715f
xv/21706.xmv	13781010	5c7b98794a5afda4737420076ecb887ae34712e4b590cfc9d3f37b4fdead0c2d
xv/21716.xmv	596048	0583c8529836324846ca248a7acaf4248ee113e9980b50c953941e04576e734a
xv/21718.xmv	660944	5d8ab6399fb5f54f27a0a5a0dcd75c739854d70676f3e4a77715d2199eed08fd
xv/21722.xmv	501257	98a47970f36de5e144985f588ade6853a3b97e0ec93eadfa26b7c17802e6d8c9
xv/21724.xmv	1255012	cc050b806d8790c2a2f72706125b7971d2e842a8c45c9e4c74a6f88421374417
xv/21726.xmv	757882	4a4dc78c44e3b10a3e66c4846b6f26672c521b0ff66998fa84ca89154873c9e9
xv/21728.xmv	1185521	d9132f7000d2caf176c481594679f0e00952e8dd47361d76dc9303527a6e3de7
xv/21730.xmv	1203942	ea3bc5a70707fa2a4874a0ff479b86fb7ead0f894659734583164a3d7afaacd3
xv/21738.hot	148	364e37db78ed9c077fee752b38acb6ac2d353042e65d0e565d970483be6eb628
xv/21738.xmv	2072571	9706a7e8bb21779ce198018b43d6b87c4b8753af7b5e30b8227faf147c994c46
xv/21746.xmv	3940419	187d7343242d4cd6a3b2e1471a2e019b1f592af261ed93dfb1038596b1caa3fb
xv/21748.hot	28	06d9cd32390435a230cc57fd2f2fbcb03a274935bc2c4e713f35396827e401d5
xv/21748.xmv	1268189	e05cc40d7e33ed555aa51fdf54daea06fc11a42a0752bd504c4dd59cb46fb4cb
xv/21750.hot	28	b7f1c8ac3286124eee2702985964c7635b5111bc806901a054a189a6c3a381cb
xv/21750.xmv	1082428	c8768d355d63008f94636f0f3ba31a7b76cc74b0f3485697a670209d700386c8
xv/21752.hot	268	0c08601fb9570ad4965c9c43ff2b34c8197989e1728e5a62872983e7682cfd16
xv/21752.xmv	5045371	5dd4936a07321d544b53e6bca52cb7082c087a74b518936c411a0239373991b5
xv/21754.xmv	3508284	a09b4a07f5377080a0ee260b1ba8437b396d0114fdceaaff0154019d14f46153
xv/21760.xmv	11050851	6a4c7413cfe11585db9d9af6eda71e69464eb1dc8217d952ff274e45649be098
xv/21782.xmv	1671746	be911a37637502d20a197c625b872073c1432475b7a331f076102ae35bbfa5dc
xv/21784.xmv	2357881	82075309593ffcf7d5367a1af6287fca9dc729b00ebf0b6cb96df001c729f666
xv/21788.hot	228	bdd47be66a40e3692653c14eb6f1391f79124465900a9dce00eb58c6cf727dbe
xv/21788.xmv	31197260	ca7c350e0555bed606b67de2e9a0e732e73c841e47f6bc6b70407b99c10188b0
xv/21790.hot	28	c93d0a82e52d952b1785d5330152e301ef9ab8aa77dfd4328a475202d667e4dc
xv/21790.xmv	2908636	a94b0153222549daa55026201d9aac6136dbcd5141a1d5aa4cca968ea9f78780
xv/21792.hot	188	90b95221e68f591c52a5ece872baeafde349a2dd944080a999e2dfd43549c82e
xv/21792.xmv	7342282	4225d3036589d1d77718a1b533901f1017de4b51a0b9796981181797203ae16f
xv/21796.hot	168	129b5dbcc503ad36239bdaa52f3b4008c51d7fbea9e6550c88e693b846470445
xv/21796.xmv	5712921	592c07cb7a5a7b8e6aae7b9bc5911362c3722054dc965b5caab8c0a6f16ff684
xv/21798.hot	88	388c37f6ef842430bacff63667b85a7d75d45e3d736eb032a54793fe4e848546
xv/21798.xmv	5353680	ef521421d9bb2440f4a90b5bc86b750873d3230ce8d64440e3fd76ccc332aa77
xv/21800.hot	168	bd23e8af920a4e88235bba4b3cba3fe1ba4df83d48294e30397f9fe017af3316
xv/21800.xmv	8140427	fa2b1c24ce05c16b822b9f1895a536a0f3b009ee2bda43bb9c7588d9dc2e39b3
xv/21802.hot	88	f6308c4a46512b412dc2059b510a35d94363cacfa62869734c8f82a92bf6658e
xv/21802.xmv	4321618	aa7c9537a2be0d067b2bf320e25f291a09dec33e936eb0d87a900896e77f377a
xv/21804.hot	128	7bb341a2c9e510d7d17af9d31a03a9af8ae0b083258835e271ca23c3c218006c
xv/21804.xmv	4461191	6ee4e91f8806dace501eaf82cbe8b833b8c2ea7383407aab091a9d724b74c3ca
xv/21806.hot	68	94249d57713e3d78211b2e6878a71d800ff0dce137874f9b364977204390c028
xv/21806.xmv	2427975	5ede16fa93bb257ecd2ce1544ce4ceae78c84fe36842c5cd228f17a360457529
xv/21808.xmv	653079	a95f397e92ef973d552d5b251ecb87394d1b4378b7bff7c93f625beac0f3cad8
xv/21810.hot	88	330413e468375ddaf51f5cf003fc92f8235377789c2e40ee8c5a6e42e035bb61
xv/21810.xmv	2719521	13756a9593f155dc88be49231930af9fc20275907913d6738d1d38c194fb0b29
xv/21812.xmv	2118824	1ca960e7de256d6d81d1082e07e8463ac8402249b404e30741848af483a70ade
xv/21814.xmv	2824310	c7e46e66dbf7d4b30c83f9e5bb65ed79329d6e6964e45260f5bb5743357517f2
xv/21816.hot	48	96b3e301fa6f878880400a59af1012106c8bffdb7ec39b2e715497b6233b623b
xv/21816.xmv	2124031	55eacdaa154aef2cea7223dddb8caacac2e5891f0a9c1e7ad3bb45e8e7214112
xv/21818.xmv	2854230	14e38750a1c548886650da4908d9eb8f0a789336b74f497b823248bd7e06fb74
xv/22505.xmv	1869889	a9b14b829dfc78cb2519e8dd42afe22a46c23b9a135819eb1dcb80e74a63ab81
xv/22514.xmv	1948845	6b4329d693c2160e38c88e24fa4781e737e54819a0af5b1939be1a15644bb56f
xv/22516.xmv	741942	a500b32577c4af8ccfd4104dd36121014bf4f3e9a8ed3eba1e90e481cf49d2e5
xv/22518.xmv	656241	b664094d0019ca5ea42da7578ef8d1497f70d4c7a831e1181191860edac0ae7f
xv/22522.hot	28	ec4c51d4dabba58238b1c5f704bb70498174b5ee9b09b0ecfdd1c27d31814387
xv/22522.xmv	2503755	62cbe914e3cbb79cebac9e4c6280de93f62f46a596d64a006602ed8fe4175a40
xv/22528.xmv	2027881	b0b88f9b78be9fee592ab102679e8589542839153e590a3c192904609ebb6b3e
xv/22531.hot	268	413708713634de9fa0e71251f9ab8322784263e171928d1084fcf6a82a576f53
xv/22531.xmv	8408497	e8b8b0cecbfbaeeb40b773f8d27df7cc54515dde7e88bc9a934900d03bc78ffd
xv/22533.xmv	387431	1beacf6af6cd857a9ad226aaf8d384695badd4b8cb2d543aecd0b2eaeb8647cf
xv/22535.hot	28	8eafabf3111e36fce7c4e43680851f9b0d8b0ceab2cfdc2c220c59bb0f2c2f2b
xv/22535.xmv	1764615	7debb191e36d9423375e4032619766e25884bea7078cb4119f1af53a7d8519f5
xv/22537.xmv	450022	fc00940fb78bc709609ed00674cd9c2daa8873132f3a9b569c6f9d26a996a90e
xv/22539.hot	88	62f1e221d47f445596388de81130677d4ef9387b9ea27bd3a4117c7d24ddc445
xv/22539.xmv	5358326	fade5538c7ecbe5d66cdc5aed2fb9587cbc6614c271a7d5f5053db23a75248c0
xv/22541.hot	48	010e9d0366b7ae4e99f326b52300a9304f2a61da65cf47e48f66dbfc2945de21
xv/22541.xmv	641772	e5ecbe9c2e5e2baafd7afc453cef331f88609c1d4d39ec182c2f3168fe600f0f
xv/22543.hot	28	24774f9b134df844b56a765874844ca32cf07873a18a4736902fb074c59889d6
xv/22543.xmv	3142131	c607d3746191ca7b1354be06a09b0d9246a60ebce9e04e65be260e140b207504
xv/22545.hot	28	8486dedce9084bf3846f615d63718387843f5ecf17998b28f49deb4cf1bf8147
xv/22545.xmv	941982	e8d94961bda30887e7b26db1a03ce863d793b6f76abde3bcdc19945605c007f9
xv/22547.hot	68	ae9200b6911a74e732449580d1a15236204b8606e33e6ab44c4c8d3ada268743
xv/22547.xmv	2559091	47daf5d07cf3959842ac2d9ff9230cf1e86d64558f48273370c4b21cfbbba9fa
xv/22549.xmv	366479	bb244944dadb47901346c88e1fc7a23c77da7607458fa761bd5f1a4fa2ec9aa1
xv/22551.hot	168	d88cedfb4a415b3a2eaf835082d95a4a5d24f40903e0891f3408bf6a43ea3969
xv/22551.xmv	4938713	bcefc74c00b39254fbf75d02ddbac13efc789db9ceb2441c03c0a971fc37af49
xv/22553.xmv	507086	31abf1ebe8a22cda665a9634950e3737ae49aa2e54707a4362fd14bb45eb6181
xv/22555.hot	68	6214f19f16f817d795543ac4186821f48cea80c110014aed9087d74b0fb0a13d
xv/22555.xmv	2537642	5a22fbd9c7ce9153b6c6feacfead1b3dcffdb6f990f026865b37f012eb371a8c
xv/22559.xmv	306684	798208a960c2d85fd6dad7e1f80c738ef6b6403c40f5c0216ed095a9e4a80c23
xv/22561.xmv	410487	67be788c53115d911b048b60b4a4909bbe9d4f0e2b86d6b2ef1cc3cc771eb352
xv/22563.xmv	299112	6367d49dd2e3baf439b0e2614beeba7780f36649ab8a4095d3603be80d2c8fad
xv/22565.xmv	270799	ac05379142e1286ada6c50e88955b4a763776a8c6406ee702b505b1372e112d8
xv/22569.xmv	188690	34ac53107aa634b4174114b080ddc640ca1146bf659364483ab34bb443e11b76
xv/22571.xmv	334728	e4bc00d0bf8266355d1a68caf37c808b4b96d2b948ea656695ea437b42ca9764
xv/23099.hot	128	1070896fc3a605de36a3ea442efd6393520be05e648f1b963927d8ab153f9f38
xv/23099.xmv	1708042	b4f4723a21c9b16e34b68045a876789fcd403df43dfd419438f80f03099c77f3
xv/23101.hot	128	c229e2aa827ba2f6c9b35eafb7eb906f1886bfdd58539a46531be52366de8437
xv/23101.xmv	3934554	16f7eb7607b640d3ab6b0a473541d437d699b9d5f80708f79df44a964bfacf88
xv/23103.hot	208	d03b24e7e0736a8f0f9589017c75861355ca1a2c608d857ef780d561879847a5
xv/23103.xmv	9063907	b4ee06ffd69bc955a4f8b277b22a49c2e706165a0b410d18fbe0df52163e2c52
xv/23105.hot	28	a8e24b67f93146e10624806c758be7d49dd47a6f39572adf95ebf360871f3a3d
xv/23105.xmv	464928	5a90f1589c716118411e3a5a6a3d19f49db92dd00a2e7e1ee0b12069f5e63990
xv/23107.xmv	420807	43690104b1f5adbcff0fc23ab47393a38daa0b836d82c401f8faac9b5c5f64f4
xv/23109.hot	28	906a714969f1fc465f190d861bb40acdaf2f0119455304cc7d00a67b3dfd6eae
xv/23109.xmv	2669198	16c8e0b45d8a047d563d92f7005d90ce56978094bb0fb9c0c2ea922b87f3a5f0
xv/23111.hot	28	26577b9548345460e7f60806a5f280fbeecb78bf24d030cd9293e71efb839af7
xv/23111.xmv	360761	7655688877712fcbd5b8a800f84597e2d61722f4fb0dd32eaff2e9f96d0af6a3
xv/23113.hot	28	ce58d796308192915bd756db7e6faf9f4754e451dd09ec255a0c81736cfc877b
xv/23113.xmv	2864227	1d848165c7af84af767e4700085937916527c7f84cde40a189231babb1633f73
xv/23115.xmv	421067	4a71b9126f6547af718c789476f2e6451cff029807401dfb9cfd99710c2c510d
xv/23117.hot	68	19e9f79071fbbe621314d99ac6399d13476f48641c0ee9d6b6bf8b74afb83908
xv/23117.xmv	3795307	4bd9ea3d9bbd80389b12b938e462cd422cc06da0186ab29d26f73ae662544d6a
xv/23119.xmv	375684	d75e75ca65754e86c5f6094fdc07a96ce2b485f1ba5de735da60b3ed2b58d08f
xv/23121.hot	68	694515cd0c5409044d459b262c4af347ef487c73f74ab9ce683fafa220275bc0
xv/23121.xmv	4413300	5a5eda422d2f646a340323a7be6d52b43df4b3730e398a002d690640cfc736ae
xv/23123.hot	48	84f4cbf04e803a3025b63d46b953f0ca9aeac67589fcfecb8168c057a919a05a
xv/23123.xmv	1183630	dff835dde9c76251779e6a8bdc06a4d112314e8c6e44602c80ccda4e532289a5
xv/23125.hot	68	2b6d738fcefcebe7c2f1c08352d99d69cfa330f420b7c6ca70244f1224452197
xv/23125.xmv	1115843	6368529fb2db9521e7df90c85aca1c35224c43b924bb4f6dc4c84658320d408a
xv/23127.hot	28	a696f28eebaf99af7eaedb28ebf49a0b6433f58d16715d1e5ecbebdd3498c108
xv/23127.xmv	749749	288e05e20603df9f0b4e26649366f12f61d1345fc872ebae40fdef8509d2810c
xv/23129.hot	28	33c8109cedb32685257f67b1b1b900d2a6ed95e4bfd1296c959ff67e41441943
xv/23129.xmv	598951	63a8fd8e75b355d9333a4a4a9b5d8aa7e6ce2a10e21c5c49ab90538a87d6bb6e
xv/23131.hot	48	ebf5f924787227582983b6b73a94722aaa760e57194c4bfb9b02bbe2ba1e9f5e
xv/23131.xmv	1813345	794b98ce8889838867f43bd24a853973ae93bc863d6b458dbc2d582d676fab22
xv/23153.xmv	390870	6fc7e1f577fad6678c183e05d49fb9baa0b263d3f38eb5a30897ddc1698d8b40
xv/23155.xmv	420408	c4df8669c76037e467257342eab2e74166eba048fb0d875e1b8421434c28f08e
xv/23157.xmv	434920	54261a9990161935a2d65cba76deed60a5450d81c9567e0cc05c3cca09049152
xv/23159.xmv	524855	73b6f0c49670fc189baa005f365ba5022cd60cddca182e190cfb30d76c79de58
xv/23161.xmv	479480	f2e01f433d1accd31d3e9a7c6bf9e6b44b00d076db230485d2973a64e52e971e
xv/23163.xmv	480566	58196d9c2f9e905db1420a737f3377b89a028d4eaabc70e88e738f57b68c81a7
xv/23165.xmv	405753	671228e8259d26e6e2d158a2b30c8e901df77f1534da9b28caa907870324e470
xv/23167.xmv	449873	865af8fc4fe2356afb0decea5077c33b34f498e9262be2349e23bbf75901b80f
xv/23169.hot	88	a8ea1f2b6bd628f40df99fd65adf583387468429780524a5abdb53b5f4e55f50
xv/23169.xmv	3243631	73217fb21dd59c7e71bde1aeaec87df95dc856dc9d3d8e0eb10e615e0c2608a1
xv/23171.hot	88	e4073f4c1a2017fdbe2d90618fa557857a4c5ba37d6f8a3e7a2fb5bd68516ede
xv/23171.xmv	2567608	07c3d1a732b3c5eec4bf18cb1dc5ee4d7968a5737c48da73d55e7785c0130ccd
xv/23173.hot	148	8fc2afc7af2216d28e0d13ae41fe91ad5d649c331546ee94e0d9c69bd53589b0
xv/23173.xmv	15272079	8aeca4045a20b009136e768311232b7cec9b0f523a7c753cc2c0cbb1e5e3ee48
xv/23175.hot	108	e9fc68baefabb37af3d4f564e19c1ab9cddeea0dabe4c799a28a244969730c29
xv/23175.xmv	6193209	c6e165edbbf078a4be2d4adeefc77144cab2a01f000107c752bb3f951ba21b5d
xv/23177.hot	68	f037a8834cd595cb11ec74465a0eadeee9a85a8b43b29480642fb5176257e63b
xv/23177.xmv	2346688	26a8ee8bd3eff44fd7a729fdc3e346be921eb627edce42ce5f4efad4485a8659
xv/23179.hot	68	7fb4d79c2c9d4eccee31eca3d056c01cacb8fb01026905b3b718e6ba1f4592dd
xv/23179.xmv	1622412	8657a1709d446bffbbc7db15baa0cec853459ed10e6fbf95db85e986e87d8401
xv/23183.hot	88	e80ae58fcec7fdf3d23cd2f1bb831e5bf11ff8009f9ce16b4b786a1bd585ee42
xv/23183.xmv	5799685	cd7de270ac4e3edc8ce639df60ab18f8394494b6f97efebc6b71c76d5c08df51
xv/23185.xmv	672185	5b4afb6a3096a81f425b539a93cc5eb0e2cc4145fb3bdda98bbb8b749ac37e19
xv/23187.xmv	540380	54ee4f6d246bda9d0cfe6963791dba0f475b864861276bc4f136755861e15037
xv/23191.xmv	328866	7097c07bd8bfe0c439777f0243a46de0aa53e3268076c75b4ad40a35a1b047cf
xv/23193.xmv	432094	065569b5ba6eb94264f5bbddb8d204c3e296cdbf7e4b1a194075058d1d05d0b1
xv/23195.xmv	462531	4f38393ea80547d0bef4e63c98e418b9ba762057d05754f863179a05bdfeae91
xv/23197.xmv	676036	3c7f81cffd3f9b5762792a8c08ee43f5b1674a01a5ff3275b5ffe576a3c727f5
xv/23203.hot	468	88a9c56ea24333438a46fb15f4dc42be0b087df409ef145b07ed2e42ef7e20cb
xv/23203.xmv	15626908	67657c6bf2fef5d90c5a5d2884f2f0565f79f1c1e5a64c1aa4107b26373a1c6c
xv/23205.hot	88	0aa39e9757d4203eb1d6f1cee0cc969279ef30e733201137de15e0c0f721e779
xv/23205.xmv	4158965	281335bee267e3e690c8997df10b861a112b2d778b5af79ef8e756481b034593
xv/23207.hot	88	a95431d481fdca5654d0fdb97cd4a4abccde71a44a34ed11a477de1645108a3d
xv/23207.xmv	2031441	cf7cd9d00c956a80809c0da86046d4d244d40d6b903c43645b5ffaac41bf5435
xv/23209.hot	68	ae1783bca952f68c33adcbd372c3b85212c133139508bbcceb6f0aa3dde55c42
xv/23209.xmv	2310433	52d3eecbec459f95148cffb05b19f9f5d806a835abe7e63d136cb0c8aea923b2
xv/23211.xmv	542157	be9833d92c65ea6fdba36aa9b1bd71416786d927e457b42b0e6c19173f3431f9
xv/23213.hot	68	00a945ff63ff383e6c95821e5707c0dd89546251c9a9904349cac1d678a1c425
xv/23213.xmv	2026280	e3bbb6c921efb13b72d1aae2577efbc28fb3f868e8723bc70c89f32b8ee60d96
xv/23215.hot	28	d0cd21c8113a10a5d9ee81356a866e6c0f62d3862b71ba3c2fae88cd62545941
xv/23215.xmv	1722126	680fd93299f4690b0e103605ae52dd65b7b30faaa12faac937f02d95a776db99
xv/23217.hot	28	a2eb8a97ed58ceb016f80c7baadfbf17ef0cd619ae23426b30585ac1668bd120
xv/23217.xmv	1121125	a5f6f7f684fd59b8412afcfe120850e2fb1cb4150590a957ca9431f2a1c6ad07
xv/23219.hot	48	34a9cc6e5acdbf8209ad7cef490b45df981119d919d6736d85c533aaf9836e99
xv/23219.xmv	1686915	4f057cfd19ec4028988909c3b3745157ce37c3782d5edcc9b61da94d3ad6e1a2
xv/23221.hot	48	5ec2db186d6d3778b51d6ef5ed673ec12bddeaac1571eccbb859217b70777aaa
xv/23221.xmv	1855819	5513180c0a9a07ea269a7598524730b28557569adad7eeac8de142c90afcff0a
xv/23223.hot	48	599aea8ffa82a36e9056e7fac32928688cca1ef0d3e558873f3c6cccf9c69251
xv/23223.xmv	2062036	7ffd4c394670582328ebfdaae15c33fd07c5d3bb35c60d3ea99075b088ecef6a
xv/23225.hot	48	63dc35df93685c959bdc218cde1261b1b78bdc5e689918fb2fc6fc9e68bee84f
xv/23225.xmv	4489237	d1382feefd0a878b00b736b9910256b5d0c4e57beeb2020003bb8cfe639305cc
xv/23227.hot	48	204edfad854cee5c9e392df2c04206b9869412de9dd5b78426c67e3241407ac7
xv/23227.xmv	3403784	9564bfb392caad4edea9297f68c3d7ed6f1fbb71c6e623454912adaab48962a6
xv/23229.hot	88	8662d6dec4e03c10f48e7dd4993a8dae3431ecf045219228dddcd53f368ba5e4
xv/23229.xmv	1885546	855de5084d1c7a58a45b42e571a551876c9af7ed99e69f2265377a21e7f624b7
xv/23231.hot	28	ddecb7a92e69b5cc6d20bdc8a4c22c1e8c088293c2462bced53b17abe76a1c7c
xv/23231.xmv	694608	0b499a6b19919aa6f90117f1f42eb3f54a0f440fa057a9a5455517ba97280ad7
xv/23233.hot	108	ccf9c86c256582aadfa960836eb32fef3dc1c21834a3c75f340e845edc339b00
xv/23233.xmv	4967221	4906abdb3755740d76ad3b4d0257ba3df4ce4159b56f43252c2a83b9c4fed3ad
xv/23237.hot	68	8663a3ae8714508e669b09a92dfde06a22684837d9a6ead3b547c5ba216b7360
xv/23237.xmv	4000596	9f1c9f694e6f306776952039fed01de77ee50235cf68d4bcdf342da0da24fb56
xv/23241.hot	28	9603fc1ffae1321c444b0ba0c1c0b35979dda0937c5ea084aacabe4af641123e
xv/23241.xmv	4111603	0998299ea95301f18a6a2b61438a8e53dadea5874d2e55e56166df964a217c04
xv/23243.hot	108	20fecbcac257aa99025b0f13763639912891d9d99a0455a11fd739fb70930f20
xv/23243.xmv	8376559	9b523331a4e3d46ff24c3b932b94a57c4b05d9b093f1718355e0e2f8161681f0
xv/23245.hot	28	274f108a045ff90051d88e8999c8e38b07215d4461d99993b5cd63b5d1ac7540
xv/23245.xmv	2877108	c37689a5c8154e762ef226216f714a6dd1b1dba3c806893aaa58b9bcfb2a81b6
xv/23247.hot	68	f3c69f1003b8a84db2821677487d13ac32b89fe1fa05bbcf1b08fccae19691eb
xv/23247.xmv	3481282	e25a34ba1b4cf744dd146d29fa40ee79050d17e89b929aae70acde16a68f622c
xv/23251.hot	588	19c60fffaaf7f8379a8a15bd46c43615799aba295b38aa2c128a81045b1d85f8
xv/23251.xmv	33275796	07d5c9440076d81df896c176f729df4bdf327c336442230d53962151a0f58c86
xv/23253.xmv	590837	11df8ee0e233c39501e8a2ab2d376f25855ccea676bbdde1555a1de0fbe09c3f
xv/23257.xmv	595723	2aecffeab709c21f29abc1c4d856aecf178b91f2e3ef948970e6b86ecc67ad98
xv/23259.xmv	698186	c28386e0bf5b9ed0636eb6e472e52e764952ef9acc505d651f2c8551cf4ff9ef
xv/23261.xmv	545199	5240071f72ff582a2f2c8b3144309eaded8f8e846880fa5362b6b8fb79b69466
xv/23263.xmv	637790	e8a410c32682e4ab74a1deaef607b7b53062dc5848e9d4b173bd62d18350d36d
xv/23269.xmv	1748536	c6927905b044a4b7ad8e6327bf7f49e6c53522e59b0299f5e75ecf7a7025dc5d
xv/23271.xmv	1632873	8cd12dbb751cc05a0eb9aacaadf33b3893c4f02ca48eb1262cf7ded583ea20c8
xv/23294.hot	48	4a5f5823056a836f39d5bd7fed1fb51c4a785e3cc49dac4aff9cfb8cb72b5434
xv/23294.xmv	1398104	f5ac11a221969683ba3232555e0a6cce0091a2a7bdf9cd545672993807e76bed
xv/23296.hot	68	8f4e2e5dc9691e4f7400bb23246f66fe1cb75b050b5347bec7d4d897cae3f8c6
xv/23296.xmv	1893846	86234e501311f44cd37b5579a369a608d6ca76400679e01e66449ccd9cb5f76b
xv/23298.xmv	509764	845d629369e5247d8da7c9a4662dbbd6414c614882e9483ad68be7eafdea23ea
xv/23300.hot	28	9b5fff4e790b5dfa16808c17b7a9a61cebf74cfb07543d1179b0f093dbd2abb9
xv/23300.xmv	2589477	3cdf63da874ce7d4b4898c5267fe21c4cad73bbd3d3b2fe39561e0a4f670accb
xv/23302.xmv	3594977	415ef2eaef8fabeffefb177133db60c7f675c42f110507435a887d7ddbed33f5
xv/23304.xmv	1359409	e2b66f0f0b99ae02ddbbf74b2b924dc33d45765199dd2e20569c33c00db29c2b
xv/23306.hot	108	919ec24378ba9f8615dfa87c07305f8215c978b63e48e907daa757fa276bbc8b
xv/23306.xmv	4442065	e2a3896141659c2a89f1db791f74dddbae474c4cf508147997cfc69899a1cd5a
xv/23308.xmv	550359	d6385f539b970c6bb85de3c90ff625bb093cd5c38af1c394375c3446d70e53c4
xv/23310.hot	48	7f7b41dbb672d0caf29126957ad14e56370d7bb379537b63959689808e6112c1
xv/23310.xmv	2364690	2663ee5b7cef7baadbd6cb6fc2a165c1542be663da04ce1f6c129660e0ec9f62
xv/23312.hot	48	5aab407ce8f5c79608cceee67037d57a4276da98c6c6f9bf15226e1d94dafcb4
xv/23312.xmv	2420000	35c021c196e66d6bf2f337d89db01aeca6bbdf6a0dbacfbef9b4862ca0cd9f35
xv/23314.hot	48	9a14a18232463e0eba94dd0c5c228bbc3e031e8e56066db58024221a0241f0d1
xv/23314.xmv	2189942	df1dcd9be456283eb69992d739b0eddfb1df2eefa611f8f6b4ff807bf49a264c
xv/23316.hot	128	8accdc0dd9afccfc0c567247c3d9ebe4ef09f4196696b7fc14c6f57344e5d635
xv/23316.xmv	3245450	99f30427b0344ecdb83eb39bf9e9610f8fa565d0b5628496390106bbbfcbbbff
xv/23318.hot	128	014d27ffdf59e9e7fbc5c710ae50ed367cf86a21470db20080c9f620786bdc1a
xv/23318.xmv	3923551	6812dab4339f16d907a0a1aa5ffe5f14214df0d22f4742c505c823cad6ef46ec
xv/23320.hot	28	472668aa6a461e5a3239200adc02f3ed46c60baa552f138cb9342460219f4298
xv/23320.xmv	919040	1df519385fa5487c2e53fa642d0754bfc560872fb988c33e8602af8f4dc59b28
xv/23322.hot	28	14a2b45beaa6a138a81cba1a91f503e3abac818a450348ab4290c51c0aba46fd
xv/23322.xmv	1079279	d1bf54b63f665cc002b27af5b6f736c75f975dc170e1c838893f94429ac6e9ea
xv/23324.hot	28	110e285758517accac8eba55c88293236c461682f12f42467ac05d0ecd292ca4
xv/23324.xmv	850446	2970ab23ccf3f1441e010200081c97dcd18ebedf70052c53d128af67b369de97
xv/23326.hot	28	436cc8a3a45b96cf244f19a8f2188d32fc8699e751ce26a94202a218dd9ac472
xv/23326.xmv	2600022	47f47d31466c3bae1e3fcab0897cee062c2548303a6e73df1c018586b23d3be5
xv/23328.hot	28	cc9a7056f9735b9110723425e71e391eacf128c9d095450f7c39088722b9d2c9
xv/23328.xmv	1958241	e9007e9f6c67edea29746b0e4edceff4f294da6c6dfc53fddea365e4c13da616
xv/23332.hot	108	c928392f3a5ee44133802df9802cff5fb32f5ef251693706cfbcbaf4faf6f9d7
xv/23332.xmv	7727108	f3844f1d1950f59a59867c8fd6e65da5783bda62bf6922e6de82d212f94ce026
xv/23334.hot	88	2d8f89c7e8318dac6cabe7777c6b37445338e4b61ec8083af1881deba2bd2849
xv/23334.xmv	2526108	6a27418ca55cf248b9c0c0d660e24a19808a851d09e92020a602e219736a3cd3
xv/23336.hot	88	c4c98d3c33891de6a9541b7e18aefa3ceaec15323286bb998fdd9b00e1d24576
xv/23336.xmv	2903740	49690573e0e0ce7345ef75c8469756025726fa6e748b675088f75bec751d6e0d
xv/23338.hot	68	ed94c6df450dc8fdf13f3799570f0aaf58c0e0f3f404a23116b87e28b999b8e6
xv/23338.xmv	2627254	3cf29e93e730e855cbbbacae0cd026ff5156d98c79a7e2073e6644b4c9441141
xv/23342.xmv	398211	a5153e7957617d01f968b54c87b1a6d9d012c90d1aa68bba45ced11707622cd3
xv/23344.xmv	337280	a76f3759218add75cd0b2313a3b6a5fe3ed13b76202c21733c4ac45b39efa294
xv/23346.xmv	271139	f4a830531e52b0c75cbbec009612cfe6ad1641d304e8ac081b18eafbcc672afa
xv/23348.xmv	256263	67e64d39c28c5d7edc821a5de66a601188aabaa65a5451f372797c9e34e8e7af
xv/23350.xmv	409352	043fb6a3ea738c955d2deb297f6a4daac74186edd8bc644995d02e720c41e32e
xv/23352.xmv	297770	ebbe9fbac490536327c5384e1e0fe2afef7aa4a84320bba5f14b45bd5bea3b25
xv/23354.xmv	334110	e27a5ea6c5dc70635394d7a2bbea5ee7724cdc4ff01faff4ac8c8c25e5daa340
xv/23358.hot	388	7296f84578bce79a735ed1fec84ded0ea58f345d74b4f3bca7e57d871e1c46c2
xv/23358.xmv	10989487	59ca9edae7f352f1766dabab011a872f0178b6e301be054db8df6b01235228b0
xv/23360.hot	308	83b8beb91703d889e095b1b16fb3761169936eef9093a39e8e31cec2b701173d
xv/23360.xmv	18520548	d4d8ca006e0c8c3344ff48a4bb0d917c8c53a2d746672eaef88df845afebb4ba
xv/23362.hot	128	1b6de0c53cf27eb7d1d58e25b1f8532df728a99ff6409f967805a38fd85c9a65
xv/23362.xmv	7660880	5592820ce1f8250f3963f3b5a4db964c5cc6b57193702bee4a5bc40f54eff57d
xv/23364.hot	48	aadd669e50809b54851ec95b22ec80a2c64dd934823c5e5c51538060f48a2eba
xv/23364.xmv	5468185	15d2966914eeb99f67270c9e1114192ce2b8cae448e6142cd61f73811b3d6932
xv/23366.hot	108	6fb3300d2a498c1f467324da8a103c02d2feca0ffcb838140039bd646d4632fb
xv/23366.xmv	1980514	a5709349640e6963abd308d6bd1d63bdd1afccb644aa49ea14106fdc4691f74b
xv/23368.xmv	512684	d5ca7db4af8a2b842a09c2efc9ca7d7d2910a55c983211d2f9d18eb9cd2880b7
xv/23370.xmv	579388	f3ddd80fc7d58d1619bde4282d22604f272c12bc22e82ee508e4e7ed8bb14a3a
xv/23372.hot	68	ba40e862cfec92dabf8d28403f616b8d657afb83b75a97a368deb1d3c4c7ac4f
xv/23372.xmv	12690084	17f5afe174f8d91d6c1b047853a7cac29c13052ab7ed47ec31d525a525f212eb
xv/23374.hot	48	dc027fc21d9982ec80ba298300513038644a1a5e91e61c4a2dd837937b7f0862
xv/23374.xmv	1669120	ad262a93f13ac7227b7478ee91d96908ce0a4f01fca6365e911c5bef6902420a
xv/23378.hot	168	d9f9a6dc99d9fb39b17b68a10599e70b83938ffb6c23572a65c44df00d195bd5
xv/23378.xmv	12970789	7a39ba296f735c1591681f9db512ef69b677b2d48555e8b5bbb4947f645ce4e4
xv/23380.hot	48	ddbd457a6b62adb94f46d489b881744f821c0477ec34ce0a71e766bce188c969
xv/23380.xmv	4667235	ab03cb23e996211f418822981b6efa13b8cb1b819bb782f1c150b64ab22a8b3e
xv/23382.hot	48	b6084950b992755974e1a935c746829cb6cdd3f67d56f7401577a76b71f8dff3
xv/23382.xmv	4772630	892081ee6131ba82c187d690de6937f81dd1c24ebe76a2d44c1efdc6f6820120
xv/23384.hot	48	4c3d8804f7fbdff06cce6fbe311333da2616f64fdab40948fb7367325bca2345
xv/23384.xmv	2604908	68605c38301bf745a22f0cfa9232a2f5ef018bafa1ce8f643de97d8be875f273
xv/23386.xmv	1922151	6508b2930cba4a99bbec3ba7e9ac7372c4c018e9383afdb62cc20e52cb40ac35
xv/23388.xmv	320951	3da31501353dca8852e0904d3ab6f6fb37b1051c0536b5e8db862be1b1e25c64
xv/23390.hot	48	b8b72535c0a34e30be591595f13f32d1eb5d34d24ad56502a5d66f1d30d0c1d0
xv/23390.xmv	2448664	7ddc01c6bdecd6d8d1277ea142656851e5148e367d32b8c8bba18819d1ae7118
xv/23392.xmv	681610	4f9468cb7cf582463ce8d94a3cb6eaa37066a3b2a32c1ce7555ab3c6f16f0211
xv/23394.xmv	389719	05f696fc1860c052d88eed8c4c2ba830b9609105ae14c610eaf8bda23d262fe7
xv/23396.xmv	399809	cb7fbc7c7a94b5bc6f1b54d5a09252aff0a13f6662dce3a953b362fed4ae6211
xv/23398.xmv	431721	8d0f9e36f4db885242faed14529224e320726c956cb1eb97300c060e44d0b5ab
xv/23400.xmv	574567	540b4e715d1a176533b9df8063af1fe3b9e93ed5a89bc64a190fd922625108af
xv/23402.xmv	446762	19f4078787be7d2be3b32dc45ecdb4626f81e0576257ddd2effd7e8e60d3b0ad
xv/23404.xmv	603233	a2ab5cb5d038f6a21cbea93d7482ad6afbb793b1d0199a15dc7d3705dbcea440
xv/23406.xmv	383956	bac3575aa4f092d1b84a729c2996ffb67f01c65f58e60b7093b27ca909183d36
xv/23408.xmv	329376	1bfae10ef7de87c3b0029d2b709f5b2b9890a6a900221bdfae1d02e93caccfe1
xv/23410.xmv	366228	5616ad6a272f2e47690b3ccec92ebccafbfc2fee699211def2af776b7006cf4c
xv/23412.xmv	6593494	5899b16b481caf79b5955ad9ef7899f2b04b60e9bcb9bb901cddb33649f24bc3
xv/23414.xmv	12651977	1620e43647d6bea9764a58f5ce83081ce20b5198abb98c906260f98f6e29694b
xv/23428.hot	208	26f3f9b1ae4348dfe6b4b04cc58dc1ec30de57d5d667871340ff5ebc3fd3e496
xv/23428.xmv	11253162	e93f03c92d3e5dc38878e70d654471feb9d6f7f509bc8384e7e699e700cbc4e8
xv/23430.xmv	7676697	b9547cf6bcdc463406b619f3a153b9083ea95ad63c4f122f24c5e05d4eb90326
xv/23434.xmv	14044932	43760ab4b5bd18cfe89baca72c3798fc36e06814c0bb5f47d36016cccdbd2f98
xv/23436.xmv	8789010	3e89e1bdabdde0517d65e646c2c8be6450e3b722604c816f3e46ebeb1c3add4d
xv/23440.xmv	37722924	0a58c35d67e4704f2cd1a2d3e619b9cdd5b05e79b80710fbd8c5b998ebc94f78
xv/23444.xmv	312324	a189c87697031dd78249c6accd8b6eb6caadd6e6a101b7cf945687d447b9201e
xv/23446.xmv	152944	2a28e3e9d8afda3c9a44a1c72716a00bc2a1756d4131c1788cca81b86cd222aa
xv/23448.xmv	282976	f01da91f5a914cf1195d4f34137433ade42e9905b76f4704eeea318bfa918e2d
xv/23450.xmv	185228	3f38b1ab00da5d7a9cdd0a9e144d95a58c8c60c4f7d842232239a7c7e4cbe14a
xv/23452.xmv	273615	a10abc2c9c92ac3008f7776484a584c76fbf586951d7e8df0eab4f4894760634
xv/23454.xmv	265879	20587431fbbeb765eb4faa10435e83a23d563212d0077cd04fe8eaf615ee548c
xv/23456.xmv	232312	b5fd83be3c7d6723c9cfef845a2f49a18f4f310a7211543a7acf97bd043a9796
xv/23458.xmv	174016	39abb775f8ea1a9b4b52d766d6d792ad356d9986dfb40ae67b91db5b3008d644
xv/23460.xmv	93939	1c193a7b869a8fd1be38c3683407731cb307d509219e12e338e99a4b473c4d54
xv/23462.xmv	114353	45e07e1ee1e050fec7c63a35a269f37dd590f9db14e8492786f62127d893c47e
xv/23464.xmv	2997406	9d87fc7448847f98a25a1c520a28ea5ae5d02127c2eff45fdbb09b8c15083fb9
xv/23468.xmv	1146709	d09ea7b86bbc9e581504b4476d6ced71272f71ce3e4e94a17bf12ba21f86b1f9
xv/23470.xmv	17368665	85df9d9d133cbe41eecc9634ab904188ded7ebf99cb70ea4ccbdeea47c8c7d83
xv/23478.xmv	1094988	b06379890cd89fbee8cf84e184b3d62aff582a652f8c362bdc5d96dee726897e
xv/23480.xmv	403198	e8128ea34fb9ac4291310bfa1dcfcd6143dc6ccbf77e17923b67ab5aff7eb90e
xv/23482.xmv	403243	d975cd85148cf3ae2d34cf712ae0146596e97108d970276bc6559d2cb19e10e5
xv/23486.xmv	2444511	13f44bb15fd13303a088d9367cec4c32f61f938357b197966a11a9cf7c1601ff
xv/23488.xmv	2932656	b6e9aa6f8a1f2d56a4df19e5058234d3c237f77d10ed613a9ce7454d1ea0a464
xv/23624.hot	48	df8c08943512eb17f64512bace7c10f52c1ca1aee24af2dc27c87866b73fecbd
xv/23624.xmv	868902	3f57b5c6681e17155337e9db863bfd994d8369e0b92c190b73dec08d05f8567d
xv/23628.hot	268	7cd1cbefe2ce7977555f242d068ee4a38ef34de6341f4696b96f0dff367cd9b9
xv/23628.xmv	8056631	3f5b4a3dfa740e308190f03e5745ce369c4f076a15651a7bb2b360f5c6c16839
xv/23630.hot	68	c1d4a8c3ddb2601829484c98defe92b0329c633ba950cb9e22709893ef41e018
xv/23630.xmv	1971618	b4c2060959764f20dd83f27549eb38842a76ae24cb9686e535614ac057364191
xv/23634.hot	88	ad69862efd61dda40816916024ef04939e42f0060692c3b0702d62f7c0120143
xv/23634.xmv	1809300	4bb7ea8c1bb2c33f7ad5c96bd56acfab891ed6e5442c188a4b8365ffe16965ad
xv/23636.xmv	693849	6c58df0963e0752275a34250021ec8b0deb0b23346ae900822d9543f1f119ec3
xv/23638.hot	28	a7e3b11e58add7af3ac7ff4efe6438d1ae82d508ec00b799f8b9f664b79d4ff8
xv/23638.xmv	1003959	061c0814246689403af89e26548513c900ac2fe39aa8a8378a015043390ba40e
xv/23640.xmv	869163	ca801021b980e97ed94482125bc0b5befeeccc7d3c4c0d8cdd72bb1173b89bb2
xv/23658.xmv	481486	fae9ae32c288a11add2357dd2e0e2d77b6bba738183d23240883d39fc32403f1
xv/23660.xmv	496067	fd594f13e6d32e3d8d910bff7d5a749eab856ad5229be92b84b61a7f09c3279b
xv/23664.xmv	482046	c2e27579fa010b0c7a740262259f192dfeb2e9e59d51dcce977d3b3a2ef56e22
xv/23666.xmv	586850	974b0fc7e2c06b37f7a8f015daa9631e5b0565843eaa796911553d2161b162f2
xv/23668.xmv	571381	1220432f85ec9b3b4f23d3c061ccf7bda37516de3b2550cd1b2a06263e2b5a6d
xv/23670.xmv	587472	4d09f22734a2aac784c53c03877dac61cc9d2c0fc32150267f266d44e12e92fb
xv/23672.xmv	346030	7e69a95813eaa5f8d6eab71bd5e3618b6d8979a58a5ca892d1d178ef8a659d73
xv/25230.hot	448	63520e4d4799c23c3273ee668eaa7cfd73f445d3ccb4863bc8682a5d802823fa
xv/25230.xmv	17349610	2f09b74f0ba56c8d2a5dd09218e8b1f4293787857c17d6b7ae60685cdae7ec16
xv/25232.hot	208	4e3aa7fea6827e55d60b195d2c8c00f0fafee7b0fe64ef3e82e0d7bb6e09f547
xv/25232.xmv	8910220	de03e1c6174d69a50c58c4befb79aa1b1ebbc7a76ef46cf7f0044b884b92c734
xv/25234.hot	28	9e1dd03da12765a60ef4e9a6f4154c850cc4b668359bfdd4d4740c8a86886ef7
xv/25234.xmv	1156774	d69b9166d787b030dabcd34f9e3c4a350177ec9603c33300742b586eacee3d18
xv/25236.hot	508	e302ba29d9d954bf2675195e85a0eda82ac54ef9cb91efa77a27949f20871c79
xv/25236.xmv	12083777	4831f8b64c83ad2b008836d6e7f49f19b082f2b27b94350b6c61c721e4352797
xv/28398.xmv	1063717	5d97525c1fe2ce79cec0e5644de8be090a5dc53552cc913b8a8c49dd25455adb
xv/28400.xmv	1053707	25405549539588524d33209171bce4eae229fdd6deccc5b4bc19e6c1fa735487
xv/28402.xmv	1294552	8dc59b153b56cc466448b7dd2d848119ef0a5eeee7bf6eff7f54f38c64cd578b
xv/28404.xmv	1278046	0243057f774b8dcf82e9149563e65623335b936d90f8d610499daa6a1421b311
xv/28444.xmv	726262	9e86297ef2676d2833e643aebf342c3050687dcd41720765461c5c157b654301
xv/28450.xmv	780348	ef5f90f5eb133c9f706697fef2cda820d5bbbe9e8e39aa4ca208aeb90a1f11b8
xv/28456.xmv	4208495	4cc07f5a5c8d1719c16e8480952ae48d8a1ca95f27761a38a71e26b2ab7fd971
xv/29078.xmv	2171571	58c3e407c8402f185541923de2d001cc4abc3f0713ff23504a7096039efcbc5b
xv/29080.xmv	2076846	584389ca143839271df0da1800d221e785a4d6b3c4c3fad2f807385def2ec022
xv/29082.xmv	1935170	24910868cb6ad223f16bb121e91eae6a54f81da192ae8ae691d32cb8ee3b8fb5
xv/29084.xmv	2059039	57db616e89ba9ab74d17a8a76200d099ce5a51f95a0f290b139b788818f6b3f7
xv/29166.xmv	2250171	15dac391e8fa675da611f0a0ca1f3c24ac3d9ee2f89ff19f056d600d3e21e4d1
xv/29168.xmv	2134414	df90553f7107d30456c1b7e762c6a43cff7840b645073cf2f3ce0f12038e4359
xv/29811.hot	28	27e5814735a4840d29b28d5cde7dc44dd3d86c10830536a0b6c9b74d21079a84
xv/29811.xmv	822056	60a1c1a8973cf4100744fa6e241220d2de6e6e8c463b736fec1c87318c4b3ab0
xv/29927.hot	408	0ebaf0506613b89bfa80ba0d2a8266a98219cb3561d2be9de4cb391c4962e841
xv/29927.xmv	8325904	3f48ac2a43752ecdb31ac36140ac810fdfe94176f3da180213628de8b2cc4976
xv/29929.xmv	683637	d3cccb3475ce2e9a0b93afbbe696f02e9e00d427e48e9bc6049ae3f47afcff81
xv/29931.xmv	690624	9c9b11464b72c6c8d11048cf2bf27b88c6d4d59c6c59fef57a9a801c6f9928af
xv/29933.xmv	488964	91d76153272b1ea2ef117add1895dab42230ea174dfcbdd50293442855a559ac
xv/29935.hot	28	0f59411e80afca4246918a9c9b6b4eda8e2e3f271f4818428a45550e879208f6
xv/29935.xmv	781106	cc6e626d8287b765b4bb6159bba15ca9d71dc44ae63daf766739f0cbb19c18b2
xv/29937.hot	28	7b95adac347f7390b5ae0199daa31f21691cbe9bcfb831710a62793b9b7786e8
xv/29937.xmv	736789	8b912baeb013f8d99d7aaf96f71765433697aebf97bb59b0c81c4410f98ce04f
xv/31042.xmv	556753	a023e5d3bc06089cd87d06ed13606eab188cd60ec825f2477ba6c73730c1dc84
xv/31280.xmv	249762	fbdc632b6e91384e87873ad537260fa1e999930218207f26294bdb5fc88b7254
xv/33308.xmv	470315	2991d2f43f5daa7613c24e32278a5d1a55eebad995c5334587b075a10bad8b27
xv/33401.xmv	528380	a5fe26b75ce062196708e95a8c7d4c96c14f67d0419782800e87696042e87639
xv/35990.xmv	914812	80eb6c1c3b434e0f8da305bebfbd7ba5f5d3038bbdf3a88f402db959daf86140
xv/35994.xmv	719950	ab4cf148a9b896e4c624807544d33b31f6a56c088febbbf63bfc6fa2cc08042e
xv/38448.xmv	12179132	1986c861588c9ef872648b2635ed177938f4195be80a700027d51aa02d911247
xv/38767.hot	48	c507a80be5d78ab6f60437326efe1ca141ee91cc66b1964bda4bb9ab2246a0cf
xv/38767.xmv	3346599	f257d2498c1af99d3e06d2ed4a89876071117af79f5d9ab8ef601a88b3db9b67
xv/38792.xmv	4936683	a66b180864984478b00cf0ebd3715ffdd178a775d2f9ec5007137679aace2cbd
xv/41314.xmv	12030662	348598f3ed97b0a34c304b1413f35d67aebb5f1e4d932f3057b34dcba96bbfcf
xv/41316.xmv	6239374	534c9244f333f5d40736a0ff7f498e7f0a7bf04a7a51c6f1c4b83d53f8b761b7
xv/41319.xmv	6668619	f33ca677dcece2f3d454ae3feebbb6aa4349e984a6f7c2bde0f2f5e9e9b15db3
xv/42912.xmv	322832	90f7ab1c0b48d66883139e1e84dc8ecbc283a0d5cd565ba92d9b6309d97561fd
xv/42914.xmv	572804	7a583e3886ff4e34a536fd98daedea77795995ac2f1cd066ac68e5ce001914b5
xv/42918.xmv	286489	e80d9dcf878f53f51f0f29bbfd2eefcad4af283563adfce4681405228ed3994c
xv/42920.xmv	415250	02b86f049e9e99cdac00981fdc5b05f5720274e3572c2bfd5690e7d006c28187
xv/42922.xmv	322784	032cfd7d80c945440b555536d808a5c51b73d8afaf5d7f372f4c7c90f4aa7bfa
xv/42924.xmv	329907	1fb17df85e0137b7dd0c3dd6e7e44a44fbc1d905bc249b18c2461afc372c3142
xv/43070.xmv	2136297	031dd76a0b65ca17060e5187cd257d47f148f6f80ed41a753c3a973f297b7e34
xv/43085.xmv	324343	15137f19fed4cedff4b8a0c1c0e75502469c59cb17ce91109522fb358f5771f9
xv/43088.xmv	945743	31853fcdfcb4f58c06b59702aa4b0c7a6ff2990c748e4d9781844577ab340292
xv/44099.xmv	9506551	be2a692aa625317ccfc9798c2291be453a0a991a2c37cef2a4cfbc3a26fcb4ef
xv/44104.hot	248	3a80f54b7a43ba9ac2e790bf79c4206ccf121c00b16d34ebc53ad4805aa89445
xv/44104.xmv	9090245	0b473728da37b2a49d7458cbe1d6f6056f1df0c3db287d0fbd233824d4136922
xv/44483.xmv	2116400	8af583a4937917bd86e4d3ae27893274a76e577fe85d78709f6101608314f2f7
xv/45858.xmv	15735434	73cb5ae203b77359742e1dd227d100828dd97f2943788b66f009f632c667353c
xv/47536.hot	208	9bf5e7fcb4814d01e13e7557b2627843687f600bf22d90d6e8f3f441137ff04c
xv/47536.xmv	1980981	06ce864bb6613bbdf0e867973a27b0a00cb73abec10a05084526137066a23668
xv/47538.hot	28	a5b51b33fd65b3c37088e7c26cafd8a2160e9427dd16b434f9aa69d60184f5f2
xv/47538.xmv	1143703	aec6916984848d52f5d8d34258f7ad6292d847240a58c00830ca997a4f95c7ab
xv/47540.hot	28	10f1249b606a34150293865e76c2e790b949e422f4c676bef28df63d0a22df52
xv/47540.xmv	1433673	22b1085ec5df2ccc570fd37606187b365bf070ead55ce9c7540ae835b98f181d
xv/47749.hot	28	88ab85679ececd3aaec6eff31be36debe95c30a95748cad7a65deb35f261f791
xv/47749.xmv	2302248	cb41e6198f9e9e8744c99e2aff4fb42c620fed5cc536e740e9297624a8925ad5
xv/47750.hot	28	0f45215f550a2e3012e7171f7fbc45910d6273b5caf61896768abef7ef3858d7
xv/47750.xmv	2837802	b3ff12cd166a6b77039ec6802291c046559719446e55a61a0fe2d85c45f8ce3d
xv/47751.hot	28	dfec852242c9fdc787726777d1fb9877e5ae7e0cc416481527130156e3fabde2
xv/47751.xmv	1712745	497fa75951bac8181c73c70a6cea858fdca8a70266beb61e2f683344555042b7
xv/47752.hot	28	cdbd7c687173d0f9a555ee8deb9bd7d39c947ec5f50e9f9a8244186fe26e7cd8
xv/47752.xmv	1539989	05c418dd0c6af2a766b3364325ba10d86007a1ed26f692795a46a9d8e7974a87
xv/47753.hot	28	9e5d2b07d2576960a3243347679f49fd0be6f0b49b2d4c580977c25f13f192aa
xv/47753.xmv	1752038	191e19f1ad456693c5e94b1c5e83c103df20166c616c70760d9cb0b977b7feea
xv/47754.hot	28	f5d836ce30f76095017c8046dafd0624acbfd8b3077fe0ecd2869d300e6dbbac
xv/47754.xmv	2145234	69dbb4842b8534782319fb7103edc6da2368f0f2d2d3aa1d2ae70a410c883616
xv/47793.hot	28	58e901e67d0f0f5bd2291b1bbc8b412b81010d5357c6df6724efa5cca22889c1
xv/47793.xmv	2188922	d6f888d21ee57dbe365ca6a10a33e89ed5f62476b8a79dba13e2df523cefe923
xv/47794.hot	28	09e2876404e112f3cc1505444b660294e001dd189e6aa4161b4a589d316074d6
xv/47794.xmv	1605447	403597f0421b3a09282f6010454f715f8d11906040f1221ca06678faaa75b27d
xv/47795.hot	28	adaa24197a8739135bbb93067fa06671e635553594c042edc0aac8ae3cf32926
xv/47795.xmv	1405296	11302cedfc097002d5ae39b3be7e941de8dc96fa17ebfbc5907be8c77ac985f2
xv/47799.xmv	358609	07e755f9d8b9b3ebafb1f34b5bb71f32bc6a7ef2ac6275df79c8ae39d51418ce
xv/47801.hot	28	02b1c4ce35e45543913e5f72450a2e20f57f6135d922049d231e1980583db104
xv/47801.xmv	551076	ed36a7816f6da974a23faf78b3996e8f877ab1aba4e522e8edfb0823247976cc
xv/47805.hot	28	1f16f0d3676d3311d0c083a5634728ecf7805b944ceb9eb60649283fdd56626c
xv/47805.xmv	806294	74aeab81628c5843cb449621a731207def72e647f65d1c8cc864b002a2d3eb6d
xv/49013.xmv	6854733	3a99a237ef473e8623f8e7da7eee443036a88eb10c705849db9995c123645fa5
xv/49014.xmv	760411	3f401a787e9e2843aaddbe61a2670ee274c61d1900e7f5d5a1ffb0763935cd36
xv/49015.hot	128	09f0cc9b58446638c36f89ac15de0212673544411fc0074d59fbbec44ad05117
xv/49015.xmv	2668582	816652a16e9207ade8d7390a9aeb928be53c5e398082eae39a486b66f2558fff
xv/49017.hot	148	f8c860302fbed17b6ef8246e4e67e3684d779b7d8ebc50eeac78c5b9b2dc6476
xv/49017.xmv	10744837	a99662f6dca07cf590110049cfe7922f486dec4ee1026ca613e56fef4e7c45bd
xv/49022.xmv	314161	ef8414316a6fc105030813787ccb0125d1e85be3e26b42324088da20a1986bbc
xv/49024.hot	88	bd4880626ab1f67dee0c61f687d099029a10570e2acaf377e5e7ecc1411d3cc5
xv/49024.xmv	1761103	6905a547c619fb20e650149b8f0be5472a31808edc59c00c72fc307e0416ef49
xv/49025.xmv	6477305	99de054d7696b461e0a6387e6bdb227165ddb0a1400f13221527943cb03872c6
xv/50405.xmv	24598	6352bf1aa0a3b42f7f6a4ac9ea7a7c7478f7b0738b9d588370fe5e35747808a5
xv/51167.xmv	1137881	2b28df2dacc7a27c522fb91860f859fa3c51a0746ad19172a857b937b703ad52
xv/51222.hot	28	4b436799e0704b80ddd7e6fefe27e5d5b78b902985c50211a4c4233dfba5048f
xv/51222.xmv	1074197	14dceb363df6cb3851f0a6abdc1ee29ffbbef142299979b56450da785978c568
xv/51224.hot	28	a681785f6019db6cc18649c012ae5c13dea103bd0f6ab557d99ec460e62dc906
xv/51224.xmv	1052602	f86b5ddbfa1d7ba5caf060500792c3648a492cabfbf86d45b2d6f4599185b24a
xv/51226.hot	28	e575dbacea9766336c76b33d5bf58fde473713f1d5c59ffdaa4dfdd1fca3f3b8
xv/51226.xmv	2675095	9e28e1f5054fa15bab0747f2be6d7b05341ecb02ff065ad77786f0c63ac842c0
xv/51238.xmv	143325	6d9959d13b8eecc0fd431681c1f5aeadf81703f4248be383bbd6daa698358c13
xv/51240.hot	28	02bf665750bbbacf43f93b0edd50cd385a9465fd53c9c80e03aee72b92606452
xv/51240.xmv	936683	e0452b431a1e68e8a4135a42b80c2a73671b88569f958894ca9ef12dd075902b
xv/51242.hot	68	34b763a55454c899719e3e582b561bb42872e44c5008f73c5ab556df65aefe57
xv/51242.xmv	1439093	5310ed83af373bb28ca5f4451bd8339294c4b9f5b19f14fa894b3618104fd43c
xv/51295.hot	28	a1f94f024b87afba30ac7f4987e1124b941f5ce9e1a636201a9ec1b7e135a54d
xv/51295.xmv	1643062	b472f1aacc161c2460b3a47cdb6b586993badfad6421f2b39f096e66cfc875ad
xv/51301.hot	148	8255eb2d2efc9862550a0bbb727d97966decd400ba7b74eded85793566ee6f0a
xv/51301.xmv	5113126	f193756fb978d2c8fe73217cb9e29559a2b00a4b9a6ad82f80408fb5b5b607de
xv/51304.xmv	291129	7a86d7dfd1da7b0d657af64bbe01ebaa157e9f169e991c2f60883406c72a6653
xv/51310.xmv	2045412	0036e48901b6c837cafd4ef50abc25f6a38fa3c4b174f3c1085d71a3dbad3ed0
xv/51312.hot	28	1b27a28d99b965532f59860225452469ccda4b3f996e3825d13a956950a58db3
xv/51312.xmv	2109188	ca2cc3f83c9448170882bc65c10abc5d7fc7afceb1330def31b8fde18b313593
xv/51314.hot	28	f36d261598a4178f09915ad835e620049d8513c7a90760437b4c72e6333a959c
xv/51314.xmv	1467652	b8a2fda33c364a1df1d5914ad95c6027b8bcc6daefcb235e7323570d389e3fa5
xv/51316.hot	108	75a48867524e1a3c6c41ca4edfa09abe0df4ed42b4ba50b30a20b66f45436a32
xv/51316.xmv	1853695	307af4317db8505c874eabd3ce28fe5db0172ed97a9b3b0c33f6c3a872638169
xv/51318.xmv	1446614	0f1acce350b89af9d7828c817ab36a592d2f692ee754ba67ab48f2b0c0fc433f
xv/51320.xmv	4057155	40d7c624f666be61d4da6cb6409a0d9efaee50d4f6d49b73622556114afe23c6
xv/51324.xmv	590422	2f196c4da3c6a37accf9f30c7568c2ff5c31837c3eaadc6c0f78bd5c07c8c209
xv/51326.xmv	424982	2568411e1ee9f84851e0052113b5dbfa30729759d8e5fa3f41f9ee7713e13557
xv/51330.hot	108	ba8b6a0a67cd93e5141918fee756a88c2f001f4586667b6b349cf7496133261d
xv/51330.xmv	5839466	05111c07159c15544e34cf390f2acca6b66dbb1e11f772de2b6aebc0eddf32e9
xv/51333.hot	68	a1977222bd90fec19c77d39302b0f1718e61633a096911e08e3f41d3bdc0a2f7
xv/51333.xmv	2590692	3a73d500c612a7168e9bd72636630d238d91876f82905296f5a04b5332f30b01
xv/51460.hot	28	34e2f53b2dbbc66af7e30ab35f83bb2690b1d113311b6a2f8c84749d96397565
xv/51460.xmv	689575	b833e0f0a476af8fa77ce5b38bf31c3d02bf11f23f06063828e11f2aab3c778c
xv/51462.hot	28	e727af4e43287020d3012ba6dfd2145a06da367b5cf355866b2507f5349460af
xv/51462.xmv	1609846	62c95d5283d65c4ead25bf30f53507b259863845b3697b1c862fe13b91e26656
xv/51464.xmv	360870	30c9d3a6f4e6020a7947f6156b1c8b9d72b93b21f3f243d4460cb31eefffc4d6
xv/51466.hot	248	5f4c9a7622b26b665a5c9c55130a8787bf88f7c36ba3eb46d3ed4281600d0539
xv/51466.xmv	1525708	27cfe4e6c0d6992742b400e9135c8f6fc422ef6c5b4af253b42df28ed85b416c
xv/51468.hot	88	1ba563cd701545e465b4e392188ac7356e8eb1e01a70d17818c5812fe5a4a367
xv/51468.xmv	4722056	8b37f4358efe62ee53805c605b3a65f7bb20473327cf9bb964217fe98bbcd6aa
xv/51472.hot	148	4eaa2138a8594f15fc1803d3a77f5623bbe91e8c5fa9c9d947c75066c512360d
xv/51472.xmv	1077537	405591f775f37c230c9f00e926a12cc8e42b04a6c998524e9f2f792ea04d39d3
xv/51497.xmv	244529	4b7755949ee8c4a12b5f9f5f0dc00ab7763d59febeffe02c51c84eb05cd675e3
xv/51501.xmv	174472	a66c2b92bf811a117bca09f221299cfe4743d5c94b14cfad9b883764e67ad805
xv/51503.xmv	347555	9ffbf62f4550bb15cc1246f01b6163013b62726072bef8f160e63b7952c9d03e
xv/51505.xmv	259303	4d98f3aabf06ce91870c65e1244405804600d1eb4b3e8c808417a6d7bded16ca
xv/51507.xmv	232478	8eeeb9c503dbe740f52d5c419b12e0d970d3b0c000e07a82360c55c8ac68b8fd
xv/51513.hot	48	cdcc63c26e704ed22aad20ab3348054f5f66a5778df96d08563b4c64cf65f45c
xv/51513.xmv	1267606	d2197ead7b119d7bfa755453d08cd70789ea9b7da559e78fb873f25e068dcf67
xv/51515.hot	28	af7f3d9a791e9be5de56a4e25e4cc42f86af2fcde46ff97fa43152c71c0731b0
xv/51515.xmv	901398	159102dd118902bbb300dfd4f8c611e8ccffa895be70f11e725b9b704e29b5c2
xv/51517.xmv	344405	7f6bff165cce792c2b0c2c54e53c4147936fd89b7e246ac79c093f80034ae57e
xv/51519.xmv	336121	9ebce53d496e6bda6c70e071a13b829eeecf32da1777afd1fd27d49d82e682b1
xv/51523.hot	28	0f2cf2d8fc8e21692ee1da39cbb95de4403b6749220b5053fcf730e7e87d4fe2
xv/51523.xmv	1070727	f6fe6d1c01d5b09aeb6d46c71da97a729c800b6ef8dd2ce51657b6ad6d80bcd1
xv/51525.hot	28	4e5193ef2d18f4ef6c7b2fd9def93627aabaca32ba71426e3c3bb5b89f427901
xv/51525.xmv	526475	d47b7c31d59a76977621b08fbb90b8a71485e08decc63845d69078b0004fc764
xv/51527.xmv	4894596	2d0ec7084564d2da797b1c0539bc8cd3461cb2761e617ba0674f552aea0cbb79
xv/51531.xmv	571019	79fcddc927b67d1466acac1b404fb04068d5906af87d0e7696c279c790056b36
xv/51533.xmv	694477	7a698837fcba712c1cdffd3af04a443402913d0a3db7bf16b0a78c20f822227c
xv/51538.xmv	5232708	c9384afeaa5b97897ecb9ffb8d258b85c854b775c7f1a6af09a4622a35116fcc
xv/51541.xmv	480477	dd5c4fc0ca589126f3fe399b882c93654dd8c47c5ee299887e1d623add2d117b
xv/51543.hot	28	0dfab3f729f9b627a4591dcd0d1385181c4e24dc60660aadd2260095f2e2e4e4
xv/51543.xmv	1556924	a58a69eae1ff14cd785fa4c64ca5674b5305178529819fe582a4a8aeb781c654
xv/51546.hot	28	25bc9c30b007d091ce4e6c377f067d0215e79563a56980beff1cff17cc382097
xv/51546.xmv	1513557	c453771145a15ac5226689d2bc0226685a434de044f42436fcd39e58f7b67837
xv/51548.hot	68	22af5e8baf8fcdc3ddcaaaef97394981615ef45feb0dac7d0de5cee1e1246bf7
xv/51548.xmv	3317158	45cac7aa7c40f2121d181d56dfc03fd3da718da8e4bb36b5d6159e0225e96e0f
xv/51550.hot	28	20cf744390f962d908a0828bc9bf01222f15caa9af374a5aea519f358d40e8e7
xv/51550.xmv	1060988	d58e128e221bf691372238715c4fbf049aa395f29b163c1a937c5524a364e1b5
xv/51552.hot	28	1b489e80cbe5a857598223fd8750820b11b7be1e9377bca20f077d0c81ad0ae1
xv/51552.xmv	1538935	44af4dbef2475068e572471e9dbf66d5a31ddea344785ec27c7d1f666d3e3ec6
xv/51554.xmv	644359	5d66e83b6098fc06fa496b90359d64a26a4a6fa9ed09cf83b36e9db52db64eb8
xv/51602.hot	68	06be9c9786451c37eb39e1eda73bb2c9db91339ca62437e7c418a2530547d92f
xv/51602.xmv	2568949	4aeaed520acc855df0a8a7c1b504a18da902d35d24c4ba62e87c2030d3630f1d
xv/51604.xmv	683141	b9269d6fdfc543cbd21080ff86198e91e8fffea60104c92e6e706fe654ac09e5
xv/51606.hot	108	cd393e99f75ba68a2c4f4cebe88b1bf8d7002eadd79a106ad8338d9f3e690275
xv/51606.xmv	5679815	c518221a137d653225745618cc5d309beede0118844324297f7c1d90c4f96413
xv/51608.xmv	587683	a445c18e03f0f05186a721353f5736d80da32196295fdaadf70651381a3a6e8c
xv/51611.hot	28	93f05f2cb68e70d968064bc479cd8dae16cf4e696770402018fe568eb3780b64
xv/51611.xmv	1242539	3ee01e95d4819563a5a6841ac4bf457243b76db1dc035b80358131714bfc3da9
xv/51613.hot	68	2f5cf98c8e8b7d0950c3ef7ed254eec60b420ed72e599cd54325d88e9528d0c3
xv/51613.xmv	2514716	cf695687bc86d2b7bde171b4f0835acca5d77c5be08cf069647f08370c2d7456
xv/51965.xmv	3441369	41bcb59881cbb32ab960838ddbd08829434fe06eb68a2aa7d2f3b653dd6723f3
xv/51967.xmv	4449004	551a361c09eeb5b2b1405cda5c5375064df9f944ce4c6a7a0c60ae724f08928d
xv/51969.xmv	3411053	f0b34f8e827bdd7bf01ff8aa6b9ad964fa5cc371a521e314f397f4bcb549d3a0
xv/52547.hot	48	bcff2a10d82e6bbece2ac60bc70d6722b1525c93a29ca13ed39c9d1555a2064b
xv/52547.xmv	1815015	ad7448c09ca2123396d26e0dca228085173f9dc776116051f5281e9e80cc32ba
xv/54108.xmv	1239372	f27825853066e5826318a681966fd1045899253fdb6271eb42b985523cc2bf8e
xv/54663.hot	28	cb0c3ab7a936c634ea9b8015a803d0aaeadddde55af6aed9bb7878f8c9910b51
xv/54663.xmv	1777597	dc4af1325bc7a2c0dd01b9fae84de8eba31d2d59c2c21a3b83c13bfba6bb8a06
xv/54665.hot	68	27aafd9a180ea76a6b7ab8a7fce1bac8600d23512eb684841b72f7e73de99fd8
xv/54665.xmv	1537697	eadf4ff558b055e63fc8cc9f02158c83a45299e72528c586aaee7244a9d0f040
xv/54667.hot	28	388fe9cdff183cbca688d41887c5b1a6f442a9177b36039a75c0728698b9bb43
xv/54667.xmv	1750932	6b3cc542e75b27b481465b07a5439a11dee0e1d8a42348dd2cf5196e547e3bf8
xv/54669.hot	68	54692e987363f5b08cf7a7daf3bdf19b197a0039fd61e1b55f1cec0452071018
xv/54669.xmv	6515478	301847f2681bac66ed0c5c13e8151efb7a74a96742bd305ef90bcfe60801f0a6
xv/54671.hot	28	93755cb33685e6dbfe398eed2d63e7a34ac29e1c7caf338b8b09c431a4a89d29
xv/54671.xmv	944657	04733c8a8082f37b5fb52ff5c04b07f9d9643c465b6ba1e568fee6390e9cff4a
xv/54673.hot	28	68786991f72281baac430623ca53dfd827cf02480c5eb249dbc668da43421987
xv/54673.xmv	2247470	0b8501409da9bb8fb31a2a16f9ed29c9f9738cf492997487b003e1734cadc314
xv/54681.hot	48	6b9e225594d24ec8ad9377dddefe7198cae428db414caaf345ab75525424b2f5
xv/54681.xmv	3150659	db5caa7f4c37767bf4319dca1df00a25112fcb52c5f8daf2946311efe358f3d0
xv/54683.hot	128	590cefd92a2978f56b1362f1167c91ac543b27052361ae1963f39bbd28c73de9
xv/54683.xmv	5142709	a3d930b162a281d553075c95f7fce038431f7952d43db776e4d0075fef52e629
xv/54685.hot	108	b11b1546dc7c90c71836c521c76f5b124f4676695bf803f1927856b44a387690
xv/54685.xmv	3037747	11d66fe297337228c2f672f41cca5fc509f44931c05cb22aaf3adf61ae45d623
xv/54687.hot	28	76f77fc4ac6fb0145c0645a7394f50323be082a763ff67bcd55867d6620c75df
xv/54687.xmv	2264041	e262bf5339a5e079486178eae8f7fd295197eb073b19dd75c8f65736c3745e09
xv/54689.hot	48	ef5b3e282cb817adfea57dc5262dc8eaa2447409d5b51720f1c7865757bdc591
xv/54689.xmv	2368158	cad0eac5e97c7f14e46722152b562741e7e35063c3e96e87c8b7a9d0bb9adfa7
xv/54691.hot	28	e601f639668e988978386442e6865ab8ff8712cce4a15ace43ba8a83cd6aee35
xv/54691.xmv	1465806	ffd0d3aafc50b1b250540702bea5d4627fe8c84e419db0c87fface58a09e437d
xv/54735.hot	128	7148e0f1de84e28da4582803880b4a8de94ae94a34855e12cbdce230120fa167
xv/54735.xmv	5473665	7cd54d5b7af4ebca4d09e9c77f9b352891c22624a3145852eac8f934d69f002f
xv/55043.hot	88	f955292c238a48a7f4414b4f845f4d64ff7bc90311687f69a1f277b5ea465610
xv/55043.xmv	5348293	fe28eac0cb8dc1bd123902b4b6236b799dfa9bbc701beffdf3b544390de74a78
xv/55109.xmv	485526	b20bd77ff179f850f6b20e923a3e9fad1734e971492683628afba133eda7a56f
xv/55114.xmv	3594238	6a730644abf532d79e7a691369d39a2fc095be66750f991bf99b78b576f98f91
xv/55247.hot	28	873877ddc6b82802998209609277881db07e627d81cae0b78ed429192c183e23
xv/55247.xmv	932364	6aa1e39848ac94b79d39e90f4ea03e40427959a2880bd5ed3e87861283568449
xv/55256.hot	48	c849b923a360d2cceee78800c352ceac91798a5556fdba3c7e56d44485c04860
xv/55256.xmv	1663979	3c25487db66013cdfc038253cce592d4947a14d831169413ab808577e4cf7738
xv/56001.xmv	23391173	9d39134daebd9e3072f4a070b15dbd82c1117831c0b278896475921171647e26
xv/56002.xmv	5238054	3c2329387b734f498379ee2772e948b658f58fdd1b7ac75210a404b6a85d5cab
xv/56003.xmv	1402599	618f6f8bc97e28babe96869c83222ae86be1d6d0b6eaa3990dad1c3269d2ed5e
xv/56110.hot	28	868788ac8a5fe2d8f30251a5d18b5476687f1657f644ead25eb12a60fd35e3ab
xv/56110.xmv	1172687	2220d3a9a1616d2c7f8a331084bf9fdaf33630ecd49b7de0aed11496abe5260c
xv/56543.hot	48	70238196e5b64b06477e36c97176298f421567b3bb80199056fdd7e3756d989e
xv/56543.xmv	1526723	320c1cf0f7de2ac169d9959770175ad18a1dae37b04e96dc2cef96d252ffc417
xv/58151.hot	88	e8a80fff6af0314d89ac91880b0d361e0f8d859d0671674403ad93982732c0e5
xv/58151.xmv	2754516	cc58e46c5981b7dd6899d8dc30318a1b98dcb98c27e0d0537965de4dbcd53b7b
xv/58615.xmv	6749514	3dc9d81942aba7869092602b953d6c8c125d530b7c7245a45fffe4d0631fd66a
xv/58617.hot	48	a0771bd3cb33ea9eb686ed27b6c004194fd637451c545d1aad3066666f678ac7
xv/58617.xmv	1623282	b6b854be774af452c6513b7b1567a5b63b386b6e7f1f87a9af00afa3242b8a04
xv/58618.hot	28	72272ef0459432716a4fe06f4df26722adf3e7d1e6d0bd1064ecd4d76c506a8e
xv/58618.xmv	1718686	2f28719302a2263d743013b39310a5b0741b9a6c704c2de37a8034c40d9f18c4
xv/58619.hot	148	265868903c1c496ea578a44a7f1f8a7366065942888a849cd2fa1613392da459
xv/58619.xmv	1877114	0d7179b8418963cbfbb8274cc4560677a96fc49f722cf9e108903593d096af06
xv/61126.hot	28	756d15beb67a3704aa89748a54c10b7d19ac2afeabdd6c3874edb20c92ed7066
xv/61126.xmv	1474883	5834be9c878f5cdf643d68a68b2692548157726f10a51bab4943a6b68b38ff03
xv/61851.xmv	2346679	54e28f5ab21cf7e983f7e7bcfd134f749f9c6695ff647903f437731e02ea25ec
xv/63750.xmv	2301007	0b47fb9934aed29c583c5aec1283fb9fed997221aa6dc8d9208f4e6d5bb84d40
xv/63751.xmv	2134740	b319951a021074a54722efea67b96faf6aae81c04aab67319d35a571816b2799
xv/64421.xmv	119961	3157793bfec74195594efb7963df329c400d220f262c449dce57b51a106e42d8
xv/64422.xmv	92693	fbd63507b38f7db0d03a5aee728ededb49dc015ccb32af9ca03859dc3b185ccf
xv/64432.xmv	104629	1f35dbd576b3b297f56ee6d73a887a062f2bb6a0fd661a8dd22f16cd986be40a
xv/64437.xmv	112359	45e8622fee426f4b51a79b64e98bcfd48dfb8c75e0abdb47f71959ba8f8a966c
xv/64623.xmv	2359303	0fcbfaebef90a0e7d31acfe7f9748461f2f2e26dbef2b25b2530119f7c769164
xv/64657.xmv	164454	dc850dec4ee3c966b7808fa45eee35b9db27989d61dbcab03cdf28332eda7d31
xv/64661.xmv	3401825	e475950b387732e62eaeac89e39dd9444c9eac1d6149e2ef0eb1b75a64107189
xv/64665.xmv	103368	93ad2b89194cb179e969a8865dfd20f5e8944843f81011a9c5abd7ee79364f1f
xv/64666.xmv	96702	3c725adf9622827e2d01da947a6d59633617f395208faddb7c16a096bdcd7a1b
xv/64700.xmv	3143413	0675a3d7ff897d60c1c4046980f6506277763e2a5d377ce14090a13563a57351
xv/64701.xmv	3109123	becbd74e2202085cabc09aa2444c2d4308a36db780064092704f08edc8ccd8cf
xv/66733.hot	28	7851a960b06b07dff0781f26f6fdf35824e5ace2d7cdf600898fd1574dc28b4e
xv/66733.xmv	3205525	09db99023be21fade6e05c844f2e7b169d35836f0b7d5c77045f61e95810968d
xv/67749.xmv	89862	aa5a2256326cd7a21b37db596bf46a7f268b9ba434c3fcb1227a66e40f51b618
xv/67753.xmv	80145	ba822b25b6b7043788097d3b650f7cd619aef8437f76ccaeb7b91a570b881d96
xv/68459.hot	548	0a08f48ced4ff9f99ae019b73fa6ff305b15874ee155fbae6f6afbfb6a51da39
xv/68459.xmv	11590598	964ebc34dafe863949d0f2c94b98e2997d9b1eb64838a3c6b09c5788d8557a16
xv/68809.xmv	953051	0fb37b0e77c9d094f90704758706c32b977c2223b79fd345048ead8a4c4c2ab2
xv/69212.xmv	129507	8657bc258c9d04a1384d3c626e10b40b2e62f800900a1fbb458eefab07015ade
xv/69214.hot	28	5ce03c24b683c0d266a2c234ab70be9f47ea7d67ac25fe85b79e322d3ec27f56
xv/69214.xmv	778405	335cf8f767a228b2ce990f639f798761a127a73694d8968f60db36444788270b
xv/70387.hot	28	c20991a8b6662a944f929bb14094ab7cae2e845245df12907a9e1cf168a9cc0a
xv/70387.xmv	1832591	12b3460f7938db13929b1883646495a5c884a920f0e10c496b6f8aa566a0e8c4
xv/70515.hot	188	50ea9e81d84c06e9a3ed8926ee04083933251e7e1731516da82dee833b90c441
xv/70515.xmv	9872819	457ffe759e1efe8a0b68ddf075522099874e3d6225fb138bfa89759e07f64d48
xv/70706.xmv	2001870	a20f2e52935bf5879ab3bb909accce86c5363cc14bbe94edbaffe1dde076830d
xv/70710.xmv	7911573	cdd92c3aacddc11e14470e5cbcbe971b004993132349e2997f35738dfd70e7b9
xv/70712.xmv	10024035	e3e4900e0836356f3012af463761b46441bd4468bf01cd55bc0f5929ef340463
xv/71003.xmv	3594240	527a0a9d9278f9bcb2c95b091e7af86813b021addf348d9200283240f9299955
xv/71213.xmv	1515350	1a10024406407f0ba3b4d46d02e971804f8fb5d0fed98342aa38d544f5fda3d0
xv/71855.xmv	15085423	c65bc85904e0ea4b09bf0b9226f985abca17dc0d0c488dc7b682553697adb57a
xv/71914.xmv	12715986	1d96fc6a9d98caef89e3fe0ef25ebfb8733535ee9c4003e1e13b781b11f819fc
xv/73994.xmv	488341	2b344354efa998322b984576325ef62879d9ac063a918867536eb82c82a99136
xv/73996.xmv	579928	6d68abe603667b779390600e6030e7719e5a5718a5d648770e4a5c31fa67c425
xv/73997.xmv	699352	4df40995129f06bb55007baccf02c8d00388b5bcbbc2b469eab36780f556c8e6
xv/73998.xmv	535755	90f026266e97260fb9a3d71c68f6349ecb330fdf2b36a5511cda9de7b3152694
xv/73999.xmv	488119	36e16197402e55b93f6d1e64bc8c6c50fa34233011b74786329af6e02650bd69
xv/74000.xmv	531247	24bafa4a61c423ba72848ceb461b990202aab44fbcc078e70d02c4f8664ebb2e
xv/74129.hot	68	8f38cbc72938c87b4b1bfe1d20db66b2bdc847e9386eaeec3fc4fe31e04d2fdc
xv/74129.xmv	9039811	d6b9e4a03b6f8afe0e7abee1ae610a5c229ede41feef35f865735f90931ecb35
xv/75210.hot	68	13b42100e22cd17ec5a284b3f9c2ac4a36c69dfdb8968568e85fad4622c4d13a
xv/75210.xmv	3548601	5e9241c52f7171ff5e159464a61d5511218ac7b9b5179e1396191982289ea053
xv/75213.hot	108	7dfb7100b3a873f2c75264dbd6a3c11dc7495b56bb9bda29185d940250986af3
xv/75213.xmv	4863614	7fb1f3a4d0225b165298fd9cc60bff6c765c413439bc1f8e504ab6f0d7775899
xv/77995.hot	88	ed59e15045426691eca050da83fbb7eefe9907c1296411182ba0b58a14ac9ec2
xv/77995.xmv	4651096	c6dfa8f79bbccdfc240c009e7d297329927ccbbff07cbff69e15396cd69ca64f
xv/78767.hot	28	68702f462cf59306065751974cfe54cdeef309d05b3d1afb027edb1012ae2c23
xv/78767.xmv	670341	dec4357ef8cf37fe126de7d105e2590ffbb585b3a0f0275e61e8943cb18dc763
xv/78768.hot	28	4f81f676f4a7a3c75724824a3f5fd4a3554cf4a86784bd3b0dba5a902a18c67c
xv/78768.xmv	745576	41334456bf14da87abd2c07faef36f9cfa73e312ad1a94e57ad895c9a8f0be73
xv/79653.xmv	583128	a02569ef0d34281d2e7ea6459dd8f6f5dc5ee6ed352c2c6d77b89b2723f34dba
xv/80829.hot	68	b0abf75e35b7e60c1f3acbe2365b4c9af3dd8aedd3952f34898d35eaa1503167
xv/80829.xmv	3154813	d96fad7f1d815e51e789b5049cbf0eaa4eac071387aa523e3bcc19983c7bbb46
xv/81407.xmv	2968259	53db87476a7ed059a9581f8b426af76304bafda2cea031b716cea31980947ac7
xv/82220.hot	28	7c4df639edb6076f27eebc43d734b594ad63ead8bcada22ddff941e763d0d217
xv/82220.xmv	2092459	1a470954b57589546d85adb47a4c4a6e97312ecc5ec9a361f6de2c7d96f831a0
xv/82222.xmv	2483945	80542ce67ec4546f4cf7f73d44e062056544866a27f39221b251f8f34e304698
xv/82367.hot	48	dfd3c3feb2c47454909e2187cea4804e648a310a00c6e532add51f0da5a9f9fd
xv/82367.xmv	3015403	98878de18a9d22eb14c87c9c28f43f23d9f77d9400e9144efe92eb557899b7be
xv/82995.hot	68	f56d8ef724241620b27fd7785700eda59bddbe02d64719d92370cc780d930d61
xv/82995.xmv	1620241	64d20a7793537eb3b5c3adb336208a083cd19a3295ea016a3e1c669cb85d680a
xv/83176.xmv	3258613	0bc909d9c11a2010d43e3746100b161d7970ae609b7c75aac751d685dc51dd69
xv/83290.hot	68	39991f331b58d2228cf5dc9c51c39a29170d780e4123ef4201f9d73fe64a4b91
xv/83290.xmv	5742036	422a1b172d4dde083a11e387f65a4bf14595e32d3ca484e7d6c322299ff6baaa
xv/83845.hot	128	5859054ddbb4d25aef4e0c492b64e7134dabfb9125bd5b21f6f966db9f4253e5
xv/83845.xmv	11812537	cca53afbc167085ad420a0d5d08269b041fa8da1f2544b8ce87e23b23027d8c9
xv/84459.hot	148	9ed03b445fae9028f5722b966c4ce03d1ab26211563da940843ecce75982d06c
xv/84459.xmv	5120352	ed06b51781ee06a26dfa0608a178eed7805b967d5c3d6a894898df4620ce80d4
xv/85229.hot	48	347c6aa40dfa616658f8692ee2d2173b8a1d4519ca2a5084d5e3d50a730ac294
xv/85229.xmv	5607768	8f4d309a92b6ad6936e41af9c46e77623e1d5114ed752e493c3860d783dbe3ed
xv/87260.xmv	12990340	af900408005176225a24d37b8d2d21ae2f5b4dd4b5b171acd5c90317c0f7982a
xv/87296.xmv	180033	5daa8d0a52e6f205bb6c1f71774ba9365ec8882fa07acaed25f1f124b24341d3
xv/87297.xmv	183216	b1f8fe149ff82194c759b149599917eaeb1f92f0cf5ff03f6cf3b9c299ed53d9
xv/87298.xmv	200752	16408e959c11b30864f415c9ec6c80c64bddb63f5aa81bc386999d54c7c05ce5
xv/87345.xmv	357802	50220df1b7787d76d4e37db81f59574559f56a096cefc2ed867177e38333e7b0
xv/87579.xmv	2469260	2ab8598b30d157b59a74648a57b04f2c58963f368fdf0fe94eabbceeb9039612
xv/87863.xmv	39641	8e687c8bc4396954ab5011db5e21400e19b61015c73810313c839241ad2226a1
xv/87864.xmv	2544830	4cd2c1f80c03385816d532bed102f4d038f9afec8c7a7265f8358cd5b6455181
xv/88316.xmv	4148891	1558bf2ea60cb9f39f2413a3a995fcbf414333337dacc6c281fc12c992f3f33b
xv/88908.xmv	247398	1d140b719d758f41ad9195f7cedbfef34f35cac591d5ee0eb13979ca3133a75c
xv/88909.xmv	268263	ced7838a35cef94c0ae909f2a7006e4566f4310a19fd8e624a4d0207502a8fcf
xv/88910.xmv	364528	547019a830ac9570fface615c147769faa936a1c32e07cd2bc3f3a4ac9180a1a
xv/88916.xmv	496755	815ab0533c2c63e348ab42436f430e143237f55f39a05047ff085375326c0984
xv/88917.xmv	298902	cf201c7e39cfbfc527d3dc5749758909df4040ee3733f6b431aace94b1773a27
xv/88919.xmv	314384	47a367698a167cec4457db418cfe9c68adda37a765a69093827430a7ddd1d50e
xv/89520.hot	48	cd622d0cdde2222681534c2653c9bb617669a060c091aa001586299df700a136
xv/89520.xmv	1525992	4309e9d7db59f19ba392826ccb8c8a689c1d2e6d711a0dab8bad55f95d02fa8f
xv/89529.hot	28	0ec8a9a713836311efe42b9defa8783f25499b97a33109b326f880cf1cb5fff2
xv/89529.xmv	992943	e998bb832542f7b899aa56261ce132ab0e8ee0f5436307aa04db70088e875bc8
xv/90178.hot	628	4f6270b3a625efc3ffcd9f79cc50b02106cc9b79941dcf21f1f5df998f564945
xv/90178.xmv	31342561	445d36fc54dccad7ea80a28db0d961b60135fb1f9dcdf08feed98be8749af1d1
xv/90740.hot	128	d3793b3a74d0573df6b2630e683377952ff790a7e5a96ab5d075806cae739b77
xv/90740.xmv	4160019	f2e332bdc9493f109ca1dcc27e76039ac2187eb506e3c58cc71aeab07e635899
xv/90830.hot	88	76a84b5d177b05689d939836449b52e146b503cc78cec8a8a3e2e499168c790d
xv/90830.xmv	2811977	814474ff1be91b289f2174a53af7af363516a4435c56ea7d5ffc3b291aa94a88
xv/90897.xmv	327241	f8577145e512ad2d7b5f8e5d94df1e0b29d15df77a3d540439df5cbba0192f81
xv/91298.xmv	1862396	864374144a5256a24cd2025449894425180fb0610e00c23b50dcc5df02bed853
xv/91379.hot	68	d6e65c213b9b094f88d36ddb53177d214245f7ac5b402b9ef7b919b0e881be3b
xv/91379.xmv	4879473	06c3ab84be5d203538bd38f7c24260ef32187cf061b722c2c955b6e401961bb5
xv/93405.hot	128	288671ccbbca7698311e59c45210eb17180506667dd789473721d50c7895302b
xv/93405.xmv	4541699	8201825aa56f8d4d4949eedcdbdcd65b7a05842ee99204b64a7abe896ab5012e
xv/93472.hot	168	9d6448a2811eb1bbcc1092dcd2d9397fb8e6cc076d83f1bc347f5c28a89c6b7a
xv/93472.xmv	5579643	6a32bd88e2faabfcde9e63c00944cfa4002c73401b24958b67b26b8ebf8c7b32
xv/93475.xmv	1655053	9f67a399a0fc95cb112589dd6df28209ec9e7d529f58e3f4d4d6b2cc0e093ea8
xv/93573.xmv	822922	24ed5b41fb66a7ad32fbe5c72500bf66ae8bc019acaac679b9d665bdead3ae50
