dlg.ttr	108776	e7a0aad7a63850c381239ed9ea32e5346847ee39ccbf818f6db80940da7b5e50
hcd.ttr	53472	1965d766053f9b461068e1d008c1bbae532579e7c518a18da9c3c757e0926e70
jrn.ttr	46996	ce1175a2a17ed67012cbf43f3198727a93947df6ad404228f602b6f48c31f8d3
nav1.nmv	6143233	cbeab0681536bc2765f3d5b3ed6757bad4f9ec409201de7f21414cbb6d622d96
nav2.nmv	13081138	ed322e9373918fc04e0f1f04f93f87a0c963e95c057548f853c47e1124484121
nav3.nmv	17939839	80fb0d2def6c4076e3245d6c70c4cfa02fb4917df1ebeebda1267c435211e3c6
nav4.nmv	19376762	9bffc154075d256f9a490bda9f6f942bb8c99a8961074a3a2e8e97da729f8e12
nav5.nmv	21660305	430eb7e5534fd420e0aee5dca810fc9ff4ea3109fa7ae5791a6dfe7bb1d8818f
nav6.nmv	25534643	b81f350a3828cc51285d583f634228f0df8bbfa466f01999fa3b161ff1bf48c9
nav7.nmv	9567585	c1286ecdef195025f5b87682540b594e226bb767473d04d5f1c21697dcf6b1e9
navm.nmv	6671771	88cbd52a9fa657f4d5d2e8e5d7284af2080f7e6b27a37894c605b500a83499d2
phn.ttr	42624	872370a64622a6692103d26854b3d0ae9a8ca5f94053431246c01ccc991d8e2d
x.pff	44779208	0ed2c81252d308b0da3af8e587b82bba6e73c4eb07918bbecde7de64b2d5f1e8
x7.pff	650612	fc02ad790a4885d36b3a69ef986a823c95c0646c23b49d386e9b726baf05269f
xfiles.exe	3381248	0f8b654cb78f6ae66d62bb173fae79614255ad46cdc25827bbaa98d7d0d79899
xfiles.gam	155544	cb105b2b1c79b890102bdd0fa36434d0a24ad67018df24808c32b3f2d051f9eb
xfiles.hdb	6074064	1839dc35011f55d7d32ff4929c3a365e3176934898677942fd88546981cdd591
xfilesc.dll	22528	8fa9c050bb7d0512a78953e90b2059ac5d68b901bd4bc948e2da8bea6786120b
xfilese.dll	25088	5e3410b7571ffc72d277012eafaa53cbaa88f1d40ff9757acba2751c4ecb6e1f
xfiless.dll	25088	5d097a249ef3ebbbef341fe7a8ea9442bb545c2ee1c3be931163f9cfe522cf0c
xfilest.dll	58880	67198bda745d810e824dfc1de06d632e9d9da0930d907c0a5ea325584f8903a6
xg/01556.xmv	143687	802590a9458268b4f932c64e4797bb452236c979c6ffe02dfd1d8e0afffe08a8
xg/01557.xmv	143012	b032aa9a01600b534eee246ec23d283778b8343cbc65caf6a782280817a734c5
xg/07093.pff	4940	cc7e9a7a7a2ac82628470bcb7330ab3febf88820d9335be5610484a0e8369316
xg/17477.pff	20746	498e06177fafbf4ee931f206f01980f664f32a2f1c8c5a58f101f41a2b6f3eb1
xg/24465.xmv	84745	17fc1b715daa5af5fbdfdc84c9a0864746acf00f5f6a0e3af403a40a8023c31d
xg/24467.xmv	91645	7df07b5144c74bb212b34683b5afb68afa76371495dcee7769dcaa7f17a0cb39
xg/24469.xmv	94285	c298b9eabfc9bb31fb8c4cfb9ff61f4eea1472fc261989c8f12ac57eaf97998a
xg/24471.xmv	91577	79bde02a6eb850f4c710e4724ad6d4d0cc7fc811acabc5f57a35d35e7bd66d63
xg/24473.xmv	78761	51ee6f271264aa57560305d029e857eb927c18139fac02331916b8e88ec90919
xg/24475.xmv	94425	fedcf5dc4ede65fa466ab18172ab9b49c943b12373629d220c824bbedeca47b7
xg/24477.xmv	118969	1a9dc68333549ebf40fab7b45229044497a3a9de9b558c678362d321e1fb5eae
xg/24479.xmv	90757	8ee58764df4bda485e48acf38aeff1173100582ea512f6b8c5842a73fff562f8
xg/24481.xmv	99357	03e107858cda71fdf5bce09db30df8dd54f24ea39e01ebad6d59c1eb3673e9c6
xg/24483.xmv	101389	b2f6c17e8878d2338d0229b34b9a39ed164f73d55a756065e0cf3f4b31835806
xg/24485.xmv	118697	139ea3fa91af2b4ab51f9518adf6f1484bb99d6ad36d8a82b07b520bd972d6a2
xg/24487.xmv	152805	5d748d918306291b2ad643a4aad1b94ac740ea8bf290964f967e6b2b8e26d48d
xg/24489.xmv	148649	53a98d345716714ac8caa3aa7fe1dbfc9fbfbd934863ee834c5989936d85e347
xg/24491.xmv	74637	1c8a6b3519e1eca667d6fdcb0606cfb12aeaa4513f62e044bd421d37a1e70a0a
xg/24493.xmv	80273	c21e4fd5f7fd4e22c0a553d4e5f826787ac8b6e6935fee111ef707a725c20b0c
xg/24495.xmv	96869	fdd305f4f623de9fb553b440f2878d142cdec25c328bc99362f12bf332af053b
xg/24497.xmv	102017	894c4f1875f84912604133a1efccba4c1780dd42145dbb51eac8d88b54d5def6
xg/24505.xmv	140745	ec3978b5c70915d0c7865a3bc221631b1cd705b02fcab38ea755ae5838ff60ad
xg/24509.xmv	91469	f77d51672868a38cac53925dc262f2853851eca45a0611933623ea92d5fabc5d
xg/24511.xmv	98349	4c8603735d499f56a100b0fb06804e67f424980bd29e7d717d6eae297dd2c211
xg/24513.xmv	52497	50e9fe31be11550b5a0b31a192f7b9f9ea077abbb95c7a014e243ac086ec017d
xg/24515.xmv	114105	d68707735e51c091ac8fb578de2ce714d91a167ab9ef510b3949ef1317fa1e67
xg/24517.xmv	94233	d93d72b2669391d8c1c94fec2bfa7394937a46548b2afab06f8146454ceb9e2e
xg/24521.xmv	142785	2e2bd2a84d35f8c303e2984165a26e6f87d77de1856752be0383dbca109da26d
xg/24523.xmv	75497	8e72dfa10ed705230fc49db359f80d9a633929ef4c33c91313a35b65fb312197
xg/24525.xmv	103777	2f8fbb82716a3bfe5d1c6734a34888914a341bf15fed2707c831749485f01ecc
xg/24529.xmv	84117	aca833f9dee4c6c0928ae009f3f95b066d5b4b1555e16ce19c36313be3250544
xg/24531.xmv	42797	d10c2a454c9fb6b77398583ca42011fef935fee788c1bb0f771ae0e6257cc5ab
xg/24533.xmv	95633	f41059be175bcff571343771de014e8691c9eaefe534426a966d00df393a391c
xg/24535.xmv	112241	58d013076c67cadfcd88f094b9285678119ebda88435402620a7740e8c93ca3a
xg/25538.pff	35158	0c00d8fca2450f7e01073b3962705fb73ef49b429ea3537eb0b68d7369ac22ab
xg/27684.xmv	139477	afcf1ddd0e5a3aea61d1f4538218285ee7385c5150ce82106cb7c2b53104e309
xg/27686.xmv	135569	1f0be6b62d01da297f77608a9f3e21a99c5d866d7db355fde544375724b20b28
xg/27690.xmv	181824	a63af01779119b82cd1dbd311e3bdd195a67c0a689f14978e423d9581db0fe25
xg/27692.xmv	149443	ec95853ead34b1e4f98bdd21f954ed055c638628314234c102a8461082ed0c35
xg/27694.xmv	557115	42a83c4301e762baf9deb28eebc6e51bbfcf170b92e4e72bcf1b441043054d62
xg/27696.xmv	162820	3d7628117735aaea18a47b7170afa6521812818752fa8c49a67ed77f70e7b47f
xg/27698.xmv	132887	cc0bffa1a643fc82f681395d01c1516bb636a05c7800e38788d0b490f73f84c4
xg/27700.xmv	201317	520becc32afff66f5d5e3a3af216c8c55c1064ddb940eac93f06c1188ff8f890
xg/27702.xmv	183413	89126dd3786bbedfee8ba6ad9ac84bf60becd8b16eaca67b820b466f43bd653e
xg/27704.xmv	117978	2feb021d3353122efeede5ef2fe185de1bed0a11e174b103d73adf208d07fd21
xg/27706.xmv	224188	6861688895d91bae1f5a40d0d0b2a8d8a1022850abeca0f5e14b47bf0db8bccd
xg/28647.xmv	131618	bf8eff25b7b650480ea84137755a85cf844fcb95f4c525d28503d151a7b7839a
xg/28649.xmv	154864	ebfeed3e700586b49afe1885725a6c0ea0f03a6dca2c8a164dee0af9fd4a33bb
xg/49071.xmv	3147283	1eaa69614d5515114ddb6f57e98b2ddb6be92100c074ed5d89923d58b9398bf5
xg/49583.xmv	2242210	0d5616334b919ab8fef0f495bed65af055432ce479ca0a41cb3ce93ee3bf307e
xg/49585.xmv	1511131	1e2132707fc4f8d85ed564541184641c9d32ba7a50485cf1722171a348e2b7ca
xg/49587.xmv	1531412	1ab1c8d09cf13f8f10fbd808a9819c6cb6ed13d697ababecfbb3959357ae7344
xg/49589.xmv	312108	48d466251926fbe0c171e68633c5d688c59be50b8c87f436ce6394b484fb1b1a
xg/52248.pff	1680	e01c4e98ebe83dc579bc8159161f7d0960acfe5df1d2d37faee6947449c91196
xg/52250.pff	8186	195dbb4ab360764771065bdb955f00e76ec9f68c449c31901df3ff4ce5c4862f
xg/52648.pff	13316	8c72969ff01ed160cc0c928f58aea3f1b8cf4ab49e8b2a574ecb8b85c7c161ca
xg/52651.pff	486	458bc09c3555afc3b474ab6d888b3d684bc35becb7a1a97c4669705f4b3df082
xg/52655.xmv	221874	50a8ec3c5c8c155c7958addb60c306718bae9e27fb5c6c91d8bf46c113073085
xg/54200.xmv	325933	b2332c52f1e70d3c58ee762c2f0d004ed39c6c574b90ad747cce7724e24f5160
xg/55395.xmv	31749	f6a7f94ce3793321767e168c2f67232101c216ef31466624c4ceccc8270bf0ba
xg/56700.pff	34772	fe2b9b51a08b7d886d6bf2fff7254171e3092292b6b596b0ff859174fc1de990
xg/58092.pff	21290	cd14bef70e991ae6da1e8fdcd50475956f6051b3977bd9a6f3e067c94ba5c08d
xg/58907.pff	24924	8e1adbc46afbdc7f4854ba7bffe9295faa054f5d5c5591153471cbcaf572bae2
xg/58908.pff	4576	3ba30e8d1e1226a1fed3ab4d0f10de4f9862e8748ae54bfa4e3cc010df9c7df2
xg/58909.pff	9422	481013f33a93cf86075c1aa73de5c164948c7c09fceda5fc230bd2919c09a9da
xg/58910.pff	28176	31d069acbb6702efd49c6446634d1a294e4f85e92524bdc2d7a2cb7594fefa21
xg/58911.pff	19932	c5d69431efb47552256a4c88c3abd5dbec431f54ac35feb9f36b750d78866a34
xg/58912.pff	13780	a6a0eec6d0e39b56461b1236f0c0b8369299be66323d76d9a87b30747a084559
xg/61046.xmv	905866	320821af4538f88e83df5765549b19cfd45a3f19ecbe79d840b61fc644b65997
xg/63457.xmv	112482	8ad684856a09806e6a12038867eee14e8b5cfc3d40a50b175839463e2ff279f3
xg/69328.pff	570	fd24fc3c848bcaa1f15b2f91bd034e2362e1a1c13da96f834a9cf489a0d6d804
xg/72706.pff	2800	13df74f3a2d05ec89159c8c35394da16a63792da7ebb31bd009aa93e15901c06
xg/72736.pff	2558	41d79bf2d451d46cbe2dffaa052a8c870b846fd091b24fd1266cdf69dded0fea
xg/73725.xmv	58699	f3d56f7d7df730cc7ba80097d455b6e59668c658ec26109548828f0544f5431f
xg/73726.xmv	115381	82d445c9312d3b9395df7602e6184e786c83468f518ea0a2c0fd29eed6161a37
xg/73727.xmv	87167	7c892bf14c795970e026fd40c977ece2241d10da4f22b8a42b8109f42594d31d
xg/73728.xmv	215287	ad6ef9cf48a42d95d2cff86fc32b65c75da675aa0e5dc9a78cd97adb6ae660b1
xg/74096.xmv	124928	fa6db3469251d70d76e67bbf9e7e4e2b6c9309370d664bc7737139d636e0c08c
xg/82524.pff	532	ef729c1dcd7d2f2f5320037a8a0c462d3214dec954526c3e780047949e40f99a
xg/87598.xmv	91840	83e1c570803cb230296b47dac90620f41b63374057d4a896c1dd9b244c1aeb88
xg/93779.xmv	147799	8074f7f9a130e851f13ff6fa9e5ea5131e3da8b7ddb445e038dc82e4f4540399
xg/94122.xmv	108738	f1346b1a19a58a93a57a829b199ec4ff9cda8d82ebcababdea2c129994852062
xg/94215.xmv	150893	0490bc04369d610d46d8693f58b75e04a44c4c68e2d14da9270562a9cd83cb61
xn/02522.xmv	756808	1071b2beeba0821d2538a6596c36562a6392c44ca0db751b39d5a5e2e45ecf9e
xn/02532.xmv	672081	bc6f3914f1978061ed304e392cdbbaa107b02814c25d661792001bd8e086b76d
xn/04237.xmv	493619	5b456afe86b5cfb9f5e6cb6531402148b6598c8fdc5e787d673556787b8d75fb
xn/04793.xmv	418397	e405f8908c1e8624d17c7eab0e5bfd8c86cedbef5506ddeefcc84e23d7a2c4e1
xn/04832.xmv	249545	5471006fc2bd95fcc7b40deb3e8ecf4cecca8c3a3c4a62a0fd02bb0af17be5f1
xn/06328.xmv	1016807	bbf5ae02d5ca5b9b46f8ced3c2d0be9a85ea8d6dc2ac5e6c40f9b6413f543615
xn/07170.xmv	887136	e537d7c7d4baa3d081e8e7cdeeef9a9939283e6040a3cc22e84fcf65e11c0e0a
xn/07364.xmv	339729	8f52bb6041b1b24972af81725d0df47236523a74b130eea6c11194ddb9dce0a9
xn/09620.xmv	307368	2b415924ecf2730c093b8b3915f6d943bbc43ee4c29c320ed62596bc3bc62079
xn/09628.xmv	300895	5d5e15af67c83420594a0549f94271b0fb21ae503e6b0a49fd3690641275ca7e
xn/09651.xmv	228197	8f479b49e5f4eea8923868af31fc8ec3a391437e3a21fc4f15f974fedc60be45
xn/25653.xmv	131692	c0ac3ee62451ce38c5c93ebcdd6c6d2a5c495ea365dd9e286ad31f99d1979c83
xn/25655.xmv	246765	5847685a86e4d769d78a14c25820ce11c3e89e7e938b2466b87050ac184a2853
xn/25659.xmv	667444	feb1910ee9066f6c5f472dcbf29332e1470ca4a1d7a358202646df89a714cf19
xn/25683.xmv	258476	767bffd6fed502f2cef700b7e53da8b427e1a40d7d53f22d273edec695a03799
xn/25709.xmv	703505	800fdaf3ef408dce3d32a1be52727ed72a1716509c200713ad0c6d0d762b0692
xn/25713.xmv	890127	d0b40545c51460c9b6d3ace522899ad2a1884e17482f042c0b46c197d645f0d8
xn/25715.xmv	40162	737099ae73a16baa4e6299f8150b6ddeee52ce932f47fbccffe97d32140f82e9
xn/25745.xmv	381350	39b91de33e58e06f48f9992e4687335f7cad403803020a86d42356b7cb75596e
xn/25755.xmv	789177	cbb93d13cf193710c0b2d3bc6e155fa08f333492c36624e7956719d65f1a70c3
xn/25763.xmv	391990	9c3c95b13ff452bc16d036ef372bf82d34ceb02f95e5d766e83bb66675922943
xn/25787.xmv	1271734	a3748090f639c9fc4dfa021b6bf25d9aacb096af707681062840453c05ff418e
xn/25793.xmv	412603	c8bab32958b3a9f5a506a6dd89d7b9974835a6dfac3b1ef2a7f55ad702f4f336
xn/25795.xmv	186694	e7c6a801a818129287dba8af4768ccdbde0d63e06c9b350255d1d9ec5f1c5a26
xn/25797.xmv	505808	e732738fe113236fd5ff4bac7f3d615d5955f548982db786c1db555677a8c695
xn/25807.xmv	434551	71188db4d026833db1af2ab898546673f5151e3321a5320cbbf1b943d851f22a
xn/25809.xmv	564581	a341ac2063d7721ff43caaa54da47009bcb071e0ba12154771bf471e794a1205
xn/25841.xmv	979453	5d1a3344ebc94b9879fb193a500140fe746c1afe460c54426e12c77affb6fa49
xn/25843.xmv	221281	4fb72af1d1972ab7250fdb04d7124419254dadbea2a011b21c826facce3b720b
xn/25853.xmv	766476	1d7b2047f8f3f1ec5cd166539d8765ea50668a59c2f5877035c68992673244a8
xn/25867.xmv	1194249	850d8b850f784bf4aadf09399d4a54bcc2e9e7ea03894c0b0db95fe4df7dd575
xn/25909.xmv	2015884	6fe55e59793b9ed27f161b54606d1c22931b605f71782f11438750f9645ac349
xn/25911.xmv	315366	1c1ecf1b930ffb0463ab972e9ea657bc7efe9ceb22e72e66b359c6b660f793ab
xn/25917.xmv	756807	5a0fec872e2cb983343efa01cfe1986699b3dd180bfe92894b17f8357e89aa1c
xn/25923.xmv	287203	a9eef5141ca0ec7b505ad2bf6fcc2f7ea232895eb3f2667e20813164539060cc
xn/25927.xmv	192235	33692cd7aaec0bce5dff411f77b25c2eb3a7994392f74c670fa4bec487c5b50c
xn/25929.xmv	134395	c3de6592a1df8b3211d03c0b7525cc14ec3f9dca0ed6af471073528c9b25fe81
xn/25931.xmv	496570	9d97eda8d6aa1781f5e02659b0165c26c99aa7d643a50a2ccb37711e00bac72a
xn/25933.xmv	366487	7959bbdf7ae7f9dca93219ba9f9e1a1e365ea95bde7f287e50daaa7b010a449c
xn/25935.xmv	1951698	e709bb69d343950480c809dfc3db971067ad1ec37c4d0ecf1a8fb805eed3e330
xn/25947.xmv	474968	203283cfd100b3262543abe4843011d332728fed93fe35f55fb9ec322c30c340
xn/25949.xmv	980615	bcac2d59fda39731cf1d12ccd87b47a2001a524159f334e353c3b29c8e0839af
xn/25951.xmv	1922990	aa35464444d7d6310b803532456c9ef780fb10fb42852f9f2d21c57ccb144f98
xn/25961.xmv	429798	02eee216670b629c42e3e9a205b7efdf503091fded072ccd551f03c4900b8308
xn/25963.xmv	142182	59acdf315bbd11b6682713f982a4f54a080d35470bddb5cfa756d9b75134a918
xn/25965.xmv	476371	73fe54e8890935f25b22895aabb85b3e443f1ea884384ee05a9bd4d868b2ecd3
xn/25967.xmv	1543700	a621d294cfe925052b75af22045e1c132a5247de58912cc322620881ff403303
xn/25969.xmv	787388	8b9755f2aaef2ff66e119fa4a582a445ed4b9dea5def5e2b59d2e7cd911ee604
xn/25975.xmv	487814	27d720bfdc25d236c0a64800fdff7848f48a63b8f8b74aa8113ae98f635785fd
xn/25979.xmv	1413851	06cacf5de81074844c23e45492771d4c520624e16d07af1875bb707673b58abf
xn/25983.xmv	180288	33ac847df14242af571c8890bdc7cab587af7f1594317f24d2164fbaeb8dd155
xn/25985.xmv	213037	4419c6257d9585337c8de74e8a0510058e32223dac5f563bae8a5ecbaf1a16e6
xn/25989.xmv	132601	5a6aa856429cc31366ccd1ac522ab621854e942d8dcf90d5824ae9f0a47704c8
xn/25991.xmv	776311	09dc5e4ed3a83738f9aa559574263decedb1e523d6d464d2d0df083cbdc4e946
xn/25997.xmv	838119	1ccc40718c56fd52d721ac491cb22110847ffd2ff8d8742920f0aae037a63a72
xn/26001.xmv	1376307	f7e84e217bd58651f71b97d3473e7116a9b2fb38342515fcd15920795dc9b8cd
xn/26240.xmv	510295	69553fa44047baa5fd33b3a3d84c07ba6d2155f2a268a5517c86964dc8352933
xn/26246.xmv	583327	4c46ab1e043ab4958f59f70df486335e5ce950eead17ded992825036e814a2b0
xn/26252.xmv	699503	e89a39ea64ad0c786967f543664366f88a94a53b44a8b4994cafe1ac64c17509
xn/26256.xmv	388410	4c0b8025a55a7c55a0207ad2ede09393deb1e7601cac31960e34d9f6706df528
xn/26260.xmv	355678	4d23f5926fe898d981c4fb122b9ac4f7c77977a1ff7dab9c6c025f30e5d1e487
xn/26262.xmv	424921	e1f4c4405c97b1f4ac11e7108de868cd3d388e4b80e5d023c40a751b06849f58
xn/27271.xmv	196945	712c81bdbd2b5f708ab9c67e406fda0b6d277d29b4f1ad6c33fca24c2839ee9e
xn/28751.xmv	495473	a9369950b6729ef81f2e2434aa21c163224266c97c7e3e0f32b3b187b1e285d9
xn/28757.xmv	373578	a674a9c7bbffde0fd6fb05ef310f3ea0040af65bbe633ff4efb2b362583e6f54
xn/28765.xmv	520899	135b48715c9075122bbb07acabf59ac286d0706d2ee4092d6b1a1e0f023d6841
xn/28767.xmv	385697	5ab43deafafe2f81e62d4cf8cceb71cec694337ed1e023881387e5d21a0e3635
xn/28771.xmv	524167	d7032f18746b76bee6a814938a39594e9ead74b4ed1d64b843721cea9cb27dc3
xn/28777.xmv	444283	89f77cb143fa91b0ee8e23039e04faa93edc5f9418c3dfb2afdf887852344055
xn/28795.xmv	498561	105c32ed3a7b8630d5a7c51fb17aea5ed6595bb364212234251031dea8c966e1
xn/28799.xmv	633215	7f4504908c09441aec7a95ec292f3a134f7ed0e01484b37cccfe7d6b389ecb48
xn/28801.xmv	582033	439df895f5cf92c79071bf8a570deb47b8e5e9ea48bfaa1df611487d7eee3a0d
xn/28809.xmv	556813	ed43aca8206142ee5d1a221cef35e9ff425c37b7edaa453ac48db0dff5c8ec95
xn/28815.xmv	294292	60f0b558adeeb8221ed32aff4f6546d36f72512d4d05147209011684645ebabc
xn/28817.xmv	453691	b896ed3bef821c2ea9a344cc875187c47f4f34202e3eea53484f1d3b4491a066
xn/28823.xmv	426301	5fbdae26d48ce0a1ff125769852c34b379756a26cbedc0378309469367fdc690
xn/28827.xmv	657426	660635f0ba708dfad3b8fbad09e4ff61e86da167e982d58d86b7cc61c93efa1d
xn/28833.xmv	416559	947efab3e0215b70053a280a2c19bc8ba6387ae3dcf284f845fd50c9885bcfe3
xn/28835.xmv	374027	ef8ccddab2a8595b4fbc43e8b487ca910a946b7ab9d9c2718702a04c80139f12
xn/28843.xmv	588956	5fb764ca057a60ef5ffdbd6578b2b7feb03dec6ab1f45ffde9eb03c616a1f1b2
xn/28845.xmv	375655	7fde45cd868a0df83971a94e63725a06240f191ced6b7b6d7c8f3cfd21378b4c
xn/28847.xmv	396802	6d601fc76897fe53a0b581374c0c7c64be97010695eea7c790f8fc33f180c70e
xn/28849.xmv	200390	387546dac970d2fd52ef9cd5673e28353d016512889b157892dd2dcbedb7bfbf
xn/28851.xmv	395038	2f5213bf27d0396e1a5a9e4d44d6ca3cd0feef10d64b8361a189fd3f021e2f70
xn/28853.xmv	1232099	f5da7b5a943b9fcc1abe074ae743ad84d26b17c1ee2fb1ab6fb06c270a758cc2
xn/28875.xmv	931529	2fe316227709e4666848bd7bc802e1edc51f8cc21d3e3bdd1abdfeb143a3387d
xn/28885.xmv	476030	27083895afa89baa49c617fa02e66d9454ba783eb6de0c0a9030e93b76a74a24
xn/28921.xmv	344246	0ef38f7a853a7cba7d7ecc4634a5a6ebcf3cd304f57518c2f602fcc2bac735ee
xn/28983.xmv	778116	f7ee99aac71af6f7ad9c9895b36acbbca074228e8b0e63082099c36fec8f5f9a
xn/28991.xmv	583534	8c49e68131b7a6f7285244a1893f4d3930333d7b0e81145660606b363a8e6ab9
xn/29010.xmv	879944	04bfeff5c885b758e0d42391a4479ab3d37ade19fed9f8526892a3fd16a6dbd4
xn/29018.xmv	647720	3fea2a23d961344c3e9d6de8a873703b8d3ee358923ba9197c1cd8f242191775
xn/29026.xmv	228308	ebb0c271cb598dd34000860bea74a0aab15f224df41bbad0c4763d95935761a8
xn/29036.xmv	813743	a244fd382dd3d83f78fc9f27e64a99105c6ec76389f6214137913ac48157af40
xn/29044.xmv	795307	ea1f61a0075a89c88fb25693addfd62e15b2690626c7f580f126392892e82023
xn/29052.xmv	450162	ef197e7c9571170daf863f1aa090090df8105346dddef4358e6fa62a00bd418d
xn/29060.xmv	488704	a3188e7d3b55d916b5b246802bd1d574bd8c0957bd27902833815d172cb0d403
xn/29066.xmv	379789	8fd712981fba0c9495bece19b75464cb979b3db01f77edae84deb3ba4a86f999
xn/29076.xmv	774217	9fb7c5f6b04db9ba054a5b6a2a02b3876f8bb970e7b8f830bead7790bf050560
xn/29090.xmv	380620	0cae3abc1e944b8360f72a4fce5f2ce25f92c9abaa90ffad5d05b46abcdd3f33
xn/29096.xmv	626347	4d8d5aa484a4e1706a0ff2444a58c037c12865da32156b8c748217f030024218
xn/29108.xmv	393730	b25fae00be9364996266fac1f256f6aeb7cbf0c3fd42b7278cbb505f6d95d33e
xn/29194.xmv	585619	3d130cb7d367d3785676c4b39c2f1b310f969a7b6f981d99ecbd2629bc81e1d1
xn/29198.xmv	910571	2bcfbf197204d6b9428797a9371a2934f05f5486db84068be954a62420b9daf6
xn/29200.xmv	641190	19447acea988d2025660982509118253e7fee493df7ae51ed533c7b83c83dce7
xn/29252.xmv	590205	ae77dd75606ae03f1baa20b44d036335990b4cba0d23d27a846f7bcf801bceec
xn/29260.xmv	509821	dd4d8a0433ed395f6109fc614ecf378fae7152b7fa68ceda4d4f114be54ec2d7
xn/29739.xmv	33503	362901e354378e6383a963c92651c0364a3b8d20492209a6b1528efe7a906103
xn/32168.xmv	297887	f57308ac4e68a7717352cd2b2737064bb08ca08ff65f8b170cac3133c8836383
xn/32365.xmv	428896	9192d15bab578183bbb8d4955b7356dd5d532466869a1b926a3bec2cd358d568
xn/32373.xmv	226791	bb3402109724d55c00f1c9b626701b309c742d6d43f4401edf0a23f8b26c2c00
xn/32375.xmv	183990	2d03752f9bfbb83664b290482d72c86d0a99efbb3c6d0c4abf5a57d886b3b366
xn/32377.xmv	296434	62a309ebb646b97858e84c65f2215a4b8467585e0ed10d91fb291f4f1f197f27
xn/32381.xmv	510202	68bf9169c2490cf3dee0d27ed2d41227585715a68544ef8e7c4751ac35389fa5
xn/32385.xmv	405881	de6b3e7af2fafd70ac02f7ef62ff7b6b775a415c2134fd7346ba2cd6f2c310d7
xn/32387.xmv	206556	60571518c388cbb78e7118246c47abd9de339effe555f122348de2bc5a477d5c
xn/32389.xmv	1763776	d8fcde930b44dee957b82dc7da11bb3e72d92275aafdc43ae875329e1c48c5bb
xn/32391.xmv	1010577	f6695c61845cc59ecaf3580fc12c5795892ba759e40f77e153a9f37635276327
xn/32399.xmv	609800	aa90efa9efbd0183efc5a8a0e0c906fce862d7c1093357d896fb0277aa7d8bc7
xn/32411.xmv	677257	5bffa02aa85152d5de17b28f0998843a55a5f6fdf0016103c83e8a5c714dda44
xn/32417.xmv	261529	29ce52c760377e932bff5b064d09fc76c22050ab05c7823dd7dec2f537bfcc8e
xn/32419.xmv	394844	c2bdb0ad5dea712ff87cfd0d230eddb9f221fa04149938762bd290e3286eb3ff
xn/32423.xmv	39675	a1931952c6d80047d1cc46fa6554af773d44d87d210cec8975b80410af7eb02d
xn/32425.xmv	411587	797be78d73033948853f9f79c51b4500e4715741bc325d04f5efd26bf3631320
xn/32427.xmv	607539	9f83ed4a5b4c20fafb80f443ae3768c5276d5e08522c95084cfa2c793c488484
xn/32429.xmv	519635	bf1029697a1ce089743e37806abe6f4b40157826d7b388b6ad4baa5846a44115
xn/32431.xmv	216943	b406e034619a214758f479d600b4f698b2d24f57a7e0a18b8a14c25c50f8b7cf
xn/32433.xmv	366491	2c5ecdce0cce7c5e14634879af275e2da7e02875a9c59f74cccc09618d1683de
xn/32435.xmv	370114	295d0dc10835eae7b0cc51247047da9480c4216749e1cecf68bacf17ef31b2bf
xn/32437.xmv	840728	8c5994605936cfa7175db6dce827f45f37c4861e68901ffa8c19fd17cdb495a8
xn/32441.xmv	303703	15c3eed511ee64b41ed9abcf00cbcf13d3b831c52abe2d4824df12e29e5276ff
xn/32443.xmv	553910	dc0c3b2fe187376f84f4904d462d463565eb31fd62cd8bc4b671faa9f874fdc3
xn/32445.xmv	388084	ab7cce4d7805fc6889e2cf852e09e3250d800a30ecb78df0b2261f83c3b0e938
xn/32447.xmv	1703855	21a52990e67ea100601d51e4f52172761784896f269f1f657debf60c1a1c0e55
xn/32451.xmv	387116	2facfd4c1f6ab0657bc8ed1f1d529a93178e55e8f9e3a9c0fae15c8f9a6ddaf7
xn/32455.xmv	1023223	608542991cc907d00a3bafcc05a2d3ad49f58f817a7d4c282a327bf598211e4e
xn/32457.xmv	214513	c006b458d81143995ba90e31f22ac355048eec06bc5005911805f3febee47786
xn/32459.xmv	297827	b2fb2179183670b85b08e8d407b4d343bc7f1a1534bc4bfd85a35fa9287816f1
xn/32461.xmv	785279	56df753d196361e469ddc202baa9dd445b1d604b7dd81093fee3e971cd6ab02e
xn/32463.xmv	565339	de26865e6e10f298d68f4335b3e3c24ac920582c1af0b57f3f00780a8e17a4b5
xn/32465.xmv	989923	f28b98f56752022a5e4289b3905abe5afc22f1868756410ac686c06387cc0552
xn/32467.xmv	401718	7ad1216b1291a314662d33a26f08f10aff1a7f0028dbd30b16d5d1a5090398e2
xn/32469.xmv	380453	5c106d8e023dd646b756c15852cb07bbf6d9056f86dc77e7961e867b5d8f380d
xn/32471.xmv	424212	d87978da1b70d2ca76a2c7529d49af4bed4b1de9abd9d4be48b53c5a34e9040e
xn/32473.xmv	209913	dfc49ab8e14f5d0237b3420aa5cea298c2c77a89b5f0623e703a660d8f45aa1c
xn/32477.xmv	821604	1ee97ce4423853604900779f687cd3488b73e56ed6f07cd5bb6e94d4ccd9942f
xn/32479.xmv	738725	12f3c2368001ebd5ce52eff10bee7b83e7eb71ec610077b48c619df08e02c0b4
xn/32483.xmv	438024	02657e2c3780488252d0657e8a43da6888a97b58e9733932ed1cbf2cc3afe524
xn/32485.xmv	425211	e95592f2b1099426370b7eb1acf4e84c733dd65c5e031b0fc4feb1fee90caaa6
xn/32487.xmv	881932	a80937fec90819ee6eff21b9fd331e32af404660ee6ad22f811badf62213247f
xn/32489.xmv	409162	83bc2a8dc1b8ccfb55b2750f6bd295064a8a4ad53b19adb4a6695c6544e7f139
xn/32491.xmv	326625	79899351887b17a274636cf60c6e2cdff469aeceec79f34b75eeeacff392d76a
xn/32493.xmv	364448	a9dbe259245c1297377940196e4c5a9e526af3f6f860dd971a75bce5c82dcb8d
xn/32495.xmv	1681032	e60880c3edc58186c3fa7322300aaafb799a26d703d0788119a66d6a58778ebb
xn/32499.xmv	189609	b214940568c59125a0c00b0f83a9ccc9233cbcb1db12421be99a2741dba6aecb
xn/32501.xmv	406494	4127d4a10844845a07ac634aa2c619baa8ce109a9372fa06b97bf8dc81da0e52
xn/32503.xmv	750852	03c5705a35d06b71ed62ff706c37cb906e8e8d72a1f3d44a8cc5ac9502538859
xn/32505.xmv	701655	eb9d27562298b424461e91bb1a3a91891852c27da532e059f95bcd0605b928cc
xn/32507.xmv	724626	ad2d622f3314fa23fcc9f43c47dc4768cf4d213b6cacfa924d9553c248cc919a
xn/32509.xmv	1262191	6103fd9eaa4142370caabeed6a8cda3063088078f4c3fe7a8f51a2b19a54c7df
xn/32511.xmv	662669	0eb80e79f81b2b34b8345095a80e7414c1b452df0aaa6a1e7182cb7f6e7e5ef6
xn/32515.xmv	279518	dd91019788c5236be8c55fac304acd3d945a5ed7dd272ed6df50c247942d1d61
xn/32517.xmv	528362	e49c7426a1f6eee433daec8a4e3307b810b9f141b1eb54c8ebaedf278d4b037a
xn/32519.xmv	262081	4fc141b2af9a84244ab5892434fbe8ab69829c437e7e9036c00bb43c6c0fffb3
xn/32521.xmv	671277	99c82b50ff27e79f3d4508c02eee23892eb0303fa4ec27c6176f71fddbe0ba99
xn/32523.xmv	604206	54c94a5d29b2af7ebfafec0fa097bcf207cf0566aedb2fc3f224f5f17f9b6862
xn/32525.xmv	327044	d9b31ff601f73da7686a357487ba3c34f4cad5c0f08a60419ae643657ffb04a7
xn/32529.xmv	1018815	7a0f247d9dfb82a3fde4dd54e74e2256094333a1ddfcacc222afdad7210ccfaa
xn/33426.xmv	437421	4f6f3921ce69476568c009527f346b3bc94d139aa28d2a97d3b6058ecf33e0d7
xn/33432.xmv	392299	d5ecf7005a60afee89e81d0a4284fb4b8c09592e90932bf12c8cfac584a31a13
xn/33436.xmv	392007	670f7e3264b4200424906e6017ae7ebfe9a6e7df9552b750c20fc82172036cb6
xn/33438.xmv	223732	4677b35872322f3a9b3e9447d30c3abb10314a875b7f828d4080bafa7adc909f
xn/33440.xmv	387502	f2b3b00ac7a97374d467b586f55aa959040c1833abfcc1f446c326dd56c55d26
xn/33442.xmv	436609	88c50c8dbaff4885b07e4bdb848990f42dee34892ea237d06398d903408d5579
xn/33444.xmv	404931	7d3558fd03ad8454bea8625de4627bd26834b646fb9ea58a57b46b81ac1cd1b7
xn/33450.xmv	372263	161eb5139f591715c681b7d1f83f8339c09c0220734ae54e85afa2939888a47e
xn/33452.xmv	33339	6161058a91405eaaac02e9cfc71e24d9b0a9dda40434a520f9f65f3953b7cac8
xn/33454.xmv	257787	bd6d2444259b52f4f67b183359c978a107b9dcfe20fd995f787b5fe7f18679c5
xn/33456.xmv	405818	0bb98966021e2e73dbba3ed09a3374f036b64c98d376d41d9b70b1e1b20c431a
xn/33458.xmv	376908	ea18f6873326a157caab9e8b1b978062314d5efffa8ac358710d653d0e89d784
xn/33460.xmv	242313	9f91c91a8330e5518e28ed3cca3c6de051708a08b69f33ff08c7fb531a83bd12
xn/33464.xmv	312433	a92168d7d54aad5287973ee84fdb5aa7f9190bd7d0970788a3b55958794b1b1e
xn/33466.xmv	200471	279d8964342c1af40b8093e7105180f31a47102c5c2525b1a14428bde3d65c6e
xn/33468.xmv	204077	2e5fcd3e36b2ac01fdd28b04da0fc97573fab621d548fa858cfadd4e3e5391a0
xn/33470.xmv	349060	c0b1df311d621a2910c6dc49e725ccf40e644bff81fd3a13b883af31a12a66e1
xn/33472.xmv	284605	6c63f500c58e010e41dadc53f8027bfdd02dd59a5ca863be364ec07fe50fddbb
xn/33476.xmv	768619	22a194900b99e8c440e4dfa9fbdd3ba44873fe957d30f0e83f99b6ed1d23fd67
xn/33478.xmv	358370	dcc80800af2e006d2bd8eebee7fffe9681ff270951a474b9014b9fb65b0a5d6e
xn/33480.xmv	536552	fef6727e53a48aede4bf46f7fd7a41efd40af0f67c5c36d3a7200a432d83aa49
xn/33490.xmv	933151	4671435ef279f2f9214b1d278fc1a4f27656f75d89cb37da9d4a9faa9a2507a5
xn/33492.xmv	554394	40e1299d64ee3134968438059ad815674f16933f6421e0e061d988d89f206a04
xn/33500.xmv	420035	08d9c06f847325e6ad978ceee2ddb2c0fe3f0d65f5b3992099ba6b4cdfcb327c
xn/33502.xmv	425228	6c64408adbb3107be57c5b25446c562b538813f5b2c2e2b2d4961ee36d888963
xn/33504.xmv	427131	8d9deedd7917b77c1d58fbffc272cced0cf078f0228c0e9c27dff18cca6c8a3b
xn/33506.xmv	444958	5edd9ee761ba2119c57a6a2d67944d42a6c2fb737bb079df4de47f8f68a561c0
xn/33512.xmv	198724	a70ba53f44f86d4e380d9c5d03c507f2116ae78546ba6521080ab17b3358856e
xn/33514.xmv	417992	8747c1c6a3c0f57f51b9d3e6d17c486c315c621785b626e56d602af6374ec423
xn/33520.xmv	750816	84894cdcf82c0d10d1d44f42455cd6485448a15c6397e0a2a4e95026add598ee
xn/33522.xmv	490817	03bd267502b8528648b8aabe94d505e78e1f43584343e2b995f10adb5415048a
xn/33968.xmv	205400	ef93c7a438d4f778eaaacccb7fb2cb6e155eb7746eedd8b43a8d01de9533e6e9
xn/33970.xmv	313556	0574c99f63d893cf7c21de7ae21555d7123fa425cc5ecbb24961e839596804cb
xn/33972.xmv	236060	a7780835643a10f24990d6d568bd530ad0c8b3763e41744e1d56bfb8e2435767
xn/33974.xmv	540124	3f0ee11ada97d1a79b0c7f29acf4763933e9fd89e194541b6591e1c9c8aff375
xn/33978.xmv	1163776	cb7ef61ef22b07e538c18702fa38242469f5c952ac41b89b177458a0fcec6ff3
xn/38796.xmv	839261	912e64b8074743f82fe0dd5f949addc843d72c840147727a906b43de20598c81
xn/38798.xmv	1223785	85fd6ed15ce7ab13c3d292a4aacc5a83839849f3546f29f77e42c1e4fdbfdd56
xn/38800.xmv	1628279	6e28cca4c8ec9c3f33f812872ec79b037042f5d06434666c07a31683e5e8a73f
xn/38802.xmv	1164064	f14dd3a0caeae60431e728945420e23ed3d9b19159f6b361794e7cc9958a2f30
xn/38804.xmv	2230386	49573aaaa83d67ce5c1a2b9e63527598ab2ee82258350cd438dd5f0512d749b9
xn/38806.xmv	618579	9521ba4cda09ff26383519168583c8cb4ff8433aecf00d3eb052b9cf299143db
xn/38808.xmv	1505517	5a92a55d54d9d0d8a4ebfb523af8db31d0fb931b13d43f10bfb9ec2ad393f4d7
xn/38810.xmv	1221058	89fe87d3c06228c7ca9793774e26669eb06e939af8338e4741f1f3013f573445
xn/38812.xmv	317071	d99ca848bf06770cdc6aadc509eae08091f9fef0d8c2aa8225799a2678108db4
xn/38814.xmv	305026	ce309bf5a731b1dd4bbfda6aaa6d4e247a414b16b96825762644565c634c1937
xn/38816.xmv	298560	24aea0d5128b45c61cee11feff0a762a5f181a86d22cc5b6d6a8b8cb8caef9fe
xn/38818.xmv	899601	a760e47e0427a0ec4afa3e2a39b0789b01c6549b604efa3192f1a9b2b90661b5
xn/38820.xmv	729119	5e11c5602d0f332acb073a6523bdaaa18292d2fd729514f25a76b1a8d4033337
xn/38824.xmv	771696	340690ddec4fae0f2ea1fefe8870a413d3982b039901bda0ff62e5eefa218517
xn/38826.xmv	825006	4af01b470b3512a7c8d24a9845cbf1584f5b0061ff5cf8639dc270c1c1e710ce
xn/38830.xmv	172469	6846d307ed2a5057cf8e7d7f9ec5d31b01b8d5879713724ad8491ba81fe99f31
xn/38836.xmv	2166062	b08d49dfec8a27bd997cc8b79eacd12dba7e2b2142b47ab75f69703459ab40bf
xn/38838.xmv	1685050	5908679defaf40a301dc86e3bbb1ec152c3696086d3dd92c3b61d721ac28bc66
xn/38840.xmv	2319909	bfb7f42783753024f5776f17a0c9f7fa82a889c4767f42d8ef6efb4fa8eff38a
xn/38842.xmv	710104	455e77c5b3872eacde5b7a4781b08316b8cb60cb93162b440825da63e8eab46f
xn/38844.xmv	655414	e41fa1c3fb0bedf22a46771cb88edc9ef57193170bd5834481dde1bffcb13cff
xn/39044.xmv	1760676	59de7ee4691ae580e580ace65ad7efec1a11c751c3bc092a75754f1f3c2fb13c
xn/41323.xmv	511612	17fd0dfa008c30711d9d5e38ee1c9ac3b54baed85ff6dd147eb2db27f9504dd3
xn/41325.xmv	213677	b8ba11af796e1c4759a85851195e21c425f856a731b137ac49dd7067234cfc9a
xn/41331.xmv	397034	6623d40d21a14989edab4753e4b52a053343d540ab9e34ae0d9235772164e61d
xn/41354.xmv	1598769	68cbc8ee3c010ba2f1fa7bb1d9ce315a6a6421dbd2648e509c0486cd9629ee51
xn/41620.xmv	1560522	0c6db3ff7c5f596ab526ef52dc5a0427806b28330002808335737bf56350feb6
xn/42378.xmv	1195812	3d5575582486e1fc70cfbb061464d6bcb63bd02b492d395a4d78db9a29a5f001
xn/43855.xmv	301739	347148a24f52761115aa811553b2f3a38d01d0b6fd757d21f781111baad8a333
xn/44874.xmv	406972	3ca764261645c53d2c15425b1071d917dddc10381a4ed1b9b3ffc2e3bb286f01
xn/44878.xmv	942488	50d1e75e61f8e5f7f02328362fa204b688963c37c55166880af4c05e658626be
xn/44954.xmv	756281	244091909c959df1afba86f9f382de60b148d3f84918c2b870312edb594e870d
xn/44962.xmv	351821	b060be922e903abd441959f997cd6dfe96c1e42d17d08bf910c43b2df75af44f
xn/44964.xmv	474749	c0762bcda18dcc62c79853a0c585358d4b24bb2d162a97b02e0556ebd669c676
xn/44968.xmv	241577	7944e314fe340e0a6fec7c3ffd1cb00495eff66da665b06064f7de5dd11c04e8
xn/45072.xmv	449379	97fbc66e899c2c65825d5f72c4ca53fb8a8c98eda250d48c7fbb146cbd0ab51b
xn/47251.xmv	1505633	ccc2764d0539b6c8d98823d4b17f0593ea8e559cf88b45eec8e33052c393a840
xn/47255.xmv	109364	fffa5d15f8b942ed940db5f81545e975b1c4a3cb4bea35a970cf228d2f121a37
xn/49069.xmv	913538	79e138959850aca400418195f0193371f51491bcce3922e3393cc17b5102e041
xn/49630.xmv	420103	51c2b8cc234a27497d516dae02c79b99c398f0c31b8add566b3874c86e76611c
xn/49632.xmv	813588	d9ba702bf900e6b205e39b781668a7d94e6d12aa9813db102223cde93970cf13
xn/49634.xmv	253512	fc8ebbafc006837c647f67ae8f21ddcc000129cf126f04d4de5472315b690134
xn/49640.xmv	414225	3002a6b7990f25c289be71afee9c301ded8b8ebf8db53ee4d82041616c1435dc
xn/49642.xmv	313016	89a9c329b5acbde85f9f241c2e5a7acdeff346c29df1ad9cdfd7d6c5749c8719
xn/49644.xmv	606205	2c72fb9bd3a3052da7de4e42aa3891f7ccc6d8abcc28e6e30d3b09835311e34f
xn/49646.xmv	288035	e3758ce4e44c7f768dd37b21b09a270f99e0528f163c86f0929ca85550de6522
xn/49648.xmv	579018	036b490186588af042b8530f5f920f53e31262d262d62da6cbbc0e327d4339bd
xn/49650.xmv	388327	3cf031e4ae919ddd8335f7c081d7ef355d2f2bf0ff3585983b41c45fc25fd3da
xn/49652.xmv	604780	7f97eb38fb89f8b36a8946eee238fbedd381874ffbb6a5758f62fd38a8c0cf55
xn/49654.xmv	454585	6ced6eaac2c9fa1d77bdf6f1c2d831b8af511402ea6f4de0297f911528ce5f98
xn/49656.xmv	195144	6f5fdbe5ecbb92e2f7a04b234d0f543cd2f77e8f111fc7283da5d26f84143222
xn/49660.xmv	188776	15c7f419a39ea14e9fedf87d2c126907587bd62b3d81aef2a00dd64b4c1f7b8e
xn/49662.xmv	330652	1edf0db8713f082cac7eda7a5b013eefb885b7b240c4597192119a7bc0a6bce8
xn/49664.xmv	343964	d91ddaffbcd59cf0275cee88b3cc6e3f71c40c41da243006ede29193d0d9ac2b
xn/49666.xmv	49949	5cc41cebe211bf0d93add7610ea68eb5cf7e56c64f42a322ebc08d1404527268
xn/49668.xmv	470761	b2070cb874e9cc1a36b1666350a4a1c02ba07db91cfdbdf6b0ef0f5e7764bde4
xn/49670.xmv	770635	8a4587735f39940701fdb2047ce405ee322bfdff13554023fe5e93953f308ff8
xn/49672.xmv	239884	f888acf6407a1e763817a20dd6d3486da67b134d50825d7925d12304e315e8ed
xn/49674.xmv	561905	7b11f1bd81c0d670e579e25d0678297110f4502c3e0759c840eecc1af71161a8
xn/49676.xmv	467244	17e782b428f9cca382817bad2961bec00447b49441cf406a4f849a7a88d5fc08
xn/49678.xmv	501096	844d9e3f0e25bc0390d04ef13638e0c0bc0bc1491a798da2ef5d6a2892922eb6
xn/49680.xmv	261875	e155a600471e86c269f3b05eb1dc1d22dd2bf42baeefe3ac4351b129e65aa276
xn/49688.xmv	76878	69af75525d80e6c09bad65be3e3858a10f9f7338403b3d5c6b7118acba469a7b
xn/49692.xmv	209596	17ef66ee9a55cdc5ffa498e5d2f32a20fda461b4b781e0cb714c22b646043fcc
xn/49694.xmv	230899	cba1a2f13c4b6475144ef8ed54383b1b2380e89c6d3818b11b624cc20113e811
xn/49698.xmv	754506	bb073f56b89461c799b709352cfbdd2873fe63ef3be2c1dbd06202929a0e01b6
xn/49700.xmv	220392	ba25ed17a74863b25d5cb884a99681354f73f40742813fef1da5ecd73588abf9
xn/49702.xmv	410015	ece4e72e2a7cfd32a060ce373a63311de4cee52725c3372b4eacfbaf3a3e38fa
xn/49704.xmv	691533	1510d283effc578d648c9301f643043eb657a199101e477a393f64cdf488527f
xn/49706.xmv	227318	4e8eb1f17899bc9eefb9d4bef357b909eb361276eb544f5b18ef8ee078d6243d
xn/49708.xmv	509243	0215a97ac40ba31f3e44d0a17d0a681df6cb3e12ce2f95ab34e7768a0df74583
xn/49710.xmv	437082	07473011badd59e118b8535aca4126578463df3b657bf63fea5c2275b34e0e63
xn/49712.xmv	335460	8e507a6f01ff5a7cb54d78bd6cdb75da4275efb00fcd970eb5063c260b9e4d3d
xn/49714.xmv	661706	ea3fd95902d36999c9354cf19e1bdd572e28a55ce34f6f147aa3c148b5bf274e
xn/49716.xmv	345763	fab60e9235c9e62a73d0913c406f784264e4f6b27962288697aac7328ab37cd0
xn/49718.xmv	317640	c886bd329d30582ee87cf99568cbae3846776d0af3d5446e9bfa1301879f6b56
xn/49728.xmv	169604	e88c391adf3a3b6cd2a06ec8eb187190372aba533e90a8d79c82dcab0dc60086
xn/49734.xmv	261832	275336c91cec513476d6450d066fcc7f79c5587fe93e65a5970ec243cd92047e
xn/56053.xmv	2134307	61c15e87b30b5cd8c12347197b54a648f289d28bfc69ee10fde06e386adfa94a
xn/56182.xmv	1727534	c8ddffd0561cf9a9c2ea99b117364863c2517e6e905787d516bebaf5bd0783c3
xn/56742.xmv	317809	7e99e2938cb85ff64e86d04853712dc4c85b69d2d8c1db9e4189ba6096ff1a60
xn/58239.xmv	850274	e69b7b451fbb3746eb7464e3a9b86d1eefe8cb4c1f3bc7f5d8d56d1f7243dc1a
xn/62750.xmv	374958	9718d54b63f20b5181f3222048d49fbf19be010b620ec5ef5bd5a9b75efc3660
xn/64958.xmv	287569	88b03fdd936948255513f22cfe6f4e0ae9231efcb6ee3c365ad9d089ffc27de2
xn/70513.xmv	412266	c70cbb608cb45bdf8fb6da8ebc8d6077028768891bfd4912e67a6d9625ec5a77
xn/71100.xmv	2585495	9b5753052879462aef02affad1e1610e0670fdf2b442e1461d8b7d9d0759cc33
xn/71225.xmv	414632	1a0c200135dfc7db5f6a8890285274d3dcb33b0fea1e26cab51aadd667fe359f
xn/71853.xmv	839623	4e5af210063ee89d9b5ac6409b86f14d841b5c7f2023e7e5d5d68e164b663e5b
xn/72288.xmv	5174431	f309bcaaaab84c590c2bfe11faf90146fef4533841247d2d139b484ddac8d7f7
xn/77806.xmv	1380991	2a3be15a843df6af5991e3366be3b37b9e210ff779237fdd725002125b003305
xn/78779.xmv	1341055	f55759b7937f9300ea05265c46600396887773bb3a908a24b324831ddaefa47a
xn/78894.xmv	300747	532dd074ea6930730711be65986a282fff588a82d5bf390453ee61afe6a671b7
xn/80614.xmv	46279	a1de53a21c3a8d6309892ca0f7d1ee19da18d6d6c17edb3c8bc8f71e17063a98
xn/81332.xmv	621827	2ca9dd695f07401f3b9a9f8b37d35d64438ecd6e4b56ab111b5eef810399f3e7
xn/81336.xmv	224279	d68f6e9d8fab1d6cb6ad866c35d706dcbe4a74cbde90244342770b226dbed45b
xn/81339.xmv	304789	180906bf1ba2602632fd1e48be3a2abfc888f4453a7ed1dc361cd16ac510c8d0
xn/81343.xmv	622789	6b2e0000a2f0f0d69b96dbdce84b677768df65fa9c1acb54daf9158e9ea8315d
xn/81348.xmv	584895	d2699d3573b4bc34e7eb3213558b3cbb4536979d9300840ef8c969c47fbaead1
xn/83438.xmv	690788	a063b9a7689ee3b4fd97b2e1d5d9f647844ff68eb277ca706c2970d65c730e9e
xn/87415.xmv	445721	a2272a5878deefb7488b67506ad35e0d49a807b40a673ed7388e0383f4f8406d
xn/87416.xmv	474540	668447463336b1577a14aeec40a09dfc59b3baf9c900f6a1c30982ca9230ded1
xn/87419.xmv	492484	8b179de014da3da8fde4b2609db8c1fc461ca8fac5de7949f7807648cd08fff7
xn/88831.xmv	305581	dea2efed28b3498f9be186588d544e741cad0342d2ebd3bc8ac45dd3de478c98
xn/90533.xmv	4156598	e9b6460876949868456ff6668007d29be97dd1c12dd5ed797433ec04a484196a
xn/91831.xmv	635097	75ae8133529d82a2265851350ae684ab743f8a241f2323ba998a9828dce58839
xs/20962.dmv	634091	1704af095700f8bc2b9d2425c4dfce0fed89af79071034cf8b698b4be07ae0ad
xs/26274.amv	108005	45125d4451b22c29f4e8d7a2c3170f23c52689bbfbf17ee8eb3cadcd317a649b
xs/26282.amv	113891	8b404f27186891e9fe4391aaaee716fba8e24dd3a4b717d9d2ebe415dad7fc47
xs/26284.amv	126139	eda5faff03d055bd70db4f3e333e776bc8f9431f6156b413ab7885f868e01be0
xs/26292.amv	52282	0314bd363e30f1c1b8ef218ae0aaeef6e3ba6b961ee3c3e91a92d0f92d375a38
xs/26296.amv	307459	c4010a4558e005ecdc715041794bdc146bcc4e107e711847a6fc0f969605baa1
xs/28464.amv	56415	052e6f475a19cc05cd115f4e8eacd8f7c1e6de39899c3a46148704bb69c598d8
xs/28468.amv	45379	40433bf47b0f724e16877c78e6caabe4887e4582ae2576297939d629d39bde03
xs/28470.amv	29103	d665124e9c26e95a8ade5972b9d7bd3bb8e5d2db022d1a8197fbfe189e421cc4
xs/28472.amv	103003	e82e1af859da358bb1c9deb1d7253af2584a15d395ab751a4c81ff9dd70e3ad1
xs/28476.amv	262250	4367a10612c948474dad4222123444cc2ecdc3ed144f8350e2484b810e2b8842
xs/28480.amv	138951	d87dd3d94ccc3cd10d045f3b6b87603fcdb73a236a400a5c07d45da6bae5d050
xs/28506.amv	27803	d99c62e6b144b9f1f3d6e594c3df26fb5294b646b46dacbd44aa11d04a1fd9be
xs/28508.amv	58737	84050810b9281ccf9307ef1d389cc9077ad2139761e28cfc3dc674c5685a89bd
xs/28510.amv	460395	546d7872e0126eef7ddeea9e2b674e7ecfc9cbb4d1872cbbb3586dd5e86be245
xs/28512.amv	474063	213f73d0f53205ec1e805ecd8ed7bd8474bfb4ec54c4105723d9ed56a9e03250
xs/28514.amv	591651	8a045d0342a5ce1f726ef618afd91efba1e3b5c9ee6684968deff9c9c805687b
xs/28516.amv	62174	2245373b38f1a1c5d266d7a33a65370075dcf41fa6c902e0887bac3add71142f
xs/28518.amv	23655	3b38f4a0a6538cfb9a0b3d808dde4a48cd4a94775593a820df44384f7e760abe
xs/28520.amv	25767	b4b97ac2d2fcc1f82e5ab0dd8e24cb70c36e295e57483253a52f2327ffd527ee
xs/28522.amv	234463	cbeedd0a1cd45da2816313c325eb67fc65d903d9a3e6d09fecf8eebd0bc708f2
xs/28524.amv	153541	dcc9ecc120130c86369e022e3d526515bb7eb299da6afe366e2a467808d5e2c8
xs/28526.amv	44681	c0838fa8f051079acefcce31fcd923952b8e3080a69080b944ed599205704300
xs/28528.amv	245605	601771ab54b7aa6bfe53aaa3a858d46c47cd254db9fd3cb7d7f4900d5a73e25c
xs/28530.amv	140643	c8932c42c74ee593603f33bd7a788917150225a86688a2f05436195b55005978
xs/28532.amv	140643	a448273312d15bd6818c0b4c8b22e21e4fa47aa9a2f4701ffd4439e705e017c1
xs/30399.amv	704375	51832eae03406bd634ab6e16d930aa6b511eb03386c3246a4daee8e9476ded7d
xs/30401.mus	2340519	abb98d2d3b72ab4295c9746aa6e235d172fdf16512546ac513b6be272311ed8b
xs/30403.mus	2358495	2b8a3efc7068dd08d7ec8c4996bc52fba0c73f37f564b83f1baca41d90344b32
xs/30405.mus	1631623	a4551aeef8f92e249573ea75c44c4b59edc8d6a641b260321383047cb363baf5
xs/34747.amv	15343	2d7b2268e9edd6e6957df30154fca4a6ac2bf09a09dec9cf4a1886500f21bd35
xs/36395.mus	1711443	5b1bac25074c43a78b97a8803bd5bbb3a1eb2befe9a661df9809b40ed3441169
xs/36399.mus	2065607	4874a802b8df3d90a28d3ee440a5816e8f6b97a58adb279a93531bdcc80f82a6
xs/36406.mus	3176723	4bede8e4dca7ac33c308d40ee6e3b4751de44c0f5152e6931f1eac11c69a9e88
xs/36433.mus	2247055	04467561bef5c40b350787950c764f9155c1226b4fcaabfc098c8c41dd6fe2e4
xs/36436.mus	75691	fc751eb490ae3730359f0e417b8830081c580ec3628d168465d15912446eb89c
xs/36448.mus	64331	259a854a50dcbfa0c02f12f4e0b81236c2fd493ebd2398e63260ddd0f21084c3
xs/36946.mus	306903	e42382a28d89b8a113d106d0a0c1b62200cfb653e756dd4505688610e2488ce7
xs/36953.mus	515731	d52fd6adc3166a873c504886a00267926110ab9bda79cd4e9b330b3853e955c2
xs/36956.mus	1455011	181a3f02655e6c3c0ecf810394443d0dd9235b46a37e43aa8c7a9ad19f777214
xs/36968.mus	2270283	0e693e163ac71025261b091e63b8fd092f1c309d3aca0ce451f91c13abe4fe57
xs/52289.amv	63161	b057192de29e5929080a0240c7f53fadb1395781a83dcb63fb568fbe07ca4258
xs/52293.mus	525391	519b76e19465a41424c049071edd62075b348a3186a0ff6e95d24b8e938dc3d6
xs/52295.mus	645259	ac2544441432b5e0adb4b560c23e6c4c158b77b4ce213b3a6ce686d8fe676b02
xs/52297.mus	303438	169fa7de88a40a471eacf44c50c84bb2d767c7388ab8c6d6ac24a1ec09c80661
xs/52301.mus	1015035	cf1dc4675de76b73140b842bdf2b90e07dbd7aa6b6824712cd0ec12b8e67d573
xs/52303.mus	2186107	fdeee13a77c5ef0f33eb48745c810801fd7262407207052108571b5b4f7d027b
xs/52305.mus	331527	ac0cbf96f4f557b80994e6ccd51964f40e3a7807abe749dc65e99c0109f30f1f
xs/52307.mus	291763	be82c08790f1f6390949b51cde2a79f81b93b84e5c12ee682a33ba00299d0b5b
xs/52309.mus	2658219	488545e9f1084e44b50bc51a95a0a7766165c317f7b3b26e9a64ff4b9788a13a
xs/52311.mus	4422231	6a2c2e45641a16b1c0b4b4d626c6f90cfdb3d9bc1083b00586d4a791616f632f
xs/52313.mus	2188011	d2092c936af3bd02c207558fa979bebc1a4703dffdd25b6038d1532976b15a13
xs/52315.mus	2645539	99a3ed49e896daa45807b0f387b23a2ae55bb528eb63362532ca0dcf33e47e1c
xs/52317.mus	2702187	1bde29467864ee03968d2c10e41adab235acdf319c9e7ccff2d262765429d2c8
xs/52319.mus	892851	ad4c0a7a1f6d5849dc201a96f638f87fbfad33b8a0ad0fb3050c563fe003e768
xs/52321.mus	1880515	7d67d859e447bdbd14fe96205e55d09b8b9c8bfb94559fd8c796fc581bb9ab0b
xs/52323.mus	1279561	091c6ae2c6165b8f7323842ecc95a1b38bad49f1a7ba79a01a2612caeaf895c2
xs/52325.mus	1040955	a085517ddf68b04a427cebeb3b3f8f6ece6ea249349f58296d7bf6ff12c54e90
xs/52327.mus	1585327	43a023501072b8ca6beb36d0379d2ebfe304f0148af1bc98f1b46c60da0107f0
xs/52329.mus	2255763	fc8e7e05d37922192358592a61bb165088a54f9395aa71312f5f4f5d33f25256
xs/52331.mus	2058307	26e4afd8d7dcf52d2a0af06cc74eb75ae6777265b6e5085ce84a3dc9bd4b696c
xs/52333.mus	2061847	2f319a598688d17777010cd75a810b6c4dd8e110d301cfa072c9df4d126e1464
xs/52335.mus	968559	3cc5ab5c51a3ab3a31268f24b6c4eabba6f3bbf4a11c4eeee2418e33440ed92f
xs/52337.mus	658035	d44f3f7be7d07bb117f1ca286a80fa32253f879ce993167f445c227eaae796b4
xs/52339.mus	1377447	93a6f221332467f08aa10acf50184fab8ff5e955bc0d9471bb0f7873af6cfe99
xs/52341.mus	1801915	5e0e5b945e35b65cb607c2710744db9667d906b7cbd05fdde331e3528a537299
xs/55932.mus	928359	0f0095891afcd11a9a93f3922fbd592efafc2d5ebfae88b38075b7f488e15220
xs/55934.mus	5056979	544f836d64723323b903cf477b892f1cca363b998be7c66d5bfc6517102a9cac
xs/55936.mus	560555	a8159acac401da6125e80d981ab441f779d1820ee9cf5c1f97c2bd08f961fce7
xs/55938.mus	2338547	6a1f2ecf8fb41489108a3eb677c955fb64ff4570742672869f2aa732fb2f6de6
xs/55941.mus	132965	453a9f5a20ea1fd368d6913bfd523d1d5f2049833ddb151e6d40a61d6399f2fa
xs/55948.mus	156311	a89229270ea294bccd3c72ca74c22fcdff1464e78a90398207d6d7683aca32ca
xs/55951.mus	96983	d7fdf9e97d2f35dafe22648f3d2777d95fe632fb11d12c533349979d24c606b4
xs/55955.mus	1155831	e6608cdf4afce1d50e428271e052db986d81ed0d65c17c05376c64190e63118e
xs/57104.amv	11071	52f6b80dc9bf99aee2a702a82c2433d24d8ebfac59a471800546e6eedf565c79
xs/58625.amv	7535	911af29c43b3c0d47f6b7865942feeb79519af4fb2847a2702d5b529e46c3dfc
xs/58626.amv	28671	64b4e5f784a338d478a9c1583ac70ae9ae27b965b9fb171e99e2bb3244a808c7
xs/58627.amv	11513	ae498ba1a8c5584736371b4950a53ec888d8ac00153a24edafa97a20fc6503ee
xs/58629.amv	2691	9105f125a43c8929eacbbaa49d1cf3bd62748f52a53086cb4a7b0e2fb7413e88
xs/58630.amv	3371	ec78779dbf349f14cc6800d9be1a4dca4f8a50c0594b02c3df835e693d9a556c
xs/58631.amv	3303	d92d294b67f7607815173cf280ed39dc25eac60141d6d4e6628df82069e2e283
xs/58632.amv	2981	0eac04d71f2720258bc19b9a2f300d6a779b92cc99ba6183866b4057e4dd3589
xs/58633.amv	3863	2a4a98cfaa27ef9c17aadb27fea6f137d23f2fbe7d640936ced51a4899c1aa75
xs/58634.amv	3647	0e1730e8e9d5a4bdfdbb51fa6f897d4d82f6afdc8ef7dfd1c305bc496837dbdb
xs/58635.amv	11219	db8aef57038f55af393087976f7dc36b41d63122ffbbce88f35dac7628e2c67c
xs/58636.amv	3235	03833d95b7729828621cd8db5a5cd4114e014f3ecf7cc084a6133373f8360ec0
xs/58637.amv	2981	9c805464ed45ca62b8bb7ed54cb498df7fb1e08db8cee7eb3da2f73fc87eccbc
xs/58638.amv	3439	86db68aa7883e7fe25e571d977729e53fc9a578900744ae35ba2f96e99215a0f
xs/58639.amv	5853	1337a39245b2db7b5d747cb99712146c01a61a53a71d0cd119ba705f2340824c
xs/58641.amv	3201	a305af8403c70d0bc373574119be918487103a41f45363797fbb90862db86974
xs/59824.amv	334686	156a1af5094b147c3572f205c796f267608b0732690e7a1a41f8ac9561fef9a6
xs/62422.amv	6091	8ace6241b2416acffadeaac3682847da91fc79ba46a12a183f2fbcf822a35596
xs/67038.amv	26811	92cdfe4b5d45d156c927d22262f8277abd967eff11b2403ab57e3eefc898a63c
xs/67043.amv	67993	d66d6bd8bfbb0839c32bd0ffdf76cefc9df772bbb6e6c59b948a1d2c0a86eca8
xs/67044.amv	6481	13b7ede93e574ee5d81fc14bc9e881cdb128d69542b4d651fcc07ef3d4d8a617
xs/67045.amv	65067	8c145bfc3777c759369fd42c2979b931417d2f1641c9ab67d81cd82f610ab7d9
xs/67046.amv	67263	466751bb6d14694a7bf8217f3b1934cf992f586cb8b51bfa1ff12e6fb95e6969
xs/67047.amv	127155	9d7a048467a21983f00c9e4aeaab75c32c4ef95347bd3d75e4009d3a9fa500c7
xs/67048.amv	63703	9bfb2d28a83e327ca6f5ebd6f667564b576c41406659901b0ef81d7f3f1aabc1
xs/67049.amv	153107	39c96ec904f00860e8dd41dc6edbb110d85c04cd717799dec13a1e13d5a293ba
xs/67050.amv	122947	10025dc29bf1ecc0275240602a03800e18debc0c5d40627b5fe612a333f94ffe
xs/67051.amv	138259	9c044d94879208fd37c5ebfa8aff130010fd31781fa0b7014850a430efd15dce
xs/67052.amv	119093	e10bbf8bd0d6eef45b1529d327a47186842f1ea9c51a14497152a70de1c2cb96
xs/67053.amv	120507	914aa3986986c006d5db1f53697be16fd50ebd9937b9cef2d25727034e871e07
xs/67054.amv	88003	9a0df8a3d326a93737a87098daf6710da3177f0d44d937585b81af47d3788390
xs/67055.amv	27407	8d1686ff602ace5c08d6f0ec67ee25781abf81b17d1f19aab3f812dc83bf37a9
xs/67056.amv	28495	651299b97c86010766c04f73265e47e5e800cf60bf629d3e7ed4e631328dc59f
xs/67057.amv	93483	4d0b4e3480e48159273235aa8468de7fbb86a14d2a18dab6b72f6bcfc4f1c56b
xs/67518.amv	2283	a89b7ebf950c99414110678235f23d4115582222cfe2dc56197a5c6c58f7cd1a
xs/69313.amv	125643	3e713cd5798ea1a9c8a15da88c3d9defa3b6cb4b178b1a9e466c9f91fdd929b0
xs/71740.mus	1280599	21af209a1bfc5f774e7153772e339f3682cc9c3d77a5f2a9104de8582aa624e4
xs/71746.mus	69363	1dbbc5a805e4f6420f5d282f7c82c81599fdaf784fc75fc194fd9dbf5b77e65e
xs/72106.mus	2086373	e28c09badb6d26f7b99fb20b7473ab3c379c412f2b97d703ba4bc076b3331d0d
xs/72107.mus	1323751	3517d8261e78229efc47b2702b08595d59376edaf0826dc6771926cc22d91443
xs/72108.mus	1391151	f02b0be0eddfae2c44f48a7741cf03477cb9ed7a041ea3ab5ccf5ae9f8b17517
xs/74632.amv	167167	70d80230e19728155dfe6abbe61ef6a02c0034de28ae52800d4bd8a5b578f2a9
xs/75407.dmv	37256	59db407827bcd2c524bbb55ee413045d30784dcad71285d5a9ece4e29a7e71ea
xs/75683.amv	19231	4975234edf4f585743e93d665743de0fc575299c11717529dba6714bb4717c1f
xs/75684.amv	15001	1a86e2be32d7dab56e00b53a2291f49ab06bec8fbc8dac2ad3a65fae4398e833
xs/75685.amv	21251	dc657bdf8086bae08442c09de3ea70424a22c2ec035772ad8f444fa58b644f6b
xs/75686.amv	18899	fb65441c5427e4408c79816642974687342d022156179e28e4eab3a80d645918
xs/75687.amv	28819	a2d843d1abf2224564f6d1e671f561ede40fe255b7bf0341f03da22e284c4a6d
xs/75688.amv	14597	9da8d007a6476bb95d054ce4f8a5513d4efe24bcc8b43f220f985e76706f5cf6
xs/77666.mus	285314	c3e5f4865705cea2d752b8cd48d841b643b7f945193fad59e9b567c1f026a964
xs/77751.mus	457778	a05aa40c7a8691cb75566f7225faa132d989842587a62c8c4d5c3806a688a3b7
xs/77753.amv	19602	5ece30800505112d2f123512f2956e9473b1b4be0b41e5e6f99c7d28c3e2454c
xs/77764.mus	93715	b4525b1fcb73613b5ffabe39ea34c886cdc6fe3288ffd07d951d5e298f88704d
xs/78281.amv	55269	92c286503c63509d6df0fc63d237524ec5257d3faa3dcfc538310199837d590a
xs/80310.dmv	541223	6ee9e50f7654ba7d354e9d92e36dc6215547ae6398663ec57a155292356ac634
xs/80373.amv	2803	877290c2f97cd8a32a8ae6c06a234b4bb473dae5aff798ac681bd77133291baa
xs/80476.mus	208683	ee629fc2cf5a20247ddfe8f8fe6db034e9258a46c7623077044ca302b734952f
xs/80487.mus	1524619	d7c4d7e0b5906b7a2f0a1a0c7480fa29f701ef9926274b74946a16434b4ef554
xs/80746.mus	897850	556cbe97b5e45eafa969ab83ae4b0f975aa4f3fb245e2c91caf9e95af8493fc8
xs/80748.mus	374419	97d52b7bdeaebd32223d7614b514081b71e11cd814366176f378deb2a62eddaf
xs/80788.mus	586983	c5f29658063ab3cd7068bab596bbb4c0730e693441c90ddeb435184079051eb1
xs/82291.amv	61878	7540d8d51af49a4c4cabee84ae8aa61bb563b5f36e91cafee5a7bfd5d4e8cf68
xs/82298.dmv	57038	e1565bf7594b7f173aaed4cc5275fc5610fc2b1ceb708c7f17a41885d80cafc0
xs/82299.dmv	77379	534fe28826e0284b236d96628b7b07f12ffbed85c1906fc743ae0245372da3eb
xs/83299.amv	28495	651299b97c86010766c04f73265e47e5e800cf60bf629d3e7ed4e631328dc59f
xs/83861.amv	88003	3fd1d27c9b6e04064b54e83e5ea4699d63cc59804bafda387fb34aeca708db6c
xs/83871.amv	52307	277d52e8757cc7e23c10adfdcf5b79b4bfb61aad9367fec2e8bc1c80c70a371a
xs/83873.amv	25091	9488f53a69a3a042aca69af29580d7f4aeda848a0ff1689a78d3f10d79da77b1
xs/86303.dmv	33211	b9950092d5bd389f333d5b0cd07267f676bca61a99553758a3dd534495929ac3
xs/86304.dmv	33211	89f4886993a3e95c338d963142814cc7bf2116a699919dd22c05c74642981c30
xs/87413.amv	47266	2222c4b458eb02896ca765dba89b611ee19a9c4050fbed02d06b995814108bdb
xs/88892.mus	927412	547659249cea880d47610a9c368d47160002ee0349b2ca16befda1e498764d34
xs/88900.dmv	22275	b97743c532745e06baf5c6b553c645dd2294508124088765b80b6069ac23235b
xs/88943.amv	80008	f18ec4ad6860a70f607515a199c6822a0e8f8e1689122b79d51eb2f1eccba61d
xs/88945.amv	135468	ab0bad28db8aef174000c4e53bc79e214f1649bf6f4e6ba74a135c281278c8d3
xs/88947.amv	147388	484de902746dd50d7f6e66e005d83a3cc4e213c47741b57e4749f0eb4bbc6cfd
xs/89487.amv	17557	b37d8eac3a4be7907fd96e32bd05b272a6cc2485b2c76c093db3f491946bebdb
xs/89660.amv	11123	96c2223be8db8e9a9e4f38226be0c86eaf582f87c3ac2e0864525c9e3785aca9
xs/89819.amv	124434	6c052a93636ae004ff7a55258432976b6e562959d7f5c13c63b171cdc77e759f
xs/90634.mus	453682	1139e0de35a19dd0714d7d301b1a979b09706a3591e89f7e6e816998b748547f
xs/90643.mus	1040955	d5f2fa10e9073c9b5d08bc8bccb502be482845e2c9c29521e760a27aac19efaf
xs/90691.amv	12385	9a8df8b9aa4614390e6e94e52fbeffb9412929ba55c142c7ed9be16c3b61e023
xs/91270.amv	7447	2c6413e8075b067fbacc5df426e55cad8a734bf01ad14189949e9e81c3ae15f3
xs/91328.amv	103065	bc637aa2d7eb6d034d1dcbf253e060b6f5a8f121b29369964dc7ab1c7c8ce861
xs/91606.amv	58566	de85b45849c5785c10ae158bf76ef06de6c0bc09ec7e84208d97076af00dae6c
xs/91988.amv	233026	ad571a9a2827091538b1e182285ffcd7ad00eafc2985b407aaad684e9155031f
xs/92148.amv	22095	990d3c709c2309a1341211fd1fcdfba1c7accd4de76a3fd4dd1e224ba3eb542d
xs/92289.dmv	125527	cbfaa19fc92cdae8045a635e603a123c233b6194bd89805daed18432bdbf1fbc
xs/92450.amv	25723	ac0673c7c87e18e15e1eecc85a4628f4b2fcc05e86597b6c9985f3e1e98457dc
xs/92452.amv	22443	4ebdea2d5b5244d9110300a33ec225b62d8a762ba630944514cec4104bb9ae43
xs/92456.amv	18083	624384e9b214075ac488e7e2f3f5927e97ea4f9be2639b0777f98e69c4a16d53
xs/92460.amv	13727	79fdfa1d5aa5421c0d8578e2e37650c79c33cdf6e7d313b0701dc96e12646922
xs/93608.amv	34494	25c5e3276be8b3821fc829f35efcb26aa83730a73112fb1cad7fce639d951e2e
xs/93610.amv	162624	eb285e4f4d3a86a8a745a13059ab8244fc2a0fa11ea1798c9757356454a49430
xs/94320.amv	230149	76ebc221eb37f432961049eecf3a8f19d756e8cc8e8c7f4a8aa289100f02433a
xt/49526.xtx	252	66ef441da9552804e5700d923c45e065df5ea979978d169e325d5cd19ae8ead7
xt/49528.xtx	254	f6458ae34188deb17ef54eb79c6ab9f0922a4cfd5242eb9c8dadb2d89441b16e
xt/49530.xtx	259	66b2159c850685016c0621fb889f8671f198f74fa78adc829e77e4def10d8340
xt/49532.xtx	256	a93c2f1b29d8392ee59097c0075cfc9df87dea698541c22765198fdfc6cbd9ae
xt/49534.xtx	257	aefb26876e8575dcef406c72b8c588442c17921492b3fe4117e08c9fed334314
xt/49536.xtx	256	702eccdaec3e4d2416fabc000cefb4562142705fd322c740e71ef2a3eb27c6be
xt/49538.xtx	249	f4754fcccfff7eda9f364f0b877329d307029cec676db7ef36de9ff0b0f36b52
xt/49540.xtx	255	198d1f40083edc5cf1ea23a58c268455432237e2a32ced8f54ea188652fe945d
xt/49542.xtx	250	6bb359b9067bd08051e92e754a48e47dcb7f0f44cb5aeaad06b8423467b8b69f
xt/49544.xtx	254	84c27329371dd929eeb53b11f3ff443e89d2d9eb9d8b7f8f374634e1fda46b1d
xt/49546.xtx	249	da65b81e5fcc8248440c8a1368eae2149ddb249c9cb3f96ed4c775def8ffa580
xt/49548.xtx	241	4a7f8851cd299927d9b3f3e3155063f5ff21c7cfd479c661980c8da4cd6623bb
xt/49550.xtx	256	e8d22feafb415548cbba301e8a75f375fb8aaf45a5feb50b7c33508e3e89bd15
xt/50312.xtx	258	45df5af7ead9caafa9fe6e7c40966ed4c99d107455709824091bfab3377c54f6
xt/50314.xtx	249	a8a13867ab58d6d535bcfc0f46d4ecbe3e6a457c023f77a04331503edbcead0e
xt/50316.xtx	258	7354569c5d63e7f8292f9c6e547fcb3c79d931527e98df485c6bd249bdb3432c
xt/50318.xtx	253	9732f3f6c86b352b6405f2f27887c85b86f3168e96dafa46713298255aac9fc2
xt/50320.xtx	141	aba2ca7c9074a7811f0a4c4c7c6bd704d1829f59a3a3100ed727433e471ea3c3
xt/50322.xtx	257	02a7713cee5dec65263d8dc8234061941ae6f904113b0ff40cc49f62b451580d
xt/50324.xtx	260	60d9d2002876e9af7e092d129557bfeefc3c04087af30d28c1aa4758054e5278
xt/50326.xtx	256	af1356998327d0d9cd9c97903184fdfe1b1f4a87b22252b228273a37eb8cd9e9
xt/50328.xtx	262	288b6d2b5e1d60a09f74ad6fbda69a271f6c20a15e8b6c7e17a632ed70d0e04c
xt/50330.xtx	253	acf14d66b2900ac065c8896ac9dbff2a44e82c936e650e37511dbb20a70bd168
xt/50332.xtx	262	b0054ee8751c2102308742ef5560b7e62425b86f2e0172b62fda5e44d07ff313
xt/50334.xtx	252	0fd47f4145f86c8e1e36f1f3a5dc75431ec5a2a6c9b4223e504fa62aa172f637
xt/50336.xtx	254	41bed86ff95d6e2fc164e816b5bcadfef60fa06df85977a25b770d940656efb6
xt/50338.xtx	119	5b0c7b29bfe9af743b1b75b629219e8e5d49369935c2a952e6da1a1867467b02
xt/50340.xtx	260	c1f58844c5342870c33d1de86f0e3f86f3125f4b732b8f151307ad08d992964c
xt/50342.xtx	261	c7412b84f798b70d438b0628cd5efbb8510560d449d2be440179de24ff29a4c2
xt/50344.xtx	258	321c14b21ff974359ff19b7516bdcd6a3a151e9ec0c6b7cadf67d995ce49ffbd
xt/50346.xtx	254	b445d9fb7dfdae1312b7c0c8db128713f76a4981db3329dd6964cbe27ec9de06
xt/50348.xtx	259	ce56b71908fe9344fa8898e9dc5e2fb032d30fce81515ab4c379908ee0009fd4
xt/50350.xtx	167	5be19163285aefa4579a8fd392aad0afc27a88d0ebb9f39f120e5cee18c293e8
xt/50352.xtx	256	a5e89939376925bac4cc75deb032d42f99b98a4c5f4675101fdc97f490af78b1
xt/50354.xtx	256	f911979afabca39748100d36f46381586f62cefb351f7f339fcfc3bcd30a64a1
xt/50356.xtx	158	f63fcb84a056bcb4713d9ee9425e18ee2775363b35df176af57005ba362c2810
xt/50358.xtx	258	011769880472d439cd06c4023e15d3d20ccc54ad1e546a039d1968d4bb54ddfc
xt/50360.xtx	255	a0840d596f647cd38ac93612c6a68a3a75c0cb37eef173a4efba3d8270914e85
xt/50362.xtx	259	53f210ff7509296751c0f09319c83904ce05c526896650e598456daf7d962c3b
xt/50364.xtx	126	8475449861e08842b2fd89da3a763acff065f89929eb048bf5faa94bee1aac81
xt/50366.xtx	257	6964c07e8d7be65d4cba6f372588acec555cb9b21dc26ea4c136cd09dd62a3e7
xt/50368.xtx	152	de6b8f87d22379ed600477ba17ae38a5978c59bb592985ee5bc423b01e399c2e
xt/51070.xtx	151	afe9edfa4a7db90ad23ff8f7c2ddd050c686493a0aaddce3af09cbc5b7f2209a
xt/51072.xtx	245	2f8f0803597f38ed1871f28b0e113976cad2fd38408b274639bddbe3dd496210
xt/51074.xtx	191	102db714c29e4e3682f217fe92304430ff807e35618300e4137da46f1cb6e788
xt/51076.xtx	304	b04faa6f54d508e0ee828c142d30db1486e32f2c7456c32b58fe79555be9bbc5
xt/51078.xtx	121	842f0bff27396f938ea045b95a7a553fbe479bb9db4b729e12e9c1d860f31fb1
xt/51080.xtx	253	6f12e63110722fd7db65c9302dbdd4694e952926109bef670f700d0d6f22268e
xt/51082.xtx	209	f5926b43ea90b7e1e7adcc6720aee0d0986244298b6fe90d640df1d8ca6fa164
xt/51084.xtx	210	6e89ad2dd39c18af185ff5695bcc28219a084731c579efcff7713306b2043500
xt/51086.xtx	203	846f27af4bd68c1293216a452584c85df4532ceb631f166f6997816b7ebc79e6
xt/51088.xtx	119	55a6105f7109d51c703925816a0093cc22f54f7084a60d406bd47056b9482c1d
xt/55583.xtx	1497	30c37105fd8d4b4d6f57d264f9465467d04cfd08d916668cebc164755d0836d7
xt/55584.xtx	1576	0e024cb5840da81168cc00cd86844b4d4c2c05d416512ca3fd7a895427016a01
xt/55585.xtx	2144	5221674206bdf19d4fcebc2c8aa32c8cbdab97f2ba5561dd8c7d4098ed238276
xt/55586.xtx	1578	6e742c50f2e1888b426417f6f5c49841c81ba0cd7038bfceccdb20d9ba7756d6
xt/55587.xtx	2540	d92e7ec8ac5bb0b56d61a81dd666ef3056320bc283a4e3d558fd45e4beb75965
xt/55588.xtx	1704	27a48c7a97a2d894e5d0aae447a8404811c6cdcdc570a59d7690ff304be26000
xt/55589.xtx	932	1425a524b6dbf207a0fd8c3161efa698cc2492bdbe36a33bb6bd740a42a2c95d
xt/55590.xtx	2557	c6afcb4403483b6544970d118c160ba150e1becaf6c5ab0943c42818752af821
xt/55591.xtx	858	25f7cb962e3d2ebcd6cea170c486cd59264dd464a12cdf33d4815a9726274e5e
xt/55592.xtx	3452	970a7e25183b83f90fec6039594562608473a025f623d218bea9cc3798992b67
xt/55615.xtx	471	cdb29fdcca71ed9d6ae71b873f0c3df7738c27782f93063ee9fd05773e90b75c
xt/61137.xtx	220	e299a58ef1ce280feb2132432d12ddbdbda945798d6d91180b4767cb1cd0664a
xt/61138.xtx	244	ab26341741f16c0e14d4a7d556e994929c34dfd7c073723b0d9a303d189ce41d
xt/61139.xtx	204	bfa1a99b9b3324ce04b3098da367c6092d84573f4e2f153d456e620577d7fb56
xt/61140.xtx	214	0be4ac31bcff9e13a68cba256a0d457a81984a851ee93ecc4ef35ec533cc7421
xt/61141.xtx	200	895b17dc72ea8e4dcb893311b823c3f81e0f16226f652c05593e099faf3722ec
xt/61142.xtx	214	c3e4fe4db82e8c56a4e6cf178d59d71fba61f85bfe4f6c41f130df2d80f29006
xt/61143.xtx	289	f2ff984566deaab9bc8fb70312d9213940129b88217c1720e2d85351be682ffb
xt/61144.xtx	348	1d6a52b6d6d73feae7cdd9457a3f63d471200275b7a9b77dc36f1eb80c909171
xt/61145.xtx	369	e32c8c1eb1d34062348c3ee5513e9869f454bb87d1921ec57bef9f67ca17ba38
xt/61146.xtx	164	137391eee604bfc529ede308daf076e5fca2e5c3057c89324f605c574adf63fb
xt/61147.xtx	234	b5c0aa403b0c9512fbd620c3a6f5c5a64f2fb99b94ad9725c8e85bca03c79578
xt/61148.xtx	194	5461c697826211c1e57fae15a13edcd09767ce82cf0d77d474a637f5f2531bb3
xt/61149.xtx	300	7887695c957b50f56622ddca4ba863860d7ad0cde8da207a6f4ec194e478c0c6
xt/61150.xtx	260	f5418ecd60e4f015fcda46261f3ff78a590197cd1fee84135b3d8018fa1c854d
xt/61151.xtx	301	2dc5094d144f2f7f4494c20141d1fc59baf532cfa674e5c29f8863f839caae10
xt/61152.xtx	206	58b178db72e03d4629b45d83d62b65d89919ba46573c25ad9d26bdce664e3b25
xt/61153.xtx	197	cc51e98222fbf9372c838e2cfad3e727797163ebf21b530dec27dd9f64c1e46e
xt/61154.xtx	202	20da45394f1b67cb1d2d20ad2a0a247622d76f976e671b143cdd66249709e636
xt/61155.xtx	212	6a0292ff073fee97a11bf773abe587ace8cba6a011a8fdb0d22b56c80351512c
xt/61156.xtx	213	f57eaf8edfec1adbd87cf3761da028490ee0e1fd65ebd4e288add321073c1ddd
xt/61157.xtx	188	10e0fa473d9a5fa869fd0b9cf72fcb5660646c02fdd45960d51fdb65e4f84bbd
xt/61158.xtx	213	d622698b66ce4db2c8ba69c66576fbcb3dfbdfd6a5752c91f7f5269cc03dc43a
xt/61159.xtx	206	df62f2df92d2893340555128688179a0873debd896063c0e09d00fe2c373d063
xt/61160.xtx	194	8bb7ceb8de3e4f6212fd5117ed290450630e0ee754fa45612da626b6f77953e3
xt/61161.xtx	198	4ceaf67c3a43c40c32f9328e4ec4f0a5143ae4fa6fe31a57d26c773d82e00eb0
xt/61162.xtx	200	6f99920f2620607058c3f116d960da409307da787733519ed96e60265c053265
xt/61164.xtx	331	b19b9f9564435a419505ecc1f9f31bcd8acb290f1a7c3e8de9f336018dc98df2
xt/61165.xtx	365	8227b464cbd43bca4a249c63f8c0d61dff700b1b27c6f30db4bfac960aca18f3
xt/61166.xtx	296	72330d5d5e5a14e074df21523cffe304e2bc32b08b69d43322d630afcf2155b2
xt/61167.xtx	453	b5e6675801cd2b73bb5b70e3dfb5547c449f8adfb28dedd0f7cd2229ba1b84b5
xt/61168.xtx	321	921466decb2e066e8726fd0807b4a554926d52db7a6b8f39c43d6030c619a110
xt/61169.xtx	266	55ee6906e58149517ff0c5ec4cd1b5b5ba9ec0abb0a0c68f7e42e83ed74f696f
xt/61170.xtx	277	713207fe15d85013d1650e2afb99a6d516bc0f77b0144183261912aedb548274
xt/61171.xtx	281	513596b0d29aa1948d2d681e821c1a9319594d4d8b70cbb065ac1efeb81feff5
xt/61172.xtx	393	9d5e2144e31b40beebd59abf74886026c150592bc3299481a7f38fc4db373cb7
xt/61173.xtx	182	dea8105e5ad9539393e8bca28e0b27d076c76825ba6d237640000302ce0a33c0
xt/61174.xtx	380	024a91a348226279a31ed7e947336f5548f1820386372d2e84d107c233196b60
xt/61175.xtx	188	dd7b19c3557f5d0118ac5beb8ecbdd39bbc5a58bbebcdd90595afb441024d8ef
xt/61176.xtx	325	c91efdddb7e532b82106106e9b4a4fddc72c29f4bbc33115135c0bba4243ddde
xt/61177.xtx	211	96d15149c47375131da96aec5ac524ab2af4b9148ace59742d87de074bdb1f84
xt/61178.xtx	207	2402e9106b160b76eb3400dfebcbe7884ec5af862b15e2e4861d83e41ae39fe4
xt/61179.xtx	315	3c93ca9346382bb940b547f736854351574ea5aebcd9ee653663869284b5fbc5
xt/61223.xtx	209	c58ed24d5a012a17bebfb7c35beb0d5e260af850670bf48f36073b887a8f2737
xt/61224.xtx	401	145ada2f3daa2287812683cc4e8f281d3db18516fce83bdd4e3499c635580eb6
xt/61225.xtx	191	84c4f93fd99ea02db7b46a9dbe709af86a887c6a1dc29b884fc1ef5db74d9e46
xt/61226.xtx	177	86698c0a54a55cdc41d1432a025dc8b79c8ef6a58030e3cf454bbf915e2b945f
xt/61227.xtx	384	c5f00bda31cf514c61df3ed051fa75d17ecb426fe62a6b34ba961aef97e61078
xt/61228.xtx	229	8cd4e2d955b4c4c59a0e5e706d4a0809a713d64d25cac1c0ad480ac24c51e92e
xt/61229.xtx	236	3d327929047c7d882cd61fc606d3a1068e2924fa9eabc99f4c1af6917ceee5d5
xt/61230.xtx	279	9072dc99dc0107d12e0bcd9d4f9344a9994d7eeab69c6083a49843cb8f4ffc79
xt/61231.xtx	158	e936e4ecd7600f1faaa01d1b212a6167f866612149b9972e4f98951c8358b15d
xt/61232.xtx	313	0cacaad615c515b64e3281d31ff3f8720914eb3496a61ab336efd74a473e149e
xt/61233.xtx	176	d3030f33b18272559de1e15f859ddbccb1f0451741da7e571f98919a14edf545
xt/61234.xtx	200	7395629bdec9edd4750d8de5c16ce5eaf796300004fc221355c902fe0e7bdc7d
xt/61235.xtx	268	0e6688d119ae76866e605843577184903a1e1bc174c8e89f464dcac41df08d5f
xt/61236.xtx	289	b89f229177917412f5f6cd43f6a1dea74d13988715a75001befd02587e7ff7a4
xt/61237.xtx	210	2dc95fee31d4d88e0cdff3e8a299562a721748fd3554d0c56be650616157a6d8
xt/61238.xtx	270	0bedf4981c4a66edeeb044130223b93b14e20dd300ce9a417cb7e6b69792880b
xt/61239.xtx	222	16396f1c6712305161524a17843076e024bdf1e63c0f88a882a5a4cfd73b5ebc
xt/61240.xtx	182	a2585b775bdf567a48e3fbbe1300af8b97e83577f8381173235b0c53a02a0f56
xt/61241.xtx	168	d49399f788dc0a1ba8e0425868176be5665f5c44c2ff747d30aa35d4f248ab9b
xt/61242.xtx	296	f80e9149d63ff8ff3fd6cdef1b34a6c891d733358d6df725d1dcd74fd1ace886
xt/61243.xtx	188	b973569158d43115afc18596d9797c89628df593ca2b68cb9c9816af54d01125
xt/61244.xtx	255	d0ba18e2337f1032af9310822cb7ea1ba19dc6436aa951d323732f54c26bc0e2
xt/61245.xtx	184	9ffdadd74bda99932f2f03e3ea6b1df8f1af89ff660d165417fabe452d8daba8
xt/61246.xtx	218	47ff86faf46dde399f93661f6b4bd9ad02efff14897aa159b709208b09df7a96
xt/61247.xtx	164	66fe9e67eb51e0d0a5ca12be7356987f4f364a5496e8e429c2015912f7b34b33
xt/61248.xtx	250	647aafbd5a6bf9b49be7a0501685f592c5c847b1b5cf7fc329039c9bad5dc869
xt/61249.xtx	206	7ae3aba4eaa0f6386d01d015cf2789fc7efbf731ac4a78ae24b75993ca711313
xt/61250.xtx	188	a89f4169982e8cc2ca715d7ee215cfc72e96795c486b07cc52c789752769fef6
xt/61251.xtx	203	cb737711c9a69c912ff0022ebe9a94c17b640482025ada1c9cca01d85394801f
xt/61252.xtx	348	1f06eb239f86352e6a73768284779818c44aefcdb786028d4ccc4ad94437d730
xt/61253.xtx	160	85afb546191c46a9530ff970c189b79eb3e9a0af4ed70a76ebd6cc46bce1ca9b
xt/61254.xtx	230	e95f2467ba9bec0de31d54318d1bb8c3198ffc97b7f50673f1f12ccfb37df9f5
xt/61255.xtx	330	c1678fae143fa050272a3e0ae47e91829a733c541ff680ddb8beec54793d7d99
xt/61256.xtx	208	fb2e3133bcfd9cb72125b34dc5807c3ff93a31c160e81d7d4fe948aecb641876
xt/61257.xtx	318	506e29c1d9b564f392c5098b1943fbd572ba5b968f4ebc07e31689721deb5e4c
xt/61258.xtx	287	d0a3bb01c0e3ce24aeee614315464fd5a0da188f51ff4e562a93b00fee1d654d
xt/61259.xtx	287	3b6024645fe121465a774b537365c04d7dfb29538288babe346517f628f09cd1
xt/61260.xtx	302	5d64b878c6e9014c5f758520843620967db69250b0c4d16f4fb8c61c986d2064
xt/61261.xtx	277	e34abf39b832dd50634b03ebd7f03b071d4e02467b727b12aeaac0704f8b0808
xt/61262.xtx	172	8890c6b85bbb48b943d92d5622b7d02fb8b6f23419998835a2a9abcdfc43a401
xt/61263.xtx	196	3e1ff0e0f78e3648fb28abe35243193266623dcf7b4670bbaed305bce2a65b65
xt/61264.xtx	209	9140c65dad6453f25eecf26209e36e5a6c16a51f00819465455eb44847907d12
xt/61265.xtx	235	a0eaf135b0fac943815da081cd89e24bef13315987191646d57f21ec1ec0b61f
xt/61266.xtx	240	eac9843b76edea6604609cd1bbe2b61e1ce48fac8c74becae846301a6fa12df0
xt/61267.xtx	298	ed6247d7509adce52545bc98cb1a00086f1f58a9fc6aed2085f2c7bbc69820ec
xt/61268.xtx	255	17eaeb51090d5d0340034e341d62dd6200a9907d2b6af7f92a0be07ea5ceeee0
xt/61269.xtx	351	98ad449f46c035f7f214dc3bb5ce223fb4a730b3a229694846bed428e8cb1958
xt/61317.xtx	272	c50f7939970280d441f91c29d9794ed09cce7f68cc51dded3d1222a9ac688406
xt/61318.xtx	220	203552466b47e79413d32a10b63e0033fe9a9810bf51e54d52173b2539fda8f5
xt/61320.xtx	397	18a7b2c90a5459067e3b07d24ad77592c263b19fd4026a1c274a2952b045a5d3
xt/61321.xtx	292	594b2f56b8e775747a2e45fe8ea0f750efe9092d77933cf6daddaf20f05e7658
xt/61322.xtx	248	f1307b633a9b09ba503711318ad6f4da1a450654c0e9da20d52fbb6afebd8dcf
xt/61323.xtx	266	ea74404a495bf9fc744119693b516918f92cbee54ebb6df8e5130328b2958c85
xt/61324.xtx	282	82be5bcda540f091b432cdb2f951ec1592db5685539f2435b75232a15aed0f09
xt/61325.xtx	342	b5e99ad62762f806a67bc30a3f3908a8a60a86e770f7694da00f9f69193e227a
xt/61326.xtx	327	8fc5576f248379a9ce42db03f3e42e2e9ab179d9c0103cbcae764e25e771d7e2
xt/61327.xtx	468	7c3e44f5bdf7aad12ecfb012a1cf33dc8a4283b09cc154de01d13dc3b7341dbb
xt/61328.xtx	279	358e21df41376dc95cffc99287709ee2ab6d6931dc51f87339eb6b672ee61b4f
xt/61329.xtx	300	3924b4810bdd0f9dd187d1fabf357e4672cf518f85957457a1f67a095b03bfc4
xt/61330.xtx	246	e59b3bb8d585f78a0dc8fb0025b029080ae76a7cf82a2e0cc11c1f01ac348e78
xt/61331.xtx	270	bb8bf546089f4e500534079d52a8919f62ccf202893aff243a02d1a4b3ff189b
xt/61347.xtx	268	22c3d5dd6aa51985db0dbfa41f33551a057e45ecaab823ceb1c38a93e04ac1a4
xt/61348.xtx	225	291775771197a8bf738aed5fb5aad85c0f1b266bf235c15b986c41ba8d687f29
xt/61349.xtx	217	b02d4a71190690cdc7fd78cb32d3faeb82f9b430dde5b883f0e9ae024ee7bc91
xt/61350.xtx	177	ec7b9f465fa2b97df158ef8722e653fea472d2192252f1eb140048110f782fc7
xt/61351.xtx	289	2b8b2220b4782d8ae7a78d324a7aaa5b454bc3f5319b82fb7cf1cc8d37bc140c
xt/61352.xtx	212	a913636e3b1b587b24dd4336387bc9a1ec5655c7bfad8b3d25b3461de8cc6aed
xt/61353.xtx	379	700a8455530f438d6d5a7b532ff97cf8f9b3a973c3c92eb3c9521c52903795b9
xt/61354.xtx	226	15c052d67b891eed21f790e39d3e3f66e2af8f81bc0c040614a9033390dfe925
xt/61355.xtx	619	74faab508fb5bba2f2f01aaf2284843fbb5dff097cb969c5775b7ed0ed35ca76
xt/61356.xtx	887	b0125351605ab220372c0965f50ee32a537e5c15cab47fc8c9facad3539b5185
xt/61357.xtx	331	fc1a7e7ee48c67279df665c992a385784393ee25ae18db78750c37c9adb87e05
xt/61358.xtx	464	e8c49d759f283dd3b5f76093307ef0233e30ed268ab23908f7f97a5f17bbdd29
xt/61359.xtx	426	f61f30e38b378b1d24a1d7a05b53953aa6dbe9fb569979b1ce31d6306be6b888
xt/61360.xtx	273	301ebaa9e9bb7a328e41ec97983ce64ecaef5c569aac43ca57c73d0101eac5ca
xt/61361.xtx	246	44b70ac902beece5297f5fb7f2513651d30b876bf7da310a017ac26dd91762ff
xt/61362.xtx	286	612495e49da444f85337697188b3eb9f6b47fd90a856e11721f6b0352a787c3b
xt/61363.xtx	238	12705f0e1fdf825d40e5770a0e0a65ac07c7ddce9cabc57d53a9bd3ef57c1289
xt/61364.xtx	290	542de4fbd08f227b6beda3337fe8c7e0946705da5ebeafed08b243e20b50dfe2
xt/61365.xtx	288	44979035ccacdae6228e993952908a2241518a7e657ec4a1fdcc510fb6f1fe16
xt/61366.xtx	252	fa24bc2356d6328c0c829c5e4086ca3f303a8e1f3dff1fb8a1711ed512f531a1
xt/61367.xtx	243	c5cfa29f3b0685f293557050ef024390de874afbfbabb7c925f1bd7a3fc0e2be
xt/61368.xtx	409	48ca79f31648566f7b4334459c81693a34540f6bdc8441ef91844e6c1ee85e9c
xt/61369.xtx	250	1c7c06a07256b050e4ea22bf8d984655a4628bd53eafdc3fb8a5d090e1348a9b
xt/61370.xtx	366	fa95686b23627d4711ddefe79feff06763a996af5f7ba82b12e7fef88c14285a
xt/61371.xtx	287	4fc88e9541efd6f412a7883344cc6346914ed68c805b397f77d3dce1257a03f7
xt/61372.xtx	284	682edba84fb752464221fd9dc2ceb891d27f63feb0ad005ce8e1ba31e35a7d32
xt/61373.xtx	238	12705f0e1fdf825d40e5770a0e0a65ac07c7ddce9cabc57d53a9bd3ef57c1289
xt/61374.xtx	254	83c65dd0f820e6af657c0d5f3ec2e2e58b850c645e035277ae68653477bdc70a
xt/61375.xtx	252	7c94c8f13cc99514d5b03dfaed74e99b3f89a4b9bac29b15e39810d456c3c99e
xt/61376.xtx	230	b15d1d4307924abe121c9adf413d5c65afbc8c5d84fe43aac44dd050cf6ab0cb
xt/61377.xtx	304	72fdbf9418eb04696ccf0d7bd211b151b6d90a3c40fd4895dea6f419ad8b286a
xt/61378.xtx	655	179ee4aa3873efffd417699b9f23a4fb07efe9d23ca153f7c6ceb14d74808404
xt/61379.xtx	496	3ee938d707c429dc42a84647e4c7e754125ed420c36fd556b948f683bc0c844d
xt/61380.xtx	434	a9c39f81d5cb590488be25a9c2a9bf5159e1b206227956634e72c0f4e1968a7a
xt/61381.xtx	362	af03d4496f8bd3daf333094273017bcb209aafd39993d91b728845b4c2916186
xt/61382.xtx	262	53d9a5711fbc2689b779728bc400b7ce022933c92ca6410b307d11bde176d08c
xt/61383.xtx	610	5ffbd31af1ae9b9611bc8c632e4b1bc8933533b03465e52327ab5e714c946d04
xt/61384.xtx	516	47a5d96bfacda9759f085004d485646880563d37792d6601a5a254d51ce78dd5
xt/61385.xtx	518	29690619233810c3311803857a4e05e0cf9c08ec6763dc08dd00e4f0b8f71873
xt/61386.xtx	485	344361e6076b702421b4041f657ce47c5a893282b4bb20a275f562080d88351e
xt/61387.xtx	288	06c0e018d7ec46de1e61cd90838567c82c4c22f485c477ce55540413f30f84fc
xt/61388.xtx	197	2b40a8edbf51c34ca8b3715612297d34f2258afcab1e44a07b6844c53ed1f0a3
xt/61431.xtx	181	5b6ebec9cad8e392728822d10237c68572604b29bf9bca1aac997953afb98871
xt/61432.xtx	337	ac6596f0d742ed7eea3d9f3adfbd82322f8a2b89731745466593967c0af0122b
xt/61433.xtx	232	5b7867880369531162eeb2e015c93eebd8cb313731f7d374926f214468d62407
xt/61434.xtx	292	162514ab3af59ab598e62b22a51cf74c7c762c2a28f0b57b0d91b016ccf771c4
xt/61435.xtx	228	18441bfd89b7f819cf469dccb8b1693b81a73ef0b1fca76ce3651523ebd1be09
xt/61436.xtx	325	256206c628bafc7407044bb929fd2e6e89342fe08825d55b0580a7c215187c6f
xt/61437.xtx	298	36ba3a9871b8dc73dd3c2e943b270aade1979a3c9b0897c1af3a14bbb4a722f9
xt/61438.xtx	214	cb578fc4e9eb7fb0a2b76ed8a996a47b100e119bab19a9e62d93bbd1c43b7bfb
xt/61439.xtx	253	74531eacd3fc9b3c891487dd8d0922c38703581d3318fe295066beed20de97cf
xt/61440.xtx	228	443bdaa8e12cd9234b6c763069888191fcc3c20abf93f0bec1d2e64321d63ab6
xt/61441.xtx	204	ccd95cb200ffe22fcebb202e8b69e66445141da843891a967b4ea706d74ae6e9
xt/61442.xtx	342	97779786c49efa490b925d9b10cd475dc6c441c26b8dd3fa5a504447f20632a7
xt/61443.xtx	228	60a6ed8ab691ced87343e997ff5c58d305c4b2b76fbee3560348f6548b2281dc
xt/61444.xtx	209	99ddfec7c231dd2bbda860f8047710fb04dcfbf90a6b5c7c47251f87944c5ab9
xt/61445.xtx	284	986e745d8f066b218d19e77508f7e28b34fb1737bc2cb76a810f37b5730cf9c0
xt/61446.xtx	262	e848e170a8ddac3d0911d51bdb32f177321de6151c3e73223965505144321f24
xt/61447.xtx	234	c513f1dcb4ed98b5967c3eb90a3421f535d9028c6680356977f2750ea61a9a4d
xt/61448.xtx	227	40d3222be7568e90c811c7662dbb40a6049b7a84dd537bae1672f9e9bee34c62
xt/61449.xtx	226	48dc1dbf2a64fdc4bb767c088ecffd090d2839468b147aff0ec94d267be1c557
xt/61450.xtx	204	7e5070a05f5252521b1eda6a1cdedf9d9181b5f8fc1a97e9e2a867a74d2779b8
xt/61451.xtx	219	c566ef2011b81b1cadb29147ec3f8c357b5a91f7144248b5a3f65f768f437bcc
xt/61452.xtx	254	cff2876a0982554d3ab3f0e7e1626891ff3ef9eb53e514dbffd5a6d768d5f6d8
xt/61453.xtx	208	4211a78c3797b0c197a559f599392cd601fac33b10dc20cbf74256eb26c2b306
xt/61454.xtx	217	2ef4ef82d0981297541045e4d5413bea39960d9f7ab02dc401f9c2aa988cfbd5
xt/61455.xtx	220	c4413183c5214b18b8cdf94a88c8f2c53333699a050349945116ed2913e3f88f
xt/61456.xtx	222	bb774aef487017f4d1a87bf34ce659539cc172ebcb0f98623acdc69642ead056
xt/61457.xtx	212	85748fce8c39d79af9f68f644dcbb211bd10d451c8a1347ef2496ec86e244b19
xt/61458.xtx	235	5290e3f623c9dfcb7738281aa0096f9926f4c2ef9ba8854f1b2f0ad8e35f46ed
xt/61459.xtx	462	6bfa52f7dae3813b6adb085c6b311c602026f10b24905a51ad17ddeb811c0b13
xt/61460.xtx	189	f0084d565cc01dfd147fbfabf528415ad19732dd33408a051f0cd0b4008fd340
xt/61461.xtx	391	18cbf4591af12600c2017f95b3d75e429405ffa859a860abb0be03ced88e6910
xt/61462.xtx	396	2e088621a3ffe24f4eeadc924215117c6ad4b707976bed0b1a758f15dd274e5a
xt/61463.xtx	348	ce65de9190991cd6a2725476b3741e862e4cfb464f249a117cb7c8e6a882238e
xt/61464.xtx	332	e48607d0fad8bf8535b14e61ff8fd55548b389d1affcc934326ef92cd6b86483
xt/61465.xtx	297	81b9c07f239d864b2023aec189d33308997216f67b7d4de767b25db6a503e930
xt/61466.xtx	535	26160312fb6be5e4aa884d50899faeadce9799338b9007573ec5d93b50c059de
xt/61467.xtx	319	4e5a1cc09ea364990976c49783cda78b8ac4671e4fd9fa7d7ebc84bd27c38207
xt/61468.xtx	238	b7dcd67377b1a2b8218e97a0d62ba5c1e18a6e0e3f1971fbf7b2bef83a97c692
xt/61470.xtx	333	742acd8f1e1118430f874fcacf037a5c79735112196d15693e6aaac744774b57
xt/61471.xtx	268	db880e15278c68308d90f101b9e45a059d077399ef386fc6c5937c2c2189e4e8
xt/61513.xtx	256	5cb0191d2c4abbc2b3063cb594d141428c00ba058eca62e6d4035a38de67731f
xt/61514.xtx	297	c0100dad1eb05dd59320f7b05ed9bf0d1331ee298b83531a19e9033dacdc8bdd
xt/61515.xtx	221	f5d4e387e0b585231365eb58ecc38056122ee9a4dd182b4283d7d687c9dfa47e
xt/61516.xtx	301	bb5028fe77637b916a210cefbbb28e169fbec1d105f6a70db52bb93a9d6b18a3
xt/61517.xtx	323	eaf6c3812465fd8450e4790c9396a5a3f34e26bc6aa9d469af6f8d9303da22b6
xt/61518.xtx	297	2061f57c28b6be562c3c3231d3b8d2b52b1a3382b016d9e5bbf80a36028607d4
xt/61519.xtx	221	ad6afc6b8ec65d1a4fe1b6b49244c7d3f37e58bafae9a07d3841615c8a253cca
xt/61520.xtx	329	0254ca6ed9eb2534e18ce4b752c8f5386251952a162927c497dbc77a0a795670
xt/61521.xtx	192	cf2b79932a5c7fc0d2f86101c6803309596affec94b20d3445f867ada052cd12
xt/61522.xtx	350	7a74c54ff6355a95d66861c0c1643a678e47b9dfae9880b3b9ebd0e0f94550c5
xt/61523.xtx	273	d1e436329f748b9e6f61db57790ca13626ea4c710f5b19f3b6415ce6e3dd5629
xt/61524.xtx	249	008c6b428213362465b9663acd60f9db0cdc460ef71eafacc704f1d9b63af042
xt/61525.xtx	279	01f0c495bc5e94efa5a036c323538bc38013f873a317bbe99c35872c2b893a4b
xt/61526.xtx	265	40f8e0bf41a2884e2c79b2f419978590084fa7d95205da61e9ffbe18aafb7f82
xt/61527.xtx	302	08f51cd9f0dd14aa4b9b65cfbeb584ebb5dc255ab3cfb2874c71f9a4bbcd020a
xt/61528.xtx	324	abfc1030e8f9546814f2614dbeae64c58ad396db8f2cf0f17c99b7c5e8549f2f
xt/61529.xtx	294	aa3c51a019dedde23781523c1b41ecdb476d3b7a541bd9318b65355373c50271
xt/61530.xtx	317	d4d36450aecb2bfcbbac18f517749daa8202c93b90586d00b83054b9c90ed7fe
xt/61531.xtx	203	e6a591c11993f09cd2317f456df37e415394d00c91ccff4f54eff4b345dd0702
xt/61532.xtx	308	a76934d131cbb2d56ce6ae692bb2dff86651cdb98fc600227a64701b151340b6
xt/61533.xtx	211	f3938ea9e6b9d250d056090e8784ff463c03200c6fc9201924ebfa9b2b88c618
xt/61534.xtx	269	3055aa0eb1f70200c874e988db09f811c5d444a58ecf7ca4d0ecc7143688529f
xt/61535.xtx	252	cde56dd3e83e05c63377b246b721301c1d2cba65d61a9896cf361d02e764805d
xt/61536.xtx	319	a707c98a1ea3a61420d081cc112fc86fdc369b3a8dbdf7b9df9346a7715bc9bd
xt/61537.xtx	190	1d73bbbb47d81549ba2526702f52d2df086c61f07d27498d28f68768cbde65ad
xt/61538.xtx	202	f04197ec2ca10ded4d93afb42fb65beb6412cd37e0baace481c4a7b93497af84
xt/61539.xtx	248	8b23a06ea9eeac4992092b43505c4d20ed7a9433defb20597e8e8efbf0f11f0e
xt/61540.xtx	191	fdfe4fb7d835c67ec03829f402c36b1a8480cdacad130a2a0520d145d1dfe0c5
xt/61541.xtx	223	adc6ffa848dbac4253cb369173b8022b7b4f215344906faf9276797fd93be286
xt/61542.xtx	382	e5b0fa8637694586be69bc4e96ce719b9414390db81e3969f0904f9cc364ee6f
xt/61543.xtx	354	a5612915c2982699ec458caa70b8a3c86e3ca11a41501bc60ae6334353437c8e
xt/61544.xtx	384	ece80ed5a7d4fbd8883b7010e1f9a7e96d67335b7bc2a59fafdfdf7480070e99
xt/61545.xtx	289	3988e1eae4738496c5c89082de27a111af5e27de78c87194275548640cb569a2
xt/61546.xtx	329	be0652e746665181175aaf47d5d2e92821bc9f859c891186037b9c636b7b8342
xt/61547.xtx	357	8f8fc6b25ae4049f0e7138e4f896639df2a50329da42d3ff60f3360306f78db4
xt/61548.xtx	222	27123af328a7bf9f63df7462aaee735ca750f201a59f3e45ff1d907984214e6c
xt/61549.xtx	248	3a2d94b8bf857f6a6de4872c60c07ddd802b6fbef36a496bfe574c30f00153e2
xt/61550.xtx	363	e1964a25aeabdf87a44a4debc5d91a006722fe7fe3756a1ee7c9627fdabba685
xt/61551.xtx	277	fd7b361d24cb2bd5371008de8d2ff1be03f24d96eb37214656fa3c66c6b9a62c
xt/61552.xtx	232	1c76c3ed2bafe5cc2d6592e35fbadad0bfd7740a847c2b030ed03d33d9cc2346
xt/61553.xtx	269	44436063323163f37b1f91c9facbf909440d103e88f013102623b95fc3b59f73
xt/61554.xtx	224	194bf28f8b33c84f3a775b4e8756a3b9c4b30db0b0bea395be80a776a121f33a
xt/61555.xtx	395	956524f7a3243cce7dc2807d36f962f4f89bd9c6d76852ee4b1a47e0d170da50
xt/61556.xtx	234	f35edb5cd9e14bf7b08dd7f290197dcc5738dc0abd16bc389ad6ed573607a9d7
xt/61557.xtx	283	7905bcfd092af4a69c1bccae89b47a63e5dab441dbb9b7096a248ff82617375b
xt/61558.xtx	302	def114100728ed8ce3cb3b2740f31994a4a66d26f110cb8c6b573207f36f4be8
xt/61559.xtx	273	bf36b782dae0056398e9d91075843b0b6101f543f51bffcdfe70124557351e6c
xt/61607.xtx	285	bb4096a62d8e8440e8fa22bcf3618528a0221f70bb4e29f95064a65287196094
xt/61608.xtx	415	fef6ed2ebb67129cd207127448013f1cc10aef159b7969ece35e2c50f8716506
xt/61609.xtx	242	b1925a64e223514d28e2e8eb55decdf92ba658770c94b1ee5f495f180701e82c
xt/61610.xtx	378	cf49ae1e6233a2d82ec3ca5332fb581069f5697c769d2b26c548882319710e70
xt/61611.xtx	227	7e886472472d1f5c422690b5a0aea953f7b60fcce32ddc9a5aa0692825ed1e38
xt/61612.xtx	312	86aad51394ab807e105d7a522bd3c1e2554364b6a723c4fc30683b70c3ef1460
xt/61613.xtx	505	510c331e476af2a7458ece071e8a356708b5572a086a45da8a763b06090f3b46
xt/61614.xtx	241	b7d69efc3c93f441f0e8ff6165dabcae883352534166fb84ec81bfde15096ee5
xt/61615.xtx	256	cb1f189abdc4af4caffec4eca40627ed4b954d7df92cbc3b7cf2c5c8fd10488e
xt/61616.xtx	249	ca1043b26df76f915e599adc975e4d27fa1d52e4546cf061898b291f45270d44
xt/61617.xtx	242	529f2219be39902d879f61b8f51cdf0051c740eb2a4c89b7e268c0d44e11587e
xt/61618.xtx	292	24259d724d48b261a66bed1c53445e39f86fe4a84824ac65f55c37ecba30f85c
xt/61619.xtx	366	fb097930c5ded0c042b5a72424810bf7503a50fb0151f0d975a32a76486e8f2b
xt/61620.xtx	257	bd03a1be88b4ee81d566accdcec2b15e1bd570105ee72fc68fee2fbbdb4fbab6
xt/61621.xtx	216	c852856abb8faccc80ab69687ba584cdf59ae471b82a38d2dd0d5560ccb91814
xt/61622.xtx	196	d995e0be21283141968d91e60b4d3e72beb92d48370b87098c10bea70999a99f
xt/61623.xtx	260	9be9e16a6ae656de59e0553550f3c6372dd83654b45f6516b7bc543a5b83a99d
xt/61624.xtx	194	10032a9f30100754dea129d56fc4bc12a1587883e822cea176f8a275f2584bda
xt/61625.xtx	206	c43b51ffd2cf8c9c0fc73ce2a57e2c1fb0d37ca662741225bfe6902695919d7a
xt/61626.xtx	246	254ab6605e6e17791861067146899d657c3d12449fa0da41d25c869b6db66fcc
xt/61627.xtx	249	ab346113e8359bd7f3fda4e145bc7e442ad3590eb732d10ef831b440a4480199
xt/61628.xtx	218	601c070753d7b32045706cfd9ced0241791cbe58b69f774a0dae563c4629d51d
xt/61629.xtx	200	0c4b03eeb1637ed98bc31b86d497150c51baeb03fd402442db5d9e904f7baac7
xt/61630.xtx	203	eeac52df7ebeb4dfd232bab0929009003529c3532ad4cc1cb9279d5367c8c436
xt/61631.xtx	196	bcae6446ac13446f23e960603f54dcf737fb9ad292d796e60b33aed4f946e185
xt/61632.xtx	200	ff3a129ee145b8bb9c7ae81dd8b34bcf63f8856807f75af2c80be125ddaec5df
xt/61633.xtx	233	ca8d3442ffbb3801d504ffa9300e181bb459d82422bd236b1f363df7ce6f16e4
xt/61634.xtx	247	294bcf7cabb8c951dba088270ffdf0eb691110681d810994ff9c28c4324efe99
xt/61635.xtx	305	78910aacaceb28641195bfd47d29ff8b7f3d6e2b1976819e8433ffa086bf105d
xt/61636.xtx	237	6d90d574b89b2501bf1ead155454ad58e4d288d4928610fcccc60da31d18b2f3
xt/61637.xtx	259	26da7a49416faac0c70ca8e4dd9484f87cbba059fa685531b743e215d0170981
xt/61638.xtx	221	d4c6f409b604ecb9046d116289ea2da1033acf855b8d875010f4f9d8fe3a22ca
xt/61639.xtx	240	3a11d9882f073874f36ae6643c9788149e236b31a5b14f9986ac490da711c8a6
xt/61640.xtx	259	b4f5225e44c27dc54118d3828475bec09344a7aad8aa7e2d9959231dbd48a9c5
xt/61641.xtx	269	c8f7bc69fb14772cf1a9eb4f924768b032a5ebd4c193529d21bb2d2c5d047925
xt/61642.xtx	238	05eae24549bd2c62ee5c3267bbb18b9b718107fa7e82243c24f753c8467f3080
xt/61643.xtx	290	f66634ebfe0b48f5d77e6bb60733d47ede8e9b20b6beee1bbc7491ad37081ec3
xt/61644.xtx	205	90cf91c597f9545b2121b79ffea5de82c82ce7af44517fa0f12dabeedb908b2e
xt/61645.xtx	264	58c7cb2a763b19589019646cb3cfb96b788ff4e81fa7059b9d5638bbc58adbc9
xt/61646.xtx	249	fe0e758bc0a818cf0fa981a3650159fc9b9cf0ff1d0bd325aacc89e5263d3ce2
xt/61647.xtx	232	3f7f60a9e39bc0f4b3e8205f3cca2b27b17d5b0c17935351ab0f5276456d30b0
xt/61648.xtx	231	a53d707e6d7724fdcf73b04891029fcb65084f19d72815a545ab908f0acb5617
xt/61649.xtx	285	48a307efd0330c8b3ca46f0839228484856ef25cdd3f8fe52bd7e7503928bd16
xt/61650.xtx	214	0083ba2af565ea4a70f713ad6d8b0671fb31587230895d454a998bd41a0661e2
xt/61651.xtx	200	ac08ad6a1db59c28e59fb0d23b747032d4cf5de0c0c6fa054e25186701bfcdaa
xt/61652.xtx	247	b134e90ce1edac715128b3379ffbe0fce0ffc5d5568a024f94bc9463c10f5f40
xt/61765.xtx	341	a7395682d5b2d6a8d955b0ceba9ad4c623cf64a55527bab7a8e459f3a39a127a
xt/61766.xtx	632	9fe9d42ae8dfd32db840162f3e49ac6824a4c0fc7a4f44f613bba65b0022b0d9
xt/61767.xtx	778	01e2aaaffcd8472af52510499a34e12f8dda6d0cd1642e738f49a6e20689f980
xt/61768.xtx	483	092cf4a2f5638f7d8fbf6d44604009a80edfdac65503649ffce86fcb21ebc5ac
xt/61769.xtx	505	7d04016d7d5339abd1804ebc0a75772c8962421e423c94a44e3f91d27632629a
xt/61770.xtx	582	048fea4609ccfe566ce583d3bac59474aacf913ec9385c931263cd5b6c4d3307
xt/61771.xtx	304	efc6b0d82883879f86b72f792e0d0fe7dce489e1f80a86d3b2a3b0da894583d8
xt/61772.xtx	553	41a9fb84ab80c1b85da28926fdac3e6f91ed5d61eadb45c7a9f5a185b7812dea
xt/61773.xtx	183	31a145ac531f6a3adaa8dbaf4c57156cf20ed815271560118e5508e4c1d95af2
xt/61774.xtx	1115	4d0f7a06938908f612c57ba3756fa00c143b701fd3f2d7f7bed176c6c26837fe
xt/61775.xtx	587	af7da80ddccae495286318ca360a9bc5250738bec3406e36cfe28a40f2444e8f
xt/61776.xtx	156	817664dcc47049f98731d958f57556a0a72bdf5394473a54a09cbc25c6ffe611
xt/62868.xtx	289	ad1e34c5d4bbdc22af6470ba1166335a074b160bb343244096344932668ebd5d
xt/62870.xtx	185	565bdba4181994f5495824d73a3939a52025967f911b4c7bba23abdec2f7fadd
xt/62872.xtx	254	5e740a6a4140ef30e9073cf684fb66998fb51b5d57126fc13ebeef06f0eb2a64
xt/63271.xtx	218	ed4c1564170925daf75fef4e78f4efc41d83b139837782b2752ac5116fc18f46
xt/63302.xtx	305	526fab1f6053bac1546f4b7307a3157c27b706350d467693a8b53baa0e57ddbe
xt/63326.xtx	324	ec79f12c9d0f2a803c0ce66837a63df750a0682cb0c7fba483c397fb3eeaeef0
xt/63329.xtx	358	378b99aa8507e9c9adee63c3dc9712515159c2577382d5958e0500e0c122e994
xt/63332.xtx	464	6322ed1c248e2c93c6f86208ce6a168ce364e44e9805aa15fe9b5158a85238d3
xt/63338.xtx	476	3debc4084b907f80c73c3ce51d39c431492c2475da31789d4434f831acdaaec3
xt/63340.xtx	322	869b3dd6940976d8d002bd04ad336af049cb0a8c8fbed3d7605d7dcebc65502d
xt/63344.xtx	424	316193db3297f7c9b231df9b79b1af1e29c3864c6da430e11647c5126c979fad
xt/63354.xtx	241	c7ae19ad283cef9b173464cf521b5466b797d77c125f744ff4bd34865aca8076
xt/63356.xtx	448	1c2fe93aac0d54353fb300a14636db04473cece20446dfe8a3fa8d2b30098da8
xt/63360.xtx	337	e8f30d5174f3ed413d6b66f3617004431bcb2cb3c1acbfe7a6d70e5b5b1ad8ea
xt/63364.xtx	545	82a57ae0b77c18121f7c44b9fccb8dafbc83cd6d7d03d13b95853d6d856e7d5d
xt/63366.xtx	650	16b20f0f32dea07dc1605bd3608e5b665f6b400d933ae4e69ada23a50184291a
xt/63372.xtx	256	3fc4ff97ed5638b648da52e77ebdc906bf6f494f50f0a9896987100927351dc9
xt/63377.xtx	344	5c19b777183b1a2371aaf5e55a4288da5e30a2edb89cd629cdcff4d818cf6846
xt/63383.xtx	495	47e0dba986351bd7439c207505f9344e493ea0d6e78167840f54494efe73549b
xt/63385.xtx	198	975bfff685afa98a4f3566a7de30d8f4f23afb0749a44ceb812428a364583d17
xt/63672.xtx	204	d4611415f5c2e98c1bc5ff698bc55577ef952243d40482dc89d3e43724fd8d1a
xt/63682.xtx	227	628b966b2bc52049b7b66c1b33036c679abfe5814aa4df0f0860eb0bb8b03dd3
xt/64497.xtx	174	8902e9561a18e831af83b35acb1f9adad7b20824715d65e52bfcc122ec38dc2a
xt/64498.xtx	234	78f643169a46984ae69ab276b4fc574fb1e364839bfc42a6c1588527b06ecc8a
xt/64499.xtx	190	ae0e6c4278a2ba985de8a375a689f4e2df5360011d0da22e23fa2ae33cfc7bcb
xt/64500.xtx	192	599990beedf9d27e108c2ecd2c0b64c718c5ba201294a0c155836347d2258cb3
xt/64501.xtx	197	3c3f7707d0dea1d5e32b124768fb029efa7224124a548e28eb3307d3f78d7707
xt/64502.xtx	252	fa24bc2356d6328c0c829c5e4086ca3f303a8e1f3dff1fb8a1711ed512f531a1
xt/64503.xtx	252	fa24bc2356d6328c0c829c5e4086ca3f303a8e1f3dff1fb8a1711ed512f531a1
xt/64504.xtx	239	de53406bf0d0279868cb6f5b5b2a8c4ba8f6d69d1b742ff9d89c1074af4309ae
xt/64505.xtx	247	71442fb893890597e0bad2c49f86faa141698eaa9f458d1f43c5e9310d984ed8
xt/64506.xtx	250	72fef92864753aca910ed6d9057a127cc1da3c623b7f587561a42a201d3581ba
xt/64507.xtx	210	ea440c2c67f22696c89d0642a0611ad7edd8640bbea0202b9558221631fac639
xt/64508.xtx	221	af49d9597ae7ea0f7308346bf64f8986804811ff693a81788c71428978a2d49c
xt/64509.xtx	174	8902e9561a18e831af83b35acb1f9adad7b20824715d65e52bfcc122ec38dc2a
xt/64524.xtx	555	57f833abeb1238f11d5468c62945d41435b150b621e7db793a38c1da416fa546
xt/64525.xtx	299	9b1d7778a4593a4c566685238f67fe80f6d376a951a91522aceabf61bb8e3222
xt/64526.xtx	829	902e66f85a01c52e6930b5708bd9824412779c02dfa08f44588b4cd2eaf09974
xt/64527.xtx	248	ea8856c9ffceacd60cbd54455f5a712f4181a3781353b1d8d3b46431bc04f582
xt/64528.xtx	1802	3ebcbdcf3d697a6f5303379804a4338ff95eb6678b0a6066365880dcdd3d0558
xt/64529.xtx	562	634be33530fe1e9d590d11dd7dd078d74ea6b4c99c100b572539ffff84df0c39
xt/64530.xtx	425	7b2efd047d91f1b4ec78d0d90b436c95f51581346190430a49eaf80d27e1dabc
xt/64531.xtx	975	5b2159425c667ac2c5c033e71d8e7077345f10c5c9fa142f3fd578ba97496fc5
xt/64540.xtx	361	2a8ea5903127713a82960795368e56745845a767f288d9b6a764a482ec4106d9
xt/64541.xtx	529	9c555fb9ad95246c45a5e38344fcca6d3d362e30bf248f021cd14cac6f0be2ad
xt/64543.xtx	432	af5f1656bab869b7d0e2fd1c3f983013ff0a6817313f9fe3ef614e0048197348
xt/64544.xtx	435	18d40da27426b087baa5acb71d9232394f1dc624911b939998a66bfab5198da7
xt/64546.xtx	324	2290a8613ccbaeee073b0cb9983111e7da4f86fb845c688357c4a7444194953f
xt/64548.xtx	461	27bcb1c19e3ede1aa6be035c9e02a9d5cac147f139a1ab6e1cd07f5b16ee5747
xt/64549.xtx	438	7693fd0fb06edfdaa49f3bdcadb4efa97eb33fd9a8971df45055c90874248c5a
xt/64551.xtx	632	2fe90d0aebe7706f6dd4dc19a2eb0f4aa537baa07f59a7963343206dca5507b3
xt/64552.xtx	357	226af0c46b541dfc9ed8bca457d98de992d9c8445f6a359f43a0fe03838ccc5f
xt/64553.xtx	475	dfef040776d933aecd09fa4ea32311dcba3a20297966918db87c49e672786f52
xt/64554.xtx	118	7d3c04d2503d679423766d6eac9b909b5f4bb5ca0e90c22a6eaa43d55c1de8b0
xt/64555.xtx	447	f7abd9f1bd16dcff206bd29e3cd33fbe69e3601220a0c80610c1a4fa3a886bc2
xt/64556.xtx	512	41625732ddf605ffc8698654caf4f7be07d8ea5a7d3ce4b46d571750e5f42773
xt/64557.xtx	460	475b5cad89572a265d15957fe7e7ffb18614ce4e85806d23a2279dafbdd26b3f
xt/64558.xtx	461	0ec3a4f4b435b2839b171154a0d3b5d93b72140d46c3d0681d0f363571452bbc
xt/64559.xtx	357	13fb7050e0ac9e954b7d3f0728eda90169678c94690f848b2baee373f237eb30
xt/64560.xtx	370	f3060ce7668f2dcf9aaaa7058110dac402d74485b81e168c366918faf46ca443
xt/64586.xtx	234	78f643169a46984ae69ab276b4fc574fb1e364839bfc42a6c1588527b06ecc8a
xt/64587.xtx	198	876e1f423fbb319e8e48b13d55e97c37c16dc7d3c777ce8ed75308b09e6544c3
xt/64588.xtx	207	3fd44e37a73bd1b5492f451b20cf438367c55f47942ba2cfd624fe3d4a448522
xt/80249.xtx	245	a05a42146a2a54d7031070e13099426cc74c6de04c26c7bff227c222dd9387af
xt/80887.xtx	688	0e063d42df1fb022f2c6b311686bcd68c78e810d456c813a7579f4b1c362afc4
xt/80889.xtx	693	eed99784c6ed3e52534e1c54201d47729cc3e228e7df72c8ff8017292779c972
xt/80891.xtx	706	d5fd7b2d5a50e136716b1d1415975da4638c8ecaffa28a688c1d692615d929bf
xt/80893.xtx	717	8bad1591226f9c28d6b43bae26185b64e0969ffd95ab71a3f1a3ff72fb0d0622
xt/80895.xtx	659	5ae09accb63459a4a8b52d068046bdaddcbd065bc0066f97906639574bcce30c
xt/80897.xtx	712	bd0890e58bf01b8716df6b8d8c14234885d8037e306d9dd9d211586cc24f236c
xt/80900.xtx	702	c6f0e0b3373a0472ae83f227d1c0bf3f42f840c9dbd04f2ef4674d7bc75129d0
xt/80902.xtx	740	d3306955bcfabc39b67a9ee6985172457c9ef88e98671dc0673cf889c1642d42
xt/80910.xtx	609	63a236176a8545b5f129e0ba2f7ce98e45eaf01df831b6aec4e6da74c8bc6abd
xt/80912.xtx	465	c685d02df200d0466083101ff9b7b1625c21b256ace62a314af17469995ed3eb
xt/81279.xtx	357	fd3ee9bb486e4379a1bbb633c0dbbf133b8bb88361391076faf5b165c45a7700
xt/81280.xtx	372	59c75226ae7f62a6a2dab13899575f81b046368c4f951011c2a3de0d0e13d0ad
xt/81304.xtx	376	3c470b92600a4e8752ac2a700339cd3fd9e960c1b49dfb5686e1986477ff456e
xt/81305.xtx	182	a76deb35739db4ed781bd60fc3a25d6ff02d0161931d930c8b7da68ce61a4a69
xt/81306.xtx	271	15f239ca10bed563edfdd4732286d425dfd2449dcdc2b3d25d749fb324ed841c
xt/81307.xtx	255	5deacc4afb2119abe5a0326a937a994ae4facb5428e233c9233b3bc82d255194
xt/81308.xtx	210	9ceb2b3924789cf3d3dc7b0e923dc75cab0a565973f336dcb062c6567ef737be
xt/81309.xtx	148	7b47f611bb3535fe65ceef28e4596d28b7ed2074ca36998976fdd105e3130e60
xt/81310.xtx	408	2a6e2a1ac0033b6ef61480b11fbce1e013e39bdef106b7b5d80167fde83324e6
xt/81311.xtx	565	7eab83e5fdbbc04acf9caa60fa971e3627bef6644b8da948597e907600d833c6
xt/81320.xtx	946	b29e3128855137dcab0e04d68fc62ead802c4dc8f7844dd2c9d7324d8bb73917
xt/81321.xtx	1116	ed1d7e847ba686340cdb668c2c59ca99fa9bafd2b3604a97df8b9805c221d514
xt/83891.xtx	880	2e9338c071354ef4d6b5dd959b0dcf96593f8233431eb66e8b86f9f134d12b7a
xt/86072.xtx	254	54d960d1bcc460ed75eb53598ab11c66486198f9f4e6a338f3c06cd1fd9754c3
xt/86074.xtx	96	38c61d7bd97479381aa6c42372b530adc2ae9ee63b006951f79516c8777c956c
xt/86076.xtx	378	90e3cb64392cb92daa33018a76e382a768d78fc32c62257123b00babc4c9d780
xt/86078.xtx	284	7df2d7c473b833471a6e55ed32623980a29d6b884396b7051982854ce43d806b
xt/86080.xtx	616	507ade972e121829d05c42c7b50917ab1efc8144043161f135a4073697f1f3a0
xt/86082.xtx	13	2ab64517020b392a9fc812ab964a92701d227470faa4b5a000f005f65df742f3
xt/86084.xtx	13	2ab64517020b392a9fc812ab964a92701d227470faa4b5a000f005f65df742f3
xt/86086.xtx	249	2a8b6cf26461a5c523f72d506a3c1446531e57967925be241d99f8dc3d76111f
xt/86088.xtx	486	87db48a42dd50e3ed93e380d380e1d34f5dbf1152a191a479ff85dd6d372f060
xt/86090.xtx	14	a7d6fc2c8a9bc1f9958929d73424e5d1bca8b4cd1bde40d86262d2f2618ad4ba
xt/86092.xtx	13	2ab64517020b392a9fc812ab964a92701d227470faa4b5a000f005f65df742f3
xt/86094.xtx	257	a34442370cc9f42d9515e5a3582bcfd23b575c048695e7c29cb4a6acb15eafdc
xt/86096.xtx	1099	a46ed74067b8f662af91b3b560eca916d491eab1b3592cb6c3f5dd7e4623dbd8
xt/86098.xtx	106	dbb605bbc19e1e7ef641947a539dc4a429810ef6d566d44189f8a0fe84591e89
xt/86100.xtx	385	a94eb0ff9441ac0ec91d99bf9237de1fcf8b660c7d4c7e6e3a0e707e996bd066
xt/86102.xtx	403	67a1eaa1dec64883fb6c64af0be134b1ed85a5cf921960ff35bf3e7f9e7e0842
xt/86104.xtx	269	325cb5b294a68e7a6b17b28978c232f0e34679489568c7b23af7c4ae0d7ea55b
xt/86106.xtx	51	dd6066a3774402578191ccd352791dd767aee38042a0dea527b81296b6dcfeaa
xt/86108.xtx	413	4a78e725bfaecef98198358c5d595966b068e2109e48f3e8e3aa609cdd517f76
xt/86110.xtx	298	3637538707960b210d4da74faa684bf76b2b267b50e9301a48b87b6531c14633
xt/86112.xtx	14	a7d6fc2c8a9bc1f9958929d73424e5d1bca8b4cd1bde40d86262d2f2618ad4ba
xt/86247.xtx	385	c0c3073b85aa49a01a39ad49a4a1e388402020b4f523f558ee3b971535938aea
xt/87887.xtx	312	c29e12e90466d9648e788c73d3a63420512b8623dc33b59e8b2d27024e6b4e4c
xt/88440.xtx	325	88d99925e59b6168d7a9fd60ece9c869c43c295d63e875c8db33febd7a24624c
xt/88643.xtx	618	e56fbcec9a64e50ccfc0cd84cacc8dea71db2b637e8c712043b6992b2a5ae052
xt/88652.xtx	103	f714eba7296c6fafa54d01a4fff928b215a5f453c490c0d71c504769131a5f8e
xt/89077.xtx	221	d8d570c37a1144d1630002628778babb373eaeea6065f20242d0afddeb3e37b0
xt/90727.xtx	1701	d3619c99330a622d87d90d921f6b12d2bbb158efccb6b55a3f6947819abecdd0
xt/91101.xtx	1611	b0b8ad1fe26e6c4932ad68a1fe8488b3df310bc71bb97800b23a799724a3a3ef
xt/91103.xtx	861	cae1987209370ecbb63baf06dcfa224c821d459673fc2d179d4b2edf4d6e6ed3
xt/91105.xtx	880	60784f7b66208e3400f90799f1eb0e7789acb7b3c2780e1c23599530f834c8ec
xt/91107.xtx	2092	482533ae251dbb661048b7a8e86bebfcc3ace91987a4b1de30ed1fab441a3025
xt/91109.xtx	856	b788361a0cb171d0fe30768938c09b59f20df0291f97effbbe9ebaf599a43edd
xt/91111.xtx	802	a5e516fa52b5b2cad913e9719f4d9d85b04baff7f0cc61cc549f958a674d760c
xv/17923.xmv	8554329	00e44c90b1197ccefe73d0825b32e3942166330d316458e0da242a34c9e1f111
xv/19650.xmv	8825016	b3b86f63314c746548500ce99c8e05ac8837489acd46ca7cdd56e8889d59dae5
xv/19652.xmv	19545515	efdc792260770c64bbdd2c4e77d1879a5f503eb3e8e80c89ac7112be4e934eed
xv/19654.xmv	5543885	781814e3edf893aebfc008847d8eadcb01149060e624ec59608aab100220f83c
xv/19656.xmv	2087958	88b4db20dcd156e2c1bd4f452d800c7f92b9ef2c49e49b414719e3ac0892d45d
xv/19666.xmv	6011126	ec641cac59ac57bbdaf8da6189ef68d89e89f92adbb2fb866cc2b8e49abf450e
xv/19668.xmv	34838727	9bd1c683106246b8bf11ff04e3ee4b20fcc187dd849e42c84c6a79663a0d8e46
xv/19672.hot	188	2103f976e0fad4e6321f31020bc3e03739fe37741b12fd0cd1bfcc25463efcc5
xv/19672.xmv	5377858	6d5b5be85b631003cab53b0a2b40a68dd2e5bf7359527f76403500b2c7fdcef1
xv/19674.hot	168	365537fce88f7f907ddf6c7a12cc022319358a7ab9705a329c82ad7e55e52547
xv/19674.xmv	3235755	46a81ec715a8d72f8b210b2c631b8c1f79c1c3ebc50307346f8207de5441c1a8
xv/19676.hot	48	dffb424c19f9a7f0298c112a78a3b36655abd9eca7a4b245bd66dd53d9df8273
xv/19676.xmv	2872272	74640f6d417db0ecb0a4a29ecabe3e2129f8cefdfe417debf5c41e3cfbcefd18
xv/19678.hot	48	2f794e11a910bd617a7b0c8da5789363338df772be545f8631589e4d73a1bcc2
xv/19678.xmv	2957108	691c998da70d55aa09b735e67a94d439b80c1958f98e3afe00fc62c93baed359
xv/19680.hot	48	d2462ef861fac15562a1d72058068d7c5465520a4eecb0a2043ac1e078ba36c0
xv/19680.xmv	2172819	aac64ba5c8476f62ba4bbf093beee372939213c0154d4926f196f3767829a9d5
xv/19682.xmv	2807586	3fc5054b24691c1a97cc6393f8ea9fb7d6cbfc22f73e98bc129bdca8c5d736f8
xv/19684.xmv	12231117	c5b3216e16143b93fd803096813614fe43eae5a17b8f52596828ea3c0d967cfa
xv/19688.xmv	7236854	37aeb8795bb9aaf02e87be9d86704fda5398a50b58a375a4a6a2ef5a152bd0dd
xv/19698.hot	28	0879b544adfad2502d1d0169a6cae3e85e27947b32c60c3eae9f89f90659559a
xv/19698.xmv	2329875	3bd5b0bffffe72b3811f1f9f81109f9d211575e007e0eb129544c36476b455cd
xv/19702.xmv	941193	212521bd6b80d5cd9da450a7d84b047c5dae7891c09fe8a73e4442dcf2c7c3b8
xv/19706.hot	48	d931a1d8fcbf1cd66ee0b39c9a819abd54a73441510401cb07a0affa5017cbba
xv/19706.xmv	4461492	f09d09987579c54bb8c5279be736f6df111674ae094ac0f4fc1b45f8439a55fd
xv/19708.hot	48	619f369b1b6e64f4682905365723247b045bd941a0f84c2e76f5cb98e82c3517
xv/19708.xmv	4106172	985e226692107df9359d5a9996df1d8d181568473a3119e202217610c7a30ed8
xv/19710.hot	88	e72dc3c0fbf4e287cd8944a34ab72f20c4a8bdfde1523b39314c6a1823923522
xv/19710.xmv	2382984	c08a5df5a54298405342cf4b046f60530d4e33f0c3cfe47d94288987bffc1e26
xv/19712.hot	28	f236a61b9ff1448be9ac845e026f3d226321f75090cee7f4d087a3ccbbd5e107
xv/19712.xmv	1059564	48377f221ea659050a28b2e637a8317e8bb70a5af90005e51b3d635dfe5a136d
xv/19714.hot	48	dccd344b112df20d7f2c041e902e63513672fd84fdf5e28d65a7ba7d44686ed1
xv/19714.xmv	2821931	057af2a338903a8d9027416ea5338d688ab7b0215815da7134158728a4bd524f
xv/19716.hot	68	2743badbc47eacaf60e12cb80a8b88e0b54bd78de60f6657dde9c14fccac2703
xv/19716.xmv	1850281	6529f6b30e72bf61322d37cc548a8942f06ea357bc0fb3362c8c01490a213e6c
xv/19718.hot	48	c50726d03948f2e5e54bc8d460cc135eea937a64c1deaac101877b3a11f928a2
xv/19718.xmv	1762800	022cfe687ac67959c329bcc9cf49657c20e7f6854d596ce67cf4f56f97232ff8
xv/19720.hot	28	e6d36429a37a118306feb5e086ee8cc6dbb15ac4567b2ae7dc6d7f52e181432a
xv/19720.xmv	1092782	50e2c42302bdc07067bb666868ed6e34ba586da0e0878bad304835aac45d784b
xv/19722.hot	28	d922d18df9ea7a6599d30bd3b1a02019783f0e9dfa57bf25e6b416091c7ad5b1
xv/19722.xmv	1265623	adbe52b1295644e375d426e69d2158a7acb459c01b88f367e933593e71707eda
xv/19724.hot	88	8d6e94bfd537e4b23204e288d840f9a5f97a4a3129d06810e373f72ba248f5f7
xv/19724.xmv	3450834	e1142079edd9772c05fc0004f874f89649c9877acde71fcb6891499b4978b3f7
xv/19726.hot	28	9a7be8d3a803d0967c966b79d9a9da4bf59274d7dbb974443a3b2160dfaa116f
xv/19726.xmv	899871	729752cf4cf1b2e6c597f254ec7e73ee69b5edebb7e21d831abddf29ef039b1a
xv/19728.hot	128	24204eb68db98dad5562da0ab46fd81a0d4ce73a54fbd3872c277423d08e889b
xv/19728.xmv	3711549	bbe3f9ac4841cea2836387f7b2ca026e68a08ad64430bcae91babf5563beb0ee
xv/19730.hot	88	a00e26fa6a2d6ceec7879a72ca76f46371c2b9a3cc4173ae46b2060431cf4db4
xv/19730.xmv	4948940	b06f26796ef418264ff9023251211e6c9878efc6d7a0490f391a1ac72076feb3
xv/19732.hot	88	42fde25b318edb8369457fc54e3d08408b83602b53a261bee0da28630992d458
xv/19732.xmv	6429432	e768d6ebf3fb83b479e332b82f83314fe268d09ef79c2c49fdd4ffeafb107b26
xv/19734.hot	228	75f7402c0d43960a35864e0b27ff01c56921ef6e5a1a44db5419943ae8e62d1d
xv/19734.xmv	16088978	8d1d7dfbbe6e675bf77121dafa97a6c51482c38feed8fe51a2a23c75d3385ecd
xv/19736.hot	28	6a14153bd0d12e395bbaed0f87263522598914ba8ce652cf9abdeab052aad4d7
xv/19736.xmv	2177891	af516f6dcb868252ff2cae227da611f4584d554b819422a7ee76e99d591ea0aa
xv/19738.xmv	598324	28da1ca926876d972d0e1b61546667d293830616d6fa36182ee7cfad473e64be
xv/19740.xmv	446560	1e95a25580e64d5686ab81b3a72bd57ec4046eb8e25250acee26301d69946929
xv/19744.xmv	669672	5e2645a158154c7b816622340fdb3cbc6f8935b422d9d2ccb35da512063b5031
xv/19746.hot	28	eae35acdece450409637c7c3349822a6bf2f1f2b218b58b9cb0397d23ebf2570
xv/19746.xmv	938292	c57d435809d3ba7e0d4d24ca4b598996b4be09c85d7cfca8e2a844b55ce99838
xv/19748.hot	28	77c74aadf11020702e3729d6ce684d09fcde73a4b1132d504affc9561abdf8a4
xv/19748.xmv	1333972	457e4dfe60708c40e97afde90588c77c04ca49dc6f30bad92d33885177150a85
xv/19750.hot	28	a515f7a7019c019d4414ea08bc0833e7585b10855b81e540f148220135929725
xv/19750.xmv	635236	397b5eac3bb4df0e3c1802d911061bf37b705fded9482bd96044366ae3dc1eb3
xv/19752.hot	28	622e0968e7b8c5deb06dc805940880689ca59a6a7b0a516a93e46416c300e4fe
xv/19752.xmv	1644531	0ce3a2aa813f774c1a45b3a675827c1c0015a901a04a2e9dd003cc1494a3142a
xv/19754.hot	68	4e85753d5e158aa9e1a97cb4cc17f10b90224cebf230dfda38dc35455c7e4944
xv/19754.xmv	2189404	510502414c85be0ed19bdae83d956db0f0a725453897ee052dc4ec12b0d33f3d
xv/19756.hot	28	1db585059045c93a720e29114ccce38c9a30fff5f9c2dd929871c7b54a1df2e3
xv/19756.xmv	749066	1683ac4bbc6aa0b5f29ce439eb93108862b1c188f25ed9f0cdf90963c5a45945
xv/19758.hot	28	9b7f39909b9d426c3f91af8a7a7348709c31cfc0e69310598c968ddbfda9ea1c
xv/19758.xmv	3082413	66e138477d69840c7a5d4e19b69d695822eb54c82ae7f245755d1319672c8a16
xv/19760.hot	28	6cdadd72f9e1730511be506aca81efdf9de4dabaf0990b33879d03a22ccea092
xv/19760.xmv	982957	9593864aa0e7c3ccdd3546d3c9cd1245ba30af7faf711af637ed30ca0674ccc4
xv/19762.hot	28	11449bc2b901dbf8b8d60ace18404d5b50a88dd4505fb46569bc00fecb5ab4dd
xv/19762.xmv	1354323	39fcef576b0729cbd6dc7c84b2fa7a5aafaf7a347f9f52978a3a97f4f5a8b850
xv/19764.hot	28	7a94e6be9cb2407eb34e6e5fc910524af326e1f28160e13d1215a8a62dbee2b1
xv/19764.xmv	464946	a59d889f97b360868fb5906757850c3d3f93c27e4ae33dff56066c8ae6fcab3c
xv/19766.hot	48	7a098858e99ccece1b5b7ed5bed28953505de8189e291ffd0b25bb45e672ce5a
xv/19766.xmv	2236287	569e1e672187feb8ff41cdf15d54ce54fd434c0de5b249a2cb00d71b2025f844
xv/19768.hot	28	74f873edf238667d2b1e6e849e22ac4e7a35dfe251242a64b31e80888dfb0e6a
xv/19768.xmv	1341848	6ac5c775fba44015fddd644463f023679b77213a933b870e391aa895ddde8a57
xv/19770.hot	28	871d7e9179977874e5a1a2ad3ad7fc9f3d50a91929024349c8ab07ef2229b9a2
xv/19770.xmv	949891	44a17672efe28cb6376bf21aa7eb6121b27fb2ecd8d070af1b1fa9d3583a83dd
xv/19772.hot	28	67c197fefb08eb61002f41b5437bd7ddf31d40dd4fa6d4217f1b9595b4ee3e7c
xv/19772.xmv	606104	f5f94d5317f68a5b2b54520eec9640eba6ad6c5c77211d71ddde1fb117c415a4
xv/19774.hot	28	070f5733aa39dfdd5a107596bb5ae3fd568b228401f403ba8259f9ef4a903afb
xv/19774.xmv	784314	01b2c3c24832ec3a00f7a4afc833090af42994ba2cace5f478236869fdadb6a2
xv/19778.hot	28	d57d37e57523b0642803472aec8281a2b816ccbc6951cfa38bd900476b7be262
xv/19778.xmv	1691522	3d037a6057e58dafe37d3017f981ec2dd85181d4aaeec9fe78ef8fa50bb2eec3
xv/19780.hot	28	ffeac672a8116c578e6f48d3ddb3b8966dc662ebc6e9fbd3dbf64c57da02fcd2
xv/19780.xmv	760220	e43a6bc84d77b9d8f86c3b454e14afa1c21c2996063f8fbe8aa162edc6a2df31
xv/19782.hot	28	0401e2b120b8dff81a757ff246140660ab746b3db51a4ed2e355d867d494841a
xv/19782.xmv	1525947	76a7149c0486f10458acb85656c068304f17790f4eb175ca7a4b2af2d5282d70
xv/19784.xmv	364476	74bbbf6b9ed83593fc1c96be326a9419d8b1977409bd920ed8f470aa4d9b5380
xv/19786.xmv	541743	3b01b8702651ba47444be6e71b31cb22f8c7d786f2871b20fcf3b7c28b6defc9
xv/19790.xmv	576798	a2d276bc91651dd93a13966b52b5d3cf3701d29aab872b6608a11d1142464924
xv/19792.xmv	595972	5e7720b0c5f6f5e16748bfd49fd0742a6a121081c989016a2dba47adcf266ef8
xv/19794.xmv	675532	274c2b769258b2a6f0647c4792ca4534cfde51ba0ef3883b872913750e6730f1
xv/19796.hot	148	cfbd7b8b39611edfda83db5428fd32dd1ed2c0049b76a9dfc9df07aca80f5af5
xv/19796.xmv	2506354	dae2acc1f6f82519903ebd790460b40eb53c246b0debc5c3bc551e6dc8982dcc
xv/19798.hot	28	4b35dcf649b2d701855f6a85880416aa77d214376b010962ffe459393dba1543
xv/19798.xmv	735216	83a2ab2b7eac92efe0adbadbf5f222c2165bfede8ce0cc5b642b8beff05bf583
xv/19800.hot	68	882405bcdb4dc8ab08ae58ca12ffc015159cbf978cab16ef6467f543f988a2f7
xv/19800.xmv	2458748	4d59bd3e345cc1ff3c5aa01aa90d22737ba831414e36d07d5118b75e5c5c041a
xv/19802.hot	48	06425118b7379c7dbde69242fe65b689850f29897b8fc205d5bb84abbc55410b
xv/19802.xmv	2153543	114ddaf981fd6aee23adf4e05ea70862b007c7cd3b756a53fcd212625ec57b07
xv/19804.hot	28	26f2c8ded3e751e54b9c00940c728b773d49398760b0278c909426e439338dc3
xv/19804.xmv	1908896	5e4bc73a3a978cffb81ece224a90214cf9ea22debb6d4a5a62c4f59643491394
xv/19806.hot	88	a65372b60c492a106d3b88f32270564efc7014a7baa95b24b47c7aefdea7164d
xv/19806.xmv	959802	d3dd5c33545a9b119d2ac9d03640ecc4b049283fa59641bc474b007e01528d96
xv/19808.xmv	1209749	4874a4cc14b684f5babb116769fd4f083120d0220d9814e98975a097d27e8f06
xv/19812.xmv	4138994	04baf63ca25d63d8dc8a033591aa87426ddd9bdcdaca04fa6fd6a52446de5243
xv/19814.xmv	721176	c6ce7c8d5b0037ad2010e827d68a8a160c7cfa2b6ba29a9ef6c205028693a9c8
xv/19816.xmv	1623422	873fd5c9f10a4dbda81ddad74a5479902caa53d5a15261470190687b560e1788
xv/19818.xmv	545650	7d38a64ea0280d96b3f28f1eb0bbc8a2ecdf6dd4a56a1db0fd0ecb7b70fa6135
xv/19820.xmv	2227449	5ad6022a2365f8b86e359790f1693d0b512e08b795d1ce0465c9e0f11c08f59e
xv/19838.xmv	732600	10c2af3465eaf41d07c37bb2261601905268e382e596dbb472cfbed1f72945f5
xv/19840.xmv	336101	7b8fb26d34f89de86fe6e2fe353955383d65075e5dbc51f862d2ac1dbd4e0ebe
xv/19842.xmv	1089629	6dc9fc9e44fcd2ed2083941dc88b6263a872d6d27eb2e205d60c56b58ba5160f
xv/19844.xmv	395951	c00ca7fbe7364db7482e9b4def2d64dadb76f28dbf202a98850ea5bcfb999f10
xv/19846.xmv	633337	eac73b36d56c2258618c6b7087cb2ee855872860491232fcf06f5f189ddd3a27
xv/19848.xmv	453403	a0462f7b7baccc626a6e818872fef0bbe0ef9a9a4ba9ba2bb4b0920ed69758ad
xv/19850.xmv	895991	99aa60d7338950250a8971c97bf0fb65fb1c2f48a8d8487e893496b50a9376be
xv/19852.xmv	415609	41d9b0a78ef105d7d185630ace6ae922e0742bde842245a84b33ef1b375012a5
xv/19854.xmv	366737	19a6ad1e7b0926eda1596fdcf858fb4f33c0135037b7d795efe7602e6dfee287
xv/19856.xmv	450939	72ad91e5e5cb32e65876c846e962ae1ddedbf5be3d8e5dfb6f655c19d01cd567
xv/19858.xmv	353884	069f29aa95ee04529b26644232ea94ddfc07223d7b6d4c7ca7f7e901882f5214
xv/19860.xmv	511590	1de1e133ad5496d6fb49729d1983d400fe978d11ec31fc1898dc3506e446ad43
xv/19862.xmv	480392	96da068f33bb38d45c5f1dee5e55b548e3219305d7bef04b4eb74a522495579d
xv/19864.xmv	637984	b2f9446d94e2f405c02003929c9ca826ac633299603cded8809e325b178c0ca8
xv/19868.xmv	400775	3e32d1b80d139502f4f628a8d7514f7d044b45cd7e483575abe87be66d203e0a
xv/19870.xmv	477378	0e66246ec406ab31c8a9718fcf775ea69ce4426a403e9dda16e2ff9e12b79862
xv/19872.xmv	169415	9c6d0cfaf656e562230878fdaca05eb7c3f815e3aab94b77821c4f9c45195779
xv/19874.xmv	214245	115083a489eefe0f1843e25505661699deb60e451ca921172ffee474cc783ea3
xv/19878.xmv	869764	c6249837832435a20e8a7959dec1984d4defdf4ee8a4416567e8fe183cbb7f0d
xv/19884.hot	448	83f92c0c6acd446165331cb8a0eb2f9cba5277609b1376bbd9c519ac5d73d0c4
xv/19884.xmv	6516093	a7290a77781bd7c430d01e5481095b0cedf6d7cca728b6144db0f1921c283628
xv/19886.hot	28	5fa3587b8785d444bdf6c38100322a3bb45a32772effc7c91112308d42235e5d
xv/19886.xmv	533182	db1d65f1632eb48dbdad7af31a6a0f09821f0f0559d217d07560cd1f82f778df
xv/19888.hot	28	f166f2e0d31a4e6415b0fe74cf1f2e0b63748ebf447c4df9fbb8ddf692289a5c
xv/19888.xmv	1227543	f6d517609e63d7986979d699aa4d638943d18716823240465ad4cf514fa8ce08
xv/19890.hot	28	37dd58941601a5519b7014108a9c6c9f3704fe16055f92f91c898b3b8c0b92a5
xv/19890.xmv	471530	ac7c53804525d10c99b0b664886bfdb7f6fe80aef0913ab0c39adbf0bfb0786a
xv/19892.hot	28	da3f853e5e5241a24be97906eabd1cc87b82694efd408a99226386e7fdd2abf2
xv/19892.xmv	1202873	73e2cbc7eceb0df5124ec7b0c891a297a18ef0dd4ded7188fac2ac529fb24bea
xv/19894.hot	28	4e075e50901b1352a09049b999db39a730ce08141fb991350fde6a8d313d217b
xv/19894.xmv	716939	22dedfcf14cb7f1846976dcf81b8eb87eaab78cefdbda9d2835c023524f6d777
xv/19896.hot	188	d282658603c155393f3724f1517245f37db589c6c314b0287d75bc7201939c70
xv/19896.xmv	5305381	5fdc7cf10348a699ca009f062c5193064f09b02f91ba1cfadf1d1b22d9b2c234
xv/19898.hot	28	3b1705beb3a172e16097c6d4af3ef35fad54d22e62688d95948a4d0185c7f62b
xv/19898.xmv	602500	a3d741e1461285e2b719a08fb069c78aef02fecf8d32496be41819058637be65
xv/19902.hot	28	4d5463ae5695ac99d1124a7aa14940dbcba6690def1a4d19fddc6f5912478718
xv/19902.xmv	1326704	adf4a300715096e0d96fefafca3f803749c0f998d964658a0dcce4b6b241afd2
xv/19904.hot	28	3e51a6d0fae5da84155447a5b3caaaff45b9a0297598c49f91df8ff1bc1dabc5
xv/19904.xmv	662424	0c3aa0d8ddd13b6ff5791558b30f48dd9d8d462b2251ba0e8d414704b8a5a7eb
xv/19908.hot	28	3f09f7cde98db86ed178426afb8c3a274bc55a6bb8f0304cfce012464b9c6a1b
xv/19908.xmv	2535888	4c4849a610c0b05df17bd2f0ae1464b386f26fd34aa966672066459ce5855995
xv/19912.hot	28	d6927dd866e66cf4da9f0512b722173addec2a38fc7e181e9fff257886b0b800
xv/19912.xmv	590974	4b9a4bbb3e0b2ecd7593c52c19b777b927b2017ff9bb72f6d20d41b78920ff05
xv/19914.hot	28	f125b73c2ad02c4f809c41bd747f4620a9663694b58282fb37019b6cdcd1bf6a
xv/19914.xmv	741584	b4dca48bef74f8bada02e69714998f923f2c99695376c026890250529c3daf00
xv/19916.hot	28	1eaaa3d3b6f6257385b5e268108e511222a71ced841252aad33f4d4f0bcc12b5
xv/19916.xmv	856353	752f52d1d0965432548fa09ce7a42c48410741c27ab0abe9a0929d86ce60b97c
xv/19918.xmv	728977	893a61bd3ca958c0079b49b25b0bb6021652d47d280e53a9ff6d31ca5b7b3641
xv/19920.hot	28	0dd98e0491bf1ca61362374f32fc684597c80572d1d674ade00045bafefde6ac
xv/19920.xmv	581556	7be8eb742fdaf9b224777606d228bfbe12859b16d63981b0c22bb26f1db07f12
xv/19922.hot	28	4d234263b54751725cb410f01eb32ed1b838feae607c5d5a0f338917a6e07dad
xv/19922.xmv	927699	446bd1feefd7d63f553fbedc0d01d962c6ff2adee49c224eb248103bf739c6fb
xv/19924.hot	28	8d3b484eb125bb95fa8d9423e03021a3eff4f23d256d5c0f67c2edf3eff38bf0
xv/19924.xmv	693996	e2b7e73a237d2dde17c0d75287f7cfc3e171bffb5a82e094cc26ed64d012e494
xv/19926.hot	28	428c72046151acf94cb37e81cad085ac314f11417ca3ef0af78f5763bde3a5cc
xv/19926.xmv	888207	587590b39735f19a424bb012d3e92d37abb6fd391068c618e9a7fca9d792ebe8
xv/19928.hot	28	5997fe3f2e6c17192d7eee3983e8093669f25388eb38a1807ee858c2e108c77f
xv/19928.xmv	1131384	ee770671fc5039404716ff96e274139c52edf978bc6d35bbca3969a185be4311
xv/19930.hot	28	f85cee3b8e2ec9a7ccb1c6b64f36814a762c014fbefa39bb3228d1d074fd0557
xv/19930.xmv	2408160	c3222d29fbb704af81316e5911d4fcb6109413afa6a32470a51ce047d53e3115
xv/19937.hot	528	7e7280fd3cac1bd0a2aad8ab77652bd4913822b0fef3ec24ecdef6d79093b38d
xv/19937.xmv	23116435	3872ca496bbaac55b244a272dd4dd4f8939ec61f3118bebe91170fb21a50e2a6
xv/19941.xmv	452280	8aa950c22ec6bd373acd746bcde22ea057bd07eb161b8ba0bc27ac00ed212b3f
xv/19943.hot	48	4e983ade7d6106965aebe2b9fafb1705394733e3ce0892d4229de34724416f2a
xv/19943.xmv	1149876	e62e9c575dfbbdcce91851ede338e73ac5db8815bb658a08a6d521da692dc624
xv/19945.hot	48	d00c73eb0be3bb71fcab135f1fb98871dc57562b3195893abf6e622d274466ce
xv/19945.xmv	1363641	8e978d7d7896ed966ca9ae63b30cdfef5d9646859fdc0f570ec8f1125b0f33fe
xv/19947.hot	28	5a0e2afc6d721f8f098fbc7b79196f1b22f81965636ff460783c9c3f521074d6
xv/19947.xmv	1541943	88ec6548ef239be082ae8c84ae38d35937b2dfa0529b2d257f21c98b3f745068
xv/19949.xmv	514655	96264ea418927a37ee85440557c7c6f404e8d3181458006ae554a1e1f376e044
xv/19951.hot	48	26fbe371589fa8e6f4643f78efb6f8bb25cc993b3e0da67b1d526a71e255935d
xv/19951.xmv	2434364	1a73d2c1c0b1d52cc387cc981ba35f814596da5e410e1e0bb0eb5bfd98b9e67c
xv/19953.hot	48	8b57f544d8503214eae0c52b1120b6decff16ad8220689c89cff619714f68c99
xv/19953.xmv	583181	70d21c572cbc743d2b764f121769ed7406ce35ee56aad83eaef36a13bc01de34
xv/19955.hot	48	90e4f9177c525da186d0d30cb029e66b116bd1bed7ca8e20ed68724ca958c2fe
xv/19955.xmv	2555113	53052168116d1918fc52effd1cfa1c741fe5d31a3e7e2dc5d19296c86ec6d792
xv/19957.xmv	478117	2e2b507a27b395544ef2f24ab0eb597939194af028192d9c7bd8b87446c4382a
xv/19959.hot	48	25081c8217015bbf8e7807e9279313b1632f85e61aa3369bab8d4037643833f1
xv/19959.xmv	2028217	34855bb249ee4007c7b4f463e1b2b582b1db7bc523422b6dfcbd310749e797e6
xv/19961.hot	48	84bd757af32620fff5ed1c82efd4eaee3bfc3b1119b8199252253a926acf0bad
xv/19961.xmv	857048	ca1d78c1f549209a6e626ad8183b8ffa90667ad0c30fbfc9948b45c6cbe26e66
xv/19963.hot	48	23a06f9e7da11379a6362472b8085b72ea54dd87d8743aa33ba8e32b4bca8f86
xv/19963.xmv	2893052	0cf742eca844d24c5fd14e083cf1b2c813dff12f6310445c184b978e87d6654c
xv/19967.xmv	548199	75c186cd6985047c337ae3cd34b572622e69cbd50c8cfeb7584bc7fa767164af
xv/19969.xmv	726326	1565f89dd7c7eac790c5c2069cb47fd4556e99852b1ee85a062faecd4334338c
xv/19971.xmv	638148	0e89e3db1807c2ec08d64d89914112d208bb1f6668d4ffc71182fb5a30e12701
xv/19973.xmv	680655	a6a3ad2c027e6d52c97f841afea4712c5af02e53438dea0b65a2c19a2a5fc64f
xv/19975.xmv	638343	0d5693f38f8a85d064287b22bbd15230a6f8489b2c8dc05b0953535c0f72eec4
xv/19977.xmv	743883	dce6b32f3b52eb9ad4886f00762ab58d72793c3b9193948bd12de3f05c0339ba
xv/19979.xmv	639925	108215b618beb2e3a3a5add6730515c5896a7fa1644bc3bc13c63222c1443d84
xv/19981.xmv	3810368	f37ce4dd2bbf7d1dfa53586fb12306e32d52561fe757beda8909a4b23380ec24
xv/19983.xmv	289807	1c484bedc6e7ecb0f81fa92a66e6d19d819c7fbad5a0b4eff71d5a2e10b659c8
xv/19985.xmv	328844	05d64b303dc1bc731388b20b0f1bf23ee2ed53e7ceb99159feb07dcfab2f63c0
xv/19987.xmv	411467	6927c8138e52db14c382d9994f619ff56c9856f6c937bdf627579027b5f4d09f
xv/19989.xmv	263602	22a41b42a1756f39fb8ae98aeb8731728ca3d523815750351974e89c2251fed2
xv/19991.xmv	195175	f81cca132ba964934f606663928a2af57c894111fe41794e772e8746bdf57f21
xv/19993.xmv	239182	3f041e93dfc984cfb93a9dd56d542e2a4d092353bdcef001cb4cf9a9515415a0
xv/19995.xmv	365426	825ebc4c62a487b1a1136e1746bce117140d99801e2e6b72083960f6e1e72e52
xv/19997.xmv	203275	69087908b608e6a13791f960b6c07b1decfae79c9877a050a1a82d76a814e3ac
xv/19999.xmv	276803	c85e67cf32fc6f6210794a29b7adeb01f78d9b9ae77afdb53cd63e938ce2f7e0
xv/20001.xmv	439037	432ac481ae8040ddbb72d241b96331e44f9432d3aa6eb81153b2f6aaacf5e1b8
xv/20003.xmv	263288	91b4a2f5ddabb51c90959bd18533a344ce4ab998928b2ef5827cf2060fcb1bdd
xv/20005.xmv	262281	0b655c143673f7fecdd8afd41de6c3de50ee0fa7091ae5e0641fcdeef7ded60a
xv/20007.xmv	215474	319b1cc61b0f460c77ddc1976fe341a351a6311a1defc12d48f1e7832d5430c4
xv/20009.xmv	242030	c0c7a8d5810a294a5604e065b8ae2d7a05816b4fc4ae7ba309174276afd68a1e
xv/20011.xmv	259964	4940acee5b79b8b3616d92ffe440b58613f9017b5904ca121259b19e91412221
xv/20013.hot	48	7c3e24bb188d52218f1c26c9491f836dfb55ba617c211dc5e18bad957ad77529
xv/20013.xmv	1662367	28ff5e82d33d2a572b39bc12b9750cc5a6b9c5080724d1a62f3be277950f5a24
xv/20015.hot	48	f44343d142cb926b57aecbc38a3e976974c0989f8c7bf24538b4610fa0fec94c
xv/20015.xmv	1727690	8998651b4ed9a67a69073547a4376355669bcf6acbf428ab9fbea4db2d1b30d8
xv/20017.hot	48	3cd22162b736c7c62e26cc50b42ca20564b5ac1c716180908f2c12880e3353df
xv/20017.xmv	1164956	a202c841b1e5c9db69fa098c5d549c3123f0add8d4a5eaf48b2a6a5446857cdd
xv/20019.hot	48	61b74ea0b03dc2647fb240f9a24e91e53cf0dcfc799dc22eb2d7d24feb463a87
xv/20019.xmv	1493944	46b0689b9d6eb308427e2239024822c68dbffd91d1532be9d2549461205ad8b1
xv/20023.hot	28	8671a676569be2c69d397907926105b4c9dd2e97589d8eb563db31978d1457d2
xv/20023.xmv	1698004	bcab0a03ae589279e32758ead411b37fb77c4db6ccaaf2173d46683e74f126e4
xv/20025.hot	68	2639ef1ae33bdab5a56cbf244d55274184aa2ef605177e79f25443d5eeeba232
xv/20025.xmv	2195966	feedae8987cc93fbcb47d715ea22ed0b23342ff77d58c597f9918c0c5a9520a6
xv/20027.hot	68	eabef734ef8f97b228e8f37553bec3eab30e555e6e44cefd406e515835121f80
xv/20027.xmv	4681150	935b14b3829d0b6f5e2e16fdfb33ecad7c63615edd7c7d13f51691748976dea0
xv/20031.xmv	422964	4654b7b3e50c67bfe57eb993d6c4d1b796a66c9b4ccf8312675963dafc32cafe
xv/20033.hot	28	476a853248591b193418ce4f8ae51a40a4d8c0e8c872225468e9bf61132b4b0d
xv/20033.xmv	666415	141d080bd6e64c09c5368814914a6a4a2d4e13b31b0aef09007668490cdd7e6d
xv/20035.hot	28	366510161c883ecb83747a6e6d367d910c290939f5ea4d86a3f3ddfc58360987
xv/20035.xmv	601368	259611301d070d04c2a51d4f3d604062e2af9e730f26742da629f0aa397a419b
xv/20037.xmv	437640	e1274b6530ed7921ab44dc9ccafd3a8720d5de139a14ab2bdc13070e0808e7cc
xv/20039.hot	28	04c8e241e27e6e0ec889a58c40c01f223998993a3cc854f39f5c6b99ab4c19fd
xv/20039.xmv	683838	286d5125a2434da110e7eb9033d42c32c304cb0c6a56008254f961235402a42f
xv/20041.xmv	356329	cee78050b784bfdc5e8a8e38a2fb4bd1a1a0ae6de6cd38ac438685426a3ddf91
xv/20043.xmv	478384	0a873974ecc06cb2275bb359c67a2aaad7c2f53120a2cd071c9a61183628342d
xv/20045.xmv	238286	50303cf4825634541e7527c3ef2e11c9e8a412f504e363d370362d9ec628162d
xv/20047.xmv	292839	775d99d4707fe07d1c39add679e4381f746b2227de6277f9128506fa14b966e8
xv/20049.hot	28	3f42b8be130314fdee7868323f2a041384f243bab32299c0efa49ae22e237d34
xv/20049.xmv	873687	10d9cd7a5a8df78957fdcaebbe2cf4757d12675328d8ef3dad6f2ca94b14c6fd
xv/20053.xmv	538356	16f4a7bb9928ddd46bb0f1debc58999f7dd8bb871cc4b0d33ccddf3b9a3b2a34
xv/20055.xmv	501632	ba846b5166bf6cda5919b8fc65de98dd52129966bdaef088b4c6508950ffa9d0
xv/20057.hot	88	95e4500b9fc0a6a14829b3476f925b5e2030b256603e98a83e8069832b946961
xv/20057.xmv	3263258	62701caa0802b238b8c143b04bc21fa41a0f0f30cdfdd9527d1d429417149f34
xv/20059.xmv	202703	b8e325be4b3d9d2863b7a827fe0f8519ec841822446dca7166773b82ff68d976
xv/20061.xmv	1165150	77942a6f967911ba96d8928998e8b79d545cd0f23849ce17fb2a6a4d50cebed5
xv/20063.xmv	250122	ccc331235a61cd869ac7a0e5fbdc4f7fb4f5be5c26c788f726f090f0179a0b3a
xv/20065.xmv	151090	3b755e75ef2d13bcf13d81f079332e463f92749347d3eab44523e8e12aec83f1
xv/20067.hot	128	6ca758093ba483bc68b1d20bec268b4fff44776be54a921d1684695c56ee3de2
xv/20067.xmv	3145064	dfde1e68d88fac5a257e3756431f226a588d35747e36914697fccd93bbbcd887
xv/20069.hot	28	090503d02eef0ace1445f455b03b332d569e4793926e785e28126a5abc053b99
xv/20069.xmv	541484	8ad1dddd794d1b51b2dfe60707daa908647e67eb99d183e48d771ed4656dd05e
xv/20071.hot	28	a58dfa09779f097892b449ad731deb13e715a1d8faaea77e8a4dee666b17573a
xv/20071.xmv	1356424	585fdeffa53475590cc794fcf855b19e2fbc5036a470b6c95711b5e90291f447
xv/20075.xmv	285077	b2064629ed6ee223db2d640838994602c1c75a360cc253ecd6dda6bcb2b20548
xv/20077.xmv	367628	3099689f33c5e972cbf0532f460eb9ef126c805ed58ef907fceaf92dbf48138a
xv/20083.hot	28	0cdd5f60e8e767c79f61a55978ff2bd8519288cbf496e7b1f90821c01fbf43b7
xv/20083.xmv	1633570	a27bd7af3a602970ecad100d230548b35b8a4d22ee2f751b596f0cd8fde0bee9
xv/20085.xmv	409534	b090c63bf15f980b90c8d89156427fb9be9eba80cb60b2d9c4eecbfc089e71d3
xv/20087.hot	28	e731f8d850fc226547142250f7ff125630c6eb58eb96d573e20d848332d096db
xv/20087.xmv	1688051	047152afd92bbc8915f4d4c81d8d02b1b67cb538bde3de35f7d40c45092371ff
xv/20089.xmv	377017	dedd5c61d7250bb5a5bc73d689c1b0b5940ead7da3a6c1bb76e94848d66c4600
xv/20091.hot	128	5f6060d59355279acebc946b8b9c39049617c12ac75d9e51bf2e96f67e5c38f8
xv/20091.xmv	4909199	2f1650ca6d1a9b17f8a3ee69dda08fb1a3a83e25be3a7fab69dd58599376e5ff
xv/20093.xmv	523695	106b80bad50ff27debcc39d7768e31525113e0c779e6c2c9cd8fb0efa0d0d16f
xv/20095.hot	68	1290b37a04c1e0e8163299c892d28daf9c64d671fed370a0136fcf9064d07738
xv/20095.xmv	3942464	eea7988b9e8783d1fab7775813cc66e1e9267670583749ee80844aa5147be7fd
xv/20097.hot	148	e56cc365ca993b714d3c51a5c78854c8a20147aa110c449d32b38a6e6c381e5c
xv/20097.xmv	8317733	c87c02aafe7cdef281129309aa12a03a92ca31bc73e9df552c9f1506c9f70cf9
xv/20099.hot	188	7e9fbc9a7059a467d9d05fbefbd03ca4fc37814046bac107d2b45d5ef700fc67
xv/20099.xmv	10769043	d6a1ba65ac08cbf090c4583b3a7f0006186866be0dfa3fbd989baf6197f910f9
xv/20101.hot	68	5d5d04010efade3197cf97f749c82d99766aba9d35875d55f9eee8c1bbc4ff91
xv/20101.xmv	3248929	4c46b6728d459535546b6a7de0dc61ec40970c932551ec88bec3706df00d9d19
xv/20105.hot	28	356f54b21443695a13daf424b7a6cbdf488f85cb10ce756ebdd20767296e1202
xv/20105.xmv	693020	cad181bd16812d84239e13feba69a12a9e9ea4263dcfdc124614c1e6771299a4
xv/20107.xmv	319168	63cd7b7be3a3f1ebd81579286f9f82ed5d46ffdb706252f2d55a47f7d8360f27
xv/20109.xmv	463578	40336e85d04df974602be22c9e4da9fbe4004cb4a650fe6670321f1740b608e3
xv/20111.xmv	906954	7841e30134e84efab74e7564ae56d5b44ab44fbf87d33a8ac183e98cbf6c76ef
xv/20113.xmv	353293	8f7509a149b0425cc9c8f22d509471c9fcb2c08fa5301f893c2ccf9b76d60525
xv/20125.xmv	392340	9f6e434e598ed30537dc7e87cbb866b8371fd5f31a8d8e7a0823d0de55c19022
xv/20127.xmv	238876	fa19fefae40ec93f5edfae5ae0e05041fb03050bdf95d826d5b73b282aab6d03
xv/20129.xmv	517461	a7e9a699b33b6f429a190455617fb091aa0da43738939f1f425e4848f496de9a
xv/20131.hot	28	30dcd47edd0fbed9c0d8af9b66f68ab3defb22530e4385d464d871b50939d576
xv/20131.xmv	863176	7f6fcdb4de43ca3f41ca0c8021b6a68d276e0e24ab906b4404fa12cabc3defc9
xv/20133.xmv	423501	32e7fe67bf8fb2420f3148e8da6383ecb421eb1e90ca550cca5a8395dad7a400
xv/20135.xmv	578421	4326c8dedcce136c7486f17634ee4b19c1c5e11b8549e2d7a3c7969c49c81829
xv/20137.hot	48	5fa474fba15d204233885840637a54875a481dab3f61a87603570fe2bcf77a41
xv/20137.xmv	826246	c94ad1d55777090a8e8d8f0b3e953fcc7d485a559a3d890e0bbb170cb02c97f9
xv/20139.hot	68	3c82d9e176398c8c968cdffa1f1a96109f9e8fd02ffe49d5788c59c51cde96bb
xv/20139.xmv	2704977	1f1da8dee10adb6d8753d43a2a72a63ebca3414b532e5966a3fc20900b9f5bc5
xv/20141.xmv	544844	0dac1d913139e5b454709e1bca6b76cb418481f4c4460773efcc55c01c7a6823
xv/20143.hot	28	44695f61032d7e5efb12b63bdea5dcf6eb25fb4b9d9618db74c6deb96330cc9d
xv/20143.xmv	2174020	fdc2ac64ecbb86b8377dce0dda8076ae779282de8b5f37ec1e6dbb789af24778
xv/20145.xmv	744414	67ecb9113e2c3d577852d9ca9adec6210e4f0be99f80be091761202f1c6b9dd1
xv/20147.hot	28	1ad51fee5e33868b95a4f73f7e37575165680845f1b63ecddaa44a3fc578ba8d
xv/20147.xmv	2942216	a4247798515e79bed0e90f1049648183640ee0c5411988c0bb4b02bbc64eb56c
xv/20149.hot	48	575ea6e5a86d4e23ea0802cba94b41754ed661d73048ed8e7586c137e75af79b
xv/20149.xmv	1135256	4c3c7da81f7f8f7b7f4795070a2a9c7cf52534408d191f4a8ae4fc74f76fd060
xv/20153.hot	28	f7a3c3415d25fde628681edf2172dc294f7328fa6b2d7e8123ff74dd9fedead3
xv/20153.xmv	968900	bc7a52f7f6414e2a51c4e816d3c1822ba45bfb27a11de89e64143c63583707c2
xv/20155.hot	48	b21fe567363644af89c0d4716a19df2bd680d740bebdb87de842f43fce296493
xv/20155.xmv	787099	07f4930599e58ada981ede132e4c2af1da618a935765332890514e4e0e68ed72
xv/20157.hot	68	85fb5f0da4651b9bb39aa5d173658a1c4f88a251444d9185d73a428e2f861163
xv/20157.xmv	1726157	6cc8c1c37c18d54dfe7bf3b3b62be882e1c9c2388588a90a26b167607fc666ac
xv/20159.xmv	596452	7cf445f71f4a21caa75338bf3e5688c0c62d1db0babf84102e6aaf9e29b976b9
xv/20161.hot	28	0e12ca0a15657b631d2b914aa1ec9dd6872be1ba8fdf611054c30abfa4bc8e16
xv/20161.xmv	2655703	e7fcbf696128ab84155c0333ea9ed07db872690ee6098b00e3ebdf0feffee1ce
xv/20163.xmv	588968	7a59cc57eed4c419a22a79b330183afa6deffaf7d18871369c10ef50cbb66d6e
xv/20165.hot	68	fab4e79c9743f1a8aa891aa3fc800f8f02c371c2f54caa6d79e0868533781f93
xv/20165.xmv	1586972	0e3c06adca1b653a2c5de701c4dfac53f2754c9661037d07f13d9037b1859525
xv/20167.hot	28	56658abeba49bca2efb25f185d65cc14f15dfd0dc2d83318103339f904752dbe
xv/20167.xmv	2311312	b9ca82ca119f0b86fba9b5c362821e2b595b74095d62bec283346dc0b1b793e9
xv/20169.xmv	872264	3069e0151cc2d1b8a2a148a1510b764f76f6a72137d92aa708e26d30bfc9d8c4
xv/20171.xmv	660386	47db3e533f6fd5733d728d635c3d93de4e755c180fa4de1d3e9d96740ac3ab85
xv/20173.xmv	551319	613a4a0f198265285c2a6ca64a82f1a9693a96f0d3b6328a7d4c58733d0ee26e
xv/20175.xmv	528857	5b92aa7ef19b0de6993ae7a318fab7cb1fb774b595e7d11c7520696234b2604c
xv/20177.xmv	560851	e1be00d0af6384aeecb76501c84e5157b5208edec788e6206d3b5106fd59a2db
xv/20179.xmv	580588	d3c0b11df9959b23557e5c16d7fba81cd3e4f9f1e01acd04d21dbaf263a6caad
xv/20181.xmv	483240	6be48efe6c7b0f028109354e65c3dc89e33188b89fdbe67ec4113f4ca7ad514b
xv/20183.xmv	402008	a7ad605fb5556114f2a2b72819c8ec718b7776bdca59f4dfa16b3f3285d0184f
xv/20185.xmv	315471	d5539db4ab2e7d46bc37a8c11b8473eeb1516e39940910453517365aafc16ce3
xv/20187.hot	28	39f1cd603bfa720a641841ca72791871bfb6260e3e147106ae736cf905eabc24
xv/20187.xmv	1238803	c4828eb21aee9bf63f9d1955bc2ed25300811932e3c9e435828ef11e6f4e7eb6
xv/20189.xmv	520769	ec5ea0d44a772372bc840415ae505af3079a9e8c12fa5be8f2de883db1f4f3e1
xv/20191.hot	48	c98ac6aa8cce26d888d1dfa54e775b56705f9b90ba02c1c3ca1f7284895c91fb
xv/20191.xmv	633784	de879e8c575b39675f75be2a485df8b5ebbadca94c36960dbf8e10d8429d5998
xv/20193.xmv	298516	0b4359f1283a272560839ba901aba3ee59abd2c163e6cfa9bd549d92ac6fcacd
xv/20195.hot	48	93f74b02e6908201aac2d017d6107a59c668f0ef267a60785cc410f19cb844fc
xv/20195.xmv	1277805	1260fffdf94951facab4f98b033a568cad91c0e84ae42b9cfe9763db8a2efd13
xv/20197.hot	48	f790b65dc85b13e65a13f7b8919f3b5b7fa75bce0e3d067760536101e623ac25
xv/20197.xmv	944071	5d7b0f0e2ae92a62c2b552a3b4eda717e0dd6b1548bdeb9b29e11d061a276a5f
xv/20199.hot	48	ab64cd1c13ab120ddd08bf54f5602487bd3a74cace7f9e9bd9454851864481c5
xv/20199.xmv	909575	94201a21344d40e54ff6b7ef2760b6bc5161e1e0961aaa0262f39a09efb8d62d
xv/20201.hot	48	8f843060139e948db7f85c79dcea20abf9c7504c31927ca351ba423f7b003151
xv/20201.xmv	1006803	69d644ca182dc6bb341d4965004acbc203a7cd7d1e25b9c21783b4bc0a7559e6
xv/20205.xmv	977134	5e22acee4f385fc5125efdcc61a33c777fe4e20eb825c7f363996e066d1001a0
xv/20207.xmv	1233673	c593b75a7a727b76bc6a8f19f3f028495b737cb460a67aa699ff7aeee07c1ffe
xv/20211.hot	28	61fbcfb31bdeb9db0e7fe349cf3480628a53c09a5d8d0909c55880ed3d4fd61f
xv/20211.xmv	1152895	20d43642e238fd0cc54e9d8dfacac25bbee7720d1df6e73b31d04e4ccb1cfbea
xv/20215.hot	28	1cae26a390df9f166159c7ea8515e76e1ebd5ba220e6466d43b6d2423dbf5bcf
xv/20215.xmv	538817	7a69042cfc2619fefb48884490ee944f4977ccc0935506df7859699dcb563bab
xv/20217.hot	28	cb36d1442ad9b1f0e496b9c25dcc5ab0926ef8f9f5d5d762a4e24745ec81cc7a
xv/20217.xmv	926957	b6825ee4cdd9899e90e7e0b8737cc382f2447452ebb8e6f368905da5d46edeb4
xv/20221.hot	28	b758fe7ffa894906e0bd5efa880c0aca1e695655ef0dfff9b0bd11a2b1b9fbfd
xv/20221.xmv	1088084	7b6937c5e68c61075bbb6c196507436851a5e488da4d255c9d2247c5d2aed8b1
xv/20225.hot	28	fba39b73b770bc17bec864f84342085eaed33b5b03d3513bc85ba98f9f4ec514
xv/20225.xmv	1423544	3ec11c47e9dc7343e0e94430610ca5cf731f9be59e6ef41e037b9b4d8363bede
xv/20227.hot	28	75dd0c3b1c53c21578514895cf6e0f5f90a6ff6b093edcdaaade76cc99aee3bd
xv/20227.xmv	1149419	ac3a23c13eca6499e85de354cc45d53ee1396acdc1fe32f220bc6a26bd83e230
xv/20229.hot	28	28e3fb66ddb05c53e716182bb34134f6bfd16a535cc7cb47c56942ebb23ef5d2
xv/20229.xmv	1055060	cfc42c51d3162200415be4cb6d4763fdc972c3b809939a192cc03b9d74fd3812
xv/20231.hot	28	b38866b97477310e51ebe7c8a8ed50ea9b419034e1132b773f3c7ec94deffef8
xv/20231.xmv	1169194	b26745e39e032df208b31936daf2b1a75a57606ba800e4914548d1375f8a257a
xv/20233.hot	28	ece736964ab8714fc55c9686804af493e8c67e8e4e8aa539a9d4a0a9a0cd9d76
xv/20233.xmv	1794714	169c03e8f4c5c5ad49e2881ab3451fdfc5cd05439dcccfc7500c2aedc0d42da5
xv/20237.xmv	498394	16d3937fed9dcfaea31e7ac3cc69152a570fbd4507237ab073606168d4bac094
xv/20241.xmv	601225	5e41733d1eed07487ea42ea91eebb0df10eaa757d7046aba3ff8e3b6c4661ba2
xv/20243.xmv	768598	87beef235408fe18f8b80eb70c6fe1401eb5827550c9b543f4d5eb6e3c0fd052
xv/20245.xmv	472460	9b25d11f1c06d70314b509b08042c9a2da9b49edbea61a5c111da43f1aa1ce2e
xv/20247.xmv	751534	a263b96417302e8f25cb7a0cd76fe096f5136a5287877d94dc3663eb765b4d6b
xv/20253.xmv	393926	75f262c2fba7a3a15ab351704588a452e55e6cf537260f9227baaafb05c84e18
xv/20255.xmv	562425	4cfebf400bdb4b4c2043e98f97c8b7113fb7adbd4cfa4a9de05fad26cc4497dd
xv/20257.xmv	678800	3e792ff3f873c805aa3eb4c180ce9c93f69cfdf6ecb456e9683052d8762e4a6d
xv/20259.hot	168	ba712865a986acf1b792ea8e3a9cee3d73a0ef05d2f8a1f090248c3b01e8626a
xv/20259.xmv	11460246	7d377d00c37c6606d56a160c705ee20f15ffaa7e204a65d87e1314d0dfa496e5
xv/20263.hot	28	186b56ca780bf66bad2d38801beee698fdc562516aec4bf9f14878155d92d9f1
xv/20263.xmv	695662	fc32af31221161329a5d48c201f5e00a05daee5379320b39a3d443a603f209f1
xv/20265.hot	28	6e608bbcf6340b5d660d3d656371ca1e232635fd6f4d47fd5f7b6e9ac8531cc8
xv/20265.xmv	653997	4a1b23c1ad7c2179e2a6303b629722d2330bb0246b952328010a043540e535b1
xv/20269.xmv	410152	4c23ae0b57205153d58790e665495d5a23d4f884a8e549a94492683cd71cb404
xv/20271.hot	28	b8d300996c33352bbe92c500a9c3e56205f7422ed5a4546dc06d566a08f759be
xv/20271.xmv	1516084	ed17b3baddbdf07c872f3eee3428ac31efc2201e325299d7b104c8a0db718a94
xv/20273.hot	68	c36952c15ac413bbc86440e9041c4a946861c4b5a5c47450abbc9fd2c6571f26
xv/20273.xmv	2662163	0d8bef053161f45ea6caa0438a022f4aa85acb50f8d4dea6ce8037bba96ec5ae
xv/20277.hot	88	6092869637fc28e7baa84a28734fbb08e83bae70dd68d7a8bd6922456efff70a
xv/20277.xmv	1986629	8d9c3504eb092f251f3e352c90591642984b541a4d28c0d1e56cfc75698caa50
xv/20279.hot	48	d4fb8c11a1b096326e1c34bc7a483ab7ad5fab0f8064e9ee09baec46a54509dd
xv/20279.xmv	1499708	239c68ee3ba27317fe8903ba1d29aa852a2bc94618900e08bb940083e61ae0e6
xv/20281.hot	88	d5da1105c3cce5654d978a1bbd6e1c32ec1451569722be8bd627a82c3dfc7c0e
xv/20281.xmv	2826499	947a8963f4f315e51f6e6c938cc2bd64bc0b463280e6ad9e37f6fd0363272bfc
xv/20283.xmv	851606	cbfbddb94b735c32bf2c50c989a85da54e1df94905f6fc3281d6660288d103ad
xv/20287.xmv	238117	fbc4a90db4b09b99bf2c1bdd69dba39a003145a48462fe4301cd98d09ccc937d
xv/20289.xmv	389085	397eac130ff4a24f0fa126c1a2f26b5d60e8369f3a23ac2655f176f27160fea3
xv/20293.xmv	244759	1fd15bdfb01137b94a1c264b74533f6d2db3cc5cefe9cae6d1a8430bcd0847c9
xv/20297.xmv	147764	4c3f340fb947c1c410790583bbc39aa1a605229caa123aa4e46c6e2f80f3bbf5
xv/20299.xmv	181768	cfb42f3f79fe64d82ffa8993a62d3206ee5985cf8cbafe4cba3765cc90d437ba
xv/20301.hot	28	e49c52a44477f6c46d64c057f3bdbfef650278462ec9ec2295c2a876177c1e17
xv/20301.xmv	1434303	7b188f77616b8de6a2f7ba4549543cb184c444dae9879cdf8a355b947d6406e2
xv/20303.hot	48	52f7b737bb1250588894e9fa8dc344ed8c2d33995f5556c4a8d4713192710037
xv/20303.xmv	1693431	f1521958784c9faf271e3d46c2b8db7244353ce3395a8eec293eea997d4516a5
xv/20305.xmv	1171261	ac6b070d2a5eb801eee45cd656bba0af49773e7af66ca68a96fd6033a6ba73a2
xv/20307.xmv	905769	7c4e82b66969efd07fc02043fdd8c3ca62594b100edd1ddde0d22445eadb2c68
xv/20309.xmv	374070	b6f6393faad37eb415ae3f812e5972c45bd97183f88d73da23b799e931209d3e
xv/20311.hot	28	e4e5f9a967c4edc2a7e8356770008574f4f145352c68a6849a387c758b559b10
xv/20311.xmv	1178195	dcc92fd30d857d0c6cb31966d832021089273dd435dd51205e09c0434c1c7f71
xv/20313.hot	28	6ff80d0d2dbe1d75bf11b5691af1289e88e950ddd59620769a9f6b30fa7df2ed
xv/20313.xmv	614412	162ce81eb849f35e9024e518ef0adea44ee2b68674bffb9be87c58ef7d8ee9a8
xv/20315.hot	48	1e633978397fffa51cb5b079c4dda14d9a11b4bb03c8604fb20e8ef1caff368f
xv/20315.xmv	1308366	34c4485ecafdb8676d0e426315f5679abc3bac59e3cb93a1fea412ad306a1270
xv/20317.hot	48	6b306b89055ec342744edffb07b95ca047151f5db956a601c6385eedf1a98e35
xv/20317.xmv	2028196	3d59eeaee686af4a9a3c498b4ce4b3739e32a787ae9a40ec0e4cc332ccc28111
xv/20319.xmv	792575	9cc06b2991187949dadf35eef286922df2c14ea9b1cbdb3e7ef5ec73b2253b6e
xv/20321.xmv	590575	dffa5aa3edde42dab639a8821024410fb53b044da7987c9f39096cb279f2e774
xv/20323.hot	48	f38cf07173e8f466a4583ae336b9e007a38836ab783143ae59ca318eea93f356
xv/20323.xmv	1279589	0fe02d683dda34b2c6a17cc2d4bc71ccfe1483fcba19dd8ca0c8c153c7deed38
xv/20325.hot	88	f91f3f1711c31bbbee656dc473851c5438fe348cc0120be31d8e19af1f75a98a
xv/20325.xmv	1585835	570dbd3b95da04440469ebeaef85cd622c7f54520d715faadf5df34eedc68701
xv/20327.hot	68	72999a3ca3bdc5be347bf386e4ac09481e8b12d3ef200d79fd148a67f1d8af09
xv/20327.xmv	3392419	7788e0cd62660115623d7c8ec67c03f8c22f764ddeddb12f547f80a064aace41
xv/20329.hot	48	4e9d5428c33f6b7bd9f8d44d4408c9f0604d280f28dcfb3572e90939c6441a98
xv/20329.xmv	2060618	fc4e0fbcd9d9f23167566241ab21537064406a0326e964d00f501e42dd89a0fb
xv/20331.hot	108	762ab1727387331c6510e72d919b400afd0b81405a4b44ef32ceebc0f1896335
xv/20331.xmv	4726873	1b409d0310b80408d6a3bf86a35419d480a8279cafd749d72c79f2b1f15dae70
xv/20333.hot	48	574197f1924cd736aa0766c38b8618f7a68813fefc62a635e54c6996fa3cfe69
xv/20333.xmv	2683777	0b2b2a026dbfdb0bbe9f65126d9b1d6b1d3889c711eecd2d05c69f1960c08148
xv/20335.xmv	853704	56b0ed481ca5408fb549fd74510bfacc133912924db266958edac0b88f13d773
xv/20337.xmv	578692	ebbc40801a190053c1b44ae1ee64bf433808f0dcd3cd1c893a22226c23809792
xv/20339.xmv	771835	94f9239e373b2fa5e9b171336aca4b1811dc232a8deec7d4ba2486f6f994823c
xv/20341.hot	68	f5c2dc46995a06f036d29695c9a0f7731573bc54b23fb51fbd9149340eaa773a
xv/20341.xmv	2063925	912d3836459e30fcd79e99771356475e715d68fd0e62cd85351f99212bf58a95
xv/20343.hot	68	daf0145778b426d49794a02f1cd59afcf732198a01a421191293982557540caf
xv/20343.xmv	1708348	a15225511f149cbece55d0072c1bfd0f8a9ec93cb228fd69663e60f2cfaf9acc
xv/20345.hot	68	11585385ac2b0e97cc3304dd52f74490a13c57630110380f9edea751b265fb3a
xv/20345.xmv	3070464	4681925ca194df8eeda1567705107efdac75c6245d76a3ffeb769967375f30d4
xv/20347.hot	88	64a3e3510c3e821656049df2c9b696ebba0142f46f08b7bd8d4d1ab763a30851
xv/20347.xmv	1801035	574ae858dcbf863fb36585af013b848fd1c4a9712f5fc8c5c2ad3c6169d14a64
xv/20349.xmv	1484112	37022b7690bcf5a776221e7e78e162bf07ab27e7b4754f2bac558938c4597f02
xv/20351.hot	28	4caa3bca68963eda5e8c0da8eab1325effa34aa9483438793b15eb3ce21b74f3
xv/20351.xmv	1211999	c3ad530185487dc97ccb6f5d42c1279ebd43d0b9d931bcd03c8a8742480a9a13
xv/20353.xmv	471002	3d719e890fa058f00328fcf4bc8b1a32e8f3ab4345d626ea849c00a34e766475
xv/20355.xmv	359882	deb385c1871186b29bb8b79346b63ec9adb2048f0baa64e4c0e8bb5b7213a88c
xv/20357.xmv	357910	f3237cd8dd7b0e1c991900cfa29f2a678d1ddaf567d92ec0fd39bb5a251943e0
xv/20359.xmv	468708	259e35fa41c96f8a144ed606ec99370086ea44ae588fa181a155712d9cb0c04c
xv/20361.xmv	476876	93fde6050bb33f31c0e788b8e4e017cd6d9488efe2efb02cac4c2f3df2c9a567
xv/20365.hot	28	34d162088b8310ccb14b962d063874c39598ac7f2811ab7c5f20545aefe4540c
xv/20365.xmv	813838	66601dbe9ee8fdd543f3dbfda9c33917f91d6d8dfc871972a8d339c253858697
xv/20367.hot	28	a8dee8a831f11cf434637679595fda63123d873c2c18fbeabeca2bdae968c721
xv/20367.xmv	761072	b18c07f266de1b15516bf826c016aa927c662de442e567c688dafd14ed50d0ca
xv/20369.hot	28	60604d536d913595a9626841469b346de03227830fa560fe9325f50051fc9c07
xv/20369.xmv	4245414	00b74de6bd40fa701373329c2bb71a6670654eb5ad8efc937141273828089250
xv/20371.hot	28	027efb851faaacf4b06fb39cafaa989b4900fee64c17d61b1282356e0e598a04
xv/20371.xmv	5484898	23b1294f25e69dcd231151b6e7f3f8eeeb0b360f7f0d764609000970e34b6b8c
xv/20373.hot	28	68663a3ad007ba8bafb50910718f50351665920c84f11bbd9a1188949952f3db
xv/20373.xmv	5412001	9c49709e4fc8e8a91aec0caf476741553839fbac2499e5400831a3085d731711
xv/20375.hot	28	1c58f43ababf8cfd85ff6ccdc24f8a5415aa73a8a6ef86dafe9688a886897b0a
xv/20375.xmv	2060670	e3f9a4505b2bd70473294d1eb7826e7c2ee6a4e44cb05b3984fb987ef79ef204
xv/20377.xmv	4775066	228ecc35ad65be3002513847babc5be046bbf924f20c733a68e915ecedd7e66e
xv/20379.hot	28	f4cb22f3d8fbf534cb7fd26e5cb8005b71d438af2272bfbe0da6d7ceba47da81
xv/20379.xmv	6459144	0ec516191d153d0396805625ee08dee6bd097d259c4b67856b9fd2e507423833
xv/20383.hot	308	10925324d9b8828fc581079dedaedbe5085cfb5e4acd9e88909df7afe49442c8
xv/20383.xmv	5917698	c55367799ab141203949aa68f84253b88c440dfafa1b146a85a604cd57912100
xv/20385.hot	368	f9bee3867e5b68fc1d905ecf9e54aaf69375962ebd13814a94adc1a6e466ac18
xv/20385.xmv	7205636	bb422c42c98af8dd36dad760eebc12ae28dc0e880b0ab435179d81b706ed8ca2
xv/20387.hot	48	12b1d172ac55639c82c44e46ff6db05d4a785101e52fef963cc73fe5631eeb82
xv/20387.xmv	13429107	715cf39629812f140e2b1d113d3de87065fd603e492822a384e9a4a428fdb598
xv/20389.hot	88	f4915e44b6bb885dfe6e1edcc3f9fef2b2baa4fab1ef58b1628ade57a38b95ed
xv/20389.xmv	3343378	de10f05ae7955204dfd45d1e578dd5c7d0a80d5e91b1052e598a3aac7c4596a0
xv/20391.xmv	2522173	42541cea30afee154b12f147ed318b2ba08fb0d1c4303a0c7ed4787ede8a8f25
xv/20393.xmv	2881465	24e9f4480cf87f7ba59d1c76846f4ea8065eb5924c9f5c92b9971023e8fcb71e
xv/20395.hot	88	244d6d9d7eb45409396033bd61a43eedf9778db43e84314e416ef331c8347bc6
xv/20395.xmv	4708174	486b2a3cb547e973fe8b9b9e4fa5f0966bad401c64038180c164eec2f717e28a
xv/20397.hot	28	9d440020fd2649172dc46230449368148b49c5abc8be0b339d6d9a5dfd024494
xv/20397.xmv	655814	fa0876affc7b5c749e65ae9021bef4e84daecd618a9c79e51730f4421260067e
xv/20399.xmv	368169	7212f0ac198db8a8189fd4f97e65c65f4b8069c911060946ca90e1aedc2b6f91
xv/20401.hot	28	4cca628d3bff19e64129d36eb74c7d8b3fa5fa0f0721c36019e848a1c1131200
xv/20401.xmv	921567	a1406abdade07288268073968024c514d80201b51139c5617be62c771109ed43
xv/20403.hot	28	9e4181b15884ba30f9331211629d2e486d1fbb33964c532d6fade238a328293d
xv/20403.xmv	834752	f6c9fceb73eae1cc2e61f65322f6e11839b7a4250bae524218a5d40b4adf98d4
xv/20405.xmv	458336	905409be92bb05ead03b0cbed523f1822b7ff1ea1a8f941db22ec8a60195be12
xv/20407.xmv	606487	9de217bdc1d053b3844a151cd754b08e61e7b19c7302938186b4eb20f23f8b1c
xv/20409.xmv	618313	0c360bdbd3832efda461d381f6e2c43b625c56bfcf3967346f266b0d61ad3621
xv/20411.hot	28	fed58d4e95b8bc1c37ee11761de7ed8f0787d9aef55c842a0ff781fca345de90
xv/20411.xmv	1310819	73d1a958d6c894df733b60ac093441dfbfdfadd03d59434a2289c5e517cd7e4e
xv/20415.hot	28	9087f5b56762cb29597fe5425a9a544d11da241d6ce3eaecfd257fea5e9e554d
xv/20415.xmv	1346683	78e8518c0fd559a8da56ef7bd89bad3b0efcf3071c0e667b6dfd8c3e222fa902
xv/20417.xmv	1207285	3b6e96e8789b1f55b3a64a2ecc91bb135f0bbdf9e5697f81c82371d5533a61a0
xv/20419.xmv	924086	9e1d90b913a600582a7dc5307cc07a4a5de44aacbff1c5f2b11adfd4a2547b77
xv/20421.xmv	1116752	5859ebf0d847c9cb1ade00f549d540e0bb22f6fdacfc9ac2a7c11e8f45eef97d
xv/20423.xmv	1014646	7febea34588e7bb48b51e3b04dbc039f0b26f2c2c091431af24c40a2aca4bd93
xv/20425.xmv	1076746	ed074ae91144a23f4f47f85c573487da93303c6a1f8f3c62bb5e2aec584efdb3
xv/20427.xmv	1101231	819ea9a58b9751d98efd93b4628d2c0e1b61eedf3cd48f8ced371f16411c70b2
xv/20429.xmv	1014320	4a10aa483e246bffa58a9eced961869f69003f0a5a5db7ce1e4ecbaff19c9717
xv/20431.xmv	992202	74e4b1b976585327a10241d0f1ef51226cf7205ddd64fdf6ef71e00a6a9713de
xv/20433.xmv	1060493	175c1a5b7aae128b2722a954447d2f79f9c3c2eb962f92f79efc6b9de7a521f0
xv/20435.xmv	509073	949946cc877abdd155c43b9774202565c04c2018da263ecba2fd60aa669debda
xv/20437.xmv	283729	be729442e53046b961f14de40aafafb958377c9e5fcf07f40ab5d2fce513d54e
xv/20439.xmv	282718	5cf7c66446fcc97d4d7047f57e6815918a2b1c3ef94c9b4da822b3f2d58c74a5
xv/20441.xmv	340103	95935de9d985c7f486777667e893d4c4704ce97e49cfab7d43fc09e7c8352a8b
xv/20443.xmv	338488	750485c8c7963de7b90c27e5444ec0f5f8e1cde9521f9f9653ff47d97e0b33b2
xv/20445.xmv	271653	71bb53a87c800dc279b331b427c00accacd9e6a5c61b73a6f370519e8eddece7
xv/20447.xmv	398872	b8f7315c80a52697f832be5dcdc8794905c736b574603477407f898df4c4dac6
xv/20449.xmv	307983	0a1609802372587f5b7fc560a2d6983666506f08063843f6fe50c1720f40aa5b
xv/20451.xmv	464768	5fe11c787dc5fc82b201fdd5ba6c7c54efefab40d4693f35068dbbacccb207be
xv/20453.xmv	319581	10fce6de8cd0e9cda8bed2a6ddf41b470b30b373e26c1f8fe5a1a907255e1bc8
xv/20455.xmv	246889	63c7b7c53d055ce7dba86c09af84c19db041b248083d3795e8b89cfb5017df52
xv/20459.xmv	231183	930bad8585e25608fb2ebfaa0c57379c9a11582c8eb2514a36c67341cb92e2e8
xv/20461.hot	28	06c446504af4e28eee3d5b04f1d036409ae3ea4fd083c926de1fcd10e79ac8c1
xv/20461.xmv	743894	3302277db1139cb953dc1b399ca10bd7be8190af134a069a126175c6087dc5ab
xv/20463.hot	28	6e145e8825f4d877ee49eebbee23ac18dcdad02f7608960f6fecfafc2116d180
xv/20463.xmv	954380	11c84360c2a167f62b5825d181c0dd57f17f6b5149b7d009873e12abd8304250
xv/20465.xmv	342757	fd3d32bf472fbde6c43a9a9cab2eed09c70db6abfac4cb392721e0d2e5a49041
xv/20467.xmv	167796	93bb82c10069ad03b049ad1555a7487772bb202237c21592faafd9c046ddc90e
xv/20471.hot	88	3ce8186ffa095b0378a4d5a2d49fbffd24591918ba57e59fe968367da10e75d4
xv/20471.xmv	6108645	9859e20dd61e17a187df5658477cc130636b714d42ea39e48d6631efadb744ec
xv/20473.hot	48	3cef79f2b8347662ee5ef3a57d27ed33d02e444888ca1e9f96d1abd57815bba1
xv/20473.xmv	2028049	9e74a9ba57c7154320162bfeff9e3c5af866ab1aee766c2222061702755564a5
xv/20475.hot	88	cc80d54cfbca85194dec8af9d191582bf739589bed5dcc65dffcffc33bfdec57
xv/20475.xmv	2993799	8f02d53cd4efabae58dda407c9fb361edf449fa98382d8cc7e633abc3c9dd4f1
xv/20477.xmv	534611	7ffb0e9ac5efaa5fb24914f35a6c60e87fa4b7824e29aebe0ed764dc7024f0fb
xv/20481.hot	288	dabbaf3998db1213f064eee815752b8f1b45c915f153a775264686d53de3ee11
xv/20481.xmv	10002117	c4eb32f9f02353fe05169ad31b842879380e873157c9ebabe2c8b43aa4ffcdb4
xv/20483.hot	48	93bffd8cabc589e3a89f13b9ac116b5f2bf6475e4bcd084716cd72baea366b62
xv/20483.xmv	2320942	c24579d0bff526be5c8ebeef4518f00cfba755ab9d2fdd47151c49b8d950caba
xv/20485.hot	48	54c979c56cc75b256eb48d0428699956055ae21f1f6f79a816c7545db59c14c2
xv/20485.xmv	1866553	6ee5ad7d4844539b9923ac9ea7caf8f47ebf782d9e461bb30a487e93dc8c512c
xv/20487.hot	28	fb37f1ffe2738f2acff0097011afe830284363ca51b7624d175f1a0ecb21f27e
xv/20487.xmv	1648581	2a3dfc6a8cc1a9d44f8d0dc9ec5122a1ad429552a15db7f5612f56d2eb94cafe
xv/20489.hot	88	1d9ebbc1c538946efcf17bee85d292cc7f29180fa2b154b2868d09222a2fc348
xv/20489.xmv	3989230	32051d15f2144684dd5e8f4754e41914778304909ebf89dae5d4ea37eb55ca66
xv/20491.xmv	590590	a1e180710f1fd9ff2810b0ab2ac56f054ee9757601bd0e700651a2e8b49a8b21
xv/20493.xmv	650881	7ba6a36d9d01802474e3b75262be7fffdcf46cfaa075385b94a1cedf4952b83f
xv/20495.xmv	530949	c54028e5673239fb1dc7f1bd7dfb4b188f303394bd3676f279f30c429a06c315
xv/20497.xmv	682564	ed22f6a461370c194970c19fa0817a353dfc725cc7c82562c3debb9b94c05934
xv/20499.xmv	584849	d72763cc5f2a17e0a26153b28bc89978fc56d300597ee96d4d61d0d31f21444e
xv/20501.xmv	613355	2d5c7b6912fbb4fab83bad39eab9e8ee33c5d78a5b8955d1dfc28f1393accf20
xv/20503.xmv	652279	42785ead67587ca241509b54f7d1e38250f62b927cb0117ad766cea6d2ac1d2b
xv/20505.xmv	737265	44b2733fec99c8812d0d583e670423d578347127ca6e8c0a3a6d00e6f1f57aa2
xv/20507.xmv	537091	819ec680462e1ec360caa571f8efd32f2df87027844da4d878924f72638f018e
xv/20509.xmv	549312	dd8c8ed83219a5cbc9d3dbcbfacf833eede6e63b14d534e62ea00d2da7895763
xv/20513.hot	68	12883f0c3c3adf768c29347bedf9c0d9ddb71e4c914a7420c82ca1c87ec60028
xv/20513.xmv	1533936	743cbb0691132b73d780a825beac7c46a6fb444bc6beb7367792c058d8909681
xv/20517.xmv	651711	ee5d9596c41c4860c7d1e1a59c90ac280a291f270d091057e576e4a247ded64d
xv/20525.hot	68	2413fcd8590608e6c0fd0453603c5f3c851430586f62465ded5a4a8b6dafd03a
xv/20525.xmv	1965584	60ac60e7be44b3c25a28d987039d493aec50698a48cfafadb2232504461c4f65
xv/20527.hot	68	1c749febd0e180027447ade9a5ff4a16b169d91a324633626ca7b6a1ba5f7d2e
xv/20527.xmv	3302681	81d61f97ed8098c5a53e1f6eb88cff929ffe731c698886c9848ad133bb63c6de
xv/20529.hot	68	4b012d7ffe6d02f98f200f9e1f29381d6eaf3a13672f46c88c8ff7e13fde97cf
xv/20529.xmv	4265616	a07305c402bdfeca21f1ba4983dfd32372388cfda37b858c8fd12f94f7c5da86
xv/20531.hot	148	6d3d0b2b22687c7061905c407230d543e79342218bd3a1f7f3366dd1df63472d
xv/20531.xmv	6528843	81eea256c44a2bfef9fd5bd6b8226f0ab74e678c4f8e56a277424d4728717078
xv/20533.hot	128	18699267644d79927d67b83b958dba7112a009a8b89297baf7f1a4f7b3ffbbad
xv/20533.xmv	8597506	3b8fbcdb6f6ccd41931bb4eb868434343fe70e0adbf1568f16d07d96d6388569
xv/20535.hot	48	17fa4d2fe4eba8499d7117485f6c18b829c1a271855aeab9e65505db344bca69
xv/20535.xmv	754919	832ed5b91e18ad1b548b20449540f070dbd7d444b18e5892b849ebcc7d4841ca
xv/20537.hot	108	178a5012e404afefa6e14ee9f4aff26ef4cfff18106e22a4f75cc717ed800dc2
xv/20537.xmv	3179181	cdbb2af4035dc2b6a0738cdab84d377f5193a7840a101c195ff8beb54623e6db
xv/20547.hot	928	903c6b0e457ee8447c14c0d61d0d024c2b8ba3d67067703ae13a4daeeaebbe1b
xv/20547.xmv	14321386	a05a72909ab46c5ba0c2a1a06a73e038e57afd5520fb8176d32d1997416db268
xv/20549.hot	108	68572ad0509dfec463451bd6fe7d74d942ea89f37dc110ffdfb674610056235f
xv/20549.xmv	2670864	5b3832217bb0789db267dfef6a72af291a71f34396fd59599869373a206e2c9d
xv/20551.hot	68	83959b24c3c9c92c211cdefd2e973b07fce20cfe8d35392bbf4f371aa9cef2ae
xv/20551.xmv	2247841	1867309443e22314201cba6b450e1af43022644e1b3a674a2640494ff0870e5a
xv/20553.hot	68	686d364e208d2f673154aac76bdb54712534c46575b6bc5cdf3431b68252bb5f
xv/20553.xmv	2360113	0096098fe216146e6e45aaee5aeda4f2924d7e682b918af98be04c64650ac92d
xv/20555.xmv	328479	1bf9cf44af48c150ce4fcb1439b9304c48cec256f4327074e29b7125d8a46c60
xv/20557.hot	28	f6a40fc94571033ce92bf6c8ae76dcca84765876ce2457b976813c0c022a0fb7
xv/20557.xmv	1271515	1f1ee14f0223e696fb9c5aefb0a980092062056bd5297b242e7b25d3ba6c57d6
xv/20559.hot	48	9d2ac5d3006a45d92fb5f0f1a099ad4239a4680ce8026cf06c8d937b59de86e4
xv/20559.xmv	1315195	2d2d1ce452d577cb6d29b598bc62ff33c3f8da30af85b62c0bda94cbcb84e4f1
xv/20561.hot	148	c45e457acdb230d1f1e3071be901e2e45151b906bddcce98557c118f92662e2b
xv/20561.xmv	4802672	c06d4e9ead9048819b5b4d28b63cf8a7b0f543d61b3ffc261d6e39525abd0d56
xv/20563.xmv	377154	f65d87116f7167f95713d4f23d1b28e50252e14e09ca6fecd4d59d1191ca5d35
xv/20565.hot	48	f356369ca6fbb4986ed11db0c21e03ebfb15586aeaefa408f85338298528b4ee
xv/20565.xmv	1362904	d3da41f3f0630ef55f0bb0350e0f2f011e79dddfe5540778f45f7d1cc1c20a1e
xv/20567.xmv	251539	7d9ec7892ae34a8c531d38c60c221bd58e3f16f49e65f40a15a4eba34947535b
xv/20569.hot	28	6b7b5d7c382b73669391cdf3667a573582264b404a3bc43de5bb192fde77db0b
xv/20569.xmv	482427	d1f0086c364fed782f4f8126b1b8c9e4411fea2427cb9259163576cd001b7a84
xv/20571.xmv	339617	41cec2a87ec3cc9d2cbfb3444ca4d6586d2eed8cdb810d30228d73423283e908
xv/20573.hot	108	8541a87e607e214089ef6f8fc5094d60db51859bd407143dcb8208ec94124229
xv/20573.xmv	3869322	ed5260b532ecf2e8e084468dc2b1454c185a03b7b15b969b51a32ecdca78c13e
xv/20575.hot	28	fd931e5db0d1df7606a94cf65293603606af2780e63bd36e5a2b933813590f18
xv/20575.xmv	689611	8f552566d368398433e1968e1d83d9e7352f0bcf072b9657d86283bca479b2af
xv/20577.hot	188	f67f110fbb7b17ddea12cbc72b204f1d45b105ba1e08a1c95bb664624ba9b86f
xv/20577.xmv	14583295	39efe4636d13aeefae815f11cc6fb029bbf92bbd17204e34548c01d577fc84e5
xv/20581.xmv	5455128	9252987da217571239ccde09129ffed3b7fa31f5385092b8eb039ec1753fbf51
xv/20585.hot	28	55cfd36e12bda2a060a39eed27c009fb9dbaa4190e295a4f0a4ca5e3dbc01471
xv/20585.xmv	1309572	8dcb9ad97659c93587881db0d3e16e2f9535298e1695a37093ff8f55f611228f
xv/20587.hot	28	78610f6a82cb4709b5e921bf1a9e118326554de69a644c8b68a27e2d02397533
xv/20587.xmv	663655	bd882de9b03580d42776aeebb6754980846954074d77424fb66ebb1b1cdfab05
xv/20589.xmv	364482	a4092974d419a3b79ddf2bdcb7ac0812f292cc2ffe3710b26e292adc0c235ebf
xv/20591.hot	28	f851951c9516c28571adab180bdc0cc3dd98081b9539ed5d8e00f1767149fb0c
xv/20591.xmv	2228148	c4554819a6bd369f4f0336195f3e27e8c2128b0692440dafa85b17327130a859
xv/20593.hot	28	d13e3be864e0d646a0c5657d2bb10add6a7f33f542897ecb502956d2e89ab057
xv/20593.xmv	659319	d70f8eada3c986f27bdfdf5e72ef26e15679fe830bc7963829f43425424cfa96
xv/20595.xmv	1900187	e47e764f7cdbee08bdb24a5d26782d0066d42071391cc195954eaf9ee5fa5600
xv/20599.xmv	491452	ed865342a5bb4568771c2becaea8ce829af25bd49af1af4dafeccc7c9b787da8
xv/20607.hot	28	73b0d9456e020cc0596905730dc36403e5e4edb59d124926abdea1b009d5e64f
xv/20607.xmv	511314	69afe0b0d149280cbb04a56b3ac3b34074cd87f3880e0f1edf8add8a75b52b28
xv/20609.hot	28	ae141610edc634c6c5b438e8efefb277eaf0c57881cb8caf440e538eaff22a2d
xv/20609.xmv	612211	fc100818bf00cab6eda3166d0bc7f9d5d159cff9044eaeddcbb26d9c75dcd9fd
xv/20611.hot	28	493b3a5c81815898cadabe9ccbc45978ed8ff6a8edd86eeee270dca71dbbc350
xv/20611.xmv	537086	485237d0506e3c9b6e6cb66d32ac64e2774ed9d2407caadc4cf9be8a93d45b61
xv/20613.hot	28	2c7ecfb7e8aa48922b9ba3953a777ffeb559c4cf7e376a6fc6bee6c9705faf66
xv/20613.xmv	665071	d387a379323c594b1d61bb1ce8d7253ac0349996121ebd7574097158a4d29b4a
xv/20615.hot	28	791c05118ed2fab0ae877dd25e691e2868ba28e801f201c8a9551ff17be3ccef
xv/20615.xmv	637007	c9e27cc2773d0d7b356a173e18c31c8aba857fa128d8cbc06acd690f9eb74bf6
xv/20617.hot	28	867d2cc6ac0579a22c38a91d9fee3e2535921b41afa929be3c9708a96169c430
xv/20617.xmv	873609	b0f1fe3cd5312d58dc4c5e7922a817c0a23f43a3a86cc1fd88f9d38d6e599059
xv/20619.hot	28	ec538971a34c9fc303b5470edcf96bd8591f26d950d616777ef8db977e049d8d
xv/20619.xmv	542138	d74324bd3c6bf082e23d06cd9ea06fdaa1e923c6175e75578b3fcb567fb64aca
xv/20621.hot	28	8904fd43f90aaede627ebf1f97c8796eae0761903a387919f905f1c93cd22631
xv/20621.xmv	992329	596d5e957e343d0fa3a7299c0768900c60715a4918f533f91c8636aa43a34d85
xv/20623.hot	28	bd69016eefb443d21fc8152b97958f785ed665daf119d2602c0b4366ebeb742d
xv/20623.xmv	1222654	aa982cf8ad41ec118d7494bbf3bd95839791b0a741f45283e9e901d03b668b17
xv/20625.xmv	406231	6d89ffd60e24075d14782c4e57bf29537e20e048c9a654761e2eda238328d3f9
xv/20627.hot	28	08b4fa5317a8764f2f27a59b4a386ae15a7e3f106964b2f509ee45a13b260632
xv/20627.xmv	1196434	9ac1fdafa82a9f65687ba5f130f2408bd27cc3fdd8ee57bc46afd42b3fd01750
xv/20629.hot	28	758717b3376eb770adfde2ff4f7925044d0c5345757636cf8ae2abf37421454a
xv/20629.xmv	536193	1eb89104b9e92aed4c12949a3972ab0e6e73672fcf6c1420f55e8cf718ce9a34
xv/20631.hot	108	53024d9c241914add6eee3f9ba1431509adea81068f58837eeb3319a78e5c56f
xv/20631.xmv	4449634	5979f9a764600e0e5791603a77716f4b79c64b5826bb264ff026eda28bc3863c
xv/20633.xmv	374607	cbdd096f0b7aca074a7f1111ba9bb987af10ce116a7e50c1aa7a7175ec5b105f
xv/20635.hot	48	83d734ed17732c5136c18ba170233d62a6d8b599fa84b633a56fca71855d7a98
xv/20635.xmv	755307	d7edd29f2e461a43e5fa318921bbd04fd6e71dea18a5917bcb2e7f6e1e6e8b6f
xv/20637.hot	28	ac000273d2d28037b4683e8204036c3dd96688dead5837e541168a89710058c0
xv/20637.xmv	915485	6f02d233ab8e4632773089655c8497194dfe9a9ed1f290f8aed486570c44a526
xv/20639.hot	28	3582328a4a5c0407e8b228f5422ad5b50de6df26417f8ab3c9ac9320d3503e47
xv/20639.xmv	851381	1b52adaa9837766716b819c2dba0400c21b1b0f68db50e9f41e88e0aa810ba06
xv/20641.hot	28	0c2ff4da5439effe430c58d07bde1f9db6759afdf6983cf2f7cb1bb4611fbdb6
xv/20641.xmv	983627	338293647b38464aa6e97dacfd33b5a85790da950a09a53af6a2ffd504f25349
xv/20643.hot	48	adc898a774814f71f0bcc72565af6787bae9ab3c11fc353e3d92b836bb4a1fb9
xv/20643.xmv	2116099	ca0d92fcbc7883ceb6b2bda14232c56e4073e35605e6c9dadbd6e340ccc3e192
xv/20645.xmv	249460	52ae3fbec4a49b8a45e93c20dc7fe2de9f1c3e7aa206616e99ec980c78d38f86
xv/20647.xmv	254522	140bc29c291401eabbbacbf03583e6fa48137540113dfbef6317318b59407700
xv/20649.xmv	413570	629ff4ddea00dea63268491229a73061fafb7a97e8c87a385f093aa50c73c3d1
xv/20651.xmv	350677	9613e11a6afcce0674a17e374ba06b5887c79ae76ead28a03b189db31c914691
xv/20653.xmv	303988	6d40b5e772cf754fba4563f48783b55a8ddf33e14daf18aeca50f061d22db6c0
xv/20655.xmv	341007	315fd23129c0ddbd1ba37913515f0b28f61a571c7465b48aa23ffe41827fadff
xv/20657.xmv	160851	3d434938a2aa8a0a372b4ea4773da544f427fccd9c25ece5b5e4e1a2f35a1216
xv/20659.xmv	210593	521c30ebf8c7236bfd9406209f7639b2079def55f3ecbbc6efc3756c686bb221
xv/20663.hot	68	f681e46ba23284210038d8f61f689514ba667f910495f484ce06182ff6a8625f
xv/20663.xmv	2435989	6f512b32f22b106caeb3f51b25cb9ddbeeb3b8ef6d873441f3d405af5b083761
xv/20665.hot	88	c3ba6fcf8ee7d6a797c74667896355b662602d953253efb57433e74e7c1cc3b3
xv/20665.xmv	2089588	a2d5a5922d063a445ef894f6b63e05dea33573e259aee718771995df2d2d2c33
xv/20667.hot	68	dd3b8cb9b2d45b57cb3ccb7a88e784267dcdea3ac1b88e580fdffd267c65aa3b
xv/20667.xmv	689831	f1bfc38abfca59ba36687a62f52b22a3daed3ae9efb69b890e13091ab6f30055
xv/20669.hot	28	bb29438d95e3f6bdafd9f7ed0837b0375354a96df8bdba2f4265657b4044fc39
xv/20669.xmv	466696	36c6d9fd51d5437239b03e09f13457dae1fd82179922f820755970d43710e21e
xv/20673.hot	28	a12c5fb92658e92f9d9b6ac65247e420032316fcc59e9701174c831f996335ac
xv/20673.xmv	833116	8c554587450bf5246e0968b24bd690753f6d1948660ee587b765be8d84dc578d
xv/20675.hot	48	73a3e681e5b5adc1456251c61e1bf0aeb12e179e1fcde0319efdee955630ca15
xv/20675.xmv	826125	66222d7cda439c8e3c8b8dcc6ab26a348ab06c73c080e11353eea229c8ea14ab
xv/20677.hot	48	3c1fe9726f832b6f01053d16c230c6c07811f68523580cee152147bc31607c11
xv/20677.xmv	2165515	ff33c563f41b29c864004f952c5f5a9b1a70309963bfb50edaea1d74bfc7528e
xv/20679.hot	28	40263e1e953a94a4660fbf0b639b965a10d787518c63b9cb45b32620d528d6e9
xv/20679.xmv	834337	72abb59801016858f3aa1d63137ab383422dc47997c51152e6ba8d1465144471
xv/20681.hot	48	97ed978ffbb28505051438f3c1c1a47af09f765d60c046c1727984c306e11bcb
xv/20681.xmv	1499217	4ff26a99ee6801e9f10af4ad4a6ad87c1ae195ac839041432501310882f18a57
xv/20683.hot	168	09ac269b7f3cfeb123748b768d0e01d7499fc6af9ad9adf9af9ee5691cbfa42a
xv/20683.xmv	2150760	b29dcf6e95d35d8cd42ea53dffa7c2d1317f7d76ebbe9ffe104d20f8e9bed535
xv/20685.hot	28	1399e3ce6ac7fcce532e5ac249d692ade485d6a2f1ed37c51f86042900658ce6
xv/20685.xmv	841207	fdaecd85b43edddef5f2e01f7125ab2f129fa5da02e784c0e204a233575a7949
xv/20687.hot	48	ddbf405459eb24ed8b8c41e250d941dcdc9824aac4274ecb67458d93f42c06de
xv/20687.xmv	2484680	54231c0fde95f01f9255407257d6848ec877d0eebce1d467784ecb03a9ea162f
xv/20689.hot	48	c10b065d449fbcc0fa0e0a4b9551a410c8969de3f4155b69e8aed1430c776963
xv/20689.xmv	1346787	ce63b1e87269636ff2e963f6d4b86407053616fc43ebfe86f919ec64ef815d7c
xv/20691.hot	68	178b60b6921d5518b7a60b2e84bb65f691c4ee8c07aaf8870a606ece304b448d
xv/20691.xmv	2935667	2a4ff5caab95d6e74d19f07b23b0ab1aa9052a38738b040bb80006a7ffe2aa39
xv/20693.hot	108	d10f3e043f1e3703fa0303d585dfc4aa0c9b0230baa60dfc7131503204786956
xv/20693.xmv	5116056	e26d8dfabb4c838ec9ad5c6d3ab0eb7cf24a5412ff5e241e5146d16f07d32fa1
xv/20695.hot	508	55717c2c65d8566eea4445bf423adafac5371fbc1a24f770333007cdbbcbcd2f
xv/20695.xmv	5795156	a1ed03f6c60d626975753b4a8ec5dbade26507a010547f074c5b9b8aa8bc9291
xv/20697.hot	28	1f29c08c371ad82257e6500fb38ff7ad2a9f2335f0c8a31ca006eeb9599a7919
xv/20697.xmv	484476	02aa9d3aa3a7c680aeb831250ddba4d5b4bd4fb2117aa96124359730b77ad947
xv/20699.hot	28	c50f4d626c6c9cb0053b410021a1370eea3a5e156531ac8af6e6c0e8969695d5
xv/20699.xmv	1088429	9eba750c68422084e7f029bcbd4a342d6a31710400b119dd389f3e9a201c2ccc
xv/20701.hot	28	24c77f037c9f242fb7687aa31182e2fc63df4913f77a5838a40561e7fb506118
xv/20701.xmv	508319	b616d7fca4939a64f3420e00661a8ee4899388ffda783a3ba933a00cb1f7e712
xv/20703.xmv	412499	e8080c81484a88dd092232dfe3dab90f9bfbf45899010052276b1bf0d933c773
xv/20705.hot	28	8c40cdf0034fc0b8938864ee7e610db162631b7fdce4dccbfa36de134ab3f7c0
xv/20705.xmv	1197706	7e116a7c022c5b79c452292b1ea4ec853772c510b6718996e4d4d19ba1009039
xv/20707.hot	28	87950fb06176da5421cc31df338c0d622e674a9087e12b089cd7e1adbf38033e
xv/20707.xmv	689913	adb65b93c41236d0af049dbfaa0d62f91a6d0e07842ccd637f3a32c0a3a87486
xv/20709.hot	288	18236ba4d5476e9405f1b609088ea56dd5d4d6893ade9c47c4ffe63ed1a38bd9
xv/20709.xmv	6683762	ef7f056015facc00675d8a3d017257a5c0f0115c9a3746c3dadd12d23d051474
xv/20714.hot	88	08ef9d9a29a8df12cb9940faba423faba290276f62640f8103dd65b9fc579ac0
xv/20714.xmv	5245745	0da1673b3dc69aa458df16f27822cbf9b8b4856ae8eda44a205631e00aa94590
xv/20722.xmv	196873	ecf846ffd47a00abd7e14bdac9917c3ceab95bf09008aa4383a338ee6f868de6
xv/20724.xmv	322874	02ef0631e829fce4ed8b460148357480debde58edeb26ce00c4d7b2953359aec
xv/20726.xmv	329062	3243dc706f2607cfecd7911a3a47d6c6dd36da461eb4e6e1bbbffb7b6a8a5cea
xv/20728.xmv	310018	af7f177a0da1bf843271da7535655920ee650edf7afe90b3d12b646c48b56e23
xv/20730.xmv	295907	748f1a232af24e83c2e34695db3282d55e21f6282f1d4695a9e4415083d6be32
xv/20732.xmv	171490	654d1245bb1beb10fda4eac7a8d41eda1b2e086474be0e22a33b3e73be30f0b7
xv/20734.xmv	154331	2eb977fd834bf32ab71b54fa1c9d09101de4cdedc78c994f9bb0668d50d75bb7
xv/20738.xmv	489238	30a67356a2f433a663d341232d24fe261e50c16c74103d94e34d0f363c6c9dad
xv/20744.xmv	222221	d450f1053ce2835bee9799b19637894c8d420e35f9c55e5eb6a4bd1b3fe4ea6e
xv/20750.xmv	176856	1fe26b535a44d165964484b903d3e69708ae4e8ec32bc249df888460a36d4887
xv/20752.xmv	272817	ffb74d9eafd8367697a0bf7e7dfce8e92e8e6b05099844eb28985417640235c6
xv/20754.xmv	152682	0fbb08ed1624d7707e4c0eb57c1686f61e5c0a88127c941bae5d013c14bcadb7
xv/20756.xmv	269827	0931762121f6fffde335878450012ac421d23abf8247f21122f0a2a9217020de
xv/20758.xmv	267007	44f2ea59fc5858673dc509a005c80d46d75ead73ad5307ee7ea47434ee512c5a
xv/20760.xmv	164951	30e2faecd8265e645f6e3a758f42bca1ac7bc6eac56df7a62f01d499e90a2def
xv/20762.xmv	105187	55e39f667331c26059d8fef59285b31b655d3c979bc1623a29ffac746cca9de5
xv/20764.xmv	102797	2b4b24fbb48f3277fef4871fc5393730b7c46aecec1685bb6ad7836a767fc67f
xv/20766.xmv	175011	42d7285e43f7b05d294a58e4e68b04659f4bdd5033086b1dec057d296c965323
xv/20768.hot	28	f41070d7bf73723a0d1036a0693d3ce5ba34ca43eedddc521f60c810550dd4a2
xv/20768.xmv	1376389	eb99452991bb5a3f3758d05946249428e6914fbf711bd5c383db37399ebd514a
xv/20772.hot	28	3a4fcdead550f78eaa9616ac035e5c774cd4417ca9347a84213a671476d2a7df
xv/20772.xmv	657256	dd7aa0fba42959b54c0670783a1858927d5c7da6c8b01f4eaa729183be048daf
xv/20774.xmv	501495	9e196f7de5ea089a0d826ebc6ff93e0056e48db2dde392aa648f7aa97a3f53c7
xv/20776.hot	48	e146c8a60a915249ca5f04f39e4b17a1c090c9c5c09e4ed7ba411921c0018d7e
xv/20776.xmv	1094805	66d75afbbb1defd18c235ac1321ff49f024c72d422e9c3b46f56f9022d766a5d
xv/20778.xmv	250248	e147be2aee10335d6050529212b0b649b5ceba4a05495dd5b3c77ffbb148d5cb
xv/20780.hot	88	73187974d9aedb3c6bc63f95964ef6034ee07e6d5c5b262fc77d476d4fbde8cd
xv/20780.xmv	3325187	adaf07f5558a0c9518c0d1d24eb0171a8a9437b0dd1144d8c629741c1d329bf9
xv/20782.hot	48	4b3f8b1826c52866517176bab745689f661819c5fab753938953a512e5bb774a
xv/20782.xmv	2187916	75ac60ed09ea8315ba67f72410ba9a9d2ddfee0f92c3e79353c7b9bc660aea07
xv/20784.hot	88	af9b8c75f1c78b41a246a6d813ba817c0efc9e6b623da33e03ad4666f8ced7a4
xv/20784.xmv	3817122	5995b756b5731385bc0c3e636afaaa0d1bf82d99fcc1a6d8da8d70c4ec0d6e8f
xv/20786.xmv	624635	edfb24a5a9994311abbaa179ccad789c4b770b96652668411aa124578347769d
xv/20788.hot	48	db2870a8cc3c512e63954e2d3d485a97cf57f03b76e567e0941fc3451fc84f5b
xv/20788.xmv	3552933	1be7d806d0a10b970b17c5e38a7ab358adc63af7f974c8613aa67b640fff7397
xv/20790.hot	28	b07599b743fd562af44e639e192cf98583dd043898a0243e50d57f992df28038
xv/20790.xmv	1465781	89dea09c317d7ca194621879f048786a0ca312c4f2a62da4db571b8cffe3aea0
xv/20792.hot	48	0b6ac2dcd1e3c539b693284cb00cb1259ebe47e2c50f6ebb794f2fadf8717437
xv/20792.xmv	5072055	0cac22bbebaf17e55b1cb1ac16ec52f1a41d0f55c096021b27635f5eca5ec5fc
xv/20794.hot	208	6164c4e6c727f139d70da216f2b481da411c9af79761bb172fcbccce56945087
xv/20794.xmv	5396982	b62d9726e5c71264e341053b60170ad1a395078adf4f644024e4b2b8476fd3ee
xv/20796.xmv	3182170	43905707c8eff3c00779de0e94e29d75f4614ce02a633f3537d59ae4f51b167c
xv/20798.hot	68	4304ee6eeba154399eb17e7ed4c087418364e775a5e70244052f65b1159c19f0
xv/20798.xmv	1473427	0f2608dc4ac4ad21a5bc26663d6b83d090fb0226516a4fd0871949cf60e9283a
xv/20800.hot	48	3424ed015466e910337c7c99e2ba6f2a38cfd4ba0055a4c80f34e6f77a350269
xv/20800.xmv	2386745	8b3a4413b6a3229d0d8fbb46809d11cc31e682e55cbbe03e348f3548f96190df
xv/20802.hot	28	77dd713fd4ae0cb4bf16aa50fad3a70757769cb0a18358ebb03da4ae9a4b24a8
xv/20802.xmv	1529176	d85b31a96720e58b743e05673c39e7459ddfa41591de294c2919244dc12f204b
xv/20804.xmv	494101	25ba241041b4addb61891531eea7d57587028f8e09b533d8485d9cc11817b9f3
xv/20806.hot	28	088be2a0a10bbcb125b583c04e8d34db12fc33131e0d09ff1f1cd8d639028aa3
xv/20806.xmv	1672403	fe638d910fdc051169b9a8c8bf150e6766e968f9cc3005eb9ce918987a12bb5f
xv/20808.hot	28	bb7ab5c0b0c0306f236f9ee7a7a397d302218eb9d75c4c46a644860d94f9f78c
xv/20808.xmv	1371801	b747b130f7445de21b4588e04415f8237e5fc507da5bd19848f38c69d389fd2e
xv/20810.hot	48	6ced1c2803858d6ce9afd57c3c8c73e2bb90b9f4afb0d78f35af6fb3ca03ef07
xv/20810.xmv	2359878	574367f8b3b7e26ebf072d435c5f4b6dbb2677642901d716f3eb93e0d867924b
xv/20812.hot	48	fe203d0d1aecb2b3b5eee0a27b61f69393729b918022d454bd267804c948385d
xv/20812.xmv	1764641	f4b4f9e7884687c6443e26833ec5a4249944a0af1faf7efeb75949ba0fee20e3
xv/20816.hot	88	1f77a201dcf9a5f3a2a1fa9fc939dfd7bce1c75b568798b3442d09591cf1301a
xv/20816.xmv	3832436	2f1e1a38bd3d98ba500df3dcf3453587ed7eb24afcbff5706eecbe11587e69ff
xv/20820.hot	28	1fb1f15d8ef7adca9d0ba1d8159ee0c0644b2208f38a69eb00b2a888bab0bac1
xv/20820.xmv	1871853	b0d898ee50c5260831ee8ff458fc6ae38d2c3fc6c916702d9274b017cc12ae65
xv/20822.xmv	167250	77f7befc554e53a575894ebdf4e25fe7e4adc724cc070d2345b3a69d67a29d93
xv/20824.xmv	137103	b3cd11d6c3502795cc850078c023fc27e8f54184e4542313c76064f59ed27286
xv/20826.xmv	227339	c605665409d253f18b413ba34f239e4fe326a5bd01b2514b72a3d0ba06b241f4
xv/20828.xmv	257466	b1e652663ac8609f11536c5a638724f31c14d7d0b018d11e3e491eb272be7af9
xv/20832.xmv	257078	02a27da27d2589707af5e6fb43bd0b8472aff310f60680ebc9e67b2d143d0a16
xv/20834.xmv	348545	b3ca95e1e24a31898654b5609e898f324ec7d25a0fb1e2d01a96353ea6015a6c
xv/20836.xmv	393915	93e9ce43386c0e012e97c3c1cf4d25bff9e3b16711809f00c20428bcfe8f56b8
xv/20838.xmv	523773	adea7fcad71be7d1552f75af96f48feb3a86e6a7adc2ad1423cc5171d5851af5
xv/20840.hot	28	ea8c2969d6946d904efad4816c1f4d24d151fb7ad465080ff8e42cbc169fa093
xv/20840.xmv	925822	377a225f5b6965dc4266b5d48a4e9c2acf808ec8ec1ceb4a6aa5cf5d3caf3dc3
xv/20842.hot	28	58f88d3a1e9ebc6520a3129bba25cf54dff368382b217fe181d830a5680138da
xv/20842.xmv	818685	a9a3469b051dbb750a7cd2f435cd582fab1d65202b0c1ff1aba3a331548ce4c8
xv/20844.hot	28	cec3a59923e34cdc22273cdad9dd5ec480a692648cda8822065b9595027df618
xv/20844.xmv	1046360	0895c55454e81ec42b3d43a401b3d44f4e8c7406d58227bb5ccfcb1a2accb6be
xv/20846.hot	28	17153ade533dee422c2ca29c7e971a7da43cb6994f71e0057900e0b7d4b57ec9
xv/20846.xmv	1171974	7cd5b3721e8af262071e163e58616b91f1b5fb8277634545bbce8ddd5485c704
xv/20850.hot	348	a3494833b1a4a53075eac12d228b7cee44c8ce6a6423850208dd3074b5570453
xv/20850.xmv	5278934	2d4d3ceb5a4b4c1a50ca6c529b43bfd00999498a22bf6ad3b4a0b117f4764acd
xv/20852.hot	88	10c9e5c89acf5ea09da98a0d0bfbb872f030db4633a2a7a666a0728b70142e51
xv/20852.xmv	5646276	9a709d465ca6d2fde7b8cd3ef468d2037ca5198a4f2105d81e3dac20556ee0d6
xv/20854.hot	28	72cfabfd55d7273597686c58cb0b294206e7d94ade5df05d2a73479000230a1c
xv/20854.xmv	708332	496b3a890a1f59c50672131e1115b04e173398a56d1967846777dded2bfa63ef
xv/20856.hot	88	0e580ebccb386883f19adf83eed640d730b09e311e44df04b8c1a39adcbf56e3
xv/20856.xmv	6301589	e2bc97a2a5884f652cbd34eca5547dadcaf8c97be759aeb478e41fba8cf25fdb
xv/20858.hot	28	b4a689f8dab044b76a17fe2457afbb4d7173aa721ef309f59c0922d6bd4dde81
xv/20858.xmv	708110	a231283ddb845a98940f98fa62bb57c74d963227ab3f081fe157c7998f442570
xv/20860.hot	48	988eec004e6f575343fd50a1ea7533542186c41bdccaf0bd08d94d9a187b9c6d
xv/20860.xmv	3765645	b0103a89150e39775fba8f4b35d5e24d999f53716092c4d640062b3925edc455
xv/20862.xmv	397942	da90de5a3559fbdf3c6c7c1afc91c7c9a99237cda4469dbd869dd050bb8973d7
xv/20864.xmv	1552952	29d971f54ddf79c3b5d7236102de82f93ff8c090b3c099d8a477f46750836b70
xv/20866.hot	28	fdbf9290673ca7fbd96d89acaeaf319094feacb3034a1f0e906056cfa45ca765
xv/20866.xmv	824199	c438d8d37f8b967d5d7afb06dc34a0e40216d6dee3c46f4e179d033f372a064e
xv/20868.hot	28	36a2500a5880eaff48ce6f8fd8c1a4df44af55dfe1723490cce277af31964cf4
xv/20868.xmv	889502	ef08c0a6c0effa17737e10eef5c6415818b8628a7704972650aca5519f51734a
xv/20870.hot	28	6f5b4cefa5295ccb0c7b836a697bbf0981737558e0fbe13b783db39f385be234
xv/20870.xmv	609471	e329a64451eaad0cabc7c986886f5b516e2883d270bdffbcba74e290469d8957
xv/20872.hot	28	69f1e6149b421772cab18b38ed97e77b21b37b2bf37ea60de176f3ea88685f28
xv/20872.xmv	1951983	29df042aa0f5c37b73f61a22d9a2a7165c512d23bc76a284b6ca1faf98cfd5ed
xv/20874.hot	28	3d31b32b4683ba3c9a4992c1c1d31cce50bc2493433a832221fa9397d7c53b9a
xv/20874.xmv	889440	de3eab4430371ea7bceda78668bb3e8be8cbfd9ffcc2edea361cff8a3636edb7
xv/20876.hot	28	8a0e43d65e0dd1f015f67e8e3e2ed91338bb0265c070c130d396c627c504fe5c
xv/20876.xmv	2479354	7fdd858d1f3f764104a3d33ae8863dbe823f72815bae7d13ed6c3a2a3817f9c7
xv/20878.xmv	408904	4d770cfc908ac252d4b692566bba8a00043b6772e1e4b481bcedb8d649eac339
xv/20880.hot	128	b490027d6f5f8975746826aa902336e337b2085e07be7d2f3a0ac392c9dedda6
xv/20880.xmv	6855186	aad7374fa146a3717279051ac33ed26f58fb74a10bc4e5ef41af4b33dc1c6766
xv/20882.hot	148	6f55b7fa9736e208fe5c9a2f0ed99903ae4e0b05c49c098e16ad2afdef9f61c2
xv/20882.xmv	6743394	0467524d7e994bb0e1209317da8dfa4298322dcf23920708debc3788735ddda2
xv/20884.hot	188	6bf4cd6f1b0a25287b0e84c5210786d5aa43696b121c9b4745a56bdee0aaa1de
xv/20884.xmv	3854083	1a5c9f826314619bd943d8dad971accb898b131080148f5925ebb411fa5a6cac
xv/20886.hot	28	74c7933b306b974551b98fa7a0524ffc14e2f76e5a41d6744ae858f0aa54e420
xv/20886.xmv	738840	23b53764b46075ff2988723192e7919ea74bca39ebedb0e7c54893bd428a7830
xv/20888.hot	28	e74cacd6da7ea1de36c5696b8c4941e9dbe689de5e47efd1d68c8523e5fa268e
xv/20888.xmv	1096065	ce0c9178f07a48727103df87691c1a3c130ffec11efc47e29872d90aa6827d02
xv/20890.hot	48	dba9d3214fa3f7026c48ff2f56be993440637a40cb361fc9d1ce409c578cf196
xv/20890.xmv	925259	c5e89c41fd51a2a1af72b352b2aacb0843e1b622009aa1a4c75540351cf45d38
xv/20892.hot	48	a2514fd49e820dc1c75b868a083959c70d4cefa895d31ad64cbb1b24d3a7d44c
xv/20892.xmv	1761958	6663d54a9b6cf287f7c8e307c9911be2a096713537057989c5c486660daf247d
xv/20894.xmv	912981	ed40e8948f5cbf440034ac5c25c3dc8f52412ec6b7cb3caa94d8d118468d36e0
xv/20896.xmv	1265162	8942318535f3b1a63437739604424537500e467b4ed8469a74450ba0f6dfee95
xv/20898.xmv	790796	9a69e5c13fd68ccc24b1a789cefc8e9f95594b56f5f6f6e7a82d23ac32790516
xv/20900.xmv	287704	794afd57ef680ad9c720775b3a5ed2b695164afc9ef6f62e4cfc0abcc4afd5fb
xv/20902.xmv	262730	b7e42ac58a422373a61968ae5979cc69dc026472858098aee40a47c4e6e98dad
xv/20904.xmv	260322	5e3fdf055657a412bb1b4ef35e23939890d55633d1d2887b2e72ac2612a8ddfa
xv/20906.xmv	411420	2a17020980f20f4070f30976340b699896fec22dd1cdedcb7beddbb3d0d90ffc
xv/20908.xmv	319030	825d2d2615e004489dbb047035b6a7fa99b082b4adc5e64bc73eb49df5371363
xv/20910.xmv	494939	eb772b828460695dca0fbfc6e330ced565b0694bddeee14254bdfb2fd404513b
xv/20912.xmv	454405	22b40b90a9333f0875c77d078723dfe7cd3cced72b2a46d9b75c4aaf85a02b1f
xv/20914.hot	508	33d8416248948a88baab949396eafb3196139910b775252ac143f3b18e1efd5d
xv/20914.xmv	10449892	d78640ee49445b8ecf71e595e2fdc0e142ff59b752064800396f4eb9092e5252
xv/20916.hot	28	239ca22fc844c8db3ddeb3f0d199656d1555fafb8f5722278bc0bd0edf4098a7
xv/20916.xmv	845543	ec63a1b5db928f70464df902d3ee52b93fcfe4f3bbcc3eaf75db25c34c5f4b36
xv/20918.hot	28	d381c7c36e5ad85f373d8b8e22d3b9d421b5790ad1292ee90d7a27d0552d7a19
xv/20918.xmv	1068076	9bf211e9d4dd9db1be7344ae6f5341a89491a223a2a89b2e3676cbc6c316a384
xv/20920.hot	68	e8d5f694b8e5722cb2af1a781f59d3f933f4b35c48003686259bc0b7811c580f
xv/20920.xmv	2512916	6138bfac88f096a67ad17ba3dc66533c6a607e02f7f7c2738ab3cad1f990a335
xv/20922.hot	28	0622b65ec838d13b8cf5a2c1031cc30ecc2b25aecbd1ea32716b7bc99af45993
xv/20922.xmv	867688	5415b06603ecee225fb4bb60976132af9768966e577d384d47c3aef82a3adaea
xv/20924.hot	68	cc829ae66281cf37a532f4e1a6b6c895269589607a253f8a98010e82d71262b2
xv/20924.xmv	4293060	fb5ace2fec20f5117940cf48649a557fbecdad55331a460d5473f2703545c13f
xv/20926.hot	48	8891735bedfc7956a2cbf92f9ffd49f77b037e7add6bc275384ae4d8cdbc689a
xv/20926.xmv	2266476	89ba7288b1175bff09020be7e19a4a3e966683569de1b6042905d1de4d93964b
xv/20928.xmv	534929	5a16ff06cda8420944c6aef2d1adb585e49d706e5ea09b6bb0a7eeaa683641f9
xv/20930.hot	108	937c33ff371af340d1b484e1b17904ae9beee09fea7d02e2c2f33003727aecde
xv/20930.xmv	3245576	ebe023fee1226ca4b8251323a82b11db7eae64c2ff3244ae4ad0577d27545321
xv/20932.hot	48	871c8c9f90ec73e9e1607d924a8174885184fa116ab0029a9ad6466680563332
xv/20932.xmv	2158104	ef05f5df6f55768e05d434bccb8434306362f557c2be6d419dd83fcaba6fadb8
xv/20934.hot	28	67ff7d1b2b8a9251668c6ec31a07616336e6d5d80a4418ead9709cd6c4136851
xv/20934.xmv	1001262	5540d61e90b6c1582b4ab057f675f44abaf061fa87512b3d26e2e6a9865ca903
xv/20936.hot	28	f82e615a83493e94bde44b704d02867e9578b09489ecfce1df0ced9a9978f965
xv/20936.xmv	2671745	e5569d334354e77d847720ff3f0d7a71e57feea85bc93dc64a2fa6aefce8b16a
xv/20938.hot	168	b789f445c96414fcac79303c289f9380b5565c672ce24f3f96bbb94a078787ca
xv/20938.xmv	4804350	03af44063ebb062bb332c9140a69b9d8f01826f5e4108dd477a6acbc3913ba68
xv/20942.xmv	734386	7dfe7048e71e6fc1707e7a1b107196e7aacffb8dc301f8a55fd6a243b4471195
xv/20944.xmv	556896	f6fc894ed2420d89a99f73278eb0c3d423f9548143eb477622e1ac7aca2f26c2
xv/20946.xmv	734949	13ea0e012e360b642a6b0c7a447c06f39cfe083085602ef7fd675bed3c0a2fe0
xv/20948.xmv	712372	1ca4a3dd5359fc2d6dd641ee2e0fe545524358423143ecf99dc65493ab1f61f5
xv/20950.xmv	645214	613430db471dacc467a56dacd929cef034304aa9babf629f789191f2df399042
xv/20952.xmv	756983	a1223c4c15e7bf508a6d763f187ba80acf1fdfa1e795b6fabf3934fdbd4f9824
xv/20954.xmv	534273	3ab8b1b6f12510185b8c487feeff92b6d4a5398a0160d61dc8f6273e5141d6ef
xv/20956.hot	28	45ce0d1335311e413e326c6a5ce15679bf54e22ff28f926815f327ae40a796b8
xv/20956.xmv	2160178	c56f1d0065c414424f3e6a4ff51ff104cd144f8ded76c6970a2b8b3babe750c9
xv/20958.hot	28	20837f9959ac5984a7a68efd097e44f4218279b8d7805fbd3297efef5a10e2f0
xv/20958.xmv	4663313	37e2465c98bcd6a123c079bdeea5362c1f14bf6e94186797f9528297ec52fbd0
xv/20964.hot	28	be75558eeefa9ae6e849cdc6c45db8e34fdc96139bcf7985c2ef8fdec0ad7ee3
xv/20964.xmv	6533620	a6fd2497806fb10088441dbf2b6a5f6e63eaad00df8399013db6ed174bf17a3e
xv/20966.hot	28	ebf101fd4c22c02b70b01b653cd50951819d861439e7305aeee6ca509ab848bd
xv/20966.xmv	3115848	b64d5f89b4dae888272722cfcea634897952bffe5f2fc97aa5bbeb971fa27301
xv/20968.hot	28	da37ddb3f963d70dd9118ff801dbb2e1d6024bc5baac1fa6064b95ddc51b05d1
xv/20968.xmv	831150	c098c349c5ea6bbbe9ca4034a6aa973d96de88ba1b657a7740e329fe0431fb61
xv/20970.hot	28	cb367536313ee5af0f647f5d4e3f0c03347adbeb10391ab7ced1a40323c90aae
xv/20970.xmv	2348579	2faa4e50fd657be3bdd8c4e11813b5ea6b769b862a1d3c47bacb4293da4835bb
xv/20972.hot	368	2c6b911a5822badec03f0be601337f7d1cfbaa77ab2746f6b8bf617fe893f12d
xv/20972.xmv	10723605	27976c95dae62c671a0090985416ec66eebc96b60d4946db5f2cd789e4e01919
xv/20976.xmv	495665	34ea71573af3a0b17d3606174c2ccee185b459b13b7c1d7fa2e2db13cdcf520d
xv/20978.hot	48	f277ff0b16ab07e952589ed911d83dce5c8d305435810af723232d1f213b0629
xv/20978.xmv	1058094	f093841bf66a0bb8f0a3416cf93fed9618c594cc8716041410124202b6f41705
xv/20980.xmv	357625	24d36ab4f6ea20362662674a51483175aaa84555e8195c8dec65a42e56d98eae
xv/20982.hot	48	0b78bb12ca7ffaf20bc7706852b03f9f73f98d76caff262633dc4a7dfa3a7f60
xv/20982.xmv	1367129	f4864a5d20d6cf34010cd861ed90b08ceb1e50b0dede340f4b9a19e2a84a929c
xv/20984.xmv	442523	a95a36f2847b831c0a37ff7fe6f7f4fb05e678bce82b9b0a366f3f94a3fb7c0f
xv/20986.hot	48	7bffc653204ef3471798d35588a471519c008f529261a72508318642f1163051
xv/20986.xmv	3288341	a2c0ae041773a786731fb2402d2720ef7498167e705421282f03cb19348bee48
xv/20988.xmv	506752	574d33063e7c3cb2315ea7e48df00361f7d43c0aa177d42dd723e62198e00bae
xv/20990.hot	48	dee8a4a363714292c555eb2bb83d35c765fad0dbcc6b79bff8679883f4b29ae1
xv/20990.xmv	847251	29e59aa88fea42a397671fb63e4279d7421ff2f68d958fc16819979a6de9b96e
xv/20994.hot	48	314335558b4d6c1becbea8c10cc5da8128d0a82e726652fc4619b13f81bf7244
xv/20994.xmv	3385245	798449e94e2ca9ea56930cdf50d16c44b409dc29b288e72b5dd1f9471d366c3a
xv/20996.hot	48	8f2b289a4e1d7d791e51ef7f2615f11cdbc20da707a5cf144718858981454510
xv/20996.xmv	1479374	7ad7f7ba38c7a99a9d82b9cf6956a2ae3d4d24ae1c287a97d6c8c547df01b7da
xv/20998.hot	68	582367259cfac7b1f5f7760773c4e2b8cd03210f35204029f06b1405e391ddbd
xv/20998.xmv	7809778	c0da8ac23129dddbd8143a4120fa1b7c39a57856107b950fe86a200367d7c9d9
xv/21002.xmv	142453	3ffcd7db6421ee330d7fce5c72661cc85c473d7eb1dcb188ec560b23d7324f88
xv/21004.xmv	173161	e384e2f33ba21de799c341f0a963674eaee03d366e4d8e647dc815a39bee91a2
xv/21006.xmv	271765	f7e5322943532a2e189d64ac898c3eae29444e25deedfa6d91564522237aacf7
xv/21008.xmv	193759	7791d2f324a1b0461c0970420ac25c4eeb98d21abc4a17e1610f7f53678ae737
xv/21010.xmv	310657	fa8854b354d942d38c8ea85b356009cf28dec8911a2cc3bb47d5d78589a2ed9e
xv/21012.xmv	258601	287d71be8706e1c130a85bea5f2504d05f8d567a4cdc6c3d09662b538e228e4a
xv/21014.xmv	267876	208c00d22f47061cf346198c051d9ae4043491de43730752036eede017765c61
xv/21016.xmv	159491	d73e6a53dc507a41b47424783b7b424fafdac8f9b4e7d9728cea384781ea0ad3
xv/21018.xmv	129845	b4ddb063001ab45b85e72ed4e77f55aa354250b4cccc16e5b581373f742b5842
xv/21026.xmv	371930	1947a6cae6e0fcbbb3354ffc3ee528a2675eaa8e861b2fac3171f2a47653720d
xv/21028.xmv	441975	309fa4f5247d87844f7fc46851f6e53ece9636bf219399d595a1b3cf6fb0b4d3
xv/21030.xmv	303149	7102e944b50e696643b41a242c2e68ac041dc80caaa5c53aaac0dec38dc6b79c
xv/21032.xmv	450263	1ac1c90de20385b98c0d4f47d9f494804402ae1af85adecce6e4e8896640c645
xv/21034.xmv	267289	4c395109438b551c532e3390c018ed65f27026918d969a0a32d9e32d98a7ce8b
xv/21036.xmv	193870	8d92abd510c951d2eb540960651fd78a694673bd4146b00d963dee21f4df83d0
xv/21040.hot	28	7ee82495754cfd141f2c13cb85b53b8d080031d0ad969125394756c9e1a9f872
xv/21040.xmv	902613	0df33bde8ae71ac7aa5bd300a51d0efb0229ad365362e1e9747e6967772048ec
xv/21042.xmv	1612082	98100f71747617594cd73f88d6947553e2bd3bb948bd33ace9dc2ff6c3248a03
xv/21044.hot	68	c9b86a66828e4edc845ea77534c47826e89ffcf2ab343b6ffe1da89299f27134
xv/21044.xmv	702662	7c45100135841930d939a3f84a7a7c1d1a2ba6acbd94f06d120e64202a803efa
xv/21046.hot	28	deb25c0cc2ba5168bc0484f08b82a17100510c083da9a9f94afff70bca4c7b76
xv/21046.xmv	2201934	b51b3c79ee6602d78aa5e6c23f831ce82cb82c5bc775ea8b8a10d74fbf949d89
xv/21048.hot	48	e36bb066fbfd58123f9ca45a271124e2046f893d189105c61a29923f5ef84a18
xv/21048.xmv	2154760	b67cd5275128926d9c714a15fe073e2f9bf5bad8b87eea6482dfe865d72b2029
xv/21050.hot	48	892f128bf3ff392fa8285d9a430b0e57f1612286eb26f67599a905bd50c23478
xv/21050.xmv	4034720	add05a90161eebba9d7643c39ec9bb1e2cda483d2c557a8dc87d4470bf6fa23d
xv/21054.hot	28	78d53a8b61dc0c25a935ec88964803f64fceb5dc8d0ba591b16ad04f6d103333
xv/21054.xmv	1594670	026ead9c87509c4bdb9e1858837382ecc0cd216cbdcbd47cf0c869838f6c17b0
xv/21056.hot	28	2e2085abc9b4e93086ea7e278e373533510155d6942cd761e73573969475328a
xv/21056.xmv	1366607	cb71cf50bd7c14040cf016347ac639ad1a2a3d14d51b110a7e3e5185d6474353
xv/21058.hot	28	48d8d45bee3199745c76f1e0d96217780e033be1957286c9132eb3cc28d70afd
xv/21058.xmv	1392199	e1d0467c8ab525d335202dcf10db923adb07a0a46eef64bf30fe7f68deac65bf
xv/21060.hot	28	08ae9ea199aefa99d85ad2f74336cfb349a55aece57d6d1647845705abdc4c58
xv/21060.xmv	1862827	383dea2c2cf7cb59c80eee238cda0a9547171ecbf8b4ec1d1dd32b999a3ba106
xv/21062.hot	28	a5be939c009a08539ead85cc0e1b2b42c4ef494a0ad42174fb1e1608f548fecd
xv/21062.xmv	3397423	92c67bbbe4b0f6abf5929739db842ba236893f42185ab21c0dabe5d2a5a2b543
xv/21064.hot	28	3e92d4e1b3976bd139b141ab1539c2a8f89385f65db01df5961b0913dab1cc5b
xv/21064.xmv	1508508	92c9686ce9f06e7c471c36300a1dca9ebe2bcba4d38055a253d0a2538d3e7766
xv/21066.xmv	915130	4d87462f852c26fb521a37368089f2ee3bd5ad21f847ca3736c9318b3c1b568c
xv/21068.hot	88	c8994abdd4164745af89fbe1ac5b4bca77e02f590084837d8b3afe663b96f9c2
xv/21068.xmv	3929290	4435417c1d26f3d21fc83abf2892866ab8f2c518dc12694fcd1f0a297ffe2bc9
xv/21070.hot	28	d4cffbfb78b8c29cafecbc73642b11ae52240e2d52279009da11674fb0023a84
xv/21070.xmv	1203942	0eea1429bcc9d53e5945c09befc34267ef52cc1bd45f5709a70618261c9b3003
xv/21072.hot	68	515ffc9b90a8f4b74ffaa5283d7cbdd7c0b40885c3ce0616700f89fca7491024
xv/21072.xmv	4408783	35b52eef0ac030281fc67add40dce492637e523a21b87f6adc5186fd6c6eb0c5
xv/21074.hot	28	c8e98645b39da48dc78b25fff93ea243dd3ca3359f813fd84439ed9baa27bfa1
xv/21074.xmv	1472955	5da10e7fde596e5f0eaf79225e57e55ec1fb41b3494b6df4edcbae86071c9826
xv/21076.hot	68	ec8b4aee174cecfe92f638b1797dd61cbc60290acbc39016b8a19f3930bd4ef8
xv/21076.xmv	5831143	ddf155c481a50305c7f658122fac384b49c602b0ccb35339cd9dc9348da481fb
xv/21078.hot	108	0d9384244f18afb9199a758efb47702f965df8a9d64a7b20b0ea13dbd3d802b2
xv/21078.xmv	3948586	54cdca03c87638166fee64ca7a13ee8b014226e2671258f4c565c6ac6d9e9c02
xv/21080.xmv	816035	c4f013f9b048f5ce5b14e4083cee5e0dfc017023e5f9645a1ea1785616417ce0
xv/21082.hot	88	784f85ef6ee8a6043df911a459925bf091650a1b5f34c90d634944b29a178d7c
xv/21082.xmv	7606988	e17efff26ed232ac318c33e0fb695d7feea1b42eab9599b1dce7734402aab542
xv/21084.hot	88	f3d6d6e388dc25a24c6310b9e7b0f2e5e2d0706104bb26156d11940cae5ab487
xv/21084.xmv	5139415	b269024504e778d10c4a548e7e9a8a62d8abb3871166d31c240704e4838093b5
xv/21086.hot	88	6903283e80e94f953a6501c14ee1c653bd6f33c03c436f66926d0c5360fd4d74
xv/21086.xmv	6470672	cebe89e70b2cb36918a6ec067179dd008c947083778f7e3b98adb23cb76892cb
xv/21088.hot	268	244746ea560a4c540997f1693e700a94b5530c61b0ea50036b8d36f61cca19c3
xv/21088.xmv	6699697	f9f2413ca4d37dc7c2ea102312b08bc5c9b1810207a710670a7798127d33722c
xv/21094.hot	28	19d460fec63164c9ffbb328b99f7db929621e9fe98093de60340eaf6c104c3ee
xv/21094.xmv	2461032	ce55ddf68b208147cef56acbb675299924932504b069a03ec2b56aa0d843db72
xv/21096.hot	88	c4557b4e30d788a5d0d50756e085d6dd70b8db6240d9eb36095cac36f69bf7af
xv/21096.xmv	1108832	fbd1b65c146edea3a70e03dd5d981e9e7a4f96cb5321119699e161ff1d7c5d73
xv/21098.hot	48	7e0758cc3600b875fafb6c4c8d52e70bbb18ddb66c25e3846cc93d9609718ce5
xv/21098.xmv	1243984	6d0d569ccde364c87ba5e63131d8c32466977719adb2dee4ee11ac66e0d52210
xv/21100.hot	28	38eb9fca45e62fa8ed511496aca490a20d1b23b4ea1ebd37666f4ddd27add590
xv/21100.xmv	1089608	ad22608a3af0365a0754d4f7669abb68fff8c31427574349bb28f2272a14d620
xv/21104.hot	28	8ae8b338e3059f41cace7694bd9d8aa6d7f28327a414d09a45e025a609df5565
xv/21104.xmv	2324943	ff5507c58cb18ac70171a2576d59466484373b2ca05d04977c0e0c550d2bdca8
xv/21106.hot	48	0050ef90458f51619d9854aab8608b5eed5d3b2c6f7dd42abccf8a7a1ecc70b5
xv/21106.xmv	1594420	647a1512a273f1434ea5ef0e654efb7153caf9574453914563d2340dbc57734f
xv/21110.hot	28	7faa3da3007121699750450410d4ae90332e1967090d88bdc9dbf120ae4822da
xv/21110.xmv	690358	3af6fdf5807aae8b01be5f5988f17e93ffe13ed913011873f93f7a386001ade6
xv/21112.xmv	583778	02f63dd954fcf5ec89819a44492e874f8f7019f9ca9ed478b6e23caf4d9f3e3f
xv/21116.xmv	23305148	86db26dbdcc900f4121dc20ad170fd4f6a2f31e8dd6d41a0097a753260f76f6e
xv/21118.xmv	25265485	2c9b07f53df22842e8172632591f61f27dede52bb391acd52e4f62214038beee
xv/21120.xmv	7421104	3b680a0b35d20f33c9f57325dc4b177772793cc57247701f10c1d235b60f04bb
xv/21124.hot	168	4a171ee09bf800dd941d01bf3cd297362f64a8950328d7c20b8a2e967349385a
xv/21124.xmv	6117063	205b6efb81d11ddf504e3e6bbbca9e2a49cad24459aa3da8339d4c683a6f53ae
xv/21128.hot	28	4597b4344b7e27a26b4e95e4233fded0d2f77f97053db64a541bdd39810af00b
xv/21128.xmv	2629091	d87ca68c7f7836479fd5eca1a37ba487d5d11ebcf14bf4ad2622423fc5586ae1
xv/21130.hot	28	07980c26c2abb3e65a36654f1b9eae05503d8e0e83a9e6e9c8766b8a1fc637dc
xv/21130.xmv	942308	84a4353bc9f0196c4c6ec085363164d939ed1e0bb7a0934b152fc54a29ae9dc8
xv/21132.xmv	332346	7dda03d37f421915ac7d2b6ac04931b26d712a594bf838805ae79b16d07c7760
xv/21134.xmv	317699	f4a8650b7362c8c6ee646e229aebbefa90453350c557e22c8b15c2e8a625d125
xv/21136.xmv	269007	c385698f543b2ace8d37ec241a596e866afb3137cb9c42c243225aa059842e4c
xv/21138.xmv	459870	cdc79b0b0b3637d42ee36e046d0cd3e487a6ac98f7ab8429b0d24956dbf69ada
xv/21140.xmv	363706	6dd6f68b5cdb39509994f3ac4bc1fcd518f5fe63c04c045beda8bef80b590d29
xv/21142.xmv	331669	30d0c253b5db61bac2fe2cde8a4ae7b6c69f12bd331538a409e7d6ed632d8267
xv/21146.xmv	311634	77544a3d577ebc7b75903ea6136cd9951d58a8f7303414b9791532ad6083d108
xv/21148.xmv	270667	01031be1a9670b5fc2d873e2761b792267fdf801437dca11fd7bfd79dd158d26
xv/21150.hot	28	9c093a3522c2b1d5cdef4a3cef66c214c49079bff8b53c08403327651a6eb491
xv/21150.xmv	1473723	ac0cee32890b1f4cd769251daf96ecc4c967adfde0242f1a70c21991f7c9cacb
xv/21152.hot	28	fc085706f013acda7749c2389e41dedf034dd83d431cace844077f1e097ffcb6
xv/21152.xmv	1295506	611db35bcb4183db62eddcc3cff683d813b2e4f01448c415e64d1a037dcffd85
xv/21154.hot	28	c9be8b51f94a316cfb1fd323b4ba1e4a3ea9581761c3d87c77499f6256da125e
xv/21154.xmv	1888264	e7b15d4bab9e6fe0924d0daf8af114baad22cd9a04b781f4fad8e83a600d7d8e
xv/21156.hot	28	dd53612845ba494643a347350c189a71fb270f828f742e4ae73ae7f200386573
xv/21156.xmv	791815	371dc897ecfefe03a6ca289fc11d5f491a851ecce9957e6d5d1b32d6bf55f545
xv/21158.hot	408	7e2aaaabcae044a1c7d64a1b7a4ed779789b789368de7fd12cd8c447da5ddc61
xv/21158.xmv	13324651	00b3248153e0a9e4a8c5aedab428e8251e09f3be71c87d52478ff8fd95ac0b9e
xv/21160.xmv	2711612	6bf4fc5875806a0e6c43b972fa8d10a146dfbeaae75ff60611a630c67f231fd7
xv/21166.xmv	1097324	d92cdb1c4a202f0356077dfb4ae4a76a09ef6960f3c32ed47014be0cf9e1b142
xv/21168.xmv	857249	b17b24c8275dabe3fedda905296e5c8ee5958a0d79b92e94933ac83136e7d708
xv/21170.hot	408	728bcd53a39d1f36fa0c7aa8665527168da646c9eb1ae9438075fbe654c8fb6a
xv/21170.xmv	10622212	ce56afd46bd7fd4c421ce3e5e33ba3b79a8efac5e3a000da6acf0579676fb7ef
xv/21172.xmv	197630	eed218706c1cd9e9f8c1a35d18a68ef6ca228c9c5eadce1bd25d7c56f96d1e62
xv/21178.hot	48	875dc813ab6dafe2416870ef98732aef211b8309a79ad909eaf6abf2cffa8b98
xv/21178.xmv	2631079	0d1997cfa6d8baa5bf1790b9b96daf122e4a6213017bc609028aeb757ca28c57
xv/21180.hot	48	030a1901c72017b526e46da0a5bdbe264bfcfe6840f1d1acd92dc077be9fc10a
xv/21180.xmv	3296832	70e617a3e93ac820e709f6c200e0fda1b9b0cf57d1c40e9306b9faa6fce7fb2a
xv/21182.hot	48	b03d540a78e73828f36aa905abec085a96801d4ce72f8c5c0f6875d34da92c1f
xv/21182.xmv	3524189	054ccbc9ec3961351b685abee243dad6fc9033510d7fc9ddc3a1610683733b40
xv/21184.xmv	598234	14233f359bb6075e1363c8ef74f45352b73c22190f586479a9da12ff97813798
xv/21186.hot	48	56b8717f31e8a6eaa909239f0c2ca8a2c628cd4293204c01d9b7e0e080d47250
xv/21186.xmv	5813767	572ca5ae68f935a8f25bff196153b1b08073b1c16a0e9916155be2577f516ac2
xv/21188.hot	48	548081dcfd71254b5aa8b6ed2dbbc9bb4277f47490fa373cb1ada21920560395
xv/21188.xmv	2470125	41627c9a10ed617d6c42105daa1a7b5a5afad92c1eb1aad22b93e7e927ec91b2
xv/21190.hot	108	cc6013af202431a344137d112bb0a1fa3a459b2fda7e8f8c07767307959ed8bb
xv/21190.xmv	1231520	f3473c338ea91f9339c416a60014cba0e08183f49e1325f753aed684cec4a4fd
xv/21192.hot	28	17130bc3af70ce971632669b5f5398b8da694b2a7796de098419f7f8f71d0191
xv/21192.xmv	2244287	3853336f9fd9e17df321c2f9dc0967a5b3ce9a6a3170167195a1ff02b4ddea99
xv/21194.hot	48	68302f585724e807640a10c6873af0e5ee5a7f82de6e4499689b694050d9367b
xv/21194.xmv	3327838	d2a1514ead3bc12c3e5965107a5b4738094d68031368080a04bac7adc1f5a453
xv/21200.hot	248	ede3038b90429f8ea178ca7d56c080f2e18280f4ebf8f4ee7aa3c04fbe6c803f
xv/21200.xmv	3852758	e6fa524dcd0c5be481fdf85c9edf6a4663289af1029694b9955f3e18d35f7ae3
xv/21202.xmv	161753	c9f86f4953fa31e00b21d65e08a90fd86ef735983132d474a6e4c6499e54f609
xv/21204.xmv	201721	972887e3afde33aa01e67bb27f7269a88efe315f90d4cddc12426d5163e8237f
xv/21206.xmv	165659	a1235da220fa5567ca5c6ebd4eac3d0050d7c1f72448386d5b04c93c6798285c
xv/21208.xmv	328973	0d43fd140d96b07359f6ae89231c828227283c85b6d1a71c9f63f6dfd92d0c73
xv/21210.xmv	150448	0f4a49635da47a8a1f4b09cc529ed062744bc83a9da1075d4f47a1081a06c093
xv/21216.xmv	228133	93548c21b631895bb39b4d2f62516f3921f9e1fae658db3727e7c50ac622e022
xv/21218.xmv	177935	076c0b059936f6849a73836d07042d2886ebeea48d1683e80c056ad8f057f4f5
xv/21222.xmv	173803	753af92f6698edb34f5fe3e8df0d63a132a2e8c10c76bb5f1bbe0e30e526c884
xv/21224.xmv	317620	c050e6eaf6e1d291887af6874ca9110a114c31edf9e9ce013cd7b36ed46dfd59
xv/21226.xmv	252177	7c628252f6796784ba663c9408ef7605abdaf1b953f62c73334f4231df0599d0
xv/21230.xmv	627266	c957094a655f66246834fdb37f091080d8b0f598f5072b573bba88445dea92f9
xv/21232.xmv	675983	5e9958ba62eba8dfa4de5c0643dac825e399748f6f954cffefb1f8dea32765bb
xv/21234.xmv	710536	8e97f254d9c44925d517d6856c5e9617cabf09261ac2fb98c59cdd31cfee5950
xv/21236.hot	28	14ac00cce7538de2dfda53f817741a52dcb933f4866255ed57db0f3a096bd346
xv/21236.xmv	4588151	d357467cf1baba605321f5313c30b5f02faeb92f62099808efbdb28f99f7993d
xv/21238.xmv	838373	764bedcf7b001ab468b7bdf939f046205fc81da286cad92114e2db13f3a698b1
xv/21242.xmv	1940460	70895c26294aa0ba7d93e7919815e424ade2afdad8a355d2eef83e3fe32559e7
xv/21244.xmv	847628	44409823ac528bb02616dc70208a147e0f7d33498e3ca03726a211bf3f967f4b
xv/21246.hot	128	805d93c60c5877c286d09815108bec6c48af900ddd08c54be6c7296884802a34
xv/21246.xmv	1602123	43cd86fd7ae9fb853aeb71bcfa13b3bae0d9a70e03acd2725a956dcc8e24e561
xv/21248.hot	128	4777266b184c27ab326f17bbbb9eceeee568a22c034a528b5178ef914ad28594
xv/21248.xmv	2710743	07ed0d6ed381ead5772859ecdec83b6d93728ae8c972b0e60a05bc153bf5bc70
xv/21250.hot	48	57a1cd8e22f2641f606baa33bb3f09c08c6b00e59475e7c1a55a40a7e7078b29
xv/21250.xmv	2761543	b7d5408adf7e8c7b01388b7a47d6530e763d5de1f677b40ad698b6b5793a61ef
xv/21252.hot	128	68b1a2ddf43a3f6ac9c2aaf34c72a1be5fc37f34cb8a21c177097bfb8ca8b1e0
xv/21252.xmv	2051800	f462d29e34acb2dd6d46469815d741330275db508c2cf7598ea93637d9835cc1
xv/21268.xmv	837741	94574e35a7e0985a71639d7e32d604f7bd378dd20e6bf6e5c04aeb6389084225
xv/21298.xmv	1833889	cc8949c1d80610732d4f0acce15f6f69971aad5adc6f97cf5cf959b48154028b
xv/21300.xmv	2981662	b2195b061170b80cb652d8613324b2e6610f7163f1b5dc3d138e1b74c20e9066
xv/21302.hot	28	0efced70c9f5fc4a5b1b8c63007d5b30dd9c438fdcee60680bde24902f8b860d
xv/21302.xmv	6365145	1a0f3c9f36f7deab0154b46547b93d3c061d8fd0d198d68bfb24a9af085ffbf3
xv/21304.hot	48	d8127c00451ba16284fbd6bfb4a497fe50c948cdf304c1aed7955df734223a76
xv/21304.xmv	6853262	54969aed4a63fc5f02aae69debe2d0a03ccce1d782e128452433f285c6ccdc8d
xv/21306.hot	88	941220c8fc9f8c81cf9115e193a9b850e7938fa0d93ff7a796fe3f32a5e9953e
xv/21306.xmv	4002480	600e807303488074fb22c0fa68d3eac9e5416e542b62c379277e7ef8b006c312
xv/21308.hot	48	7e3cf1c9832abcd932b827ea9518c4b72d1f2721b634ced7f0981961ed9eb7cf
xv/21308.xmv	1856388	2e463ee2380c1218cff1e5b55d502b1c6a38d1a08f163050e1ee7ea42dcd355e
xv/21310.hot	348	529cd3454888e267e5bac239ac6f6715e3e23f062cd5682f925cbb36688287f0
xv/21310.xmv	18259272	edba6e99f3d90eaafc7716c09bfaedf221958eced6d795fb97aa5ecefd573af7
xv/21312.hot	128	980cb45a9e5ab4cb92bd48ab61892c703b60767dffb3764e52de269d9601b9d1
xv/21312.xmv	5256752	cd5eac3d622c1ef360a8ea080dcac0023848c24edd651bdc75c4f4d77843f3d5
xv/21314.hot	108	52261b2d95c78b255fff0a7680eae216967d09cb98b20bb0f59e8d73102fddc4
xv/21314.xmv	4154757	635d94faa3655a59e59a8419930daca8edae60f7f806434ad758d62a847884b6
xv/21316.hot	168	34eed077493e40e508b90be7fb0c9ee2ced738f9aef9443d5bba7b8dc3e9e574
xv/21316.xmv	1681989	7f18c00857dd8a44cf3b22dd1bc60246c0346cd8dc697585f5ad42e421492eea
xv/21318.hot	168	019550c701a3226d7126c8dc3a05bfd8f6c2983c05c161bf14320af63ffce4a0
xv/21318.xmv	4306115	412450fff138ca00aa8fb3e202c045055562e0fe039424967f314404a45dae96
xv/21324.hot	348	76436535fdf3489ef66de4ae1c50127a5f21d08be4e382f90c48b7493331b1b5
xv/21324.xmv	7706095	011dd3c8592dca77777dabd8804519b60a4ee7c45e8a599451f04bdac248df40
xv/21330.xmv	6498013	887db8f5574fea822d8c08741a77cd4ecfc6cfddc6a6e816d0b5b532eedd776a
xv/21332.hot	28	f5ff43b183efb44785c872941e11d76821aca0aee4589da8166dd815daa97825
xv/21332.xmv	2924730	505672dfe75e7ddb9a4127b2c29de04f0b422eb895829457164ea2ed7aa9f4d8
xv/21334.hot	48	e42ef1a7b2252739da2fa189edcb2919299a5bf0489ca2385e783e3b38e2cbe8
xv/21334.xmv	947007	a1de40aff32be8a62568b32152958ec05ac1a1af2cc5da29450c106928d26779
xv/21336.hot	28	fbf7545c2405818ca264eb64bb5534141b631cd53ba2a77a33bb8cde3705332a
xv/21336.xmv	1190581	fc57906ff91e7ecde42c7d6479821c4bafc8396886bb9950b9aa57ca063e863e
xv/21338.hot	48	8a32534f39cc9ea713589acc88b3a130eab381b0f235ac6495ae7e213486ea39
xv/21338.xmv	658883	82c88a42938a67e70e779fc93b3f3e461e4aded7801d41b7c88720f157f79709
xv/21340.hot	28	ae146978eb89963d6f29f9ea88c8045405c45ef88a215756fb9dd13e1f0438ec
xv/21340.xmv	6179595	2a0658e76d90d0807b503965cdd3fccc0c7ae1d0d9284e79188ae7e8ff95c69e
xv/21342.hot	48	fa519c12ce9b21ef2725661896d5d113df6484e51f30851e9a7f0a6f1c0071c7
xv/21342.xmv	884426	59fbeb72b1ac9f9d176bb3205c9abb6f22e5961558fb71823befdde95286ec66
xv/21344.hot	28	6c5dbc5f418dfab32a99c65f797813141dfdad5121709daede591beb72ee3a4c
xv/21344.xmv	1906592	277d258983340cd0f6da366351152bb4ef1dda3d2c4647f9f7d1dd524fc21a7d
xv/21346.hot	48	a9c673845704d148423dc9891245087332941380def992bebb57d67745209f4b
xv/21346.xmv	802059	1c1f39a86256544f8c0e7728ed26f48f1cc6059b8ae9a3cc93860e9ada71f112
xv/21348.hot	88	fb6f296914f5c56e024b3c4c85e04bb0d1d2bdf143899ee8beb187594af97471
xv/21348.xmv	6576808	b00c5288c353d97f8927686c090ac0bcd74eaec7779d6ab26bbefb43ee6378e3
xv/21352.hot	48	898664a28854a50c47b482b4232d74d8b142f6632eae15d7b3d99b6742200c65
xv/21352.xmv	740852	eb5ecfee07559113f60eb45b2a7369f254e74a468a09081d0761f4749c82ae4e
xv/21354.hot	88	7d1d625f1e3c35e26dd6c0307531e83ecfd754a5b41852fbdcc56ec64c440fa3
xv/21354.xmv	5245861	49582230988d1718d1dae1555eb1891e4fbd934cac03b5d23cf14f25939cf2cf
xv/21356.hot	88	42f7ea2924b74314e70a624db43796f22d5368ad8b97137efcf2616afae3ad2c
xv/21356.xmv	7675916	bebb1c2bc3db544197d18b41efb7f624df17e0110d4c0e15f644e13bf2d6bd4f
xv/21358.xmv	618412	3ca470628d44a7a4e9a6c3dc1d7dbbb8ddae786777188f0ff12266d345f1b9a3
xv/21360.hot	28	9a5c797bf145726cd8921db8a6a8145677abd725d0b2d52ed9bafb53cb11e844
xv/21360.xmv	2030480	d917be04d6ade20a2b247361758e062fb0ce3498314e6eef7ad684b094793b90
xv/21362.hot	48	ea562d72a91a5848f396ac7644fd72c9de1b87e44bcdb9070d12cd6c21138143
xv/21362.xmv	1130571	43fc39c6665ae7921aef1b89fb3b3a2c9d1953b36284303b522d63f4186a0875
xv/21364.hot	28	df6834b94cd672bb5596e13350b046c79e0a808f3ce3f174297cee4cfa606ffe
xv/21364.xmv	1924083	3eef8a056fcc842ab4917cdf1888167d84ec2d1fa6381af004520581fceab532
xv/21366.xmv	597181	8b8d887948749666d98e7223f2ace62519abfb3521b860698253b9efee9ab915
xv/21368.hot	28	cf13207b36db33481d646e2a1e1d8bfa6dfeb89f136fb33ff3c456de1ca76a8c
xv/21368.xmv	904226	091b4b662854295b50ee9758440cc9a5ceb84e093c5a1bba2b6838e6e53cab4a
xv/21370.hot	188	9823f9af6f3e87c8b90a8b8db5cf1647d188dd40da7a480f940e9b9849dadda1
xv/21370.xmv	9406479	d2ab81545f87afa5511caffe381e17a727a5f03384ee174faee4ca9e9c397cfc
xv/21372.xmv	986418	9467fd694f76309bbe4f135c82ce206bf73e16109c5eb2b49b2193553fb7a874
xv/21374.xmv	965718	5c40a37ff242f535d2485c043bdae84e5f914507d3ac4ecd994fab2b855c0abe
xv/21376.xmv	926031	c25d853f13571d7077a24dbc432a7d9b6a8ff98008a39c490fdfee536fcd0f34
xv/21378.xmv	781982	e9e90918d2d8af45b16f800db7feaacf38de9bb57541056c87a5263e9cad86a0
xv/21380.xmv	556807	92cdadfba4247a9e8f194f2f8d8def2a9494fb5308c09e06f6b261fd61067899
xv/21382.hot	48	defd89a85bc714931c3a5a1d4d6a28f248c581159ab05ea2a5ce95946bfc1957
xv/21382.xmv	1812271	db0bdd14ac2e9b806324f39d4fa7674921fe598ebd08a5d1c8833f875398e14e
xv/21384.hot	68	3d0f2090f3d3b7002b67707b9888e782c5840e0e937879f373a52a1c02612c91
xv/21384.xmv	764624	f48a1b57c3b448835b87ebadf73f206bc556cc1ca12e8f2d5c3c598942626557
xv/21388.hot	28	c07271350baebb474e46d1767bfec1338d61bc5690643d802bead3e2a2f4d206
xv/21388.xmv	2257790	c8ad5394c75e5890abb7955b80bb133b8848f5ac4f69465c80f07035ec572a7c
xv/21390.hot	68	dff1acd30358a2f9ef4863f137ebe8d595030e60a8ecb2042a78fda0e3f4c049
xv/21390.xmv	785020	97eb02880408b29be2cf4c11a80097f3a8fafad87a6c1b061ff84361c9a8c251
xv/21392.hot	28	7b1b7799362101e8b8f8937ce12b50255e2ccb8d323ef375e40fa87d29e28fe1
xv/21392.xmv	2592560	8e6d8cfb63d83dc88b1ebc6d33649dbbb12d2559407c4f1f2aab592d71cab165
xv/21396.xmv	229511	3dea162f6ca12d3c313e0840d993221a93a9dd3b99f8dac4424d483f8266cdd6
xv/21398.xmv	475919	472f3fee86782d2b3517e95e496b31b3d58781fada1d914d81e4b2696d13e342
xv/21400.xmv	291049	3f7cc4ff264b0de4de95b0cf19198011381aea8c52c3928317eb77c9ee050236
xv/21402.hot	48	0feab933e7b540ae733ae9e7c8b53cd4312e531305941af6aa3840a1c25eae69
xv/21402.xmv	925886	fccdc24cb6fcb49d9118428774a45c3aca89daf3d134a0aea47b394899bdffa5
xv/21404.xmv	208978	67b3eda4a9b10c6e3fe5f937d290379622fdabfe73eb8b5c467ef58836541cdd
xv/21406.hot	48	ebd1084914a40720db0acf5933017d3382354e4fad5b74e3b831320dab88ba06
xv/21406.xmv	761978	6258d4190ab59ba6c71ddd33ca789a96c610cf3d66c29f72564ad714cf106682
xv/21408.hot	188	5dd9211c615e0caf363b525df5fc10270b577a1706ce03945af5584735b6af01
xv/21408.xmv	5014393	0a85d0e5dc9b52be6db73df9ff4851bfb431c170bbc3121cb2cf25ae11db8452
xv/21410.xmv	270512	d73b03238dbb5f3dae2f2e4a0d7d682fcdbf95c688ea08b00fae75b706458755
xv/21412.xmv	229527	7a3714dc42e08cb99c90ecf9b88391eb7d4d56dafcf52ff39b2d9c5886025847
xv/21414.xmv	250105	09f3a5bbbbcd173a942d3f372315a409d6f9db25a9a91688e58d45c34ded8692
xv/21416.hot	128	26479bb66906f785675ad3d9a13c587a988307dd4e6979865d6db39c24c5523e
xv/21416.xmv	2531438	1d9d25b9e038e9335d8da2f03dfd430d26181d3e5e1d853c66f3afc6e6826344
xv/21418.hot	68	ca55225eeb32c6c6e8ade71d346bf02acaedfd889d7ff75f47a612df83d9a057
xv/21418.xmv	1194670	302c0253f9fd31cdf8f54f085bf6449077d73cf6f6fa2f53c02405222a9a8553
xv/21420.xmv	270182	6c9f3c8e4ef34f7136f21e439c60e478463df3bec1fd9bb241360c3401e999b9
xv/21422.xmv	331766	1cdde100acae4660d5e3837237cb911a96dfed8720e86ca359981cbaca4b7e2d
xv/21424.xmv	393092	23288d0f83fe6ca0235b4d3d7944c6170d86b91f162a17066867a044e73f30df
xv/21426.xmv	454565	b720cbfdc5e210ef31a93f2c6f95c15212e927ee628d5ce8d07b14eefcb1144b
xv/21440.hot	68	709c3d4ac29f7a8534f83bd9b22b928ff4fa2f333ac06bef4377355d3b86ec05
xv/21440.xmv	1341873	d43bf809f80f92fcd10149e8f8c1eeb6696ddd4558381890e3b00df5d1495853
xv/21442.xmv	431693	bfb5123398b894ee1c37e400297b5fd93f4c18e1fda4a81cc6b455ab664ed108
xv/21444.hot	28	786c117b45d85a5393a5588053d02c062d9d94d4b7997d10ec970fd50c806f59
xv/21444.xmv	1060377	99c538b6f8dbda7c0910ba6e65efefad31169ad05df232be5201571c54d50987
xv/21446.xmv	453303	82ecfea814da0aecd58b9645ac894ffca90c53b7fc3f5b1d3b1ab4a078bfc0e8
xv/21450.hot	88	8a35a14bbdd1f60747ee3cee1f5a1856e52db4ece3e857cf7d6f0fceae8db2d3
xv/21450.xmv	1622473	258f171090355ffef9bc842ad8983adf88434cc4ff140a534842df45c729953c
xv/21452.xmv	615924	74d1ddd1791e5c20b38536c736973cac31fa5312e469e7ca2fe88e1f7c06e860
xv/21454.xmv	580713	12640b080b7aca5f45d79e2851b28288b3403612910de0deedaa219157d73135
xv/21456.xmv	339438	f7b050c2ab1fb9c319ae616c79cab6822118d50c15c6618dabb5d025edf34c9a
xv/21458.xmv	462114	ea88536cd0cec53d464d9a71da76b701e1e049c56870bf8d7ced31c7e777a182
xv/21460.hot	48	7d3d8175e072edfb65fd1a9cd28e8b11015952ed27c5808566b5d978febf47f0
xv/21460.xmv	1089567	7e871cf38bee82b1ed3f6c448563fbf02f98a512849e7ff2363e1bf5303efc54
xv/21462.hot	48	f5dff28f1031f201eae1ec1d5fabe1dafe8da597e754f534b92067840b33d35c
xv/21462.xmv	1136147	c55475dff8f26068a24737c26dd66033f4803afce0ec11fc3552edaccb3724bf
xv/21464.hot	48	b2853a9e38036dec2dcc004310db5e7c05d476c7b2d4554eb24a5288c0d1706c
xv/21464.xmv	1052048	2a493e40632a601825fb1ba10cc6cb1ab28e053dbfa350f56e592cf4d0dc5a19
xv/21466.hot	48	93452cfde4ef354826100765c16c037d79d429e1e2be0431f6751d10d2a31c18
xv/21466.xmv	1537754	9206145ba28e02aeb40e55a962e7e37043bd6e34eb8f31f31de65f63841a6a7f
xv/21468.xmv	430714	149f660546ae4263c75565cfe6dd03a7b9dd8f0c5bd9673734455330a1c699d2
xv/21470.hot	108	f0b34cb3916a12ee402aed43af187e4c7765e538469d94fa278dd3c8c0e7139e
xv/21470.xmv	2029988	cb681f06d1069beec29ae7edc4a7c6c498f354234bb35f869ef4737990430c2c
xv/21472.hot	48	4f74c4955246e707b5ed2664faa66fc846f5d988b6f483ce718aa74f776e538b
xv/21472.xmv	1104419	422990fbc006079be9af193788923072f9678ea9bac5e1acfa6850166ab59489
xv/21474.hot	48	4cda7e43206f259733449e0aef1f5ad2e1cede7a5d7c1af950ebabacc0321d87
xv/21474.xmv	1609749	e82572f53f7fd2f61a3360bbcfef491f0f6d22e462e463cbdafa5c5db26dca8a
xv/21476.xmv	384009	423978efe96c57c35a03fbe89851ecca42d0fcdfb73fb2126fec5aa6d44ea92a
xv/21480.hot	608	8d5202be486082cd6de8019327c91432ba9f142b77916b0c557de3974cc52f49
xv/21480.xmv	15148529	3958743b577e9467501c966fe8b0feecc41d55aa5411fb11e11468be20b7a789
xv/21482.hot	28	882e6ab6dc2ee64e88cbe98111c7ef17ae886eb0bd140c2057a3e91e0b8b3ad4
xv/21482.xmv	762975	9050ec53d5e8bcd9c8e3e93bca7704b3a24a36e2e1807fc1a2056c9400a4cb3e
xv/21484.hot	88	b532aca30b00c3181d66976cdef75347b8393b096c64e67bf8553cb519e944a4
xv/21484.xmv	3605194	b08eddb924435733a5759f28df544f5a7a8555cbba3e2f0e9b03995d2031a394
xv/21486.hot	48	0a5e1b29a11090c7f4e2560d32d453fe33b973a07dfea5050e972242788556f4
xv/21486.xmv	1855982	417c7cf77bfdc34a3df01c3facad26189c277d83365ddc5e431b514dab2bab9d
xv/21488.xmv	321003	f921bae91b9b505b6d4864a0a1e4392e7c473162b4d9f530a8201d2a405bf109
xv/21490.xmv	733356	efd0d07c616fa828fac4b9717c580e48601b1cbd9e9ecfc0a7206ab21c6b2b50
xv/21492.xmv	690394	2682e51213fec222a556ff29e085a868938354b69213b9981fe83895a4f27f39
xv/21494.xmv	272570	4151082903338cdb2e4b9aa3f4a72e1bce4ec56d684324cd1891be7f01f86fdb
xv/21496.xmv	565837	ca6583eb73e8f8e1db7eeaa11d68c6e455932b8291312ca7f443eaa4f6181dd9
xv/21498.xmv	326306	ff0c71ed4d8db621b2993ae4bcc9617067ae2dcf3c2a6a87a55d76cd37e77a25
xv/21500.xmv	413220	974e38ce4a2ad30b102d1fbe7c866f9d74b1780f5d8edfba4aa3c859d9936fbd
xv/21502.xmv	368257	25659f2d1e894bbd67a62afb2d4fef156d86fe8d6f7caa7ec6657dac7030fef8
xv/21504.xmv	348303	53781b90f64f2565a2748bfa153537fd50f82c2561eb4fd2b4b473fae3916663
xv/21506.xmv	236819	269a43508b029f3a0c7bed2fe0bb4c8231dcedfa942f0d85c5eaa8d244d6b0ba
xv/21508.xmv	246369	e3834529d7acb53792726891d2cf79e75455d3468dc2dac98f665025373cb340
xv/21510.hot	28	682c976272667608e1c8a1deae07ad4d65436dba2c7d514a95a7c43d4de5c8ad
xv/21510.xmv	1893428	8bda6ec980f245bc0096b9497a7f9fcb949216480fab36fed80a5f95a0dcec6f
xv/21512.hot	88	44826960c8bacd112740f3163184d33db1f336c55385bdf0c232781486fbdfcc
xv/21512.xmv	1820838	51760411cee04baa81f6dca0affee11a0d4451ace18c722e4a92d7492c818e71
xv/21514.hot	48	92daad79077383a61badb174867034b0373425a1162bf308f85cafb24cfd5aff
xv/21514.xmv	1168215	166515830484dc5d59e92810c32575e5748710fa3ac28b3401a423a3d2f86092
xv/21516.hot	128	6a175111416736656985b398110d63f90fa0cd941cbebb726587ce1208a2e47d
xv/21516.xmv	3273691	f30b9ecf6d15c6d42b22b3fa2ccd86a4c49d140f5b9d2ba1e3122bc8e0545dea
xv/21518.hot	48	b94f806f41d4d2fe3c8c1b2fa66ac93cc81fb6d5d5f3152b68dc30f4b114d53b
xv/21518.xmv	1904325	b737b4dc5574e5ad6ed5d87e08d53cdb449090de33f968932bd4ee90530bf901
xv/21520.hot	48	ccd9e984971723ecf84df7ed2167c31f64ef3684674aa68397e7db878d54d909
xv/21520.xmv	3399147	31ebc134b41baf6b48fd43f4b86a20d2fab8c917f8e804e6bfd21f0ab477166b
xv/21522.xmv	422796	b1f61823080eb0f9fdb0027a3807a5019d1a40c13792dcb72049d02781253538
xv/21524.xmv	533414	c90fcaf9d3bd4a799479b1a4cb7edb57ccfa5290113c4be541969ce24e4f7077
xv/21526.hot	28	7d5d455f660502b328ff20fa45de5d98f42c1035f2b914e277adcce69e0ed230
xv/21526.xmv	2448377	d0b7f256d28e346969efb7ad17ff79e9b1c938c024b33c1fa694b5e63e794d21
xv/21528.hot	28	021c653fce4f20fabe1ecad5bad40f7fd6d913ac3d077c346d43627b7caace06
xv/21528.xmv	5287272	95a8e6573a2a5728474f92d47451996d551acb48b1a914ce9fbb59c4e2ad937c
xv/21530.hot	48	51db9127e7bf2842b1473812114a46a53c9b9d1ad1770d24ff46c82b45c423cb
xv/21530.xmv	2629320	91723bb23615783046f7281f04ef12d1f8a5c2633867e9d3b217b402e6ff4efc
xv/21532.hot	48	77b2334f8ffe5e1cf27659c13415b8ad0816af5382ec90f8a3dc161e0b0cada7
xv/21532.xmv	2220568	52775faa95c30c76d16bc34ffa4f10e59b9e18e0a5135d5ecc3fada7bb3a7a7d
xv/21534.hot	48	e672ecde2615dc9e9dc675fde163a433d307867255d21a2e15139b0ad06e6dd4
xv/21534.xmv	1553317	9484b297f01f46d7cb56a8f0cd969d4f3cd4c458259e92bada4f41ca4a38dc26
xv/21536.hot	88	ed7491350cb4e3a894808fc90ad86d297e7c86897454491d9c1b1b5f15d8b18c
xv/21536.xmv	1771325	ef394a07e30a05fd69242dd16200b1d95222440bbebd574dde768f1e6f100afa
xv/21538.hot	48	580e3a7d1a2813c623fe4f1313637074a4a70e79ca304694ef219d034596238a
xv/21538.xmv	1282791	ad17f384cf8c667aa25354941f0d9cd97fca9d1811ee55c70bba072167f9decf
xv/21540.hot	48	5295593487cbac324404cd13381b5cd6b58ccaea5e81dc01c262083dbba82e38
xv/21540.xmv	1888912	16b274faa13957800342075a99a7bab3032d192c8006ee9405a716406092b3de
xv/21542.hot	48	0beca4e608349ff8901ca87b20230639e38a05a031f62c7827aea0af1d9f1ff9
xv/21542.xmv	1445524	62e4146bccf541412782eceabe4ca728a93472490d72ee3d4c75328bef625e87
xv/21544.hot	48	bbf0681b7d7863f341d609a932695233bc6b168de0948909c4456ff5c5e4d377
xv/21544.xmv	924826	599b38ed40c392a84391ad69aa2f7b5239d9365c2f0d524cd4e67c052cbceb79
xv/21546.hot	48	be6898e03f57094c9484db310ed3e6e6213623d0432e9f0760d6c89cf177fdb8
xv/21546.xmv	1954119	3513ec8c9b7d93425abb9f8454827497c268cdee69c78571f5cdea62e0248fbc
xv/21548.hot	48	ed67b576ec00501ce700b5c7239b8d4449b7d3754a74b1d691584191001ee0a7
xv/21548.xmv	1122662	7c4245c6057e91c5464e8d6b0257420c2a68d2c8f46d70b558c873811d400274
xv/21550.hot	48	5ded8586953f30477cbcab233a6fb85fa3380bac7d1299163c5080f26638a164
xv/21550.xmv	2026613	b569ab3b2a588729f00318ee28b55a76733b785330040bc73f8c4d96ea8da499
xv/21552.hot	48	5eb9499a813c66456793dc7201a4778b2fc529fa983b0aba6209a2d5b9b30a8f
xv/21552.xmv	2789639	595913fa1da27697f991c5df7ec125314613689f73f79cb39c50393e98eced6b
xv/21554.hot	48	4f9dee48f28fbafeb6591fb35c4057939c1381870ab1b2687a6539b5c6624d88
xv/21554.xmv	2880280	7a513eb343cfdf67fbfc99b01291007fcda7ae66feb479bd04d22791c2f72ed5
xv/21556.hot	48	9d90b01cf949766b5095f6163102f75027bf6c47c7f2aca9bdf608e0a34d438e
xv/21556.xmv	3174664	508fb59a55e2d8f3accbcd7ded950e2d4ea63bd48e4b60c40e62efbec432fbcf
xv/21558.hot	48	d4c2d99ae914106254a3cf2283966c1680d06b841402b7f4c9c4c91060fb07ec
xv/21558.xmv	2699358	c8cc0ddd5ac388e0ce95121b7a7b821f6cf252fed4e9888ecb5b25664bbaaba3
xv/21560.hot	208	d15864794d631adca6a940ea95c31eff5f3c71758068fff5fb5a165b0a1baa36
xv/21560.xmv	10317888	8de5129d0e3b0dd287145900295be920b89defb290bd02dc67bf86938e49342c
xv/21562.xmv	515425	ebe4f1805e96b543c90ad5f698de3849d5e3186d5e7fa2678cf997c3423bee34
xv/21564.xmv	359552	65b7339fe4a7c10c46868b5db5bad0d81f921756ceab7dd66b233eca39e2c761
xv/21566.xmv	969462	637e2832961ed82e8650cd7da4a4d476fa572153d4c2648c81c775e954ea0980
xv/21568.xmv	426084	d3b2144617700ed749d2c0045ae7391ff4679a1d83a57d24496161e927019bdb
xv/21570.xmv	3802918	2e752abc44a1bafe8aa89c8be0468a91e3b2f617c3ee049d8bab73c8c6f260ae
xv/21578.xmv	444548	1e096b4a41e44ec96e47471358f404e3f807e355dfa1800c636502b2b8879fb2
xv/21580.hot	28	69d12c3535b0d80eda6dc35d7773ed5ac7e6cfd7c06b39d695eae06a0eab5cd2
xv/21580.xmv	651183	0dfb1e027aab69924cd157212b16410fb99ae01c275b78c1f98daef5fe05b892
xv/21582.hot	28	ff418925a0768575f2eb0efbd710ee6d894083dff84d047233fbc9a013615ddb
xv/21582.xmv	2234945	5961ef5eea332e746d2e9f0a37ffb77783897ece85274de082b45b274858aa95
xv/21584.hot	28	46f830e4e2c3584ba10ab742aa01ffaf96b5a7d164ebf221475fad9f4a73d542
xv/21584.xmv	708899	c59fac4b5ca8636ae3c457caafd74f074dec7172fb1b37a31fe10cc622e2b666
xv/21586.hot	48	c201174a9cb9043f062bd463bbd3bfcf625f33777872e5cf4d675fdf24108006
xv/21586.xmv	672142	2836c8018366b10b5f06883ca585ee714408c5451f99a638b4d25f61a98f164a
xv/21588.hot	28	5c77d7460dc96a2319dd18225f97d24e17be2fce8df5a7767809239bfe2befc5
xv/21588.xmv	3111248	f7a5789ce78450601ec35a1a56e46521a5403331f535612f9eb062b3125b0edb
xv/21590.hot	28	507bec95bfa59cbc16241cc23c688dad3c5ae463f2b1f285de13f070d8308970
xv/21590.xmv	2640040	55edd423498c8899bd2c044982130b294bae928ccbdc5ed39a15298d376bd40e
xv/21592.xmv	469990	7a53912714ca3110771a10d426d420eb02e36ffaaed25cb976cd966f6cdfbc5e
xv/21594.hot	88	6d6bf313755a55f4e34661c9c5e5a823feb94f3fce0d9310dc79fdbb29b3a779
xv/21594.xmv	4209498	601dbb2218c820eabb2a100d5d37360eac510f7db61fface1799e9acf55ff19c
xv/21596.hot	28	b496bc932fd2d54df30a69221a23d97058f74957764d4f37b0806126d0a824de
xv/21596.xmv	829737	45ea8d0a84c8daccee095d1720467237aea9dc6dd843d7522fd7acdf85e7772f
xv/21598.hot	28	72fe5fee2c1950a9523185a44d26d434c511b2331ec8065e3adf79dee9b62d90
xv/21598.xmv	609271	5fbe89d8cbbbba870620719d7aa19d2194596decdbcbed509d5d98d2182b1c2d
xv/21600.hot	48	69e222f16f902b4339da378c936ce0f4661bf366dad1f05a73059f40d5a9ab93
xv/21600.xmv	5275743	f28ea51ef7c9231cf3decdd34ef96bfebc652c6c1bf3c0da4d4d2e29d709af88
xv/21602.hot	28	50acba6b097deba2283c797e3956713bf95ac1f97c0b9116736429054df7f44d
xv/21602.xmv	2520990	00280c7a7a8098e053beac8a2c1f2efc60cd1efaff5ed5eea9be196d1b0211f4
xv/21604.hot	28	8339a61efcb402b39969cb35085e46ef74861d9375ff47de63534649000368dd
xv/21604.xmv	4594947	49670d57aef1e1c4fa032494abf823a596830d6e9dfd34000e0afe18477668d5
xv/21606.xmv	1799695	9b60df06cc397d0989fbb961f15aeaa9af5f3a70775f2b76d7c085791fcbc727
xv/21608.xmv	1009515	a2f3de75101a66a883797b84983c3aaf2d4360a9d7409172cfa1d31a278ba3f4
xv/21610.xmv	1074774	6c6d6e7b1a99c5917270784cd7c39777ac335df3c69af6c8ebd653e92977eeff
xv/21612.hot	28	c99b719ca8bc1939525c805d7793ec1b6ea3afea000f53bede8203069165f17f
xv/21612.xmv	747295	b97cc292152444db75d7329bffa06cfb0e1f102191a456f73aa644adaf65cc01
xv/21614.hot	28	2dd46d883c627ee11ad17cfd1b7d67aa7112b6fcf62524cdfed2f7ccdd2082ad
xv/21614.xmv	1256981	e514add205de0c1e87d0448a5a6ff4226fbf7bae1f77cfb91cc0c1fb9651b15c
xv/21616.hot	28	68ea16b2e87fd0d5f6143feba4994826194c63f831eff4fc0c441d6626809caa
xv/21616.xmv	4582744	f0ee0803f6d02f55ed6f0ddab7fb18f211f303a1e23e5cd6df298e9eab163555
xv/21618.hot	48	17ddbeacda0140728530b96db4cce8c0a807bff73de044a361d9a95bac732055
xv/21618.xmv	1133227	51607fd340c28c6210bebe5e8372ea664a2e5ce6d4cdddace164a9473f14fe59
xv/21626.hot	288	1d3a3c0292a4dcad139e4a112d7e46cdb920b98cbeb7d62d285975c6b744f806
xv/21626.xmv	7092133	c3e8827ddcc20cf7f31751da37f5defc1425e1ab8a4c7eff6934bb86d16b41eb
xv/21628.xmv	491350	e6159005a8173a6109b60d31a61540b7512c96ec83627779b43ce51a1407f795
xv/21630.xmv	344375	8773d7f001aea2b8fd70f85c00e995c9ad23068ba6d97f703384cde0c0148625
xv/21632.xmv	416267	c337bcbd9f3fa96814670da32bd59b794bf40b7427fb0e5a57cf63baf17ca648
xv/21634.hot	68	b987d73cf55c62c76e8a490b79e3aa69368c40041f4059c68142aa5018063d80
xv/21634.xmv	2829978	c1dad3979936e10b8ae8734dffb8895ab7074f71e0982fb42d8ec8afd500f114
xv/21636.hot	68	9e6b80fcfd543c526d0cdec16b37a3dab890296d559e3656fa481a167cb30012
xv/21636.xmv	2417759	1b750adca36ddf1efb9a49acf9c21f9174ffd307db4f272fa525df387cc644ea
xv/21638.xmv	468967	34ffe7e98ba3f7276f95e2a606e0b561908a829c8036a80cdba5b26be6caf06c
xv/21640.hot	68	0398e43c6face20779fa1d34e0f009c6d5ad936684f59138a8a6a61fd3e33a94
xv/21640.xmv	2104872	6d7c94fa09b08a62b0f307b376d64aa354a61d135da6fd0a5b6e43a584e6ce5d
xv/21644.hot	28	592b34cdbe176084b94fd0caec3be248dff970efe63429016e54308240b5cb15
xv/21644.xmv	960058	3a07742144a0dd525718bab7713d88a0affa219edb2196e5d5061a9742dc5ec3
xv/21646.hot	28	20a2fb3c8f830e22b7c83df1ac481f06e98e019cb16f3ff1e9765f035d0be83d
xv/21646.xmv	997395	1a6fedff6540c3a7aaeb8d538450c389c2d1093e9046436286d454457004b75d
xv/21652.hot	48	3b6d25319f3e04d3b0fe0ab67ab61e2a59791af80c12dc74289c7bd0faf61f97
xv/21652.xmv	3392019	87176c1d7da83d1355ad2b579567e696a25323b7554a1f61d7b62b97221d938f
xv/21656.xmv	8115336	e2c63bb2d5a0e77efdd00f9eba3aeecae3addf00d4464fa655c0056f01604878
xv/21658.xmv	6002602	758c17e4754805084e0a1ad942ae70ea27a7cb1916ef149414e2758ea1b765d8
xv/21662.xmv	738873	167219315890b8cdb7f4aebf3b752e78e9b01d1fdd16dc7159a32de0d14af63d
xv/21664.xmv	754826	ab9fa7bc4ba5f3045b3b6fd959c9fd33aa5a50c195c4ce4ad8e932804e447c90
xv/21666.hot	28	8e6000cce0001e7f6f819bed231fae39152eda1e1431e43ad748b62433dde31e
xv/21666.xmv	1573090	02ef7fc3f73972a307924690a32dd2d93fa7bf1c328d06fb0cb293366eb54f65
xv/21668.hot	28	af34f85b427c8e2a81adc5cb70e208593e1a8ccc3f2cb5895f378930c58072e3
xv/21668.xmv	1665394	0f405ef17f26f84171c22e6d654d0e2fdae715adc2aa78a42fdfd255f6216ba2
xv/21672.xmv	1005882	cbca87bb54465c5d2fd5bd6a10e6e1006bf2eb279d08a32d91eaddd65f2093a7
xv/21680.xmv	8203337	6228e0f9c6db8f3dbd9df286558bc7d21e5c4fcda5621f0050dee44f47eb573f
xv/21684.xmv	489765	9dc2cd496676e932f6cfac505f32a6c99727a54335b83d2bc910edc4ac80cf2a
xv/21686.xmv	406697	4472c8a4b15e50c6562879c9e9e76600755fec97456eed37cbef21869c62bb8b
xv/21688.xmv	358122	66ee368c06035d3f5379d52bc96d4bac0d0c2d5417edd1ed4f35a78a66b60cd7
xv/21690.xmv	3136178	6de0ba2702bbaf7bb4d56cdbf0a2f5575f02bc7d6452a52994c38cbc3896edfb
xv/21692.hot	48	451fc1728fa27a9b4b51f13e2042d5ad767d770933a76be60325e1bc8cb0f28e
xv/21692.xmv	6620224	83119ac601c8a205ce2b88a8c34f7ff7a084cfdad9748c96fc33ae15f9751061
xv/21694.hot	48	a9bbca15cbdf71e5c6d6d75ed6a647f94686db1a6223d945b8f5db2cdb60735d
xv/21694.xmv	2933349	401a4bd9fb293d2033b6d5f8eed3c494e95fa9f537f9c9bfd0911cb796200b95
xv/21696.hot	28	f0fdadf3465cc47ae5b709e8143983cee2667650fc24dbbce8932ad9d9dfa6b2
xv/21696.xmv	888905	0d259a9744841b4b4be9533d521b70aacb4b8780d8aa1865d5c9013369f30324
xv/21698.hot	28	0c9bcf6438035969adac765c5fcc4c64f87828b399d92e1c17064c4ea9e427e2
xv/21698.xmv	819983	a9fccd5a096e2aa5f9939603030b6e4af8a437e19dbea8cbdbbfa9cd3e6acf66
xv/21700.hot	28	d99da5d6aa3092073dd23af304a124ac05ca7cf4c0c280acb2ce5027fd9b28d0
xv/21700.xmv	743974	627406a51ddaad2d0d608034e566d3c32877fa3731be83610c7e9da6358cc4ac
xv/21702.hot	68	3792c21407ca70c171717592e558be16d19cec836cde0636ca059b6acd54de0f
xv/21702.xmv	7042107	b466f0642d329ae2385f67a2f5ec211abd991f7502ab7a8388647d589d5d8ff1
xv/21704.hot	268	3c91e5a41fab7a94c73bf7c8a3d7d4135e49c21607ad5a652870e6fb51348e2e
xv/21704.xmv	6831691	8c681ea5c7f353cd1df366f89b70297c8220ca0d1638a2888827d159a0bfffef
xv/21706.hot	148	d51f52574ee4bf0a48b403e4abefc1d48f72ab6e6ccf833f8faa7039d8fd715f
xv/21706.xmv	21908375	d23e03c0e801d0a6f496497cdd09677bdfadc8484712c59bb24366429510fe03
xv/21716.xmv	596048	aa968f01409b8bf9d5be65f3127df9a414f6a1e024cd02a00499b6f1d866eaa0
xv/21718.xmv	660944	76e2536d3a62a9d83a78b4114a607c0113743cb6f106f79517c86129244993f8
xv/21722.xmv	501257	6a57856fdcf7dcc8253f2afe8b2799dc4649e80e56ff6b12503a73fc11e3d5c6
xv/21724.xmv	1255012	05309338f915117bac563ccfaa08adf9caffb22b991fc1dc5220e87965d388e6
xv/21726.xmv	757882	ac78fa2c6be4eb4347ec46ccab5c45efaccc142f984da5f57909b06365a4d2c7
xv/21728.xmv	1185521	cd13adf03003436d367bf1bcccc3c09015aee0f31deaeabcfceee73e5a48ad59
xv/21730.xmv	1203942	1555f2184d049fba8ea8fffb61581db7396051acb9029c39a649e5b2401786d1
xv/21738.hot	148	364e37db78ed9c077fee752b38acb6ac2d353042e65d0e565d970483be6eb628
xv/21738.xmv	2072571	0f021946af092ec8ebbebfc8e59e3207694f5beae2db3a7418cf00155bd34c1f
xv/21746.xmv	3940419	f4e3a66485d084b37832a2418761cbf0abe02793ee7a5f3e9789e4079ebb50f8
xv/21748.hot	28	06d9cd32390435a230cc57fd2f2fbcb03a274935bc2c4e713f35396827e401d5
xv/21748.xmv	1268189	4541dd170885e304087f233e221f27bdd57fac4925077b5269415df93434bcf7
xv/21750.hot	28	b7f1c8ac3286124eee2702985964c7635b5111bc806901a054a189a6c3a381cb
xv/21750.xmv	1082428	631eaacdcdc5ad2bedf2ecaaf6b746811ce90484a5ce1217a75b22a3a3e4045b
xv/21752.hot	268	0c08601fb9570ad4965c9c43ff2b34c8197989e1728e5a62872983e7682cfd16
xv/21752.xmv	5045371	83b80c6c834509a204e4d7aec61decb0b246d71ed2b05b407134e49dc4e6fa43
xv/21754.xmv	3508284	bca39099404807b82d6b6a43b40f245e424818f6ae4cdfed29156ce2cbc67362
xv/21760.xmv	11050851	5e6e6e85a4e2f22b788af2367b7b20f3c3077c5cf2d2560855dd0c2f0712bb9e
xv/21782.xmv	1671760	29e618669be10ee5ea2b4d7383991908a443b628bbad09289c5223a521c5271a
xv/21784.xmv	2357894	3e412c6916160260cec69ccc5048066aaba8ba2270ddf7ac8e8b0df6047b9863
xv/21788.hot	228	bdd47be66a40e3692653c14eb6f1391f79124465900a9dce00eb58c6cf727dbe
xv/21788.xmv	31197260	412620a481ec015e5fe02d202c0d67ba4103f0acbaadfb46361d84823de7e7d9
xv/21790.hot	28	c93d0a82e52d952b1785d5330152e301ef9ab8aa77dfd4328a475202d667e4dc
xv/21790.xmv	2923700	088026d6a77fc59dccddb77af8865b8a3526a10c2bc7547c80889564cafa28c4
xv/21792.hot	188	90b95221e68f591c52a5ece872baeafde349a2dd944080a999e2dfd43549c82e
xv/21792.xmv	7342350	90c2e495b0e27b4200d86bfcd483afe89ef5423653e3c5e9c8c83a52ba8605bc
xv/21796.hot	168	129b5dbcc503ad36239bdaa52f3b4008c51d7fbea9e6550c88e693b846470445
xv/21796.xmv	5712935	967597353bbb75a8fae739389ce29d5831feb077a7a353c5f3b9d467c647f5b4
xv/21798.hot	88	388c37f6ef842430bacff63667b85a7d75d45e3d736eb032a54793fe4e848546
xv/21798.xmv	5353694	2b358b79d6835a442913164efdf6c70a1c342cab05873c270d80a7f43b7f0bfa
xv/21800.hot	168	bd23e8af920a4e88235bba4b3cba3fe1ba4df83d48294e30397f9fe017af3316
xv/21800.xmv	8140441	2d947d97d2bd6ef6f10d7949581d02bef5682692a5c6cdc6e9bbf9d47f5f93ff
xv/21802.hot	88	f6308c4a46512b412dc2059b510a35d94363cacfa62869734c8f82a92bf6658e
xv/21802.xmv	4321632	f670daf3d8a665fa2b5fa8536aff1396c21a523ab6fd5e63e52622120be3bd6c
xv/21804.hot	128	7bb341a2c9e510d7d17af9d31a03a9af8ae0b083258835e271ca23c3c218006c
xv/21804.xmv	4461204	391bea8c4ce266f77f83e5c2e5a3b03639ffa272db56dc41ab11ac6bab4275a8
xv/21806.hot	68	94249d57713e3d78211b2e6878a71d800ff0dce137874f9b364977204390c028
xv/21806.xmv	2427975	b7fd741119dd55221b17c1c32d9e452b5c5a946019382600133910697dccd154
xv/21808.xmv	653079	80de6674e410fb48df84d43e71270b45206cd03b402674a331d3eef27c5e579a
xv/21810.hot	88	330413e468375ddaf51f5cf003fc92f8235377789c2e40ee8c5a6e42e035bb61
xv/21810.xmv	2719521	f4268135af7dcbc708a7e2dde99133aa0b0c3120aa6395a3318f641147b7e5bb
xv/21812.xmv	2118824	eb6797204f043c63a219587b609ecbda1f474a3cbeed3262debce38af038822c
xv/21814.xmv	2824310	66e4b9f6f9179326a061e69c86816b3e69fa772a0a065c81d6fe3e5822c3e9fd
xv/21816.hot	48	96b3e301fa6f878880400a59af1012106c8bffdb7ec39b2e715497b6233b623b
xv/21816.xmv	2124031	57a6b7efe95c744819a5e43593c9e2a75a9dd73659af622105fe7033899462db
xv/21818.xmv	2854230	5f7d6591ac4aaabacd140a43ad38ad85260bb8c27a155fc904948cb0e898c0a0
xv/22505.xmv	1869889	acc08835f4aebabdb909a4f3b0bb6361b35430f05b03758e14529d94b3dd7457
xv/22514.xmv	1948841	a66853d569af6bb02d77fc38b3e7e0bb31bcf52cb0441ce71d6a49f4ca6c759b
xv/22516.xmv	741870	7660e33939062fb7838fdd1771be71b95621860e24fac6daa5858e5bdc3589a5
xv/22518.xmv	656250	60fc22da84e9ff9cb3a8cbc3ec54448b56d24af845801b419247a025c5e274a2
xv/22522.hot	28	ec4c51d4dabba58238b1c5f704bb70498174b5ee9b09b0ecfdd1c27d31814387
xv/22522.xmv	2503755	74e21e1005c7061b159c7d4fdd9a5f00d4fc1cc7c839edf55fb74bbe44263fd6
xv/22528.xmv	2027795	7f9972430900b2b11b1ace595fb5239a8200c5f034838dd456f9bb936da40b23
xv/22531.hot	268	413708713634de9fa0e71251f9ab8322784263e171928d1084fcf6a82a576f53
xv/22531.xmv	8417477	342fe7afd916b70be1465c20a8b4f9c670c132ef7865ca1ae8259909def729b8
xv/22533.xmv	382289	0ac325498444b83003b9cb18eb8645d1dcbdf250aa61b37e33de4bbe6a59a4c1
xv/22535.hot	28	8eafabf3111e36fce7c4e43680851f9b0d8b0ceab2cfdc2c220c59bb0f2c2f2b
xv/22535.xmv	1767183	3c2bab32316b6b20724a0f4981cdc5e6f15f67485bee4751b7d0d3e22e714c82
xv/22537.xmv	449776	4503e643ce9d6b5dfb55e0833405a239a2ee1854656f44d279c52d3da3caf7c7
xv/22539.hot	88	62f1e221d47f445596388de81130677d4ef9387b9ea27bd3a4117c7d24ddc445
xv/22539.xmv	5371911	6c86ec19ce9522a0ef1212422b7d8c8c22d11af40dd8c7adafb0f7fcfc4533fb
xv/22541.hot	48	010e9d0366b7ae4e99f326b52300a9304f2a61da65cf47e48f66dbfc2945de21
xv/22541.xmv	635498	144a87d8c155fc8fb347bf96a9b771e37c62a7d1fdde5fd761a0b99c09e4798f
xv/22543.hot	28	24774f9b134df844b56a765874844ca32cf07873a18a4736902fb074c59889d6
xv/22543.xmv	3147173	9ab840724d6e98c4f12117115b9be6f64c24153ada59e59077dde8293819035c
xv/22545.hot	28	8486dedce9084bf3846f615d63718387843f5ecf17998b28f49deb4cf1bf8147
xv/22545.xmv	931738	cefe1a86747a20aa5e08febcabe170f00ab53fe436a43670e728989b844f8ad2
xv/22547.hot	68	ae9200b6911a74e732449580d1a15236204b8606e33e6ab44c4c8d3ada268743
xv/22547.xmv	2611046	521ba519a64f7e00c6f039b7c821f31becfeb66dae86949c9a22735c1e46b915
xv/22549.xmv	418628	b5bb4bdd049b878a677c35a34e934205241fc71a0c182e82266ffaa19e17ae39
xv/22551.hot	168	d88cedfb4a415b3a2eaf835082d95a4a5d24f40903e0891f3408bf6a43ea3969
xv/22551.xmv	4957062	64f13d6bf823984b248ef10b39f421fbe10fce3ed3569123090f104682b8113c
xv/22553.xmv	516942	47969987658c9fe0c2e688c74daf6be26d583d3ec5f429f0137d37cde10c9446
xv/22555.hot	68	6214f19f16f817d795543ac4186821f48cea80c110014aed9087d74b0fb0a13d
xv/22555.xmv	2554683	c9a3dd80b98b8525324cdb16f74f7c33c4e1a9b0f70efb85dea73a11b53d3fda
xv/22559.xmv	303209	982c7142117a960ff15f2b42e704361557b02f3c635d5e5af67ecf7db9cfec26
xv/22561.xmv	404848	a815e514daf0f5681c80e98f46436bb885e0bb1eeacb6760d315b704a2c7aeb0
xv/22563.xmv	300540	8b78899b9b455bc90b1ce042d081d08101a654a2b661a5061d59ccd8cd204212
xv/22565.xmv	270072	6d62ac4252a79c86a274cebe767f75fa385f57bf396c837503f9af7651c67a5e
xv/22569.xmv	183691	8b86822b0ced34eedc6a576a13ec014d5cdf7be494a7993048c7cdf0ebc30e70
xv/22571.xmv	333848	591c244dd9c45e867fc1dcd69dcbc6aed9bef29a6ac59e9f64b6f595d103adcc
xv/23099.hot	128	1070896fc3a605de36a3ea442efd6393520be05e648f1b963927d8ab153f9f38
xv/23099.xmv	1708029	63697a030239fe3928cf205464c8eb9ee35ee5c787c11fcb874198210563bcfd
xv/23101.hot	128	c229e2aa827ba2f6c9b35eafb7eb906f1886bfdd58539a46531be52366de8437
xv/23101.xmv	3934459	6d25fa0ec1b75ee9340ccf28dd9c6ecccc4e8556a1a2d305067d6c3b44883e99
xv/23103.hot	208	d03b24e7e0736a8f0f9589017c75861355ca1a2c608d857ef780d561879847a5
xv/23103.xmv	9063631	a0d7fdc9fe0609aadbc364be0a2fc4d564d0a93f853adf662b72e5e5f0fecaa9
xv/23105.hot	28	a8e24b67f93146e10624806c758be7d49dd47a6f39572adf95ebf360871f3a3d
xv/23105.xmv	464928	12f84f6c62e4328eea669eeebf2e01351be69c73c38f3b72962f685de69670d0
xv/23107.xmv	420780	4be3de5174eba69053645630e0be314ac311b1520e0beb498f9083f0832b2e46
xv/23109.hot	28	906a714969f1fc465f190d861bb40acdaf2f0119455304cc7d00a67b3dfd6eae
xv/23109.xmv	2669103	92fede9cf932d7056caa0b8e50a70251e5b9d553a430f52f61f8520526d46961
xv/23111.hot	28	26577b9548345460e7f60806a5f280fbeecb78bf24d030cd9293e71efb839af7
xv/23111.xmv	360748	e891106e02615493af29309e2f0a8c557ea57cb3021125d08ff594a14aafcb8a
xv/23113.hot	28	ce58d796308192915bd756db7e6faf9f4754e451dd09ec255a0c81736cfc877b
xv/23113.xmv	2864200	317d6f9522940eed895852ba15bd1473d3fbad7fca7f03a71a1a5a2b8377d08d
xv/23115.xmv	421067	9505843c9ad5eaad1513296cf02aad73f5127a8ba425f4c10fabd9d05a96e574
xv/23117.hot	68	19e9f79071fbbe621314d99ac6399d13476f48641c0ee9d6b6bf8b74afb83908
xv/23117.xmv	3795212	1b5518073c35de3fd0003ab8ed0350c737758a800591a4ff024017c046c62aef
xv/23119.xmv	375697	ead9dd84b23c3db0b895dfc800af364187fc1a2e2c970c215079272cb176b9e7
xv/23121.hot	68	694515cd0c5409044d459b262c4af347ef487c73f74ab9ce683fafa220275bc0
xv/23121.xmv	4413205	b555b839eba54feffa80b0100e807921009535d59fac6cce401a8a69a82f3873
xv/23123.hot	48	84f4cbf04e803a3025b63d46b953f0ca9aeac67589fcfecb8168c057a919a05a
xv/23123.xmv	1183548	c22b872c5005b80b7b2c85b6f692112354b5dd33da4a4dceb7a0107cee456f99
xv/23125.hot	68	2b6d738fcefcebe7c2f1c08352d99d69cfa330f420b7c6ca70244f1224452197
xv/23125.xmv	1115762	d3936f93369816a3e4de3fff17e6c6ba05f031cf32c50f2c5fd556a5b6a112a0
xv/23127.hot	28	a696f28eebaf99af7eaedb28ebf49a0b6433f58d16715d1e5ecbebdd3498c108
xv/23127.xmv	749749	d09279c4a5fcf99882cd5b69612f91497e96c154dc0495fdd09b59f2b67e5b7d
xv/23129.hot	28	33c8109cedb32685257f67b1b1b900d2a6ed95e4bfd1296c959ff67e41441943
xv/23129.xmv	599019	5be34e75582f488f7f4a8df6fd1aa825383be7c3bf4d8c2e24f61b4b59b2a09e
xv/23131.hot	48	ebf5f924787227582983b6b73a94722aaa760e57194c4bfb9b02bbe2ba1e9f5e
xv/23131.xmv	1813259	fb3074f1a7be4031f546afa7b1708730b9ddcf7bb09669f649d32f3901b600c3
xv/23153.xmv	390870	daae71bbde05067c62fc7d2491761037f53bd3f72de9664775bb5fca199e7ebf
xv/23155.xmv	420408	5d04dbf9ca1251632b021035226098310b647779c0bae8d29da5f882ac05c6a9
xv/23157.xmv	434920	16537bf2116278441001613c29170f8a0d73744064686cc48bd1026f1399cb7a
xv/23159.xmv	524855	b02e52913f30930af3405c896d8d10813f6ca60203ee0d3498bfa7702c141522
xv/23161.xmv	479480	a6ebe28f8b72092139e3e67edcbfa7d886a080fae157d8433284ba5d67b4882f
xv/23163.xmv	480566	fdf2a17f2fbf861ab712cb87339261925a5106cfb257148b94b691339ca80010
xv/23165.xmv	405753	c1225d192429ef91db98604d9e43e5e739bd8be8f115bf1ddb60877ee172160b
xv/23167.xmv	449959	90daf34e07e0bab2b4fc1b1177dcd058b81d95fdcdc83cbfb8edcc58456d6644
xv/23169.hot	88	a8ea1f2b6bd628f40df99fd65adf583387468429780524a5abdb53b5f4e55f50
xv/23169.xmv	3243531	0b5df7e4afd3adb0fb94b551d1658ee0d1c3bad3d59dd629d11fe8852899c20b
xv/23171.hot	88	e4073f4c1a2017fdbe2d90618fa557857a4c5ba37d6f8a3e7a2fb5bd68516ede
xv/23171.xmv	2567553	acf285459191ffeb273fda41ee38ccb329a1f555a2ac287e785f533f761a9539
xv/23173.hot	148	8fc2afc7af2216d28e0d13ae41fe91ad5d649c331546ee94e0d9c69bd53589b0
xv/23173.xmv	15271704	68d019ce4ab493a7fa3ffe10e2a163bbb7734aad18399bd3dbf2552ca98c0332
xv/23175.hot	108	e9fc68baefabb37af3d4f564e19c1ab9cddeea0dabe4c799a28a244969730c29
xv/23175.xmv	6193042	f4306f93fab73e5fa8d577a96151e8f8acd4c84afb11907d28f51a5145d76d18
xv/23177.hot	68	f037a8834cd595cb11ec74465a0eadeee9a85a8b43b29480642fb5176257e63b
xv/23177.xmv	2346602	b4fcac22869635898e1d1b91cb58536874ab13f16a4f4c88a3da35f2ce6f0a0a
xv/23179.hot	68	7fb4d79c2c9d4eccee31eca3d056c01cacb8fb01026905b3b718e6ba1f4592dd
xv/23179.xmv	1622412	308163b4918646a2d57c667b8b435dd6ea3fdf8e0816798f069a13132792a957
xv/23183.hot	88	e80ae58fcec7fdf3d23cd2f1bb831e5bf11ff8009f9ce16b4b786a1bd585ee42
xv/23183.xmv	5799522	c881a0908efd5c58d5001ea57956f3d4d129bdc8ea3a8a88bb94ed896bd4021e
xv/23185.xmv	672199	513e3356b7f2b6aa558a86bd0e46835c04cf95f5606185b216a2230200bb01d4
xv/23187.xmv	540394	a8a7a0797421994c22016e1f073f909c440dc7d37b36a5da41ac71787f1fb142
xv/23191.xmv	328879	0db97a0657f732f59b45d1837003a1cabd8ccebefc0187f896ce23ec76988918
xv/23193.xmv	432094	7248977576286880497a64f3f3c356ab1745de992658f784a30d6e84ba1db478
xv/23195.xmv	462463	33f4c3d46c92f31fef388880c02cd662fae32a322c56844f7d216e305d2bae50
xv/23197.xmv	676049	51d035067819d00acdc0bb6078a541cb34378325ee18554947a590deff54d25e
xv/23203.hot	468	88a9c56ea24333438a46fb15f4dc42be0b087df409ef145b07ed2e42ef7e20cb
xv/23203.xmv	15627098	fa3cc867a3569de9fc9e7c084517ae83c0d1db34045280283ebdbe1b097d7f41
xv/23205.hot	88	0aa39e9757d4203eb1d6f1cee0cc969279ef30e733201137de15e0c0f721e779
xv/23205.xmv	4158997	a7bca5192b15103b1825639e3183a695b20f674cb8ab047e9ed949a9cd57bb78
xv/23207.hot	88	a95431d481fdca5654d0fdb97cd4a4abccde71a44a34ed11a477de1645108a3d
xv/23207.xmv	2031536	cc5b8b3e9b5d82cb62fabfaa2563ae98f92ccf8f302a6e57ecf6a233989e3451
xv/23209.hot	68	ae1783bca952f68c33adcbd372c3b85212c133139508bbcceb6f0aa3dde55c42
xv/23209.xmv	2310460	c8301fa60d311718432a1512a4bbfbf8ceafade7acd8f1ec5a4084282ca229cc
xv/23211.xmv	542171	6d859d3a79ccf707feab76cc014d03718676efa192bdab150f4ca7e99ae51a86
xv/23213.hot	68	00a945ff63ff383e6c95821e5707c0dd89546251c9a9904349cac1d678a1c425
xv/23213.xmv	2026389	63aaa1279b17d6d59fee1d326ee1711465895f856d9568c1ba44e9301aca1cd4
xv/23215.hot	28	d0cd21c8113a10a5d9ee81356a866e6c0f62d3862b71ba3c2fae88cd62545941
xv/23215.xmv	1722216	94387ac67f8ea8edffc0ec7fc454fdfae449b68d1f031b3b1904c240458d2ea5
xv/23217.hot	28	a2eb8a97ed58ceb016f80c7baadfbf17ef0cd619ae23426b30585ac1668bd120
xv/23217.xmv	1121125	01f4cccf8a6db5de6636e871e6bafd3877437c4990ae140c573658800b8470b5
xv/23219.hot	48	34a9cc6e5acdbf8209ad7cef490b45df981119d919d6736d85c533aaf9836e99
xv/23219.xmv	1686947	28344957cb425f95feb747e3d1ed6f1f764b8fe1323d20c7abc043770622075d
xv/23221.hot	48	5ec2db186d6d3778b51d6ef5ed673ec12bddeaac1571eccbb859217b70777aaa
xv/23221.xmv	1855864	2a96e2fd8a8ccf092499f019797cec98b7ca939117429897e6ca4c1e6aa65d33
xv/23223.hot	48	599aea8ffa82a36e9056e7fac32928688cca1ef0d3e558873f3c6cccf9c69251
xv/23223.xmv	2062036	bc707964c24a1cfab862d58770cd16f292c438fedb2d9855d904086c24daf334
xv/23225.hot	48	63dc35df93685c959bdc218cde1261b1b78bdc5e689918fb2fc6fc9e68bee84f
xv/23225.xmv	4489237	998ecce19441c90072982ac6b5868f052e0a9c629d14eae956a4b5a4cab36452
xv/23227.hot	48	204edfad854cee5c9e392df2c04206b9869412de9dd5b78426c67e3241407ac7
xv/23227.xmv	3403784	faf7158dc1fb974e782392b49cbc1d783e90421c033658f4ad2e6763564dbbcf
xv/23229.hot	88	8662d6dec4e03c10f48e7dd4993a8dae3431ecf045219228dddcd53f368ba5e4
xv/23229.xmv	1885546	277dec997d33984db8e3d3146eb8d8cbd5a3dbf6d1a91259e25c6889688b35e6
xv/23231.hot	28	ddecb7a92e69b5cc6d20bdc8a4c22c1e8c088293c2462bced53b17abe76a1c7c
xv/23231.xmv	694608	0ad1c0a9cf6fd8c8c79463aa7a06a134482c2f55c18d9d039b4db74571cceda9
xv/23233.hot	108	ccf9c86c256582aadfa960836eb32fef3dc1c21834a3c75f340e845edc339b00
xv/23233.xmv	4967221	23f6e64c23372403d491497c0cbe7a1915f75e8ad41d84f4d67d8d0ba19d9608
xv/23237.hot	68	8663a3ae8714508e669b09a92dfde06a22684837d9a6ead3b547c5ba216b7360
xv/23237.xmv	4000596	ac4047be31f132b33b5e4e4df1d53d6912807c8076f6f22f05e30ac0b615f375
xv/23241.hot	28	9603fc1ffae1321c444b0ba0c1c0b35979dda0937c5ea084aacabe4af641123e
xv/23241.xmv	4111875	6c59952c50ec75ced848386c459273e3c33eef9cf5f1612afd9d32a83674402d
xv/23243.hot	108	20fecbcac257aa99025b0f13763639912891d9d99a0455a11fd739fb70930f20
xv/23243.xmv	8377134	edbbfc001c035bcc0b64a1ff8a130e0dcb92710117239ef3cd91259d3a09673b
xv/23245.hot	28	274f108a045ff90051d88e8999c8e38b07215d4461d99993b5cd63b5d1ac7540
xv/23245.xmv	2877311	457caf0cbfe540f1a51b95faa4b2f70462ea2c86e1f008389aad7357fe9ae727
xv/23247.hot	68	f3c69f1003b8a84db2821677487d13ac32b89fe1fa05bbcf1b08fccae19691eb
xv/23247.xmv	3481585	c81c7bbd938cb38b955596089eaa5bab2bb2943a7b5ca1e00f0fc6b284e39095
xv/23251.hot	588	19c60fffaaf7f8379a8a15bd46c43615799aba295b38aa2c128a81045b1d85f8
xv/23251.xmv	33278071	16248806eebffe33e10f1cad8f82c686bbbb5e3d1e97a2cb8c577a61a00c1d54
xv/23253.xmv	590864	72d857ca330b6ebc06625bf03e2cd9e28605ac4ed86c6c0893c8c404abfc29b9
xv/23257.xmv	595668	98f0a2978c3781a110a51c898736b10005642f052acd77be8cf20df19b0d9c89
xv/23259.xmv	698295	2e8e5d503258ea5e39bb4f22c0830348f301b990fefffead7367920e066501fe
xv/23261.xmv	545281	3a7da4909eefb194070f54ecf96dab09b116577ed4c986d4884ca35dc44a6dbc
xv/23263.xmv	637803	0718d99682075ae14511c37bda027c981ed03c240ccead2066169d4c5f01c650
xv/23269.xmv	1748545	34f6ce1b85f45b161d79fa7219e2eb17a2777195968a1c157a547a330fedb103
xv/23271.xmv	1633253	39682740cf06ed70c2af7b6a98f87cbe2b7e1ac2f6f79c06fd8e6619c7ce0386
xv/23294.hot	48	4a5f5823056a836f39d5bd7fed1fb51c4a785e3cc49dac4aff9cfb8cb72b5434
xv/23294.xmv	1397810	cae69db80d02dcf5f1f31e8584b13660258564e22d7e70a3f8bb70ba6a0a557f
xv/23296.hot	68	8f4e2e5dc9691e4f7400bb23246f66fe1cb75b050b5347bec7d4d897cae3f8c6
xv/23296.xmv	1893470	735421d21d6b2ee52d8d5594da109f73c1a1c07313ccc9e77b6e71390fef5755
xv/23298.xmv	509665	b3514164024bf021e96ac92b0d498bf46ce7c3f954d7c9c618840f68d14cb394
xv/23300.hot	28	9b5fff4e790b5dfa16808c17b7a9a61cebf74cfb07543d1179b0f093dbd2abb9
xv/23300.xmv	2588980	298ad1efb930a093781332ece5eb99909f74fb24cca964f6dd2eac73a9cca327
xv/23302.xmv	3594592	8d81c9d2be6ea0f82304490cd277bc18f455b749521adcbd1e7ece35ad8e4e44
xv/23304.xmv	1359133	d89d0970804d4587b072dd2edb2fafe48cc3f7de3b60342afbd64d1cb2c8123e
xv/23306.hot	108	919ec24378ba9f8615dfa87c07305f8215c978b63e48e907daa757fa276bbc8b
xv/23306.xmv	4441350	d109d9b42ddcf2b8b06f8bd4c3660adc5f082ef1338553a335f90486939558bf
xv/23308.xmv	550359	bd1b27c31c9dfb7390e0db25b9b3d236bd1f15fc128596874b97828a56b58ac0
xv/23310.hot	48	7f7b41dbb672d0caf29126957ad14e56370d7bb379537b63959689808e6112c1
xv/23310.xmv	2364595	1909079e9f78c1b1c86842d4a0d20ae5e3c46af072a5d9357d68aa321847d34a
xv/23312.hot	48	5aab407ce8f5c79608cceee67037d57a4276da98c6c6f9bf15226e1d94dafcb4
xv/23312.xmv	2419973	69b93a54529a2de651880aaba933226eca43df36c5bf96b00f650fa143afa47a
xv/23314.hot	48	9a14a18232463e0eba94dd0c5c228bbc3e031e8e56066db58024221a0241f0d1
xv/23314.xmv	2189829	1a0926b705a64ba1b472e57f08e54db36e6011d56d6fb15a27a12b70323617bd
xv/23316.hot	128	8accdc0dd9afccfc0c567247c3d9ebe4ef09f4196696b7fc14c6f57344e5d635
xv/23316.xmv	3245368	90dbc0d91e32b3d02158a3c287f152169bcd6b4ad1813dac3430665afdf99fa1
xv/23318.hot	128	014d27ffdf59e9e7fbc5c710ae50ed367cf86a21470db20080c9f620786bdc1a
xv/23318.xmv	3923551	6b9ac3c0c78fbb20116a4bb2322b81804bdffb3797ff1158d3e679a6c6c4c20f
xv/23320.hot	28	472668aa6a461e5a3239200adc02f3ed46c60baa552f138cb9342460219f4298
xv/23320.xmv	918972	a9393be74636ddc0fb69da6bebf3da90eee82af6a8932fe8ea25fb192ac69272
xv/23322.hot	28	14a2b45beaa6a138a81cba1a91f503e3abac818a450348ab4290c51c0aba46fd
xv/23322.xmv	1079265	a1ae280f52ed9f107859fb9cd776ea8406dfec4cdff07eb744db8dd1473bf34a
xv/23324.hot	28	110e285758517accac8eba55c88293236c461682f12f42467ac05d0ecd292ca4
xv/23324.xmv	850442	7933c93d50dd6e44bfd673e91034e68f81a4ca02c5af76ed5abad8fd1551c545
xv/23326.hot	28	436cc8a3a45b96cf244f19a8f2188d32fc8699e751ce26a94202a218dd9ac472
xv/23326.xmv	2600022	d53d314916ac2ece7d84560af929c635e7e4609351f4660e4ca7d043ddd336ca
xv/23328.hot	28	cc9a7056f9735b9110723425e71e391eacf128c9d095450f7c39088722b9d2c9
xv/23328.xmv	1958173	06db3390c6b7fb93bbce80c468ecec09cad12fa88d9c064a875ef0df56a1e54e
xv/23332.hot	108	c928392f3a5ee44133802df9802cff5fb32f5ef251693706cfbcbaf4faf6f9d7
xv/23332.xmv	7727018	581f734d12a4a30d23181f000e71c2aaaf329d50be24d840a3445b05b5d686e6
xv/23334.hot	88	2d8f89c7e8318dac6cabe7777c6b37445338e4b61ec8083af1881deba2bd2849
xv/23334.xmv	2526081	8a64ce8cbe3a11b77c4e98321517fabe94bf4fa6e557758b2fe77ee2bbb2d901
xv/23336.hot	88	c4c98d3c33891de6a9541b7e18aefa3ceaec15323286bb998fdd9b00e1d24576
xv/23336.xmv	2903727	e816380841053be311e2ac199745e58ddaf7010d1d31269b8a961b477e243c56
xv/23338.hot	68	ed94c6df450dc8fdf13f3799570f0aaf58c0e0f3f404a23116b87e28b999b8e6
xv/23338.xmv	2627159	60284b84700783390a18b65b11fed842884e638d19fa72a5e5583458d2d32b16
xv/23342.xmv	398116	9cb7cbf920d87952cba67afda4f0422fb79dd2375f6b2255fc40efdf94381b22
xv/23344.xmv	337294	e7ed7709720101e6c7bda2ef13dbba9ad7d6702ef1e79bab134d33bfce0b2765
xv/23346.xmv	271139	edd413acdee8050962f72123fb09ac0f4e5adc3edb388e1163032bb795916a82
xv/23348.xmv	256249	183c157d0189d0ed180c122c3272f040903d352dc2ef2e402a69106064995528
xv/23350.xmv	409352	e94a0954d235385fa0e2c01af8eaf0ca282d4d1c11f14203f164f2264f88a399
xv/23352.xmv	297770	b6319ffc748f4312164a5697676fbb27691353705de30df55e930935648db943
xv/23354.xmv	334097	04a0c96389d192f6f609a8c896c9e110fcc72d1beb9728e57641e41da8e9f964
xv/23358.hot	388	7296f84578bce79a735ed1fec84ded0ea58f345d74b4f3bca7e57d871e1c46c2
xv/23358.xmv	10989487	46e9cb742cdb2f7eee5ec833ee9d44887b19b3bcf0b8dca88b41a4b97653e9f8
xv/23360.hot	308	83b8beb91703d889e095b1b16fb3761169936eef9093a39e8e31cec2b701173d
xv/23360.xmv	18520548	98ed6610d4f6331c328689de55d3dbbc2c000784ef55b29711da6a1ad001f3de
xv/23362.hot	128	1b6de0c53cf27eb7d1d58e25b1f8532df728a99ff6409f967805a38fd85c9a65
xv/23362.xmv	7660880	baebd9fcd0519110b5269c79b260bd52e9ea09ea8babf9ccc4d159e0796e0482
xv/23364.hot	48	aadd669e50809b54851ec95b22ec80a2c64dd934823c5e5c51538060f48a2eba
xv/23364.xmv	5468185	e7e60ce1c5868f23c1370bf089188700a7b3b0055b0d0210288d464bc60a4a5c
xv/23366.hot	108	6fb3300d2a498c1f467324da8a103c02d2feca0ffcb838140039bd646d4632fb
xv/23366.xmv	1980514	789cf1d04a8a4961cd196d5ce14e1fc3e7a4d8802770d419733affd1f0cee5a8
xv/23368.xmv	512684	e8233eede5efc0d1501334c5760935f964ac0387d970b210c4140c461766f94a
xv/23370.xmv	579388	7e4fd3e646ddca629b730077614807e28b965cd007c23b07afbd30fba4f25748
xv/23372.hot	68	ba40e862cfec92dabf8d28403f616b8d657afb83b75a97a368deb1d3c4c7ac4f
xv/23372.xmv	12690084	e68412f26be18b0b76a93d68daa76a1ba90d64266d33ee8abff5f3a574141ad6
xv/23374.hot	48	dc027fc21d9982ec80ba298300513038644a1a5e91e61c4a2dd837937b7f0862
xv/23374.xmv	1669120	8ba99408d0980a387f13fe842803cad0e0406e7e0d8600de9e84e49af4a32aba
xv/23378.hot	168	d9f9a6dc99d9fb39b17b68a10599e70b83938ffb6c23572a65c44df00d195bd5
xv/23378.xmv	12969360	96cefbc95de965a250892fce589240e11175ce59359da1cd2bdfe3bbcafeeca2
xv/23380.hot	48	ddbd457a6b62adb94f46d489b881744f821c0477ec34ce0a71e766bce188c969
xv/23380.xmv	4667098	3e8a2b6064aad5a306a248c81606ebfabc150e4f92702cfc9966eacd14716610
xv/23382.hot	48	b6084950b992755974e1a935c746829cb6cdd3f67d56f7401577a76b71f8dff3
xv/23382.xmv	4772159	2f01ac768aea7b6198e27f42385e1a7dcc0be5e0ba19591b6076e4ada49c68ed
xv/23384.hot	48	4c3d8804f7fbdff06cce6fbe311333da2616f64fdab40948fb7367325bca2345
xv/23384.xmv	2604627	ac75a84c69698dcf2572220127c3a48867cf84b0259f088ffb10f6230d8356c5
xv/23386.xmv	1921956	5fc1571c26d3bf01a61f00cbff9a56f945048767132ea81a148d7cd6947ebaec
xv/23388.xmv	320883	57fdbbe12c9728e681a55197211190152e842a0649fb85d54788fda939302449
xv/23390.hot	48	b8b72535c0a34e30be591595f13f32d1eb5d34d24ad56502a5d66f1d30d0c1d0
xv/23390.xmv	2448311	05a2ffe5e403f091aff0b6e1d3dc5c238fcb6d3c15f63f43f89b402912c71ea6
xv/23392.xmv	681542	cec414653bd6354268ef6522bb5ee15428b0700183604841671405f91ece877c
xv/23394.xmv	389665	dd030da389b8e3e6082f1326abcd68ee9f51557ed33817d2c22a84973798a796
xv/23396.xmv	399809	e007841163d2a4607340124fe41c852b7c8706eca204e76e953d73c5ba0d14f4
xv/23398.xmv	431622	f13d5bcb3951c7c8eb543b02df2f7ca46e697fae8aabcb60afd0b83059cbedd9
xv/23400.xmv	574499	e75f527fe396de567611dd7fc79fb5c85b0b635e6f283880ea0b6982732e9dde
xv/23402.xmv	446762	12aa846582f46a8f969ded4fae312f61831698c4b3583e280203b030720c6077
xv/23404.xmv	603233	4a6764fd52f140c4087057a60d7338ffa2340a4f495b4fc9a5ee66df165e8a9e
xv/23406.xmv	383956	489344fbfcb58e43f75de3f183d77347cf54e60a4c0efc5b10ff0ae82b1410de
xv/23408.xmv	329376	e1fe3446acf7e35111dec6b21e269bf6c3dafccacca6c41615fdc4621ec97e42
xv/23410.xmv	366160	99f90043185918727dca5503947c806785b33345282a6a3e32bb8073aa323b4c
xv/23412.xmv	6593494	52b31a894c596a6fe3fd03bdf09aa61da43c92174d347ea17c41db7292ecb835
xv/23414.xmv	12651977	86bca7675f67a057e30e7ffc300ffa606c7202cbf1af1af9764cc391b56ac069
xv/23428.hot	208	26f3f9b1ae4348dfe6b4b04cc58dc1ec30de57d5d667871340ff5ebc3fd3e496
xv/23428.xmv	11247189	d76a0d4a5cb98f9b269bbffb7ca68ea3c54c8f8f5238f9febac9940979a76037
xv/23430.xmv	7676697	08270cca2dc4404d26390a57ebbd753b48979c6d3d3360534d3eb0b3a5e9abc9
xv/23434.xmv	14044932	4b9f9e6928aad1f9d29c205b3a624dc76b84c09bdb1c4be12b36855360f6615e
xv/23436.xmv	8789010	bb6561745e00037dba7ae267fe4e613c5145517ffb24c74bfe1ac467438db47b
xv/23440.xmv	37722906	b436c5945896ab509100ba289e054f9cb724c22d37c01ded445c0af726165664
xv/23444.xmv	312324	beb6057fea8a8634859b511ee446029848c61951d52d1a796c7575ceab97a260
xv/23446.xmv	150846	aaf966acba1bf299b201ed03c58f78617da2a7ff04bc1701e9b40237f4747b11
xv/23448.xmv	281462	e797b3ce92e9d324fdc9aee87cc92e71ea1f64bca25cbe26db09570e65742789
xv/23450.xmv	179917	6dcd303c12e2694d3a5a85b65b91dfbd2393ccfa936ad8e81a4f270374d94915
xv/23452.xmv	276309	102aed75b89b7f163416ee354a10540b2bc518552767493374365e4c15519699
xv/23454.xmv	264661	9f468a22215b99e557f16f8ed43d7644b9285cc226bad0156e672e38c62f6a05
xv/23456.xmv	233751	549724e75b24021ab17a219ed79da32c209d50bc12dc796d81341a45d3f925ca
xv/23458.xmv	168377	390020f685362882bceadbd7586c67bb1b861fcb67c963c3b9cb6c3f501c23eb
xv/23460.xmv	96631	56f2dd18340bd257f945448f279306c23709087a3115c6ee02056fe61943d622
xv/23462.xmv	113176	4a0db13b56d42d8043a7674e34c8d1970a41d21d5d27f52fab977f65d2453ffe
xv/23464.xmv	2993365	3d1b8a069b0763905b1eb266e1a95bf3e186204dbcd915794906a9e67483ef42
xv/23468.xmv	1146709	07a5feaa1a506d31ea2dfed02c9d65481b7ddd6f12a4701202fa7b28dc3a6b3d
xv/23470.xmv	17368665	eea1010dadc77823c49993062813a8c0d5db1b9bebe7c55ce1a1e20cae118e8a
xv/23478.xmv	1094988	9902e728adaf4aef6c57929482975b735ece977e0e5ad05e2bdd7d5c1222cae6
xv/23480.xmv	403198	e2866fb7ea871d03139c90cdc4a6e5b276d7798c81be40c42590364808d4f025
xv/23482.xmv	403243	b38c1f0686945900da6febb7aa67929c68d8cd1452a24cd0dda3f29e614084de
xv/23486.xmv	2444511	1d27ab9fe36480a23e68c18688a68a0f0ed790e2658cca0a0a8858b1ad48e98d
xv/23488.xmv	2932656	25f826b76239c859678c8ea06bf4f49c70c3efa7868b2187c2bb0129faf6f00a
xv/23624.hot	48	df8c08943512eb17f64512bace7c10f52c1ca1aee24af2dc27c87866b73fecbd
xv/23624.xmv	868902	109526bc58662c42ffe81e9baceb7b8d02c4bb3ac0be8f7233dd7fa81fb4e3e7
xv/23628.hot	268	7cd1cbefe2ce7977555f242d068ee4a38ef34de6341f4696b96f0dff367cd9b9
xv/23628.xmv	8056631	5d6745be50c328538df150c26e2f3fba3ee0912b019062e1c95447d0f5888e2b
xv/23630.hot	68	c1d4a8c3ddb2601829484c98defe92b0329c633ba950cb9e22709893ef41e018
xv/23630.xmv	1971622	784f2c3a3e8fce4d22e6f5dec25e16384e30661de42f194dfb6cb46cdafe7b5d
xv/23634.hot	88	ad69862efd61dda40816916024ef04939e42f0060692c3b0702d62f7c0120143
xv/23634.xmv	1809300	1e8f3d6c978665d2ba97368710068c4140d30ce856e894401db048e173ee4dca
xv/23636.xmv	693849	de6b686213a26dc7c0e49b23caac7b496f1e1aa0b7fbf2859de7c67fbba916cc
xv/23638.hot	28	a7e3b11e58add7af3ac7ff4efe6438d1ae82d508ec00b799f8b9f664b79d4ff8
xv/23638.xmv	1003941	ac843f7e8fbd5b7bbe6d48c5ddbb99c42d3d5e7adc3ba765c0fd0d1eb77cc0e9
xv/23640.xmv	869163	f768d54e3e12e12f375a2f2a9eb323de5b1489a50fb468a6ec5ba0576ab97b29
xv/23658.xmv	481486	b69d321e2ca238669f26116424edede18258e2aef28df6235a26d6e0ca0475b0
xv/23660.xmv	496062	f6b9b8f9edcd9690d92d435bd6bc235464358d9a49a274193a4af6bb084e1feb
xv/23664.xmv	482060	008f2432d557cc4e33b3d0531f1ad609e4fd9427fd4a2d65504f40c7047a0fe1
xv/23666.xmv	586850	0c65b20db646a84bf476885b304da7dd374b6fdafc7a0cdcc894204cd8c9cb7c
xv/23668.xmv	571485	bc34e15a5f74d4cba973a99d06e7bb46c328d458db2a90afe81938a99ed9c185
xv/23670.xmv	587472	70cb08fec40cacf590f22a4a1cb81efcaa87b81b0edf3935bc2fa937e9d0d09f
xv/23672.xmv	346030	cf7030a0baef7869e69a454f03d9b31c7980c0d6cd3701f35446081bce986293
xv/25230.hot	448	63520e4d4799c23c3273ee668eaa7cfd73f445d3ccb4863bc8682a5d802823fa
xv/25230.xmv	17349836	31c7b7a7814978bc173ce40454df2749473f91fc2025bf099c29a416dc421e27
xv/25232.hot	208	4e3aa7fea6827e55d60b195d2c8c00f0fafee7b0fe64ef3e82e0d7bb6e09f547
xv/25232.xmv	8910410	7eb4b7b28cd069a5bca59fd4669162733bfa81ba529e5205176b32a16838f32e
xv/25234.hot	28	9e1dd03da12765a60ef4e9a6f4154c850cc4b668359bfdd4d4740c8a86886ef7
xv/25234.xmv	1156783	c15df719676db55d0fcf2d73dfde043538443edcdaacabe119c485b5d263816b
xv/25236.hot	508	e302ba29d9d954bf2675195e85a0eda82ac54ef9cb91efa77a27949f20871c79
xv/25236.xmv	12083972	c9122ff28410cbd2bcdba1e68c447cf2474cfbe25b7f795b557f9938c882b2da
xv/28398.xmv	1063717	95580aa3f5afdd4b3ef26d2f2b3e7d7f12ba82c4e0b35959fb6ce4ec8a66b42e
xv/28400.xmv	1053707	7686a6c443b96b2d55eceb71570b1ef99557284d465141f67e7ea88bf0532c14
xv/28402.xmv	1294552	fec6db893ccedc7a2f2519946236b1d2d40b43990af00eeb6daf116938ac9283
xv/28404.xmv	1278046	16cc2e30f40aa9ee52d22b53368e11f72c6a721a93b770c44dfd6fc11ecb2a48
xv/28444.xmv	726262	9989a46cb62c17570b86d6ae3942d04fc91158658867aef415290a0ec5c70f0b
xv/28450.xmv	780348	71b567a8d1e7ccca82f520fc9be79aa20fddb37cc87f03af9e9bf2d2d4a27d77
xv/28456.xmv	4208495	4625074b830135263bbd849a16ce521810a683a9928ce42630930b355e04631f
xv/29078.xmv	2171571	3a95c2b74b4412bfecccd22e7494c25d2f63997b732b17c339ba9dacb3420ff1
xv/29080.xmv	2076846	7749603170d4e589b47cd0860ce7f012e1fd52e238273416d40c9ce78225d14e
xv/29082.xmv	1935170	64a93dd48ad05fd3a227df87c64e2ef200af4ded742ca39b4b96a214393cf664
xv/29084.xmv	2059039	437632a1b7f6dd987352e5bd1db32f4c7a943f95cee3590ded01768df79c67b7
xv/29166.xmv	2250171	30f4f492fd6b707895ca6e48854c3365defc1eab66ea59dc20a76f7069b35b44
xv/29168.xmv	2134414	b9d2533240e4c4ad133a62552e765d14fd18aee49781e86db9ee43a6cd839d2a
xv/29811.hot	28	27e5814735a4840d29b28d5cde7dc44dd3d86c10830536a0b6c9b74d21079a84
xv/29811.xmv	822042	171cb4af5aef76419fe89f05c508f466cba1d2eff4fcea81eb1dc97661a1afdd
xv/29927.hot	408	0ebaf0506613b89bfa80ba0d2a8266a98219cb3561d2be9de4cb391c4962e841
xv/29927.xmv	8325592	e98e938e3b3ce66e340c5a776dd50c5b0f7aaa4e0fe5a95e555729d290ac3947
xv/29929.xmv	683637	ff374fe6e708f9763e75b3a0101ad7b95a93c1d53c146d76d958a870006e6379
xv/29931.xmv	690637	ef57bb115c253a20be91e111776d89c9ea63e92a848195372ef9f790ae4ca712
xv/29933.xmv	488964	3b4b3eac0b73b8e19526550c1adcb1dbd27ea2b9ae78b0d4257a18a5aa865856
xv/29935.hot	28	0f59411e80afca4246918a9c9b6b4eda8e2e3f271f4818428a45550e879208f6
xv/29935.xmv	781024	57d70accf8b458f708cdcb6782a540dfb7ff2a9354fb037014922b48481619d9
xv/29937.hot	28	7b95adac347f7390b5ae0199daa31f21691cbe9bcfb831710a62793b9b7786e8
xv/29937.xmv	736857	22fbb4cc335ad0d064824dd3092c5cd1dd2af52ea17cc8e2fa76e6508eae97ab
xv/31042.xmv	556834	989f839192e4df5261924754e29a339b80da726bd841d966ecd4a76552c488d4
xv/31280.xmv	249843	1d71018b229b17a3017f42e14158790ca8e44cdb717a45702484f1318be1947d
xv/33308.xmv	468687	42b03238c789bdd6e71ec49ac66979feff586c20fc6bba48dd9491ed224e7374
xv/33401.xmv	528380	b3c04ad719127c93b7f28ede6d78be4cfd528688071347060a9a6df2de54a004
xv/35990.xmv	914812	d1bba8278118f29e14965cbf824efccc8a76b22041c435a04b251349e7605635
xv/35994.xmv	719950	e77f36f4bf57cf276235279c4f065039a39fd11b130301ef5c52950eecb6aafd
xv/38448.xmv	12179132	f11cbd942528402aaaba490ecc0c3d54627ac400adf2e6d164a440fdf5e06bcf
xv/38767.hot	48	c507a80be5d78ab6f60437326efe1ca141ee91cc66b1964bda4bb9ab2246a0cf
xv/38767.xmv	3346599	9ec98d4e4a7e94022f835a537c017ec02bd9d0c51333202ef691aff11c4d46a7
xv/38792.xmv	4936683	93d8d97adc0d5ad124a0b7ff71282c22338d6814876b6d6e5bff8851151904ef
xv/41314.xmv	12030662	aea9cc655d4c86c66b780bfbc149a56a56c21def6acf6512a218895783e7ca10
xv/41316.xmv	6239374	03639159dcef332a5dea50fce96d8726be1e9474e7b906a7b87e44d4347cb3ab
xv/41319.xmv	6668619	086cf91baf76c60e2883ec53871630bb903b429df18e97570a8738d20466fe76
xv/42912.xmv	322832	9aebe6ad35ad80b59e60fdbcc14016029741d476f92d8c717f75f71e98e240ee
xv/42914.xmv	572804	aa7525794abe7f915a637a2968c84744403123f704b610821bb5106690731713
xv/42918.xmv	286489	ccf5b114b5c4a5fb707d66dc841928f38bc309e1a7b67831cc7889116afd234f
xv/42920.xmv	415250	d7e2bd6aeba7ec831aa196d40aced34e7ec613608ec18c324717890e99e991a2
xv/42922.xmv	322784	51ab38de39165b98cf914ae0d1a10e83c74e913c59a71747542b2c34a3022c11
xv/42924.xmv	329907	9b33cc798fa346cb9f7375813e93d605865e2fffe6176c9bdef14a85e30fefd3
xv/43070.xmv	2136297	53459b72d168cffb0cbc19f6af039badbb3ebeaaa5f4587ecb42f71f55533c45
xv/43085.xmv	324244	4919e13f24c10e23c779cdd2ee1fddfeb4918e8f1ede4c3e6ec3b70582b6d328
xv/43088.xmv	945630	cc8b89df4cba6b6e846ccfcb98ff662b37433ecd465cf3d4bd7fd89b8db24988
xv/44099.xmv	9178612	703013c7a48f2e4c4a1368beaa9f77bddb6e47f00299c770057f8305913b7231
xv/44104.hot	248	3a80f54b7a43ba9ac2e790bf79c4206ccf121c00b16d34ebc53ad4805aa89445
xv/44104.xmv	9091366	85c699ef46753b2c03d1d9d65d16a39acb7bee52e1f85908c78388753daf1981
xv/44483.xmv	2116400	4b28d7685473de70854ac4ccb3956e245acfea51e4e7b89babccdd41f2ea2dc6
xv/45858.xmv	15735434	e3a65304276c3960d3a776460e6403354926f306581a576ac8c34386d62921b3
xv/47536.hot	208	9bf5e7fcb4814d01e13e7557b2627843687f600bf22d90d6e8f3f441137ff04c
xv/47536.xmv	1980981	dd39a3f38c7ea416918560bb2097647528ec5463bbd19916c3adacb06fa1a81f
xv/47538.hot	28	a5b51b33fd65b3c37088e7c26cafd8a2160e9427dd16b434f9aa69d60184f5f2
xv/47538.xmv	1143703	827684dae3cb83b5af5c0ce9078dd1c8e0a5f5953e67857934a9468b0d706c4b
xv/47540.hot	28	10f1249b606a34150293865e76c2e790b949e422f4c676bef28df63d0a22df52
xv/47540.xmv	1433673	02a08c8c11205a8a448d21e7c11d3affe056abb0ce98e5fed90f8312395e1fb4
xv/47749.hot	28	88ab85679ececd3aaec6eff31be36debe95c30a95748cad7a65deb35f261f791
xv/47749.xmv	2302248	89ad2423ae775a392c27bf647933763fa99c82c1ea0f5eb710543e0d8b8c696a
xv/47750.hot	28	0f45215f550a2e3012e7171f7fbc45910d6273b5caf61896768abef7ef3858d7
xv/47750.xmv	2837802	4486251ff82cfe83549a43915bb3a29881d160c0757703c0f96b891c14c517a4
xv/47751.hot	28	dfec852242c9fdc787726777d1fb9877e5ae7e0cc416481527130156e3fabde2
xv/47751.xmv	1712745	ba116ea3ae370ddd0fe8e3ccc8b61e5b1c76f68f6c10f85b6700941d20071a73
xv/47752.hot	28	cdbd7c687173d0f9a555ee8deb9bd7d39c947ec5f50e9f9a8244186fe26e7cd8
xv/47752.xmv	1539989	76d491b347a761acaf58c42814a3fa5092995c5afaf150494d699f5037257454
xv/47753.hot	28	9e5d2b07d2576960a3243347679f49fd0be6f0b49b2d4c580977c25f13f192aa
xv/47753.xmv	1752038	241487c3b59d80b8bf45e43433cc049b4b9573002f4859dc2a8f5642e7ce9e97
xv/47754.hot	28	f5d836ce30f76095017c8046dafd0624acbfd8b3077fe0ecd2869d300e6dbbac
xv/47754.xmv	2145234	986c9e42276c04975f739131de685629d7fab7cf391d55f9b566d2dc23322990
xv/47793.hot	28	58e901e67d0f0f5bd2291b1bbc8b412b81010d5357c6df6724efa5cca22889c1
xv/47793.xmv	2188922	9c57df2545a640ef8baf3a83af18bcc34f147bf331c388ebb0fa1d63cc3ad005
xv/47794.hot	28	09e2876404e112f3cc1505444b660294e001dd189e6aa4161b4a589d316074d6
xv/47794.xmv	1605447	13b88bfb816b98d65bcebd7b0541e149ab1fa0041912974fc514fc2d26c9201c
xv/47795.hot	28	adaa24197a8739135bbb93067fa06671e635553594c042edc0aac8ae3cf32926
xv/47795.xmv	1405296	0f80bfc914741c1ab9d442aa567beb470a5baf442c4e1085435bb3fc0e3aa509
xv/47799.xmv	358609	640f40eb6e33617e9a834c30812d9ba8abdf7048b75b5e98cd882e212889b860
xv/47801.hot	28	02b1c4ce35e45543913e5f72450a2e20f57f6135d922049d231e1980583db104
xv/47801.xmv	551076	6308408d330a9f47224d3bd28853fde3642b6ed9fe8e430fb71d21655be0fd95
xv/47805.hot	28	1f16f0d3676d3311d0c083a5634728ecf7805b944ceb9eb60649283fdd56626c
xv/47805.xmv	806294	f76453486b819ff06e133ffcffb17e9d2787b319d353a980be42a55f5e41482b
xv/49013.xmv	7004784	8192feef6d85733ff5e4157319f4ba810dd309f769387a73afa6eb1c68859aea
xv/49014.xmv	760411	e43a02eb8c752a18b5a66eb23dae80f796799f2d06eb005963ef6163951526f9
xv/49015.hot	128	09f0cc9b58446638c36f89ac15de0212673544411fc0074d59fbbec44ad05117
xv/49015.xmv	2668582	7cd01b9583020bc738480c37fa08793315b93f8be57b9dd902862a6a360482d5
xv/49017.hot	148	f8c860302fbed17b6ef8246e4e67e3684d779b7d8ebc50eeac78c5b9b2dc6476
xv/49017.xmv	10623641	c6a6f993931ef21b51540249fbcccdfa8ab30edd710c2d0e7a49cfec556bd503
xv/49022.xmv	314161	4d5910f4886639ca0b2252248853a1b96f6b088e46787a84e531e4d082a5bc17
xv/49024.hot	88	bd4880626ab1f67dee0c61f687d099029a10570e2acaf377e5e7ecc1411d3cc5
xv/49024.xmv	1761103	d00b5d86a0abe087fac266372d6c66fd9a76d152297143060a88dd3346e3039e
xv/49025.xmv	6477305	b06e0a12b1ca579367215e4672e0bc03de42970c3fb42fb72cf2bc5c95c3f056
xv/50405.xmv	24598	d2d597dc8468d5766c5e7bd8117784e18c3a6689f1ba17539a295e4ab56d4afb
xv/51167.xmv	1137881	865e708ce32c1755d08c3a5141a3091fa3509dbc7e22c245995b447d2e30b2bb
xv/51222.hot	28	4b436799e0704b80ddd7e6fefe27e5d5b78b902985c50211a4c4233dfba5048f
xv/51222.xmv	1058402	a922380d32954fedbefa5486e7914ff7277ff60e98aab4423ba21de073522bb8
xv/51224.hot	28	a681785f6019db6cc18649c012ae5c13dea103bd0f6ab557d99ec460e62dc906
xv/51224.xmv	1013644	073705166178ce1f5efb43e5a79c4c2804949166889f3f8fb08b6f5886806af0
xv/51226.hot	28	e575dbacea9766336c76b33d5bf58fde473713f1d5c59ffdaa4dfdd1fca3f3b8
xv/51226.xmv	2679257	ea78ded801d10796ffb82ac7d36777cd87924f880ce0835cac697e76ee49b0c7
xv/51238.xmv	142505	dc1f0c69afdbb9ff2f1b29750c963bdbd555c877c2f3e835caa66c61749730b9
xv/51240.hot	28	02bf665750bbbacf43f93b0edd50cd385a9465fd53c9c80e03aee72b92606452
xv/51240.xmv	938996	6bcd2772d133cd498ae5c3bc92e004b95035335e642358d9f041ab145a112a72
xv/51242.hot	68	34b763a55454c899719e3e582b561bb42872e44c5008f73c5ab556df65aefe57
xv/51242.xmv	1441310	19a44f50a7d5bad572f73ac89bf853d6dccfc15a7487808582b6a957d1f27c08
xv/51295.hot	28	a1f94f024b87afba30ac7f4987e1124b941f5ce9e1a636201a9ec1b7e135a54d
xv/51295.xmv	1643252	4e045e33cd6295ebbad26396f0a549d69a1e88fe0a31126b242010f0c120e1a4
xv/51301.hot	148	8255eb2d2efc9862550a0bbb727d97966decd400ba7b74eded85793566ee6f0a
xv/51301.xmv	5113637	8fad3768b8930703b1872b0adbcc5758b85454b5f849fb542d54c54b549fe711
xv/51304.xmv	291075	1e1ea38a85641a85a9a7574f101afac9b04ccab07a4ded0578b8eb5e923afc8d
xv/51310.xmv	2045236	c57767d74ed872d2c930aefcf6c03354c83dce3991be5feb0a6bff4507535eaa
xv/51312.hot	28	1b27a28d99b965532f59860225452469ccda4b3f996e3825d13a956950a58db3
xv/51312.xmv	2109012	543483bbe03313e1adc6d70d4a107db6e922777c477d7c7d29804388f7deb00d
xv/51314.hot	28	f36d261598a4178f09915ad835e620049d8513c7a90760437b4c72e6333a959c
xv/51314.xmv	1467571	cea5f6202d1ec7180031ff836c5ad295bcec1b656cc2f114e42c4aa924446e8c
xv/51316.hot	108	75a48867524e1a3c6c41ca4edfa09abe0df4ed42b4ba50b30a20b66f45436a32
xv/51316.xmv	1854733	e8513c495466bb38ac94028bfb134fec3a2f58a7bd916e86c44e7ff0ae325b49
xv/51318.xmv	1446428	403a35979db143646742b91a66b90577723a58db9be86d5d21e37a1e2c610e7a
xv/51320.xmv	4057155	91b78f0912143320ef68784afe0556420f9c8be03c90afa015b92beffcb18009
xv/51324.xmv	581102	54e8ff065ae5f016082cb11acacb08a229ae7da1143b732c44b441b523bb7932
xv/51326.xmv	416746	e283ad540972ea4f5c840d30d3de09329de1662a0e499a453a19a4f99eb090fc
xv/51330.hot	108	ba8b6a0a67cd93e5141918fee756a88c2f001f4586667b6b349cf7496133261d
xv/51330.xmv	5844865	db0f005186e153f95012631670f9de5f5c3423a657e9475a69d1204da9148303
xv/51333.hot	68	a1977222bd90fec19c77d39302b0f1718e61633a096911e08e3f41d3bdc0a2f7
xv/51333.xmv	2580925	180ab7295a6823e990b8aabaede87707a099ca990ab551f412cdff9477432c28
xv/51460.hot	28	34e2f53b2dbbc66af7e30ab35f83bb2690b1d113311b6a2f8c84749d96397565
xv/51460.xmv	689589	d8b89230eaddcc477d8a955a0cd789028abb39e5ddcbfce7a59fbc47f98f1a0c
xv/51462.hot	28	e727af4e43287020d3012ba6dfd2145a06da367b5cf355866b2507f5349460af
xv/51462.xmv	1609669	5d76874512eadca962f31964b419d42a5ac9830fe604da831a68c539a5a15739
xv/51464.xmv	360802	f1488980ea1e525b3ccaced117520ba9690cae3972f2918588b3dbdf49b13b94
xv/51466.hot	248	5f4c9a7622b26b665a5c9c55130a8787bf88f7c36ba3eb46d3ed4281600d0539
xv/51466.xmv	1525640	10f36138d70dc62f59666a4e31e2fc51bdda2a1df5def804f700e507a77f8279
xv/51468.hot	88	1ba563cd701545e465b4e392188ac7356e8eb1e01a70d17818c5812fe5a4a367
xv/51468.xmv	4722056	ad309de2a2950b85fddb8aaab5728db1a72c97bd2d4a925b2d1d06d1fef56ead
xv/51472.hot	148	4eaa2138a8594f15fc1803d3a77f5623bbe91e8c5fa9c9d947c75066c512360d
xv/51472.xmv	1077537	d524ee1f7051d83861245838016f7960661455858d0855e3a5a8a4ed1bcbfdba
xv/51497.xmv	124766	bd0d97c8e7759218e1f66f42d673b84ea2be8db9347ae107077bdf0bcf2941d9
xv/51501.xmv	131453	aaac565b142c70146bc806a6dff01ddf408abadc24fcf5bc485531a26d9217f8
xv/51503.xmv	244424	cbcff4e7fe06a3174cdd0a6c55097988b55b71b5f38011f54bac9af8404cfdb0
xv/51505.xmv	176633	d9525b65004f55bcc9b11fd3f842fd4333421bc81a5d7cc206bb1eecd879da5f
xv/51507.xmv	157779	fa2700aeafc5bc6574c2cb0c2645d09c512851b9d0493e23a0a971bc137ba4a6
xv/51513.hot	48	cdcc63c26e704ed22aad20ab3348054f5f66a5778df96d08563b4c64cf65f45c
xv/51513.xmv	1267601	560b54f1d660ecd370d5da0277c4f3555d6b97e89920f8c95a81cff4312def29
xv/51515.hot	28	af7f3d9a791e9be5de56a4e25e4cc42f86af2fcde46ff97fa43152c71c0731b0
xv/51515.xmv	901394	830be2c6d0d177d3f2ffd491e10289e48ac4cfaece09475fd64795f49f6b3a37
xv/51517.xmv	341806	c777309ba523485682b7ebf748899c21be1e89278d097e05033d15db74f1c7c0
xv/51519.xmv	334521	0704f02cf3530b0cb52559ab9f96c784e4cff9ecad814598ef9e0068fe8611fa
xv/51523.hot	28	0f2cf2d8fc8e21692ee1da39cbb95de4403b6749220b5053fcf730e7e87d4fe2
xv/51523.xmv	1068969	e89019937f60699f8eefe7d31f266d64bf8eab9e243ac8379ba495da73ce4aef
xv/51525.hot	28	4e5193ef2d18f4ef6c7b2fd9def93627aabaca32ba71426e3c3bb5b89f427901
xv/51525.xmv	526489	35bbc5acf40121b333339e1420f6b60d6aaf45c33102832ac57990e7e55e7bfb
xv/51527.xmv	4894483	3641f33ccb75afcb5bdae099906840f5ca1b8cf7e50d4e6b2e474f48b748c638
xv/51531.xmv	571019	fd9fe85d035c17cd3343c101970916dedef05fc1fe30f0f456213ab2549ea1d2
xv/51533.xmv	694477	63bef72aa5b281f188bcaa00ebece2e5cfb0c00447a2628f2f3248c353938820
xv/51538.xmv	5232708	de397aea613601e6d1ed0335afc34c1481e26afbc23f2542a334487b226d921c
xv/51541.xmv	479710	94e6abe31e89d911592d50d9f05ab32210c6be49513f90f9a47b31a129b36710
xv/51543.hot	28	0dfab3f729f9b627a4591dcd0d1385181c4e24dc60660aadd2260095f2e2e4e4
xv/51543.xmv	1559187	5a562bfe898ee05a88d7aa6bff82d0703f4c187f8ab7b2f4365b198b56047741
xv/51546.hot	28	25bc9c30b007d091ce4e6c377f067d0215e79563a56980beff1cff17cc382097
xv/51546.xmv	1507639	288be6644771e0f731eeaa01edd7a62f4e6f1cbfaa757fcccaf3c755d90b5754
xv/51548.hot	68	22af5e8baf8fcdc3ddcaaaef97394981615ef45feb0dac7d0de5cee1e1246bf7
xv/51548.xmv	3315275	bc2810b06896caeb91239237c7a4684a735a1b8a90d74b0e2e42b817bacca073
xv/51550.hot	28	20cf744390f962d908a0828bc9bf01222f15caa9af374a5aea519f358d40e8e7
xv/51550.xmv	1063051	bfe4771d7d79aea4886bc9326ef785b7f553dabff9d5d1978e0113525a928059
xv/51552.hot	28	1b489e80cbe5a857598223fd8750820b11b7be1e9377bca20f077d0c81ad0ae1
xv/51552.xmv	1573347	49e42a2b5057868613268f111d73c107bc893fb4cfef7f44215197d698130d92
xv/51554.xmv	637343	88701945843ba91638b775c68af8cbde41d5ec6e28bbc31dd0163237fecf7dfa
xv/51602.hot	68	06be9c9786451c37eb39e1eda73bb2c9db91339ca62437e7c418a2530547d92f
xv/51602.xmv	2567048	0c53c3374d1bf80220d5a119e2c4bcf3047f799870e35d9e7462bbcb49b50e15
xv/51604.xmv	666118	a4742210fb61ca024e539c5e04393b86a6c7dea7dbcaa3b99f8a57eba07c4e3d
xv/51606.hot	108	cd393e99f75ba68a2c4f4cebe88b1bf8d7002eadd79a106ad8338d9f3e690275
xv/51606.xmv	5676146	edd2715bdd98e604f7081546ab45fb4e83ec8fb7c2c3ac919001c5b3ede7e6f1
xv/51608.xmv	602676	6510abaabc1b8fd73af99bab8d39164abcd17f8a6b9a54b9ffd9be4ec329340d
xv/51611.hot	28	93f05f2cb68e70d968064bc479cd8dae16cf4e696770402018fe568eb3780b64
xv/51611.xmv	1239854	4ef7a5ecd1851dc8f4c13fd90ff4d5293cbd592820dc2093ca0289b26df157b4
xv/51613.hot	68	2f5cf98c8e8b7d0950c3ef7ed254eec60b420ed72e599cd54325d88e9528d0c3
xv/51613.xmv	2514931	99ac6c04795e2992a7c58322a2bd3945575536e66cc25ee7be2586e65bc7bb62
xv/51965.xmv	3441369	fed76fbb8574bc52793e38d78dfab95adeb9445fc6f220dfbf44cc082f747c88
xv/51967.xmv	4449004	efc246d92bc40b28553ba2bd77dfc77e58126f045efcb868b200be6c28711435
xv/51969.xmv	3411053	2a8dfa146a1402ae50a0f139fb8a17031f4b234561d4b8b4e646a82e9bcd07d2
xv/52547.hot	48	bcff2a10d82e6bbece2ac60bc70d6722b1525c93a29ca13ed39c9d1555a2064b
xv/52547.xmv	1834869	db29315f4dba05ce9c6861c3a95dd06b064ce141a514cf9e9e2ec370e92474f0
xv/54108.xmv	1239372	656cc18495627546680411baf3e8bb016888882233a59754a838278c3f7f4011
xv/54663.hot	28	cb0c3ab7a936c634ea9b8015a803d0aaeadddde55af6aed9bb7878f8c9910b51
xv/54663.xmv	1417274	e51ec4b9b9eeb12e9f786e2a352034ab3ec8fdc3b11bd24cd22bfc7ceadc0658
xv/54665.hot	68	27aafd9a180ea76a6b7ab8a7fce1bac8600d23512eb684841b72f7e73de99fd8
xv/54665.xmv	1281522	41cf792be556f8732d08f18cacb522817af2fe8b1322e5a41c4f475ca2c2ea6e
xv/54667.hot	28	388fe9cdff183cbca688d41887c5b1a6f442a9177b36039a75c0728698b9bb43
xv/54667.xmv	1401887	55145a264ffa2e7301cc1a6c7cf3bc3924a1969bb81f8a1487bc626a5545a8c2
xv/54669.hot	68	54692e987363f5b08cf7a7daf3bdf19b197a0039fd61e1b55f1cec0452071018
xv/54669.xmv	5239782	94293fd897048206b36d5a196b6aae0f8c98167e1d2448b0bc0a566cbe6e7328
xv/54671.hot	28	93755cb33685e6dbfe398eed2d63e7a34ac29e1c7caf338b8b09c431a4a89d29
xv/54671.xmv	769058	494895116c89ee615d12260e6908e6ff6f1e92fc5563c8bf87c5710c0df3cc4b
xv/54673.hot	28	68786991f72281baac430623ca53dfd827cf02480c5eb249dbc668da43421987
xv/54673.xmv	2245838	fc72caecffd5315579153005b40bd54d9157199db84c8d7cebc9816c00f5e38f
xv/54681.hot	48	6b9e225594d24ec8ad9377dddefe7198cae428db414caaf345ab75525424b2f5
xv/54681.xmv	3150619	21f541ca4615e9896d8436e901164217fed22f768678ad58e1967766ba67437f
xv/54683.hot	128	590cefd92a2978f56b1362f1167c91ac543b27052361ae1963f39bbd28c73de9
xv/54683.xmv	5142696	7abe04f52c8aa0d2cf57dc06d9c866330776a46e392c1a27ec74e58dd1eb202d
xv/54685.hot	108	b11b1546dc7c90c71836c521c76f5b124f4676695bf803f1927856b44a387690
xv/54685.xmv	3037652	3d7315abb3952ae55ba45ae80e0d61e45c4ed97ba707fa7c9ba1da2f20fca91b
xv/54687.hot	28	76f77fc4ac6fb0145c0645a7394f50323be082a763ff67bcd55867d6620c75df
xv/54687.xmv	2263950	76d1848460cbce581c9958a136b4c34e5585e7251374cafef1bedc42e143a62b
xv/54689.hot	48	ef5b3e282cb817adfea57dc5262dc8eaa2447409d5b51720f1c7865757bdc591
xv/54689.xmv	2368081	20c79c5dcde48b960c0d4587108bfcea9ae6b0d2c6ecc9af3f3835a4ed878cdf
xv/54691.hot	28	e601f639668e988978386442e6865ab8ff8712cce4a15ace43ba8a83cd6aee35
xv/54691.xmv	1465806	f012940b484b3075e378131b826a623e7e13b12eac1473f061181995f9e752ee
xv/54735.hot	128	7148e0f1de84e28da4582803880b4a8de94ae94a34855e12cbdce230120fa167
xv/54735.xmv	5627901	c33a29c323f81d38897b7f385e2aa63ac746b333136e49f62b725203871c24f5
xv/55043.hot	88	f955292c238a48a7f4414b4f845f4d64ff7bc90311687f69a1f277b5ea465610
xv/55043.xmv	4206864	9b6440269a6bfaac394896c9871ebc3b54b9c01329419dc281c29b6e8442d837
xv/55109.xmv	485526	ebba53ca279109af057af5034f9859e51b2b02b853600dc4d38b032e4e512433
xv/55114.xmv	3594238	48d5444ac012c2d6af148a114e1a6ad23cd4bcb8dfc5a7d344fc375d7597e638
xv/55247.hot	28	873877ddc6b82802998209609277881db07e627d81cae0b78ed429192c183e23
xv/55247.xmv	929824	bfed272fe711552cb5772c04dbacdbe4018ff552b8f128db6b37133345199c5e
xv/55256.hot	48	c849b923a360d2cceee78800c352ceac91798a5556fdba3c7e56d44485c04860
xv/55256.xmv	1663920	27bfcbfcc3121da19ff62902b1b8f8276fdbeb011a488e565bfb21d88077fdc4
xv/56001.xmv	23391173	cb6ae9f3713338773699a57a472cad71ebef8d14ff3f835d23d878660cac7f98
xv/56002.xmv	5238054	2cb30279826a99ed604a6951cd1b094410388df42731f559f84af26524789ad5
xv/56003.xmv	1402599	174fb7a0fa962f4e41d916f328bc95e9bdaf98b425ca0c664faecf64425ffd9c
xv/56110.hot	28	868788ac8a5fe2d8f30251a5d18b5476687f1657f644ead25eb12a60fd35e3ab
xv/56110.xmv	1172687	41d1f97b8b9deff87ef6359020a8378ca4dde5670ecd36703f02538a21add57f
xv/56543.hot	48	70238196e5b64b06477e36c97176298f421567b3bb80199056fdd7e3756d989e
xv/56543.xmv	1526628	c7095430475a3e734caf4597a47daef2ea1f97f824f0dea80e8084f631dadc9a
xv/58151.hot	88	e8a80fff6af0314d89ac91880b0d361e0f8d859d0671674403ad93982732c0e5
xv/58151.xmv	2754506	751362c15366c76b8c357ed87f863df2d886631a45b08236ae0a92be63e27337
xv/58615.xmv	6749514	a51eca5c533bceca1297f3322a6d1319a61bf646a5a2489aa5fed465f24e953e
xv/58617.hot	48	a0771bd3cb33ea9eb686ed27b6c004194fd637451c545d1aad3066666f678ac7
xv/58617.xmv	1623282	d92cf7c4c815739eb50b1804a134366f1a336ae943b5c53434e2e134061a2705
xv/58618.hot	28	72272ef0459432716a4fe06f4df26722adf3e7d1e6d0bd1064ecd4d76c506a8e
xv/58618.xmv	1718686	246e19f89d335999885bbf489fc3099e704cb68e280f81856d5d2c9186ccf095
xv/58619.hot	148	265868903c1c496ea578a44a7f1f8a7366065942888a849cd2fa1613392da459
xv/58619.xmv	1877114	d380dfcb9b1a058d208dadc8176f260d869227771d383d5be463643ccd20f535
xv/61126.hot	28	756d15beb67a3704aa89748a54c10b7d19ac2afeabdd6c3874edb20c92ed7066
xv/61126.xmv	1474973	7c74b908cfae593bb16c36ba294deece280519a61d9682b2c84a620035425bfd
xv/61851.xmv	2347019	e040dac819052a175f2468d58eda6cc240c8a8775de78fd725d0c10f8f0a1a3f
xv/63750.xmv	2301007	65d1ac60fd3514457f45576926d8614c540c77387b4fdc411c345c07f4adcf90
xv/63751.xmv	2134740	3abc97aa4845426338927d266c88262b07e6ac856ad2dcb1ab8ea20142545d13
xv/64421.xmv	119961	632ee63701ad5bb1c31f7420325f2a142615418025119960dfcce4311251fc44
xv/64422.xmv	92693	9ece928cd704cc2fe29a492e67d5e547d1498ce2451d06efcc6c658de5575e00
xv/64432.xmv	104629	2a5f70a2f8fc5aa74a522d66d13215964f8f0347be7f0af5304c6a3b9344a096
xv/64437.xmv	112359	2e798251cc8bb7e6544a425d4ec12eac18ec41b2345fbee684feb95427651693
xv/64623.xmv	2359303	a11eade46f0675f5887a620634397791511607c274e6f14a7da065b524dcebbe
xv/64657.xmv	164454	d340b6f52518607514e5fc951d7d6e550527485f4a1f63ae4bc23033bb556820
xv/64661.xmv	3401825	13380f7950f9d6fc218eeb925ca5c984e0f5080cd887908a93c261f6846a0c26
xv/64665.xmv	103368	222a149d3ecb927588ac043795a7b5b64f28b27d4d3119a115ecfeb1d4f8324d
xv/64666.xmv	96702	1116cf1507a404b4b14d58371271c2113d156d69e31f52df429951658c28b9d4
xv/64700.xmv	3143413	c35aee2393adf544f4b75d691a0d1e069f485ddb3884002f390d8ab47e2249be
xv/64701.xmv	3109123	a1871b2b37e0a6427df58520ff7416b93bb44b1e3c0dac0c147889c2ff699984
xv/66733.hot	28	7851a960b06b07dff0781f26f6fdf35824e5ace2d7cdf600898fd1574dc28b4e
xv/66733.xmv	3205525	3e50e2a3c773269b3bf2dfe7a9866e4f1071ab210d6b06ce1df960164d18240c
xv/67749.xmv	89862	85368c86626591d466d4011cbec03e73a50f34bb907ca726227e2fc7e6b62701
xv/67753.xmv	80145	cad52f04b8760ccce1adbbe295b26d578d186b3c526636982fe00ab650ac54c0
xv/68459.hot	548	0a08f48ced4ff9f99ae019b73fa6ff305b15874ee155fbae6f6afbfb6a51da39
xv/68459.xmv	11559891	eba932ca340118651ec000bacaeac1691dcc7b2f5921698ed91dfac2b1994147
xv/68809.xmv	953051	ac0336c3b887e88a801079e86eb37a59667756c96f1fbe717171544e29ef9da5
xv/69212.xmv	128818	924f8245ca67013a526e402b48882a975c3a5f8ff2d55592c0d4912793d2e2b7
xv/69214.hot	28	5ce03c24b683c0d266a2c234ab70be9f47ea7d67ac25fe85b79e322d3ec27f56
xv/69214.xmv	771564	f10ce4140cddfbccc8a2ab9b31c41eeb2118fb7f195a9044fb111899a0512b8a
xv/70387.hot	28	c20991a8b6662a944f929bb14094ab7cae2e845245df12907a9e1cf168a9cc0a
xv/70387.xmv	1832781	ca1f0ed0cbdc1b0cfbd5fe33ef87bbd6e49fc4f7c0e78382444f574c91538b3c
xv/70515.hot	188	50ea9e81d84c06e9a3ed8926ee04083933251e7e1731516da82dee833b90c441
xv/70515.xmv	9872819	9152013fff295dc299cfca467fd8bad155a42e58d489f25e6911fb8cea188ace
xv/70706.xmv	2001870	3f2c0710f52b1e4f41718f501f824687661b1b0e18debf56ec617a49a9ad7b15
xv/70710.xmv	7911573	5e600b95b18f8c45280bb1f1932e1c25639b918e55e5d3336941d64f8f6db40a
xv/70712.xmv	10024035	479ebe9c3abd3b16eca31d1c6bfd84d5ad522bb575e78cbbb69699fc53abfe85
xv/71003.xmv	3594240	21074ecae6d0967f1aaa61490a374386c2247768fedf64fc327cd2701797762f
xv/71213.xmv	1515350	157b73e3aabd79576818567c0d0569894f3d037f6ae2670d5b4dc4fb7f4c5902
xv/71855.xmv	15085423	719ac477a427d1ac7212432562a297215ec887a14937e09d555abd286e5a2863
xv/71914.xmv	12715986	bdc905ea3672af2557a9cd25214c716c6a10c730c81f6f492b7d9a53c87dbe93
xv/73994.xmv	488341	618c6c695fe05fff7a74f8106537b59613784c605b3df7813bcf588fa008bb9f
xv/73996.xmv	579928	7bfdbe0cc8446214ea06cb27f6d2f0ce31fea9dd0eb16ca2b06528f060221465
xv/73997.xmv	699352	d24bab30567a921d277a22c9bd297caafd9defc1477cba333878c938a3b030cc
xv/73998.xmv	535755	a6ec2d3064ad021fffedbeb08bfa4fd37652527345ec9cbdb3d61b459cd12140
xv/73999.xmv	488119	f843ff9cd26e75e621c3355947b6e01fb6662b773c2d037bbc2fc086927e107f
xv/74000.xmv	531247	e4ba43245c642ffa7b1dc4a8f6917e808e010ac2b6d53e62d5322555fbbd8abd
xv/74129.hot	68	8f38cbc72938c87b4b1bfe1d20db66b2bdc847e9386eaeec3fc4fe31e04d2fdc
xv/74129.xmv	9039811	eddee40850d42d38ab74f49024d8d80194c84ee87dd52bd0bae074c2d718dc1e
xv/75210.hot	68	13b42100e22cd17ec5a284b3f9c2ac4a36c69dfdb8968568e85fad4622c4d13a
xv/75210.xmv	3548601	803badd0cc3adb227051cb756ad092dfa178d30946945ebf44487a434cc4c2d6
xv/75213.hot	108	7dfb7100b3a873f2c75264dbd6a3c11dc7495b56bb9bda29185d940250986af3
xv/75213.xmv	4863614	3ec4b73c384b1d8188a2f56d015770aa14cc8981d6cece1dc4f711a2fef72785
xv/77995.hot	88	ed59e15045426691eca050da83fbb7eefe9907c1296411182ba0b58a14ac9ec2
xv/77995.xmv	4651001	3c569a3a6b689301a8f00883a9572a539d62ef25a0263beafa902fefa2518d5b
xv/78767.hot	28	68702f462cf59306065751974cfe54cdeef309d05b3d1afb027edb1012ae2c23
xv/78767.xmv	670341	af8726a267e55add2dad7d05b85e0d9958a10b24a601067049f4b6ad00e00446
xv/78768.hot	28	4f81f676f4a7a3c75724824a3f5fd4a3554cf4a86784bd3b0dba5a902a18c67c
xv/78768.xmv	745576	352d61e7fe82c19d4bd8d61810ee1cf9e26071b525a624462d97fff7aafd6b53
xv/79653.xmv	583672	8b0b7cf43b3f14e194de115125690da8bff41968899f3df4078e738641dd89ca
xv/80829.hot	68	b0abf75e35b7e60c1f3acbe2365b4c9af3dd8aedd3952f34898d35eaa1503167
xv/80829.xmv	3156413	22adf63b713fcede0b2c4c5b3a84b1c5c0b61b6e4af0d126c9584294b69480dc
xv/81407.xmv	2968259	bd3020654541873a525b38a49318dcbd14eae2c39c18931842e164d2e5028724
xv/82220.hot	28	7c4df639edb6076f27eebc43d734b594ad63ead8bcada22ddff941e763d0d217
xv/82220.xmv	2092594	e6fd05fff31f45ab1d054b79c7af85112080924ed31cc0fcc4a610948496d9ed
xv/82222.xmv	2484239	51e29154d292170cccd2a58960c5432a9ca60d132eb98ba357dd5a76471fb892
xv/82367.hot	48	dfd3c3feb2c47454909e2187cea4804e648a310a00c6e532add51f0da5a9f9fd
xv/82367.xmv	3015380	bfa52d801395c7754c91f40633e1bf5ee0abadddb3ceb0f211edb4a150cf4188
xv/82995.hot	68	f56d8ef724241620b27fd7785700eda59bddbe02d64719d92370cc780d930d61
xv/82995.xmv	1620164	06f4e5136241e4dba676a7c7fc80eed3388a759ce487b39e21eeea92c36b0d00
xv/83176.xmv	3258613	ae89e97ed0fee983b8b8ba64497e9c5174f9dd59ddc9d1e78621e00ab84c5b99
xv/83290.hot	68	39991f331b58d2228cf5dc9c51c39a29170d780e4123ef4201f9d73fe64a4b91
xv/83290.xmv	5763328	bafd9c00a20448d995f1fd2f2977b73603158f962ec00a633f2448cdcd586f03
xv/83845.hot	128	5859054ddbb4d25aef4e0c492b64e7134dabfb9125bd5b21f6f966db9f4253e5
xv/83845.xmv	11811193	01ea5029a7d8c1fa016c878a7f10bb40af49d87e93c330d3eeb2a2bd32cb554e
xv/84459.hot	148	9ed03b445fae9028f5722b966c4ce03d1ab26211563da940843ecce75982d06c
xv/84459.xmv	5120352	d4aa1d4181eacffe15a66f45ed3f461f68f794e695f3453384eb5cfa8b076d98
xv/85229.hot	48	347c6aa40dfa616658f8692ee2d2173b8a1d4519ca2a5084d5e3d50a730ac294
xv/85229.xmv	5607782	ff4931490ca75f859ec55ea0664a2b221553c6b31a51b2fad9ed11de0e70667d
xv/87260.xmv	12990340	c3840b031b68dc2c6766280c86c17b153d7f2fb03801f385a0a3b706922a4505
xv/87296.xmv	177313	1b6530152d2a70e40a0c63a2b07c6b38690b796112411b03e6f480ab37cd35c8
xv/87297.xmv	183574	d60acc96acd52ec0f50db5e1d0e40ffea7d33d114483042b15f6bd185a7d8417
xv/87298.xmv	207760	e22b54143b154317613b3433694a7de27370f818c4c1dbc106e4cbed41e709a0
xv/87345.xmv	357802	63d490d46c8c5297547c698b5a69598b8ef8d76f0ce475098b2e4ed62fc007ac
xv/87579.xmv	2468149	d55635ce3dc2e07d9f8ce9634d8087e171577ea1f3c160c23793d7cd88e69a8b
xv/87863.xmv	39641	37083e1aba03bdfc4938e83074d80e92f7bb674c79bf40de13d5be8929c84307
xv/87864.xmv	2779987	c28a74f2caddb2110158df9ad2eff08e83f6ca64c928f5692b718774e5baf234
xv/88316.xmv	4148891	f6c34a41ae9a434a8c8d0aebab08cc4505b019962113063181c81710d1413d81
xv/88908.xmv	247316	74453f196aaedc8faad2a8f4ec63e0b65c193e3014991c3829273e7d360d2747
xv/88909.xmv	268181	7b0f2777d31c2edcf5d1ea407b34dc22d3e51b3c61c4801195337b7af4fbca17
xv/88910.xmv	365942	5742ea4291080ee9fcc9ba1ec0a589240f852135f845e5b3ae22f4e473e59992
xv/88916.xmv	495105	f14afb29d7ffee2bf3485ad402ca5b9fcdb34ac2f9d4cf9ef1da0136cab94e34
xv/88917.xmv	300453	722b586ab1931f6b2dc094bf91e1a7a3a97f2bccf7c79beec5c204f462f644b8
xv/88919.xmv	315867	dd567be2100fffddeece888e5de78ed6ce216cf8e286716018b6e78046cc9f42
xv/89520.hot	48	cd622d0cdde2222681534c2653c9bb617669a060c091aa001586299df700a136
xv/89520.xmv	1514455	3f487cfebb603d834153a4068f94ccee5f06cc0601042c7ba0db265e91d8149a
xv/89529.hot	28	0ec8a9a713836311efe42b9defa8783f25499b97a33109b326f880cf1cb5fff2
xv/89529.xmv	986492	2f46b83fc32218b3e4950bd62f3c1b51f41af7657df080a22866cdbde6d09505
xv/90178.hot	628	4f6270b3a625efc3ffcd9f79cc50b02106cc9b79941dcf21f1f5df998f564945
xv/90178.xmv	31375563	e0adfb162198ad05b24b3c57caeba24c35a80a02de5e1968974edacd050778e2
xv/90740.hot	128	d3793b3a74d0573df6b2630e683377952ff790a7e5a96ab5d075806cae739b77
xv/90740.xmv	4160032	876f3a7e74d4c49c716dc5dd7e7410d334d8f082d72aa42e98e3e472c9cbfe56
xv/90830.hot	88	76a84b5d177b05689d939836449b52e146b503cc78cec8a8a3e2e499168c790d
xv/90830.xmv	3855975	1d779152e7275c9d5891840ea5f7851b09a5b2c350f3a45dbb0af599d5e0a0db
xv/90897.xmv	327241	a38d1f52b5ba923317292ab27ecfc8eab73214951e3007425c8b8c2992681fee
xv/91298.xmv	1862396	c39a7a8d45902f889f67be41500e11788ee32ac607f9ec3fa8be62b35e5c3729
xv/91379.hot	68	d6e65c213b9b094f88d36ddb53177d214245f7ac5b402b9ef7b919b0e881be3b
xv/91379.xmv	4906456	a9a6e67a4708cd698447f4bb141a45abbc1c4b0815e72b6a02b1beb9a7ea105c
xv/93405.hot	128	288671ccbbca7698311e59c45210eb17180506667dd789473721d50c7895302b
xv/93405.xmv	4543163	64733f42497983f715d3023a984b016a865cf3c964a23e249605b9d494816b11
xv/93472.hot	168	9d6448a2811eb1bbcc1092dcd2d9397fb8e6cc076d83f1bc347f5c28a89c6b7a
xv/93472.xmv	5579656	6a4f6aa11fefbb7bce8dce4bb367493f5211725a90b76df048056d2be289773e
xv/93475.xmv	1655067	27f9b63a72cb88dc9599e63416d36d256739db45f5286544049085761af75e12
xv/93573.xmv	822922	24ed5b41fb66a7ad32fbe5c72500bf66ae8bc019acaac679b9d665bdead3ae50
